postcode,suburb,state,category
2601,ACTON,ACT,Delivery Area
2602,AINSLIE,ACT,Delivery Area
2914,AMAROO,ACT,Delivery Area
2614,ARANDA,ACT,Delivery Area
0200,AUSTRALIAN NATIONAL UNIVERSITY,ACT,Post Office Boxes
2906,BANKS,ACT,Delivery Area
2600,BARTON,ACT,Delivery Area
2620,BEARD,ACT,Delivery Area
2616,BELCONNEN,ACT,Post Office Boxes
2617,BELCONNEN,ACT,Delivery Area
2617,BELCONNEN DC,ACT,Delivery Area
2914,BONNER,ACT,Delivery Area
2905,BONYTHON,ACT,Delivery Area
2620,BOOTH,ACT,Delivery Area
2612,BRADDON,ACT,Delivery Area
2617,BRUCE,ACT,Delivery Area
2905,CALWELL,ACT,Delivery Area
2612,CAMPBELL,ACT,Delivery Area
2600,CANBERRA,ACT,Delivery Area
2601,CANBERRA,ACT,Delivery Area
2609,CANBERRA AIRPORT,ACT,Delivery Area
2610,CANBERRA BC,ACT,Post Office Boxes
2610,CANBERRA MC,ACT,Post Office Boxes
2600,CAPITAL HILL,ACT,Delivery Area
2913,CASEY,ACT,Delivery Area
2604,CAUSEWAY,ACT,Delivery Area
2611,CHAPMAN,ACT,Delivery Area
2615,CHARNWOOD,ACT,Delivery Area
2606,CHIFLEY,ACT,Delivery Area
2905,CHISHOLM,ACT,Delivery Area
2601,CITY,ACT,Delivery Area
2608,CIVIC SQUARE,ACT,Post Office Boxes
2906,CONDER,ACT,Delivery Area
2614,COOK,ACT,Delivery Area
2611,COOMBS,ACT,Delivery Area
2611,COREE,ACT,Delivery Area
2911,CRACE,ACT,Delivery Area
2605,CURTIN,ACT,Delivery Area
2600,DEAKIN,ACT,Delivery Area
2600,DEAKIN WEST,ACT,Delivery Area
2611,DENMAN PROSPECT,ACT,Delivery Area
2602,DICKSON,ACT,Delivery Area
2602,DOWNER,ACT,Delivery Area
2611,DUFFY,ACT,Delivery Area
2615,DUNLOP,ACT,Delivery Area
2903,ERINDALE CENTRE,ACT,Delivery Area
2617,EVATT,ACT,Delivery Area
2904,FADDEN,ACT,Delivery Area
2607,FARRER,ACT,Delivery Area
2611,FISHER,ACT,Delivery Area
2615,FLOREY,ACT,Delivery Area
2615,FLYNN,ACT,Delivery Area
2914,FORDE,ACT,Delivery Area
2603,FORREST,ACT,Delivery Area
2913,FRANKLIN,ACT,Delivery Area
2615,FRASER,ACT,Delivery Area
2609,FYSHWICK,ACT,Delivery Area
2605,GARRAN,ACT,Delivery Area
2905,GILMORE,ACT,Delivery Area
2617,GIRALANG,ACT,Delivery Area
2906,GORDON,ACT,Delivery Area
2904,GOWRIE,ACT,Delivery Area
2900,GREENWAY,ACT,Delivery Area
2603,GRIFFITH,ACT,Delivery Area
2912,GUNGAHLIN,ACT,Delivery Area
2602,HACKETT,ACT,Delivery Area
2618,HALL,ACT,Delivery Area
2600,HARMAN,ACT,Delivery Area
2914,HARRISON,ACT,Delivery Area
2614,HAWKER,ACT,Delivery Area
2615,HIGGINS,ACT,Delivery Area
2540,HMAS CRESWELL,ACT,Delivery Area
2600,HMAS HARMAN,ACT,Delivery Area
2611,HOLDER,ACT,Delivery Area
2615,HOLT,ACT,Delivery Area
2605,HUGHES,ACT,Delivery Area
2620,HUME,ACT,Delivery Area
2607,ISAACS,ACT,Delivery Area
2905,ISABELLA PLAINS,ACT,Delivery Area
2914,JACKA,ACT,Delivery Area
2614,JAMISON CENTRE,ACT,Delivery Area
2540,JERVIS BAY,ACT,Delivery Area
2617,KALEEN,ACT,Delivery Area
2902,KAMBAH,ACT,Delivery Area
2902,KAMBAH VILLAGE,ACT,Delivery Area
2911,KENNY,ACT,Delivery Area
2604,KINGSTON,ACT,Delivery Area
2615,KIPPAX,ACT,Delivery Area
2620,KOWEN,ACT,Delivery Area
2615,LATHAM,ACT,Delivery Area
2617,LAWSON,ACT,Delivery Area
2602,LYNEHAM,ACT,Delivery Area
2606,LYONS,ACT,Delivery Area
2904,MACARTHUR,ACT,Delivery Area
2615,MACGREGOR,ACT,Delivery Area
2615,MACNAMARA,ACT,Delivery Area
2614,MACQUARIE,ACT,Delivery Area
2609,MAJURA,ACT,Delivery Area
2603,MANUKA,ACT,Delivery Area
2607,MAWSON,ACT,Delivery Area
2617,MCKELLAR,ACT,Delivery Area
2615,MELBA,ACT,Delivery Area
2911,MITCHELL,ACT,Delivery Area
2611,MOLONGLO,ACT,Delivery Area
2904,MONASH,ACT,Delivery Area
2914,MONCRIEFF,ACT,Delivery Area
2604,NARRABUNDAH,ACT,Delivery Area
2913,NGUNNAWAL,ACT,Delivery Area
2913,NICHOLLS,ACT,Delivery Area
2620,OAKS ESTATE,ACT,Delivery Area
2903,OXLEY,ACT,Delivery Area
2620,PADDYS RIVER,ACT,Delivery Area
2614,PAGE,ACT,Delivery Area
2913,PALMERSTON,ACT,Delivery Area
2600,PARKES,ACT,Delivery Area
2607,PEARCE,ACT,Delivery Area
2606,PHILLIP,ACT,Delivery Area
2609,PIALLIGO,ACT,Delivery Area
2603,RED HILL,ACT,Delivery Area
2612,REID,ACT,Delivery Area
2905,RICHARDSON,ACT,Delivery Area
2611,RIVETT,ACT,Delivery Area
2600,RUSSELL,ACT,Delivery Area
2614,SCULLIN,ACT,Delivery Area
2615,SPENCE,ACT,Delivery Area
2611,STIRLING,ACT,Delivery Area
2615,STRATHNAIRN,ACT,Delivery Area
2611,STROMLO,ACT,Delivery Area
2609,SYMONSTON,ACT,Delivery Area
2913,TAYLOR,ACT,Delivery Area
2620,TENNENT,ACT,Delivery Area
2620,THARWA,ACT,Delivery Area
2905,THEODORE,ACT,Delivery Area
2914,THROSBY,ACT,Delivery Area
2607,TORRENS,ACT,Delivery Area
2901,TUGGERANONG DC,ACT,Post Office Boxes
2612,TURNER,ACT,Delivery Area
2617,UNIVERSITY OF CANBERRA,ACT,Delivery Area
2611,URIARRA VILLAGE,ACT,Delivery Area
2903,WANNIASSA,ACT,Delivery Area
2611,WARAMANGA,ACT,Delivery Area
2602,WATSON,ACT,Delivery Area
2614,WEETANGERA,ACT,Delivery Area
2611,WESTON,ACT,Delivery Area
2611,WESTON CREEK,ACT,Delivery Area
2611,WHITLAM,ACT,Delivery Area
2620,WILLIAMSDALE,ACT,Delivery Area
2606,WODEN,ACT,Delivery Area
2540,WRECK BAY,ACT,Delivery Area
2611,WRIGHT,ACT,Delivery Area
2600,YARRALUMLA,ACT,Delivery Area
2850,AARONS PASS,NSW,Delivery Area
2176,ABBOTSBURY,NSW,Delivery Area
2046,ABBOTSFORD,NSW,Delivery Area
2795,ABERCROMBIE,NSW,Delivery Area
2795,ABERCROMBIE RIVER,NSW,Delivery Area
2325,ABERDARE,NSW,Delivery Area
2336,ABERDEEN,NSW,Delivery Area
2350,ABERFOYLE,NSW,Delivery Area
2320,ABERGLASSLYN,NSW,Delivery Area
2326,ABERMAIN,NSW,Delivery Area
2325,ABERNETHY,NSW,Delivery Area
2350,ABINGTON,NSW,Delivery Area
2476,ACACIA CREEK,NSW,Delivery Area
2763,ACACIA GARDENS,NSW,Delivery Area
2629,ADAMINABY,NSW,Delivery Area
2289,ADAMSTOWN,NSW,Delivery Area
2289,ADAMSTOWN HEIGHTS,NSW,Delivery Area
2729,ADELONG,NSW,Delivery Area
2727,ADJUNGBILLY,NSW,Delivery Area
2474,AFTERLEE,NSW,Delivery Area
2753,AGNES BANKS,NSW,Delivery Area
2560,AIRDS,NSW,Delivery Area
2546,AKOLELE,NSW,Delivery Area
2873,ALBERT,NSW,Delivery Area
2527,ALBION PARK,NSW,Delivery Area
2527,ALBION PARK RAIL,NSW,Delivery Area
2640,ALBURY,NSW,Delivery Area
2440,ALDAVILLA,NSW,Delivery Area
2870,ALECTOWN,NSW,Delivery Area
1435,ALEXANDRIA,NSW,Post Office Boxes
2015,ALEXANDRIA,NSW,Delivery Area
2234,ALFORDS POINT,NSW,Delivery Area
2650,ALFREDTOWN,NSW,Delivery Area
2469,ALICE,NSW,Delivery Area
2259,ALISON,NSW,Delivery Area
2420,ALISON,NSW,Delivery Area
2100,ALLAMBIE HEIGHTS,NSW,Delivery Area
2320,ALLANDALE,NSW,Delivery Area
2218,ALLAWAH,NSW,Delivery Area
2671,ALLEENA,NSW,Delivery Area
2441,ALLGOMERA,NSW,Delivery Area
2425,ALLWORTH,NSW,Delivery Area
2311,ALLYNBROOK,NSW,Delivery Area
2659,ALMA PARK,NSW,Delivery Area
2575,ALPINE,NSW,Delivery Area
2477,ALSTONVALE,NSW,Delivery Area
2477,ALSTONVILLE,NSW,Delivery Area
2460,ALUMY CREEK,NSW,Delivery Area
2866,AMAROO,NSW,Delivery Area
2560,AMBARVALE,NSW,Delivery Area
4380,AMOSFIELD,NSW,Delivery Area
2648,ANABRANCH NORTH,NSW,Delivery Area
2648,ANABRANCH SOUTH,NSW,Delivery Area
2320,ANAMBAH,NSW,Delivery Area
2631,ANDO,NSW,Delivery Area
2621,ANEMBO,NSW,Delivery Area
2550,ANGLEDALE,NSW,Delivery Area
2834,ANGLEDOOL,NSW,Delivery Area
2629,ANGLERS REACH,NSW,Delivery Area
2464,ANGOURIE,NSW,Delivery Area
2765,ANGUS,NSW,Delivery Area
2316,ANNA BAY,NSW,Delivery Area
2038,ANNANDALE,NSW,Delivery Area
2156,ANNANGROVE,NSW,Delivery Area
2560,APPIN,NSW,Delivery Area
2850,APPLE TREE FLAT,NSW,Delivery Area
2340,APPLEBY,NSW,Delivery Area
2330,APPLETREE FLAT,NSW,Delivery Area
2820,APSLEY,NSW,Delivery Area
2630,ARABLE,NSW,Delivery Area
2431,ARAKOON,NSW,Delivery Area
2622,ARALUEN,NSW,Delivery Area
2714,ARATULA,NSW,Delivery Area
2159,ARCADIA,NSW,Delivery Area
2283,ARCADIA VALE,NSW,Delivery Area
2338,ARDGLEN,NSW,Delivery Area
2358,ARDING,NSW,Delivery Area
2665,ARDLETHAN,NSW,Delivery Area
2720,ARGALONG,NSW,Delivery Area
2284,ARGENTON,NSW,Delivery Area
2449,ARGENTS HILL,NSW,Delivery Area
2707,ARGOON,NSW,Delivery Area
2350,ARGYLE,NSW,Delivery Area
2665,ARIAH PARK,NSW,Delivery Area
2795,ARKELL,NSW,Delivery Area
2795,ARKSTONE,NSW,Delivery Area
2828,ARMATREE,NSW,Delivery Area
2350,ARMIDALE,NSW,Delivery Area
2350,ARMIDALE DC,NSW,Delivery Area
2205,ARNCLIFFE,NSW,Delivery Area
2148,ARNDELL PARK,NSW,Delivery Area
2456,ARRAWARRA,NSW,Delivery Area
2456,ARRAWARRA HEADLAND,NSW,Delivery Area
1570,ARTARMON,NSW,Post Office Boxes
2064,ARTARMON,NSW,Delivery Area
2820,ARTHURVILLE,NSW,Delivery Area
2715,ARUMPO,NSW,Delivery Area
2193,ASHBURY,NSW,Delivery Area
2463,ASHBY,NSW,Delivery Area
2463,ASHBY HEIGHTS,NSW,Delivery Area
2463,ASHBY ISLAND,NSW,Delivery Area
2168,ASHCROFT,NSW,Delivery Area
1800,ASHFIELD,NSW,Post Office Boxes
2131,ASHFIELD,NSW,Delivery Area
2361,ASHFORD,NSW,Delivery Area
2400,ASHLEY,NSW,Delivery Area
2650,ASHMONT,NSW,Delivery Area
2323,ASHTONFIELD,NSW,Delivery Area
2077,ASQUITH,NSW,Delivery Area
2361,ATHOLWOOD,NSW,Delivery Area
2345,ATTUNGA,NSW,Delivery Area
1835,AUBURN,NSW,Post Office Boxes
2144,AUBURN,NSW,Delivery Area
2360,AUBURN VALE,NSW,Delivery Area
2232,AUDLEY,NSW,Delivery Area
2515,AUSTINMER,NSW,Delivery Area
2179,AUSTRAL,NSW,Delivery Area
2440,AUSTRAL EDEN,NSW,Delivery Area
1215,AUSTRALIA SQUARE,NSW,Post Office Boxes
2890,AUSTRALIAN DEFENCE FORCES,NSW,Delivery Area
2107,AVALON BEACH,NSW,Delivery Area
2850,AVISFORD,NSW,Delivery Area
2577,AVOCA,NSW,Delivery Area
2251,AVOCA BEACH,NSW,Delivery Area
2574,AVON,NSW,Delivery Area
2530,AVONDALE,NSW,Delivery Area
2628,AVONSIDE,NSW,Delivery Area
2283,AWABA,NSW,Delivery Area
2575,AYLMERTON,NSW,Delivery Area
2390,BAAN BAA,NSW,Delivery Area
2825,BABINDA,NSW,Delivery Area
2470,BABYL CREEK,NSW,Delivery Area
2372,BACK CREEK,NSW,Delivery Area
2390,BACK CREEK,NSW,Delivery Area
2422,BACK CREEK,NSW,Delivery Area
2484,BACK CREEK,NSW,Delivery Area
2622,BACK CREEK,NSW,Delivery Area
2671,BACK CREEK,NSW,Delivery Area
2535,BACK FOREST,NSW,Delivery Area
2470,BACKMEDE,NSW,Delivery Area
2365,BACKWATER,NSW,Delivery Area
2540,BADAGARANG,NSW,Delivery Area
2555,BADGERYS CREEK,NSW,Delivery Area
2630,BADJA,NSW,Delivery Area
2333,BAERAMI,NSW,Delivery Area
2333,BAERAMI CREEK,NSW,Delivery Area
2446,BAGNOO,NSW,Delivery Area
2446,BAGO,NSW,Delivery Area
2477,BAGOTVILLE,NSW,Delivery Area
2359,BAKERS CREEK,NSW,Delivery Area
2422,BAKERS CREEK,NSW,Delivery Area
2447,BAKERS CREEK,NSW,Delivery Area
2820,BAKERS SWAMP,NSW,Delivery Area
2575,BALACLAVA,NSW,Delivery Area
2358,BALALA,NSW,Delivery Area
2264,BALCOLYN,NSW,Delivery Area
2365,BALD BLAIR,NSW,Delivery Area
2549,BALD HILLS,NSW,Delivery Area
2370,BALD NOB,NSW,Delivery Area
2795,BALD RIDGE,NSW,Delivery Area
2365,BALDERSLEIGH,NSW,Delivery Area
2867,BALDRY,NSW,Delivery Area
2403,BALFOURS PEAK,NSW,Delivery Area
2093,BALGOWLAH,NSW,Delivery Area
2093,BALGOWLAH HEIGHTS,NSW,Delivery Area
2519,BALGOWNIE,NSW,Delivery Area
2324,BALICKERA,NSW,Delivery Area
2822,BALLADORAN,NSW,Delivery Area
2622,BALLALABA,NSW,Delivery Area
2646,BALLDALE,NSW,Delivery Area
2441,BALLENGARRA,NSW,Delivery Area
2830,BALLIMORE,NSW,Delivery Area
2478,BALLINA,NSW,Delivery Area
2478,BALLINA DC,NSW,Delivery Area
2795,BALLYROE,NSW,Delivery Area
2041,BALMAIN,NSW,Delivery Area
2041,BALMAIN EAST,NSW,Delivery Area
2283,BALMORAL,NSW,Delivery Area
2571,BALMORAL VILLAGE,NSW,Delivery Area
2715,BALRANALD,NSW,Delivery Area
2540,BAMARANG,NSW,Delivery Area
2446,BANDA BANDA,NSW,Delivery Area
2420,BANDON GROVE,NSW,Delivery Area
2729,BANGADANG,NSW,Delivery Area
2541,BANGALEE,NSW,Delivery Area
2479,BANGALOW,NSW,Delivery Area
2404,BANGHEET,NSW,Delivery Area
2582,BANGO,NSW,Delivery Area
2234,BANGOR,NSW,Delivery Area
2216,BANKSIA,NSW,Delivery Area
2019,BANKSMEADOW,NSW,Delivery Area
1885,BANKSTOWN,NSW,Post Office Boxes
2200,BANKSTOWN,NSW,Delivery Area
2200,BANKSTOWN AERODROME,NSW,Delivery Area
2200,BANKSTOWN NORTH,NSW,Delivery Area
2200,BANKSTOWN SQUARE,NSW,Delivery Area
2580,BANNABY,NSW,Delivery Area
2580,BANNISTER,NSW,Delivery Area
2347,BANOON,NSW,Delivery Area
2486,BANORA POINT,NSW,Delivery Area
2460,BANYABBA,NSW,Delivery Area
2300,BAR BEACH,NSW,Delivery Area
2083,BAR POINT,NSW,Delivery Area
2850,BARA,NSW,Delivery Area
2396,BARADINE,NSW,Delivery Area
2000,BARANGAROO,NSW,Delivery Area
2460,BARCOONGERE,NSW,Delivery Area
2234,BARDEN RIDGE,NSW,Delivery Area
2565,BARDIA,NSW,Delivery Area
2207,BARDWELL PARK,NSW,Delivery Area
2207,BARDWELL VALLEY,NSW,Delivery Area
2665,BARELLAN,NSW,Delivery Area
2574,BARGO,NSW,Delivery Area
2732,BARHAM,NSW,Delivery Area
2850,BARIGAN,NSW,Delivery Area
2556,BARKER,NSW,Delivery Area
2474,BARKERS VALE,NSW,Delivery Area
2668,BARMEDMAN,NSW,Delivery Area
2852,BARNEYS REEF,NSW,Delivery Area
2278,BARNSLEY,NSW,Delivery Area
3644,BAROOGA,NSW,Delivery Area
2347,BARRABA,NSW,Delivery Area
2528,BARRACK HEIGHTS,NSW,Delivery Area
2528,BARRACK POINT,NSW,Delivery Area
2441,BARRAGANYATTI,NSW,Delivery Area
2546,BARRAGGA BAY,NSW,Delivery Area
2710,BARRATTA,NSW,Delivery Area
2577,BARREN GROUNDS,NSW,Delivery Area
2577,BARRENGARRY,NSW,Delivery Area
2460,BARRETTS CREEK,NSW,Delivery Area
2540,BARRINGELLA,NSW,Delivery Area
2422,BARRINGTON,NSW,Delivery Area
2422,BARRINGTON TOPS,NSW,Delivery Area
2840,BARRINGUN,NSW,Delivery Area
2340,BARRY,NSW,Delivery Area
2799,BARRY,NSW,Delivery Area
2594,BARWANG,NSW,Delivery Area
2396,BARWON,NSW,Delivery Area
2460,BARYULGIL,NSW,Delivery Area
2540,BASIN VIEW,NSW,Delivery Area
2197,BASS HILL,NSW,Delivery Area
2365,BASSENDEAN,NSW,Delivery Area
2439,BATAR CREEK,NSW,Delivery Area
2261,BATEAU BAY,NSW,Delivery Area
2536,BATEHAVEN,NSW,Delivery Area
2536,BATEMANS BAY,NSW,Delivery Area
2795,BATHAMPTON,NSW,Delivery Area
2795,BATHURST,NSW,Delivery Area
2795,BATHURST WEST,NSW,Delivery Area
2730,BATLOW,NSW,Delivery Area
1755,BAULKHAM HILLS,NSW,Post Office Boxes
2153,BAULKHAM HILLS,NSW,Delivery Area
2580,BAW BAW,NSW,Delivery Area
2539,BAWLEY POINT,NSW,Delivery Area
2422,BAXTERS RIDGE,NSW,Delivery Area
2261,BAY VILLAGE,NSW,Delivery Area
2104,BAYVIEW,NSW,Delivery Area
2100,BEACON HILL,NSW,Delivery Area
2015,BEACONSFIELD,NSW,Delivery Area
2469,BEAN CREEK,NSW,Delivery Area
2827,BEARBONG,NSW,Delivery Area
2577,BEAUMONT,NSW,Delivery Area
2155,BEAUMONT HILLS,NSW,Delivery Area
2665,BECKOM,NSW,Delivery Area
2340,BECTIVE,NSW,Delivery Area
2665,BECTRIC,NSW,Delivery Area
2871,BEDGERABONG,NSW,Delivery Area
2446,BEECHWOOD,NSW,Delivery Area
2119,BEECROFT,NSW,Delivery Area
2540,BEECROFT PENINSULA,NSW,Delivery Area
2680,BEELBANGERA,NSW,Delivery Area
2824,BEEMUNNEL,NSW,Delivery Area
2550,BEGA,NSW,Delivery Area
2587,BEGGAN BEGGAN,NSW,Delivery Area
2577,BELANGLO,NSW,Delivery Area
2422,BELBORA,NSW,Delivery Area
2191,BELFIELD,NSW,Delivery Area
2335,BELFORD,NSW,Delivery Area
2650,BELFRAYDEN,NSW,Delivery Area
2800,BELGRAVIA,NSW,Delivery Area
2570,BELIMBLA PARK,NSW,Delivery Area
2786,BELL,NSW,Delivery Area
2153,BELLA VISTA,NSW,Delivery Area
2518,BELLAMBI,NSW,Delivery Area
2446,BELLANGRY,NSW,Delivery Area
2397,BELLATA,NSW,Delivery Area
2535,BELLAWONGARAH,NSW,Delivery Area
2325,BELLBIRD,NSW,Delivery Area
2325,BELLBIRD HEIGHTS,NSW,Delivery Area
2440,BELLBROOK,NSW,Delivery Area
2023,BELLEVUE HILL,NSW,Delivery Area
2440,BELLIMBOPINNI,NSW,Delivery Area
2454,BELLINGEN,NSW,Delivery Area
2581,BELLMOUNT FOREST,NSW,Delivery Area
2337,BELLTREES,NSW,Delivery Area
2280,BELMONT,NSW,Delivery Area
2280,BELMONT NORTH,NSW,Delivery Area
2280,BELMONT SOUTH,NSW,Delivery Area
2192,BELMORE,NSW,Delivery Area
2440,BELMORE RIVER,NSW,Delivery Area
2628,BELOKA,NSW,Delivery Area
2787,BELOON,NSW,Delivery Area
2545,BELOWRA,NSW,Delivery Area
2085,BELROSE,NSW,Delivery Area
2085,BELROSE WEST,NSW,Delivery Area
2550,BEMBOKA,NSW,Delivery Area
2790,BEN BULLEN,NSW,Delivery Area
2365,BEN LOMOND,NSW,Delivery Area
2536,BENANDARAH,NSW,Delivery Area
2539,BENDALONG,NSW,Delivery Area
2355,BENDEMEER,NSW,Delivery Area
2803,BENDICK MURRELL,NSW,Delivery Area
2420,BENDOLBA,NSW,Delivery Area
2622,BENDOURA,NSW,Delivery Area
2680,BENEREMBAH,NSW,Delivery Area
2333,BENGALLA,NSW,Delivery Area
2290,BENNETTS GREEN,NSW,Delivery Area
2818,BENOLONG,NSW,Delivery Area
2251,BENSVILLE,NSW,Delivery Area
2480,BENTLEY,NSW,Delivery Area
2141,BERALA,NSW,Delivery Area
2758,BERAMBING,NSW,Delivery Area
2322,BERESFIELD,NSW,Delivery Area
2537,BERGALIA,NSW,Delivery Area
2506,BERKELEY,NSW,Delivery Area
2261,BERKELEY VALE,NSW,Delivery Area
2765,BERKSHIRE PARK,NSW,Delivery Area
2622,BERLANG,NSW,Delivery Area
2546,BERMAGUI,NSW,Delivery Area
2081,BEROWRA,NSW,Delivery Area
2082,BEROWRA CREEK,NSW,Delivery Area
2082,BEROWRA HEIGHTS,NSW,Delivery Area
2082,BEROWRA WATERS,NSW,Delivery Area
2548,BERRAMBOOL,NSW,Delivery Area
2540,BERRARA,NSW,Delivery Area
2582,BERREMANGRA,NSW,Delivery Area
2422,BERRICO,NSW,Delivery Area
2628,BERRIDALE,NSW,Delivery Area
2390,BERRIGAL,NSW,Delivery Area
2712,BERRIGAN,NSW,Delivery Area
2159,BERRILEE,NSW,Delivery Area
2577,BERRIMA,NSW,Delivery Area
2539,BERRINGER LAKE,NSW,Delivery Area
2535,BERRY,NSW,Delivery Area
2701,BERRY JERRY,NSW,Delivery Area
2535,BERRY MOUNTAIN,NSW,Delivery Area
2321,BERRY PARK,NSW,Delivery Area
2594,BERTHONG,NSW,Delivery Area
2852,BERYL,NSW,Delivery Area
2590,BETHUNGRA,NSW,Delivery Area
2581,BEVENDALE,NSW,Delivery Area
2217,BEVERLEY PARK,NSW,Delivery Area
2209,BEVERLY HILLS,NSW,Delivery Area
2540,BEWONG,NSW,Delivery Area
2480,BEXHILL,NSW,Delivery Area
2207,BEXLEY,NSW,Delivery Area
2207,BEXLEY NORTH,NSW,Delivery Area
2207,BEXLEY SOUTH,NSW,Delivery Area
2581,BIALA,NSW,Delivery Area
2632,BIBBENLUKE,NSW,Delivery Area
2570,BICKLEY VALE,NSW,Delivery Area
2827,BIDDON,NSW,Delivery Area
2642,BIDGEEMIA,NSW,Delivery Area
2770,BIDWILL,NSW,Delivery Area
2453,BIELSDOWN HILLS,NSW,Delivery Area
2579,BIG HILL,NSW,Delivery Area
2339,BIG JACKS CREEK,NSW,Delivery Area
2330,BIG RIDGE,NSW,Delivery Area
2650,BIG SPRINGS,NSW,Delivery Area
2330,BIG YENGO,NSW,Delivery Area
2583,BIGGA,NSW,Delivery Area
2486,BILAMBIL,NSW,Delivery Area
2486,BILAMBIL HEIGHTS,NSW,Delivery Area
2680,BILBUL,NSW,Delivery Area
2107,BILGOLA BEACH,NSW,Delivery Area
2107,BILGOLA PLATEAU,NSW,Delivery Area
2829,BILLEROY,NSW,Delivery Area
2630,BILLILINGRA,NSW,Delivery Area
2804,BILLIMARI,NSW,Delivery Area
2483,BILLINUDGEL,NSW,Delivery Area
2453,BILLYS CREEK,NSW,Delivery Area
2795,BILLYWILLINGA,NSW,Delivery Area
2758,BILPIN,NSW,Delivery Area
2611,BIMBERI,NSW,Delivery Area
2810,BIMBI,NSW,Delivery Area
2536,BIMBIMBIE,NSW,Delivery Area
2787,BIMLOW,NSW,Delivery Area
2584,BINALONG,NSW,Delivery Area
2583,BINDA,NSW,Delivery Area
2422,BINDERA,NSW,Delivery Area
2787,BINDOOK,NSW,Delivery Area
2404,BINGARA,NSW,Delivery Area
2469,BINGEEBEEBRA CREEK,NSW,Delivery Area
2537,BINGIE,NSW,Delivery Area
2311,BINGLEBURRA,NSW,Delivery Area
2399,BINIGUY,NSW,Delivery Area
2630,BINJURA,NSW,Delivery Area
2479,BINNA BURRA,NSW,Delivery Area
2395,BINNAWAY,NSW,Delivery Area
2665,BINYA,NSW,Delivery Area
2041,BIRCHGROVE,NSW,Delivery Area
2446,BIRDWOOD,NSW,Delivery Area
2710,BIRGANBIGIL,NSW,Delivery Area
2287,BIRMINGHAM GARDENS,NSW,Delivery Area
2844,BIRRIWA,NSW,Delivery Area
2143,BIRRONG,NSW,Delivery Area
2326,BISHOPS BRIDGE,NSW,Delivery Area
2340,BITHRAMERE,NSW,Delivery Area
2439,BLACK CREEK,NSW,Delivery Area
2729,BLACK CREEK,NSW,Delivery Area
2430,BLACK HEAD,NSW,Delivery Area
2322,BLACK HILL,NSW,Delivery Area
2828,BLACK HOLLOW,NSW,Delivery Area
2365,BLACK MOUNTAIN,NSW,Delivery Area
2550,BLACK RANGE,NSW,Delivery Area
2787,BLACK SPRINGS,NSW,Delivery Area
2283,BLACKALLS PARK,NSW,Delivery Area
2529,BLACKBUTT,NSW,Delivery Area
2770,BLACKETT,NSW,Delivery Area
2785,BLACKHEATH,NSW,Delivery Area
2790,BLACKMANS FLAT,NSW,Delivery Area
2444,BLACKMANS POINT,NSW,Delivery Area
2281,BLACKSMITHS,NSW,Delivery Area
2148,BLACKTOWN,NSW,Delivery Area
2148,BLACKTOWN WESTPOINT,NSW,Delivery Area
2343,BLACKVILLE,NSW,Delivery Area
2256,BLACKWALL,NSW,Delivery Area
2560,BLAIR ATHOL,NSW,Delivery Area
2559,BLAIRMOUNT,NSW,Delivery Area
2480,BLAKEBROOK,NSW,Delivery Area
2221,BLAKEHURST,NSW,Delivery Area
2581,BLAKNEY CREEK,NSW,Delivery Area
2721,BLAND,NSW,Delivery Area
2338,BLANDFORD,NSW,Delivery Area
2142,BLAXCELL,NSW,Delivery Area
2774,BLAXLAND,NSW,Delivery Area
2774,BLAXLAND EAST,NSW,Delivery Area
2460,BLAXLANDS CREEK,NSW,Delivery Area
2758,BLAXLANDS RIDGE,NSW,Delivery Area
2799,BLAYNEY,NSW,Delivery Area
2113,BLENHEIM ROAD,NSW,Delivery Area
2756,BLIGH PARK,NSW,Delivery Area
2713,BLIGHTY,NSW,Delivery Area
2720,BLOWERING,NSW,Delivery Area
2261,BLUE BAY,NSW,Delivery Area
2624,BLUE COW,NSW,Delivery Area
2262,BLUE HAVEN,NSW,Delivery Area
2480,BLUE KNOB,NSW,Delivery Area
2408,BLUE NOBBY,NSW,Delivery Area
2380,BLUE VALE,NSW,Delivery Area
2428,BLUEYS BEACH,NSW,Delivery Area
2450,BOAMBEE,NSW,Delivery Area
2452,BOAMBEE EAST,NSW,Delivery Area
2582,BOAMBOLO,NSW,Delivery Area
2316,BOAT HARBOUR,NSW,Delivery Area
2480,BOAT HARBOUR,NSW,Delivery Area
2877,BOBADAH,NSW,Delivery Area
2429,BOBIN,NSW,Delivery Area
2439,BOBS CREEK,NSW,Delivery Area
2316,BOBS FARM,NSW,Delivery Area
2630,BOBUNDARA,NSW,Delivery Area
2631,BOCO,NSW,Delivery Area
2850,BOCOBLE,NSW,Delivery Area
2865,BOCOBRA,NSW,Delivery Area
2545,BODALLA,NSW,Delivery Area
2820,BODANGORA,NSW,Delivery Area
2739,BOEILL CREEK,NSW,Delivery Area
2826,BOGAN,NSW,Delivery Area
2876,BOGAN GATE,NSW,Delivery Area
2488,BOGANGAR,NSW,Delivery Area
2849,BOGEE,NSW,Delivery Area
2409,BOGGABILLA,NSW,Delivery Area
2382,BOGGABRI,NSW,Delivery Area
2720,BOGONG PEAKS WILDERNESS,NSW,Delivery Area
2390,BOHENA CREEK,NSW,Delivery Area
2430,BOHNOCK,NSW,Delivery Area
2629,BOLARO,NSW,Delivery Area
2372,BOLIVIA,NSW,Delivery Area
2540,BOLONG,NSW,Delivery Area
2283,BOLTON POINT,NSW,Delivery Area
2320,BOLWARRA,NSW,Delivery Area
2320,BOLWARRA HEIGHTS,NSW,Delivery Area
2460,BOM BOM,NSW,Delivery Area
2541,BOMADERRY,NSW,Delivery Area
2423,BOMBAH POINT,NSW,Delivery Area
2632,BOMBALA,NSW,Delivery Area
2622,BOMBAY,NSW,Delivery Area
2850,BOMBIRA,NSW,Delivery Area
2533,BOMBO,NSW,Delivery Area
2720,BOMBOWLEE,NSW,Delivery Area
2720,BOMBOWLEE CREEK,NSW,Delivery Area
2650,BOMEN,NSW,Delivery Area
2357,BOMERA,NSW,Delivery Area
2469,BONALBO,NSW,Delivery Area
2026,BONDI,NSW,Delivery Area
2026,BONDI BEACH,NSW,Delivery Area
2632,BONDI FOREST,NSW,Delivery Area
1355,BONDI JUNCTION,NSW,Post Office Boxes
2022,BONDI JUNCTION,NSW,Delivery Area
2264,BONNELLS BAY,NSW,Delivery Area
2226,BONNET BAY,NSW,Delivery Area
2232,BONNIE VALE,NSW,Delivery Area
2445,BONNY HILLS,NSW,Delivery Area
2177,BONNYRIGG,NSW,Delivery Area
2177,BONNYRIGG HEIGHTS,NSW,Delivery Area
2361,BONSHAW,NSW,Delivery Area
2450,BONVILLE,NSW,Delivery Area
2480,BOOERIE CREEK,NSW,Delivery Area
2650,BOOK BOOK,NSW,Delivery Area
2257,BOOKER BAY,NSW,Delivery Area
2582,BOOKHAM,NSW,Delivery Area
2372,BOOKOOKOORARA,NSW,Delivery Area
2460,BOOKRAM,NSW,Delivery Area
2423,BOOLAMBAYTE,NSW,Delivery Area
2284,BOOLAROO,NSW,Delivery Area
2388,BOOLCARROLL,NSW,Delivery Area
2711,BOOLIGAL,NSW,Delivery Area
2540,BOOLIJAH,NSW,Delivery Area
2712,BOOMANOOMANA,NSW,Delivery Area
2428,BOOMERANG BEACH,NSW,Delivery Area
2866,BOOMEY,NSW,Delivery Area
2405,BOOMI,NSW,Delivery Area
2476,BOOMI CREEK,NSW,Delivery Area
2877,BOONA MOUNT,NSW,Delivery Area
2409,BOONAL,NSW,Delivery Area
2372,BOONOO BOONOO,NSW,Delivery Area
2480,BOORABEE PARK,NSW,Delivery Area
2284,BOORAGUL,NSW,Delivery Area
2425,BOORAL,NSW,Delivery Area
2652,BOORGA,NSW,Delivery Area
2429,BOORGANNA,NSW,Delivery Area
2350,BOOROLONG,NSW,Delivery Area
2372,BOOROOK,NSW,Delivery Area
2650,BOOROOMA,NSW,Delivery Area
2710,BOOROORBAN,NSW,Delivery Area
2586,BOOROWA,NSW,Delivery Area
2430,BOOTAWA,NSW,Delivery Area
2428,BOOTI BOOTI,NSW,Delivery Area
2480,BOOYONG,NSW,Delivery Area
2471,BORA RIDGE,NSW,Delivery Area
2346,BORAH CREEK,NSW,Delivery Area
2343,BORAMBIL,NSW,Delivery Area
2650,BORAMBOLA,NSW,Delivery Area
2474,BORDER RANGES,NSW,Delivery Area
2800,BOREE,NSW,Delivery Area
2652,BOREE CREEK,NSW,Delivery Area
2800,BORENORE,NSW,Delivery Area
2622,BORO,NSW,Delivery Area
2176,BOSSLEY PARK,NSW,Delivery Area
2453,BOSTOBRICK,NSW,Delivery Area
1455,BOTANY,NSW,Post Office Boxes
1781,BOTANY,NSW,Post Office Boxes
2019,BOTANY,NSW,Delivery Area
2850,BOTOBOLAR,NSW,Delivery Area
2469,BOTTLE CREEK,NSW,Delivery Area
2251,BOUDDI,NSW,Delivery Area
2828,BOURBAH,NSW,Delivery Area
2840,BOURKE,NSW,Delivery Area
2650,BOURKELANDS,NSW,Delivery Area
2548,BOURNDA,NSW,Delivery Area
2868,BOURNEWOOD,NSW,Delivery Area
2566,BOW BOWING,NSW,Delivery Area
2864,BOWAN PARK,NSW,Delivery Area
2753,BOWEN MOUNTAIN,NSW,Delivery Area
2790,BOWENFELS,NSW,Delivery Area
2340,BOWLING ALLEY POINT,NSW,Delivery Area
2422,BOWMAN,NSW,Delivery Area
2422,BOWMAN FARM,NSW,Delivery Area
2330,BOWMANS CREEK,NSW,Delivery Area
2644,BOWNA,NSW,Delivery Area
2582,BOWNING,NSW,Delivery Area
2576,BOWRAL,NSW,Delivery Area
2449,BOWRAVILLE,NSW,Delivery Area
2257,BOX HEAD,NSW,Delivery Area
2765,BOX HILL,NSW,Delivery Area
2357,BOX RIDGE,NSW,Delivery Area
2580,BOXERS CREEK,NSW,Delivery Area
2551,BOYDTOWN,NSW,Delivery Area
2560,BRADBURY,NSW,Delivery Area
2556,BRADFIELD,NSW,Delivery Area
2339,BRAEFIELD,NSW,Delivery Area
2575,BRAEMAR,NSW,Delivery Area
2628,BRAEMAR BAY,NSW,Delivery Area
2622,BRAIDWOOD,NSW,Delivery Area
2324,BRANDY HILL,NSW,Delivery Area
2335,BRANXTON,NSW,Delivery Area
2460,BRAUNSTONE,NSW,Delivery Area
2337,BRAWBOY,NSW,Delivery Area
2484,BRAY PARK,NSW,Delivery Area
2484,BRAYS CREEK,NSW,Delivery Area
2579,BRAYTON,NSW,Delivery Area
2581,BREADALBANE,NSW,Delivery Area
2849,BREAKFAST CREEK,NSW,Delivery Area
2137,BREAKFAST POINT,NSW,Delivery Area
2540,BREAM BEACH,NSW,Delivery Area
2626,BREDBO,NSW,Delivery Area
2827,BREELONG,NSW,Delivery Area
2381,BREEZA,NSW,Delivery Area
2752,BRERETON,NSW,Delivery Area
2422,BRETTI,NSW,Delivery Area
2839,BREWARRINA,NSW,Delivery Area
2795,BREWONGLE,NSW,Delivery Area
2365,BRIARBROOK,NSW,Delivery Area
2594,BRIBBAREE,NSW,Delivery Area
2330,BRIDGMAN,NSW,Delivery Area
2454,BRIERFIELD,NSW,Delivery Area
2216,BRIGHTON-LE-SANDS,NSW,Delivery Area
2264,BRIGHTWATERS,NSW,Delivery Area
2441,BRIL BRIL,NSW,Delivery Area
2430,BRIMBIN,NSW,Delivery Area
2611,BRINDABELLA,NSW,Delivery Area
2454,BRINERVILLE,NSW,Delivery Area
2556,BRINGELLY,NSW,Delivery Area
3707,BRINGENBRONG,NSW,Delivery Area
2580,BRISBANE GROVE,NSW,Delivery Area
2292,BROADMEADOW,NSW,Delivery Area
2472,BROADWATER,NSW,Delivery Area
2549,BROADWATER,NSW,Delivery Area
2007,BROADWAY,NSW,Delivery Area
2581,BROADWAY,NSW,Delivery Area
2705,BROBENAH,NSW,Delivery Area
2830,BROCKLEHURST,NSW,Delivery Area
2642,BROCKLESBY,NSW,Delivery Area
2365,BROCKLEY,NSW,Delivery Area
2360,BRODIES PLAINS,NSW,Delivery Area
2848,BROGANS CREEK,NSW,Delivery Area
2535,BROGERS CREEK,NSW,Delivery Area
2550,BROGO,NSW,Delivery Area
2330,BROKE,NSW,Delivery Area
2629,BROKEN DAM,NSW,Delivery Area
2481,BROKEN HEAD,NSW,Delivery Area
2880,BROKEN HILL,NSW,Delivery Area
2880,BROKEN HILL NORTH,NSW,Delivery Area
2880,BROKEN HILL WEST,NSW,Delivery Area
2446,BROMBIN,NSW,Delivery Area
2024,BRONTE,NSW,Delivery Area
2656,BROOKDALE,NSW,Delivery Area
2420,BROOKFIELD,NSW,Delivery Area
2450,BROOKLANA,NSW,Delivery Area
2479,BROOKLET,NSW,Delivery Area
2083,BROOKLYN,NSW,Delivery Area
2656,BROOKONG,NSW,Delivery Area
2100,BROOKVALE,NSW,Delivery Area
2538,BROOMAN,NSW,Delivery Area
2463,BROOMS HEAD,NSW,Delivery Area
2880,BROUGHAMS GATE,NSW,Delivery Area
2535,BROUGHTON,NSW,Delivery Area
2535,BROUGHTON VALE,NSW,Delivery Area
2534,BROUGHTON VILLAGE,NSW,Delivery Area
2537,BROULEE,NSW,Delivery Area
2570,BROWNLOW HILL,NSW,Delivery Area
2799,BROWNS CREEK,NSW,Delivery Area
2540,BROWNS MOUNTAIN,NSW,Delivery Area
2530,BROWNSVILLE,NSW,Delivery Area
2650,BRUCEDALE,NSW,Delivery Area
2875,BRUIE PLAINS,NSW,Delivery Area
2795,BRUINBUN,NSW,Delivery Area
2476,BRUMBY PLAINS,NSW,Delivery Area
2540,BRUNDEE,NSW,Delivery Area
2722,BRUNGLE,NSW,Delivery Area
2722,BRUNGLE CREEK,NSW,Delivery Area
2323,BRUNKERVILLE,NSW,Delivery Area
2483,BRUNSWICK HEADS,NSW,Delivery Area
2460,BRUSHGROVE,NSW,Delivery Area
2365,BRUSHY CREEK,NSW,Delivery Area
2540,BUANGLA,NSW,Delivery Area
2450,BUCCA,NSW,Delivery Area
2429,BUCCA WAUKA,NSW,Delivery Area
2460,BUCCARUMBI,NSW,Delivery Area
2323,BUCHANAN,NSW,Delivery Area
2550,BUCKAJO,NSW,Delivery Area
2850,BUCKAROO,NSW,Delivery Area
2536,BUCKENBOWRA,NSW,Delivery Area
2630,BUCKENDERRA,NSW,Delivery Area
2472,BUCKENDOON,NSW,Delivery Area
2250,BUCKETTY,NSW,Delivery Area
2449,BUCKRA BENDINNI,NSW,Delivery Area
2622,BUDAWANG,NSW,Delivery Area
2825,BUDDABADAH,NSW,Delivery Area
2849,BUDDEN,NSW,Delivery Area
2535,BUDDEROO,NSW,Delivery Area
2720,BUDDONG,NSW,Delivery Area
2850,BUDGEE BUDGEE,NSW,Delivery Area
2262,BUDGEWOI,NSW,Delivery Area
2262,BUDGEWOI PENINSULA,NSW,Delivery Area
2577,BUDGONG,NSW,Delivery Area
2262,BUFF POINT,NSW,Delivery Area
2357,BUGALDIE,NSW,Delivery Area
2632,BUKALONG,NSW,Delivery Area
2360,BUKKULLA,NSW,Delivery Area
2423,BULAHDELAH,NSW,Delivery Area
2622,BULEE,NSW,Delivery Area
2330,BULGA,NSW,Delivery Area
2429,BULGA FOREST,NSW,Delivery Area
2650,BULGARY,NSW,Delivery Area
2835,BULLA,NSW,Delivery Area
2594,BULLA CREEK,NSW,Delivery Area
2784,BULLABURRA,NSW,Delivery Area
2824,BULLAGREEN,NSW,Delivery Area
2400,BULLARAH,NSW,Delivery Area
2710,BULLATALE,NSW,Delivery Area
2390,BULLAWA CREEK,NSW,Delivery Area
2469,BULLDOG,NSW,Delivery Area
2516,BULLI,NSW,Delivery Area
2422,BULLIAC,NSW,Delivery Area
2575,BULLIO,NSW,Delivery Area
2627,BULLOCKS FLAT,NSW,Delivery Area
2387,BULYEROI,NSW,Delivery Area
2794,BUMBALDRY,NSW,Delivery Area
2626,BUMBALONG,NSW,Delivery Area
2870,BUMBERRY,NSW,Delivery Area
2324,BUNDABAH,NSW,Delivery Area
2454,BUNDAGEN,NSW,Delivery Area
2578,BUNDANOON,NSW,Delivery Area
2359,BUNDARRA,NSW,Delivery Area
2230,BUNDEENA,NSW,Delivery Area
2343,BUNDELLA,NSW,Delivery Area
2823,BUNDEMAR,NSW,Delivery Area
2535,BUNDEWALLAH,NSW,Delivery Area
2473,BUNDJALUNG,NSW,Delivery Area
2422,BUNDOOK,NSW,Delivery Area
2700,BUNDURE,NSW,Delivery Area
2852,BUNGABA,NSW,Delivery Area
2480,BUNGABBEE,NSW,Delivery Area
2486,BUNGALORA,NSW,Delivery Area
2630,BUNGARBY,NSW,Delivery Area
2767,BUNGARRIBEE,NSW,Delivery Area
2469,BUNGAWALBIN,NSW,Delivery Area
2621,BUNGENDORE,NSW,Delivery Area
2580,BUNGONIA,NSW,Delivery Area
2640,BUNGOWANNAH,NSW,Delivery Area
2423,BUNGWAHL,NSW,Delivery Area
2731,BUNNALOO,NSW,Delivery Area
2337,BUNNAN,NSW,Delivery Area
2429,BUNYAH,NSW,Delivery Area
2630,BUNYAN,NSW,Delivery Area
2671,BURCHER,NSW,Delivery Area
2328,BUREEN,NSW,Delivery Area
2440,BURNT BRIDGE,NSW,Delivery Area
2792,BURNT YARDS,NSW,Delivery Area
2739,BURONGA,NSW,Delivery Area
2620,BURRA,NSW,Delivery Area
2653,BURRA,NSW,Delivery Area
2722,BURRA CREEK,NSW,Delivery Area
2732,BURRABOI,NSW,Delivery Area
2576,BURRADOO,NSW,Delivery Area
2795,BURRAGA,NSW,Delivery Area
2550,BURRAGATE,NSW,Delivery Area
2570,BURRAGORANG VALLEY,NSW,Delivery Area
2650,BURRANDANA,NSW,Delivery Area
2230,BURRANEER,NSW,Delivery Area
2594,BURRANGONG,NSW,Delivery Area
2447,BURRAPINE,NSW,Delivery Area
2577,BURRAWANG,NSW,Delivery Area
2429,BURRELL CREEK,NSW,Delivery Area
2386,BURREN JUNCTION,NSW,Delivery Area
2540,BURRIER,NSW,Delivery Area
2539,BURRILL LAKE,NSW,Delivery Area
2483,BURRINGBAR,NSW,Delivery Area
2582,BURRINJUCK,NSW,Delivery Area
2821,BURROWAY,NSW,Delivery Area
2642,BURRUMBUTTOCK,NSW,Delivery Area
2850,BURRUNDULLA,NSW,Delivery Area
2627,BURRUNGUBUGGE,NSW,Delivery Area
1805,BURWOOD,NSW,Post Office Boxes
2134,BURWOOD,NSW,Delivery Area
2136,BURWOOD HEIGHTS,NSW,Delivery Area
2134,BURWOOD NORTH,NSW,Delivery Area
2168,BUSBY,NSW,Delivery Area
2469,BUSBYS FLAT,NSW,Delivery Area
2259,BUSHELLS RIDGE,NSW,Delivery Area
2283,BUTTABA,NSW,Delivery Area
2323,BUTTAI,NSW,Delivery Area
2321,BUTTERWICK,NSW,Delivery Area
2571,BUXTON,NSW,Delivery Area
2446,BYABARRA,NSW,Delivery Area
2628,BYADBO WILDERNESS,NSW,Delivery Area
2484,BYANGUM,NSW,Delivery Area
2849,BYLONG,NSW,Delivery Area
2800,BYNG,NSW,Delivery Area
2831,BYROCK,NSW,Delivery Area
2481,BYRON BAY,NSW,Delivery Area
2484,BYRRILL CREEK,NSW,Delivery Area
2621,BYWONG,NSW,Delivery Area
2137,CABARITA,NSW,Delivery Area
2488,CABARITA BEACH,NSW,Delivery Area
2430,CABBAGE TREE ISLAND,NSW,Delivery Area
2477,CABBAGE TREE ISLAND,NSW,Delivery Area
2166,CABRAMATTA,NSW,Delivery Area
2166,CABRAMATTA WEST,NSW,Delivery Area
2629,CABRAMURRA,NSW,Delivery Area
2747,CADDENS,NSW,Delivery Area
2545,CADGEE,NSW,Delivery Area
2800,CADIA,NSW,Delivery Area
2850,CAERLEON,NSW,Delivery Area
2424,CAFFREYS FLAT,NSW,Delivery Area
2446,CAIRNCROSS,NSW,Delivery Area
2340,CALALA,NSW,Delivery Area
2460,CALAMIA,NSW,Delivery Area
2527,CALDERWOOD,NSW,Delivery Area
2710,CALDWELL,NSW,Delivery Area
2250,CALGA,NSW,Delivery Area
2729,CALIFAT,NSW,Delivery Area
2710,CALIMO,NSW,Delivery Area
2308,CALLAGHAN,NSW,Delivery Area
2422,CALLAGHANS CREEK,NSW,Delivery Area
2540,CALLALA BAY,NSW,Delivery Area
2540,CALLALA BEACH,NSW,Delivery Area
2462,CALLIOPE,NSW,Delivery Area
2795,CALOOLA,NSW,Delivery Area
2632,CAMBALONG,NSW,Delivery Area
2330,CAMBERWELL,NSW,Delivery Area
2540,CAMBEWARRA,NSW,Delivery Area
2540,CAMBEWARRA VILLAGE,NSW,Delivery Area
2849,CAMBOON,NSW,Delivery Area
2420,CAMBRA,NSW,Delivery Area
2747,CAMBRIDGE GARDENS,NSW,Delivery Area
2747,CAMBRIDGE PARK,NSW,Delivery Area
2469,CAMBRIDGE PLATEAU,NSW,Delivery Area
2570,CAMDEN,NSW,Delivery Area
2443,CAMDEN HEAD,NSW,Delivery Area
2570,CAMDEN PARK,NSW,Delivery Area
2570,CAMDEN SOUTH,NSW,Delivery Area
2142,CAMELLIA,NSW,Delivery Area
2285,CAMERON PARK,NSW,Delivery Area
2359,CAMERONS CREEK,NSW,Delivery Area
2469,CAMIRA,NSW,Delivery Area
2062,CAMMERAY,NSW,Delivery Area
4385,CAMP CREEK,NSW,Delivery Area
2560,CAMPBELLTOWN,NSW,Delivery Area
2560,CAMPBELLTOWN NORTH,NSW,Delivery Area
1450,CAMPERDOWN,NSW,Post Office Boxes
2050,CAMPERDOWN,NSW,Delivery Area
2194,CAMPSIE,NSW,Delivery Area
2318,CAMPVALE,NSW,Delivery Area
2281,CAMS WHARF,NSW,Delivery Area
2046,CANADA BAY,NSW,Delivery Area
2850,CANADIAN LEAD,NSW,Delivery Area
2835,CANBELEGO,NSW,Delivery Area
2550,CANDELO,NSW,Delivery Area
2460,CANGAI,NSW,Delivery Area
2480,CANIABA,NSW,Delivery Area
2166,CANLEY HEIGHTS,NSW,Delivery Area
2166,CANLEY VALE,NSW,Delivery Area
2800,CANOBOLAS,NSW,Delivery Area
2157,CANOELANDS,NSW,Delivery Area
2825,CANONBA,NSW,Delivery Area
2804,CANOWINDRA,NSW,Delivery Area
2193,CANTERBURY,NSW,Delivery Area
2263,CANTON BEACH,NSW,Delivery Area
2577,CANYONLEIGH,NSW,Delivery Area
2429,CAPARRA,NSW,Delivery Area
2469,CAPEEN CREEK,NSW,Delivery Area
2846,CAPERTEE,NSW,Delivery Area
2371,CAPOOMPETA,NSW,Delivery Area
2623,CAPTAINS FLAT,NSW,Delivery Area
2650,CARABOST,NSW,Delivery Area
2810,CARAGABAL,NSW,Delivery Area
2850,CARCALGONG,NSW,Delivery Area
2791,CARCOAR,NSW,Delivery Area
2285,CARDIFF,NSW,Delivery Area
2285,CARDIFF HEIGHTS,NSW,Delivery Area
2285,CARDIFF SOUTH,NSW,Delivery Area
2283,CAREY BAY,NSW,Delivery Area
2800,CARGO,NSW,Delivery Area
2831,CARINDA,NSW,Delivery Area
1495,CARINGBAH,NSW,Post Office Boxes
2229,CARINGBAH,NSW,Delivery Area
2229,CARINGBAH SOUTH,NSW,Delivery Area
2630,CARLAMINDA,NSW,Delivery Area
2118,CARLINGFORD,NSW,Delivery Area
2118,CARLINGFORD COURT,NSW,Delivery Area
2118,CARLINGFORD NORTH,NSW,Delivery Area
2218,CARLTON,NSW,Delivery Area
2171,CARNES HILL,NSW,Delivery Area
2460,CARNHAM,NSW,Delivery Area
2486,CAROOL,NSW,Delivery Area
2343,CAROONA,NSW,Delivery Area
2311,CARRABOLLA,NSW,Delivery Area
2440,CARRAI,NSW,Delivery Area
2163,CARRAMAR,NSW,Delivery Area
2711,CARRATHOOL,NSW,Delivery Area
2580,CARRICK,NSW,Delivery Area
2294,CARRINGTON,NSW,Delivery Area
2324,CARRINGTON,NSW,Delivery Area
2577,CARRINGTON FALLS,NSW,Delivery Area
2340,CARROLL,NSW,Delivery Area
2372,CARROLLS CREEK,NSW,Delivery Area
2330,CARROWBROOK,NSW,Delivery Area
2460,CARRS CREEK,NSW,Delivery Area
2460,CARRS ISLAND,NSW,Delivery Area
2460,CARRS PENINSULA,NSW,Delivery Area
2221,CARSS PARK,NSW,Delivery Area
2168,CARTWRIGHT,NSW,Delivery Area
2650,CARTWRIGHTS HILL,NSW,Delivery Area
2849,CARWELL,NSW,Delivery Area
2620,CARWOOLA,NSW,Delivery Area
2453,CASCADE,NSW,Delivery Area
2470,CASINO,NSW,Delivery Area
2329,CASSILIS,NSW,Delivery Area
2069,CASTLE COVE,NSW,Delivery Area
2350,CASTLE DOYLE,NSW,Delivery Area
1765,CASTLE HILL,NSW,Post Office Boxes
2154,CASTLE HILL,NSW,Delivery Area
2333,CASTLE ROCK,NSW,Delivery Area
2068,CASTLECRAG,NSW,Delivery Area
2749,CASTLEREAGH,NSW,Delivery Area
2487,CASUARINA,NSW,Delivery Area
2170,CASULA,NSW,Delivery Area
2170,CASULA MALL,NSW,Delivery Area
2536,CATALINA,NSW,Delivery Area
2560,CATARACT,NSW,Delivery Area
2632,CATHCART,NSW,Delivery Area
2557,CATHERINE FIELD,NSW,Delivery Area
2281,CATHERINE HILL BAY,NSW,Delivery Area
2823,CATHUNDRAL,NSW,Delivery Area
2756,CATTAI,NSW,Delivery Area
2339,CATTLE CREEK,NSW,Delivery Area
2582,CAVAN,NSW,Delivery Area
2281,CAVES BEACH,NSW,Delivery Area
2570,CAWDOR,NSW,Delivery Area
2474,CAWONGLA,NSW,Delivery Area
2171,CECIL HILLS,NSW,Delivery Area
2178,CECIL PARK,NSW,Delivery Area
2259,CEDAR BRUSH CREEK,NSW,Delivery Area
2325,CEDAR CREEK,NSW,Delivery Area
2484,CEDAR CREEK,NSW,Delivery Area
2429,CEDAR PARTY,NSW,Delivery Area
2474,CEDAR POINT,NSW,Delivery Area
2424,CELLS RIVER,NSW,Delivery Area
2021,CENTENNIAL PARK,NSW,Delivery Area
2252,CENTRAL COAST MC,NSW,Post Office Boxes
2756,CENTRAL COLO,NSW,Delivery Area
2775,CENTRAL MACDONALD,NSW,Delivery Area
2250,CENTRAL MANGROVE,NSW,Delivery Area
2546,CENTRAL TILBA,NSW,Delivery Area
2325,CESSNOCK,NSW,Delivery Area
2325,CESSNOCK WEST,NSW,Delivery Area
2460,CHAELUNDI,NSW,Delivery Area
2259,CHAIN VALLEY BAY,NSW,Delivery Area
2630,CHAKOLA,NSW,Delivery Area
2460,CHAMBIGNE,NSW,Delivery Area
2848,CHARBON,NSW,Delivery Area
2678,CHARLES STURT UNIVERSITY,NSW,Delivery Area
2795,CHARLES STURT UNIVERSITY,NSW,Delivery Area
2290,CHARLESTOWN,NSW,Delivery Area
2622,CHARLEYS FOREST,NSW,Delivery Area
2428,CHARLOTTE BAY,NSW,Delivery Area
2624,CHARLOTTE PASS,NSW,Delivery Area
2795,CHARLTON,NSW,Delivery Area
2263,CHARMHAVEN,NSW,Delivery Area
2430,CHATHAM,NSW,Delivery Area
2787,CHATHAM VALLEY,NSW,Delivery Area
2580,CHATSBURY,NSW,Delivery Area
2057,CHATSWOOD,NSW,Post Office Boxes
2067,CHATSWOOD,NSW,Delivery Area
2067,CHATSWOOD WEST,NSW,Delivery Area
2469,CHATSWORTH,NSW,Delivery Area
2083,CHEERO POINT,NSW,Delivery Area
2119,CHELTENHAM,NSW,Delivery Area
2360,CHERRY TREE HILL,NSW,Delivery Area
2126,CHERRYBROOK,NSW,Delivery Area
2162,CHESTER HILL,NSW,Delivery Area
2420,CHICHESTER,NSW,Delivery Area
2036,CHIFLEY,NSW,Delivery Area
2339,CHILCOTTS CREEK,NSW,Delivery Area
2480,CHILCOTTS GRASS,NSW,Delivery Area
2484,CHILLINGHAM,NSW,Delivery Area
2487,CHINDERAH,NSW,Delivery Area
2550,CHINNOCK,NSW,Delivery Area
2008,CHIPPENDALE,NSW,Delivery Area
2170,CHIPPING NORTON,NSW,Delivery Area
2322,CHISHOLM,NSW,Delivery Area
2046,CHISWICK,NSW,Delivery Area
2261,CHITTAWAY BAY,NSW,Delivery Area
2261,CHITTAWAY POINT,NSW,Delivery Area
2484,CHOWAN CREEK,NSW,Delivery Area
1405,CHULLORA,NSW,Post Office Boxes
1782,CHULLORA,NSW,Post Office Boxes
2190,CHULLORA,NSW,Delivery Area
2105,CHURCH POINT,NSW,Delivery Area
2848,CLANDULLA,NSW,Delivery Area
2711,CLARE,NSW,Delivery Area
2747,CLAREMONT MEADOWS,NSW,Delivery Area
2790,CLARENCE,NSW,Delivery Area
2321,CLARENCE TOWN,NSW,Delivery Area
2756,CLARENDON,NSW,Delivery Area
2460,CLARENZA,NSW,Delivery Area
2107,CLAREVILLE,NSW,Delivery Area
2559,CLAYMORE,NSW,Delivery Area
2795,CLEAR CREEK,NSW,Delivery Area
2620,CLEAR RANGE,NSW,Delivery Area
2469,CLEARFIELD,NSW,Delivery Area
2206,CLEMTON PARK,NSW,Delivery Area
2800,CLERGATE,NSW,Delivery Area
2530,CLEVELAND,NSW,Delivery Area
2460,CLIFDEN,NSW,Delivery Area
2321,CLIFTLEIGH,NSW,Delivery Area
2515,CLIFTON,NSW,Delivery Area
2800,CLIFTON GROVE,NSW,Delivery Area
2093,CLONTARF,NSW,Delivery Area
2484,CLOTHIERS CREEK,NSW,Delivery Area
2453,CLOUDS CREEK,NSW,Delivery Area
2480,CLOVASS,NSW,Delivery Area
2031,CLOVELLY,NSW,Delivery Area
2031,CLOVELLY WEST,NSW,Delivery Area
2480,CLUNES,NSW,Delivery Area
2440,CLYBUCCA,NSW,Delivery Area
2142,CLYDE,NSW,Delivery Area
2330,CLYDESDALE,NSW,Delivery Area
2283,COAL POINT,NSW,Delivery Area
2508,COALCLIFF,NSW,Delivery Area
2460,COALDALE,NSW,Delivery Area
2108,COASTERS RETREAT,NSW,Delivery Area
2486,COBAKI,NSW,Delivery Area
2486,COBAKI LAKES,NSW,Delivery Area
2835,COBAR,NSW,Delivery Area
2790,COBAR PARK,NSW,Delivery Area
2550,COBARGO,NSW,Delivery Area
2422,COBARK,NSW,Delivery Area
2347,COBBADAH,NSW,Delivery Area
2570,COBBITTY,NSW,Delivery Area
2844,COBBORA,NSW,Delivery Area
2732,COBRAMUNGA,NSW,Delivery Area
2539,COCKWHY,NSW,Delivery Area
2471,CODRINGTON,NSW,Delivery Area
2480,COFFEE CAMP,NSW,Delivery Area
2450,COFFS HARBOUR,NSW,Delivery Area
2450,COFFS HARBOUR DC,NSW,Delivery Area
2450,COFFS HARBOUR JETTY,NSW,Delivery Area
2450,COFFS HARBOUR PLAZA,NSW,Delivery Area
2849,COGGAN,NSW,Delivery Area
2083,COGRA BAY,NSW,Delivery Area
2537,COILA,NSW,Delivery Area
2462,COLDSTREAM,NSW,Delivery Area
2707,COLEAMBALLY,NSW,Delivery Area
2761,COLEBEE,NSW,Delivery Area
2515,COLEDALE,NSW,Delivery Area
2700,COLINROOBIE,NSW,Delivery Area
2626,COLINTON,NSW,Delivery Area
2833,COLLARENEBRI,NSW,Delivery Area
2097,COLLAROY,NSW,Delivery Area
2097,COLLAROY BEACH,NSW,Delivery Area
2097,COLLAROY PLATEAU,NSW,Delivery Area
2581,COLLECTOR,NSW,Delivery Area
2646,COLLENDINA,NSW,Delivery Area
2839,COLLERINA,NSW,Delivery Area
2827,COLLIE,NSW,Delivery Area
2650,COLLINGULLIE,NSW,Delivery Area
2850,COLLINGWOOD,NSW,Delivery Area
2474,COLLINS CREEK,NSW,Delivery Area
2440,COLLOMBATTI,NSW,Delivery Area
2460,COLLUM COLLUM,NSW,Delivery Area
2343,COLLY BLUE,NSW,Delivery Area
2756,COLO,NSW,Delivery Area
2795,COLO,NSW,Delivery Area
2756,COLO HEIGHTS,NSW,Delivery Area
2575,COLO VALE,NSW,Delivery Area
2262,COLONGRA,NSW,Delivery Area
2760,COLYTON,NSW,Delivery Area
2440,COMARA,NSW,Delivery Area
2666,COMBANING,NSW,Delivery Area
2829,COMBARA,NSW,Delivery Area
2540,COMBERTON,NSW,Delivery Area
2330,COMBO,NSW,Delivery Area
2429,COMBOYNE,NSW,Delivery Area
2832,COME BY CHANCE,NSW,Delivery Area
2540,COMERONG ISLAND,NSW,Delivery Area
2484,COMMISSIONERS CREEK,NSW,Delivery Area
2226,COMO,NSW,Delivery Area
2820,COMOBELLA,NSW,Delivery Area
2710,CONARGO,NSW,Delivery Area
2137,CONCORD,NSW,Delivery Area
2138,CONCORD WEST,NSW,Delivery Area
2138,CONCORD WEST DC,NSW,Delivery Area
2200,CONDELL PARK,NSW,Delivery Area
2877,CONDOBOLIN,NSW,Delivery Area
2484,CONDONG,NSW,Delivery Area
2422,CONEAC,NSW,Delivery Area
2447,CONGARINNI,NSW,Delivery Area
2447,CONGARINNI NORTH,NSW,Delivery Area
2325,CONGEWAI,NSW,Delivery Area
2537,CONGO,NSW,Delivery Area
2829,CONIMBIA,NSW,Delivery Area
2500,CONISTON,NSW,Delivery Area
2539,CONJOLA,NSW,Delivery Area
2539,CONJOLA PARK,NSW,Delivery Area
2221,CONNELLS POINT,NSW,Delivery Area
2145,CONSTITUTION HILL,NSW,Delivery Area
2034,COOGEE,NSW,Delivery Area
2870,COOKAMIDGERA,NSW,Delivery Area
2650,COOKARDINIA,NSW,Delivery Area
2850,COOKS GAP,NSW,Delivery Area
2300,COOKS HILL,NSW,Delivery Area
2870,COOKS MYALLS,NSW,Delivery Area
2831,COOLABAH,NSW,Delivery Area
2727,COOLAC,NSW,Delivery Area
2550,COOLAGOLITE,NSW,Delivery Area
2843,COOLAH,NSW,Delivery Area
2701,COOLAMON,NSW,Delivery Area
2535,COOLANGATTA,NSW,Delivery Area
2550,COOLANGUBRA,NSW,Delivery Area
2402,COOLATAI,NSW,Delivery Area
2611,COOLEMAN,NSW,Delivery Area
2729,COOLEYS CREEK,NSW,Delivery Area
2478,COOLGARDIE,NSW,Delivery Area
2423,COOLONGOLOOK,NSW,Delivery Area
2630,COOLRINGDON,NSW,Delivery Area
2632,COOLUMBOOKA,NSW,Delivery Area
2622,COOLUMBURRA,NSW,Delivery Area
2630,COOMA,NSW,Delivery Area
2428,COOMBA BAY,NSW,Delivery Area
2428,COOMBA PARK,NSW,Delivery Area
2460,COOMBADJHA,NSW,Delivery Area
2470,COOMBELL,NSW,Delivery Area
2717,COOMEALLA,NSW,Delivery Area
2343,COOMOO COOMOO,NSW,Delivery Area
2357,COONABARABRAN,NSW,Delivery Area
2829,COONAMBLE,NSW,Delivery Area
2726,COONEYS CREEK,NSW,Delivery Area
2469,COONGBAR,NSW,Delivery Area
2441,COOPERABUNG,NSW,Delivery Area
2426,COOPERNOOK,NSW,Delivery Area
2550,COOPERS GULLY,NSW,Delivery Area
2479,COOPERS SHOOT,NSW,Delivery Area
2424,COOPLACURRIPA,NSW,Delivery Area
2479,COORABELL,NSW,Delivery Area
2265,COORANBONG,NSW,Delivery Area
2590,COOTAMUNDRA,NSW,Delivery Area
2628,COOTRALANTRA,NSW,Delivery Area
2850,COOYAL,NSW,Delivery Area
2251,COPACABANA,NSW,Delivery Area
2852,COPE,NSW,Delivery Area
2422,COPELAND,NSW,Delivery Area
2360,COPETON,NSW,Delivery Area
2460,COPMANHURST,NSW,Delivery Area
2644,COPPABELLA,NSW,Delivery Area
2795,COPPERHANNIA,NSW,Delivery Area
2471,CORAKI,NSW,Delivery Area
2443,CORALVILLE,NSW,Delivery Area
2450,CORAMBA,NSW,Delivery Area
2622,CORANG,NSW,Delivery Area
2440,CORANGULA,NSW,Delivery Area
2705,CORBIE HILL,NSW,Delivery Area
2526,CORDEAUX,NSW,Delivery Area
2526,CORDEAUX HEIGHTS,NSW,Delivery Area
2710,COREE,NSW,Delivery Area
2646,COREEN,NSW,Delivery Area
2456,CORINDI BEACH,NSW,Delivery Area
2871,CORINELLA,NSW,Delivery Area
2315,CORLETTE,NSW,Delivery Area
2480,CORNDALE,NSW,Delivery Area
2790,CORNEY TOWN,NSW,Delivery Area
2756,CORNWALLIS,NSW,Delivery Area
2700,COROBIMILLA,NSW,Delivery Area
2646,COROWA,NSW,Delivery Area
2325,CORRABARE,NSW,Delivery Area
2518,CORRIMAL,NSW,Delivery Area
2518,CORRIMAL EAST,NSW,Delivery Area
2711,CORRONG,NSW,Delivery Area
2633,CORROWONG,NSW,Delivery Area
2546,CORUNNA,NSW,Delivery Area
2084,COTTAGE POINT,NSW,Delivery Area
4375,COTTONVALE,NSW,Delivery Area
2474,COUGAL,NSW,Delivery Area
2630,COUNTEGANY,NSW,Delivery Area
2653,COURABYRA,NSW,Delivery Area
2390,COURADDA,NSW,Delivery Area
2720,COURAGAGO,NSW,Delivery Area
2571,COURIDJAH,NSW,Delivery Area
2460,COUTTS CROSSING,NSW,Delivery Area
2795,COW FLAT,NSW,Delivery Area
2652,COWABBIE,NSW,Delivery Area
2081,COWAN,NSW,Delivery Area
2460,COWPER,NSW,Delivery Area
2794,COWRA,NSW,Delivery Area
2849,COXS CREEK,NSW,Delivery Area
2849,COXS CROWN,NSW,Delivery Area
2483,CRABBES CREEK,NSW,Delivery Area
2627,CRACKENBACK,NSW,Delivery Area
2632,CRAIGIE,NSW,Delivery Area
2749,CRANEBROOK,NSW,Delivery Area
2259,CRANGAN BAY,NSW,Delivery Area
2422,CRAVEN,NSW,Delivery Area
2422,CRAVEN PLATEAU,NSW,Delivery Area
2423,CRAWFORD RIVER,NSW,Delivery Area
2338,CRAWNEY,NSW,Delivery Area
2627,CREEL BAY,NSW,Delivery Area
2631,CREEWAH,NSW,Delivery Area
2090,CREMORNE,NSW,Delivery Area
2090,CREMORNE JUNCTION,NSW,Delivery Area
2090,CREMORNE POINT,NSW,Delivery Area
2440,CRESCENT HEAD,NSW,Delivery Area
2620,CRESTWOOD,NSW,Delivery Area
2502,CRINGILA,NSW,Delivery Area
2430,CROKI,NSW,Delivery Area
2099,CROMER,NSW,Delivery Area
2230,CRONULLA,NSW,Delivery Area
2400,CROOBLE,NSW,Delivery Area
2539,CROOBYAR,NSW,Delivery Area
2583,CROOKED CORNER,NSW,Delivery Area
2583,CROOKWELL,NSW,Delivery Area
2527,CROOM,NSW,Delivery Area
2411,CROPPA CREEK,NSW,Delivery Area
2850,CROSS ROADS,NSW,Delivery Area
2446,CROSSLANDS,NSW,Delivery Area
2280,CROUDACE BAY,NSW,Delivery Area
2443,CROWDY BAY,NSW,Delivery Area
2427,CROWDY HEAD,NSW,Delivery Area
1585,CROWS NEST,NSW,Post Office Boxes
2065,CROWS NEST,NSW,Delivery Area
2065,CROWS NEST DC,NSW,Delivery Area
2803,CROWTHER,NSW,Delivery Area
2460,CROWTHER ISLAND,NSW,Delivery Area
2132,CROYDON,NSW,Delivery Area
2133,CROYDON PARK,NSW,Delivery Area
2795,CRUDINE,NSW,Delivery Area
2832,CRYON,NSW,Delivery Area
2484,CRYSTAL CREEK,NSW,Delivery Area
2835,CUBBA,NSW,Delivery Area
2864,CUDAL,NSW,Delivery Area
2850,CUDGEGONG,NSW,Delivery Area
2700,CUDGEL,NSW,Delivery Area
2487,CUDGEN,NSW,Delivery Area
2484,CUDGERA CREEK,NSW,Delivery Area
2540,CUDMIRRAH,NSW,Delivery Area
2540,CULBURRA BEACH,NSW,Delivery Area
2660,CULCAIRN,NSW,Delivery Area
2790,CULLEN BULLEN,NSW,Delivery Area
2850,CULLENBONE,NSW,Delivery Area
2372,CULLENDORE,NSW,Delivery Area
2581,CULLERIN,NSW,Delivery Area
2645,CULLIVEL,NSW,Delivery Area
2469,CULMARAN CREEK,NSW,Delivery Area
2478,CUMBALUM,NSW,Delivery Area
2852,CUMBANDRY,NSW,Delivery Area
2756,CUMBERLAND REACH,NSW,Delivery Area
2850,CUMBO,NSW,Delivery Area
2832,CUMBORAH,NSW,Delivery Area
2867,CUMNOCK,NSW,Delivery Area
2424,CUNDLE FLAT,NSW,Delivery Area
2430,CUNDLETOWN,NSW,Delivery Area
2866,CUNDUMBUL,NSW,Delivery Area
2539,CUNJURONG POINT,NSW,Delivery Area
2587,CUNNINGAR,NSW,Delivery Area
2734,CUNNINYEUK,NSW,Delivery Area
2827,CURBAN,NSW,Delivery Area
2096,CURL CURL,NSW,Delivery Area
2672,CURLEW WATERS,NSW,Delivery Area
2381,CURLEWIS,NSW,Delivery Area
2648,CURLWAA,NSW,Delivery Area
2820,CURRA CREEK,NSW,Delivery Area
2342,CURRABUBULA,NSW,Delivery Area
2795,CURRAGH,NSW,Delivery Area
2533,CURRAMORE,NSW,Delivery Area
2567,CURRANS HILL,NSW,Delivery Area
2540,CURRARONG,NSW,Delivery Area
2580,CURRAWANG,NSW,Delivery Area
2650,CURRAWARNA,NSW,Delivery Area
2580,CURRAWEELA,NSW,Delivery Area
2108,CURRAWONG BEACH,NSW,Delivery Area
2422,CURRICABARK,NSW,Delivery Area
2536,CURROWAN,NSW,Delivery Area
2388,CUTTABRI,NSW,Delivery Area
2546,CUTTAGEE,NSW,Delivery Area
2849,DABEE,NSW,Delivery Area
2032,DACEYVILLE,NSW,Delivery Area
2325,DAIRY ARM,NSW,Delivery Area
2474,DAIRY FLAT,NSW,Delivery Area
2630,DAIRYMANS PLAINS,NSW,Delivery Area
2257,DALEYS POINT,NSW,Delivery Area
2628,DALGETY,NSW,Delivery Area
2546,DALMENY,NSW,Delivery Area
2460,DALMORTON,NSW,Delivery Area
2328,DALSWINTON,NSW,Delivery Area
2581,DALTON,NSW,Delivery Area
2335,DALWOOD,NSW,Delivery Area
2477,DALWOOD,NSW,Delivery Area
2823,DANDALOO,NSW,Delivery Area
2357,DANDRY,NSW,Delivery Area
2309,DANGAR,NSW,Post Office Boxes
2083,DANGAR ISLAND,NSW,Delivery Area
2350,DANGARSLEIGH,NSW,Delivery Area
2630,DANGELONG,NSW,Delivery Area
2530,DAPTO,NSW,Delivery Area
2428,DARAWANK,NSW,Delivery Area
2722,DARBALARA,NSW,Delivery Area
2793,DARBYS FALLS,NSW,Delivery Area
2717,DARETON,NSW,Delivery Area
2786,DARGAN,NSW,Delivery Area
2795,DARK CORNER,NSW,Delivery Area
2508,DARKES FOREST,NSW,Delivery Area
2454,DARKWOOD,NSW,Delivery Area
2027,DARLING POINT,NSW,Delivery Area
1300,DARLINGHURST,NSW,Post Office Boxes
2010,DARLINGHURST,NSW,Delivery Area
2008,DARLINGTON,NSW,Delivery Area
2330,DARLINGTON,NSW,Delivery Area
2706,DARLINGTON POINT,NSW,Delivery Area
2729,DARLOW,NSW,Delivery Area
2870,DAROOBALGIE,NSW,Delivery Area
2336,DARTBROOK,NSW,Delivery Area
2340,DARUKA,NSW,Delivery Area
2085,DAVIDSON,NSW,Delivery Area
2336,DAVIS CREEK,NSW,Delivery Area
2251,DAVISTOWN,NSW,Delivery Area
2000,DAWES POINT,NSW,Delivery Area
2646,DAYSDALE,NSW,Delivery Area
2761,DEAN PARK,NSW,Delivery Area
2443,DEAUVILLE,NSW,Delivery Area
2446,DEBENHAM,NSW,Delivery Area
2099,DEE WHY,NSW,Delivery Area
2440,DEEP CREEK,NSW,Delivery Area
2460,DEEP CREEK,NSW,Delivery Area
2469,DEEP CREEK,NSW,Delivery Area
2371,DEEPWATER,NSW,Delivery Area
2453,DEER VALE,NSW,Delivery Area
2633,DELEGATE,NSW,Delivery Area
2403,DELUNGRA,NSW,Delivery Area
2565,DENHAM COURT,NSW,Delivery Area
2536,DENHAMS BEACH,NSW,Delivery Area
2710,DENILIQUIN,NSW,Delivery Area
2710,DENILIQUIN NORTH,NSW,Delivery Area
2114,DENISTONE,NSW,Delivery Area
2112,DENISTONE EAST,NSW,Delivery Area
2114,DENISTONE WEST,NSW,Delivery Area
2328,DENMAN,NSW,Delivery Area
2536,DEPOT BEACH,NSW,Delivery Area
2877,DERRIWONG,NSW,Delivery Area
2537,DEUA,NSW,Delivery Area
2537,DEUA RIVER VALLEY,NSW,Delivery Area
2550,DEVILS HOLE,NSW,Delivery Area
2422,DEWITT,NSW,Delivery Area
2770,DHARRUK,NSW,Delivery Area
2650,DHULURA,NSW,Delivery Area
2733,DHURAGOON,NSW,Delivery Area
2430,DIAMOND BEACH,NSW,Delivery Area
2443,DIAMOND HEAD,NSW,Delivery Area
2370,DIEHARD,NSW,Delivery Area
2462,DIGGERS CAMP,NSW,Delivery Area
2546,DIGNAMS CREEK,NSW,Delivery Area
2460,DILKOON,NSW,Delivery Area
2734,DILPURRA,NSW,Delivery Area
2429,DINGO FOREST,NSW,Delivery Area
2404,DINOGA,NSW,Delivery Area
2666,DIRNASEER,NSW,Delivery Area
2456,DIRTY CREEK,NSW,Delivery Area
2470,DOBIES BIGHT,NSW,Delivery Area
2550,DOCTOR GEORGE MOUNTAIN,NSW,Delivery Area
2790,DOCTORS GAP,NSW,Delivery Area
2795,DOG ROCKS,NSW,Delivery Area
2229,DOLANS BAY,NSW,Delivery Area
2219,DOLLS POINT,NSW,Delivery Area
2429,DOLLYS FLAT,NSW,Delivery Area
2539,DOLPHIN POINT,NSW,Delivery Area
2530,DOMBARTON,NSW,Delivery Area
2350,DONALD CREEK,NSW,Delivery Area
2440,DONDINGALONG,NSW,Delivery Area
2447,DONNELLYVILLE,NSW,Delivery Area
2484,DOON DOON,NSW,Delivery Area
2473,DOONBAH,NSW,Delivery Area
2767,DOONSIDE,NSW,Delivery Area
2259,DOORALONG,NSW,Delivery Area
2264,DORA CREEK,NSW,Delivery Area
2453,DORRIGO,NSW,Delivery Area
2453,DORRIGO MOUNTAIN,NSW,Delivery Area
2480,DORROUGHBY,NSW,Delivery Area
1360,DOUBLE BAY,NSW,Post Office Boxes
2028,DOUBLE BAY,NSW,Delivery Area
2470,DOUBTFUL CREEK,NSW,Delivery Area
2569,DOUGLAS PARK,NSW,Delivery Area
2030,DOVER HEIGHTS,NSW,Delivery Area
2650,DOWNSIDE,NSW,Delivery Area
2262,DOYALSON,NSW,Delivery Area
2262,DOYALSON NORTH,NSW,Delivery Area
2330,DOYLES CREEK,NSW,Delivery Area
2446,DOYLES RIVER,NSW,Delivery Area
2469,DRAKE,NSW,Delivery Area
2469,DRAKE VILLAGE,NSW,Delivery Area
2386,DRILDOOL,NSW,Delivery Area
2820,DRIPSTONE,NSW,Delivery Area
1470,DRUMMOYNE,NSW,Post Office Boxes
2047,DRUMMOYNE,NSW,Delivery Area
2337,DRY CREEK,NSW,Delivery Area
2630,DRY PLAIN,NSW,Delivery Area
2830,DUBBO,NSW,Delivery Area
2830,DUBBO DC,NSW,Delivery Area
2830,DUBBO EAST,NSW,Delivery Area
2830,DUBBO GROVE,NSW,Delivery Area
2830,DUBBO WEST,NSW,Delivery Area
2469,DUCK CREEK,NSW,Delivery Area
2321,DUCKENFIELD,NSW,Delivery Area
2787,DUCKMALOI,NSW,Delivery Area
2290,DUDLEY,NSW,Delivery Area
2084,DUFFYS FOREST,NSW,Delivery Area
2484,DULGUIGAN,NSW,Delivery Area
2203,DULWICH HILL,NSW,Delivery Area
2484,DUM DUM,NSW,Delivery Area
2350,DUMARESQ,NSW,Delivery Area
2430,DUMARESQ ISLAND,NSW,Delivery Area
2372,DUMARESQ VALLEY,NSW,Delivery Area
2460,DUMBUDGERY,NSW,Delivery Area
2484,DUNBIBLE,NSW,Delivery Area
2443,DUNBOGAN,NSW,Delivery Area
2340,DUNCANS CREEK,NSW,Delivery Area
2117,DUNDAS,NSW,Delivery Area
2117,DUNDAS VALLEY,NSW,Delivery Area
2370,DUNDEE,NSW,Delivery Area
2453,DUNDURRABIN,NSW,Delivery Area
2844,DUNEDOO,NSW,Delivery Area
2480,DUNGARUBBA,NSW,Delivery Area
2484,DUNGAY,NSW,Delivery Area
2849,DUNGEREE,NSW,Delivery Area
2420,DUNGOG,NSW,Delivery Area
2340,DUNGOWAN,NSW,Delivery Area
2795,DUNKELD,NSW,Delivery Area
2529,DUNMORE,NSW,Delivery Area
2330,DUNOLLY,NSW,Delivery Area
2480,DUNOON,NSW,Delivery Area
2321,DUNS CREEK,NSW,Delivery Area
2849,DUNVILLE LOOP,NSW,Delivery Area
2158,DURAL,NSW,Delivery Area
2330,DURAL,NSW,Delivery Area
2158,DURAL DC,NSW,Delivery Area
2795,DURAMANA,NSW,Delivery Area
2487,DURANBAH,NSW,Delivery Area
2344,DURI,NSW,Delivery Area
2486,DUROBY,NSW,Delivery Area
2622,DURRAN DURRA,NSW,Delivery Area
2536,DURRAS NORTH,NSW,Delivery Area
2259,DURREN DURREN,NSW,Delivery Area
2350,DUVAL,NSW,Delivery Area
2429,DYERS CROSSING,NSW,Delivery Area
2470,DYRAABA,NSW,Delivery Area
2330,DYRRING,NSW,Delivery Area
2558,EAGLE VALE,NSW,Delivery Area
2324,EAGLETON,NSW,Delivery Area
2206,EARLWOOD,NSW,Delivery Area
2640,EAST ALBURY,NSW,Delivery Area
2478,EAST BALLINA,NSW,Delivery Area
2576,EAST BOWRAL,NSW,Delivery Area
2335,EAST BRANXTON,NSW,Delivery Area
2471,EAST CORAKI,NSW,Delivery Area
2518,EAST CORRIMAL,NSW,Delivery Area
2250,EAST GOSFORD,NSW,Delivery Area
2311,EAST GRESFORD,NSW,Delivery Area
2213,EAST HILLS,NSW,Delivery Area
2627,EAST JINDABYNE,NSW,Delivery Area
2576,EAST KANGALOON,NSW,Delivery Area
2440,EAST KEMPSEY,NSW,Delivery Area
2071,EAST KILLARA,NSW,Delivery Area
2758,EAST KURRAJONG,NSW,Delivery Area
2070,EAST LINDFIELD,NSW,Delivery Area
2480,EAST LISMORE,NSW,Delivery Area
2536,EAST LYNNE,NSW,Delivery Area
2323,EAST MAITLAND,NSW,Delivery Area
2113,EAST RYDE,NSW,Delivery Area
2324,EAST SEAHAM,NSW,Delivery Area
2340,EAST TAMWORTH,NSW,Delivery Area
2650,EAST WAGGA WAGGA,NSW,Delivery Area
2477,EAST WARDELL,NSW,Delivery Area
2766,EASTERN CREEK,NSW,Delivery Area
2004,EASTERN SUBURBS MC,NSW,Post Office Boxes
2036,EASTGARDENS,NSW,Delivery Area
2018,EASTLAKES,NSW,Delivery Area
2122,EASTWOOD,NSW,Delivery Area
2460,EATONSVILLE,NSW,Delivery Area
2756,EBENEZER,NSW,Delivery Area
2453,EBOR,NSW,Delivery Area
2311,ECCLESTON,NSW,Delivery Area
2333,EDDERTON,NSW,Delivery Area
2551,EDEN,NSW,Delivery Area
2474,EDEN CREEK,NSW,Delivery Area
2176,EDENSOR PARK,NSW,Delivery Area
2474,EDENVILLE,NSW,Delivery Area
2027,EDGECLIFF,NSW,Delivery Area
2390,EDGEROI,NSW,Delivery Area
2285,EDGEWORTH,NSW,Delivery Area
2787,EDITH,NSW,Delivery Area
2174,EDMONDSON PARK,NSW,Delivery Area
2551,EDROM,NSW,Delivery Area
2824,EENAWEENA,NSW,Delivery Area
2795,EGLINTON,NSW,Delivery Area
2460,EIGHTEEN MILE,NSW,Delivery Area
2429,ELANDS,NSW,Delivery Area
2101,ELANORA HEIGHTS,NSW,Delivery Area
2404,ELCOMBE,NSW,Delivery Area
2335,ELDERSLIE,NSW,Delivery Area
2570,ELDERSLIE,NSW,Delivery Area
2282,ELEEBANA,NSW,Delivery Area
2287,ELERMORE VALE,NSW,Delivery Area
2011,ELIZABETH BAY,NSW,Delivery Area
2428,ELIZABETH BEACH,NSW,Delivery Area
2171,ELIZABETH HILLS,NSW,Delivery Area
2325,ELLALONG,NSW,Delivery Area
2460,ELLAND,NSW,Delivery Area
2470,ELLANGOWAN,NSW,Delivery Area
2446,ELLENBOROUGH,NSW,Delivery Area
2648,ELLERSLIE,NSW,Delivery Area
2729,ELLERSLIE,NSW,Delivery Area
2337,ELLERSTON,NSW,Delivery Area
2570,ELLIS LANE,NSW,Delivery Area
2831,ELONG ELONG,NSW,Delivery Area
2325,ELRINGTON,NSW,Delivery Area
2360,ELSMORE,NSW,Delivery Area
2480,ELTHAM,NSW,Delivery Area
2105,ELVINA BAY,NSW,Delivery Area
2456,EMERALD BEACH,NSW,Delivery Area
2380,EMERALD HILL,NSW,Delivery Area
2770,EMERTON,NSW,Delivery Area
2371,EMMAVILLE,NSW,Delivery Area
2257,EMPIRE BAY,NSW,Delivery Area
2478,EMPIRE VALE,NSW,Delivery Area
2750,EMU HEIGHTS,NSW,Delivery Area
2750,EMU PLAINS,NSW,Delivery Area
2800,EMU SWAMP,NSW,Delivery Area
2622,ENDRICK,NSW,Delivery Area
2136,ENFIELD,NSW,Delivery Area
2133,ENFIELD SOUTH,NSW,Delivery Area
2233,ENGADINE,NSW,Delivery Area
2560,ENGLORIE PARK,NSW,Delivery Area
2042,ENMORE,NSW,Delivery Area
2350,ENMORE,NSW,Delivery Area
2840,ENNGONIA,NSW,Delivery Area
2620,ENVIRONA,NSW,Delivery Area
1710,EPPING,NSW,Post Office Boxes
2121,EPPING,NSW,Delivery Area
2264,ERARING,NSW,Delivery Area
2877,EREMERANG,NSW,Delivery Area
2669,ERIGOLIA,NSW,Delivery Area
2663,ERIN VALE,NSW,Delivery Area
2250,ERINA,NSW,Delivery Area
2250,ERINA FAIR,NSW,Delivery Area
2260,ERINA HEIGHTS,NSW,Delivery Area
1700,ERMINGTON,NSW,Post Office Boxes
2115,ERMINGTON,NSW,Delivery Area
2540,EROWAL BAY,NSW,Delivery Area
2791,ERROWANBANG,NSW,Delivery Area
2759,ERSKINE PARK,NSW,Delivery Area
2043,ERSKINEVILLE,NSW,Delivery Area
2850,ERUDGERE,NSW,Delivery Area
2558,ESCHOL PARK,NSW,Delivery Area
2472,ESK,NSW,Delivery Area
2787,ESSINGTON,NSW,Delivery Area
2650,ESTELLA,NSW,Delivery Area
2257,ETTALONG BEACH,NSW,Delivery Area
2640,ETTAMOGAH,NSW,Delivery Area
2540,ETTREMA,NSW,Delivery Area
2474,ETTRICK,NSW,Delivery Area
2877,EUABALONG,NSW,Delivery Area
2877,EUABALONG WEST,NSW,Delivery Area
2650,EUBERTA,NSW,Delivery Area
2866,EUCHAREENA,NSW,Delivery Area
2628,EUCUMBENE,NSW,Delivery Area
2806,EUGOWRA,NSW,Delivery Area
2390,EULAH CREEK,NSW,Delivery Area
2822,EUMUNGERIE,NSW,Delivery Area
2650,EUNANOREENYA,NSW,Delivery Area
2441,EUNGAI CREEK,NSW,Delivery Area
2441,EUNGAI RAIL,NSW,Delivery Area
2484,EUNGELLA,NSW,Delivery Area
2480,EUREKA,NSW,Delivery Area
2867,EURIMBLA,NSW,Delivery Area
2545,EUROBODALLA,NSW,Delivery Area
2440,EUROKA,NSW,Delivery Area
2700,EUROLEY,NSW,Delivery Area
2663,EURONGILLY,NSW,Delivery Area
2850,EURUNDEREE,NSW,Delivery Area
2737,EUSTON,NSW,Delivery Area
2473,EVANS HEAD,NSW,Delivery Area
2795,EVANS PLAINS,NSW,Delivery Area
2015,EVELEIGH,NSW,Delivery Area
2484,EVIRON,NSW,Delivery Area
2469,EWINGAR,NSW,Delivery Area
2481,EWINGSDALE,NSW,Delivery Area
2579,EXETER,NSW,Delivery Area
2430,FAILFORD,NSW,Delivery Area
1860,FAIRFIELD,NSW,Post Office Boxes
2165,FAIRFIELD,NSW,Delivery Area
2165,FAIRFIELD EAST,NSW,Delivery Area
2165,FAIRFIELD HEIGHTS,NSW,Delivery Area
2165,FAIRFIELD WEST,NSW,Delivery Area
2871,FAIRHOLME,NSW,Delivery Area
2094,FAIRLIGHT,NSW,Delivery Area
2470,FAIRY HILL,NSW,Delivery Area
2519,FAIRY MEADOW,NSW,Delivery Area
2330,FALBROOK,NSW,Delivery Area
2365,FALCONER,NSW,Delivery Area
2540,FALLS CREEK,NSW,Delivery Area
2535,FAR MEADOW,NSW,Delivery Area
2656,FARGUNYAH,NSW,Delivery Area
2320,FARLEY,NSW,Delivery Area
2526,FARMBOROUGH HEIGHTS,NSW,Delivery Area
2820,FARNHAM,NSW,Delivery Area
2484,FARRANTS HILL,NSW,Delivery Area
2622,FARRINGDON,NSW,Delivery Area
2283,FASSIFERN,NSW,Delivery Area
2776,FAULCONBRIDGE,NSW,Delivery Area
2422,FAULKLAND,NSW,Delivery Area
2474,FAWCETTS PLAIN,NSW,Delivery Area
2480,FEDERAL,NSW,Delivery Area
2283,FENNELL BAY,NSW,Delivery Area
2295,FERN BAY,NSW,Delivery Area
2330,FERN GULLY,NSW,Delivery Area
2775,FERNANCES,NSW,Delivery Area
2325,FERNANCES CROSSING,NSW,Delivery Area
2444,FERNBANK CREEK,NSW,Delivery Area
2453,FERNBROOK,NSW,Delivery Area
2519,FERNHILL,NSW,Delivery Area
2479,FERNLEIGH,NSW,Delivery Area
2454,FERNMOUNT,NSW,Delivery Area
2480,FERNSIDE,NSW,Delivery Area
2484,FERNVALE,NSW,Delivery Area
2318,FERODALE,NSW,Delivery Area
2159,FIDDLETOWN,NSW,Delivery Area
2875,FIFIELD,NSW,Delivery Area
2525,FIGTREE,NSW,Delivery Area
2474,FINDON CREEK,NSW,Delivery Area
2460,FINE FLOWER,NSW,Delivery Area
2315,FINGAL BAY,NSW,Delivery Area
2487,FINGAL HEAD,NSW,Delivery Area
2713,FINLEY,NSW,Delivery Area
2429,FIREFLY,NSW,Delivery Area
2316,FISHERMANS BAY,NSW,Delivery Area
2539,FISHERMANS PARADISE,NSW,Delivery Area
2441,FISHERMANS REACH,NSW,Delivery Area
2421,FISHERS HILL,NSW,Delivery Area
2283,FISHING POINT,NSW,Delivery Area
2799,FITZGERALDS MOUNT,NSW,Delivery Area
2795,FITZGERALDS VALLEY,NSW,Delivery Area
2577,FITZROY FALLS,NSW,Delivery Area
2046,FIVE DOCK,NSW,Delivery Area
2873,FIVE WAYS,NSW,Delivery Area
2420,FLAT TOPS,NSW,Delivery Area
2287,FLETCHER,NSW,Delivery Area
2529,FLINDERS,NSW,Delivery Area
2280,FLORAVILLE,NSW,Delivery Area
2444,FLYNNS BEACH,NSW,Delivery Area
2871,FORBES,NSW,Delivery Area
2621,FORBES CREEK,NSW,Delivery Area
2446,FORBES RIVER,NSW,Delivery Area
2422,FORBESDALE,NSW,Delivery Area
2840,FORDS BRIDGE,NSW,Delivery Area
2330,FORDWICH,NSW,Delivery Area
2157,FOREST GLEN,NSW,Delivery Area
2795,FOREST GROVE,NSW,Delivery Area
2651,FOREST HILL,NSW,Delivery Area
2372,FOREST LAND,NSW,Delivery Area
2037,FOREST LODGE,NSW,Delivery Area
2798,FOREST REEFS,NSW,Delivery Area
2087,FORESTVILLE,NSW,Delivery Area
2260,FORRESTERS BEACH,NSW,Delivery Area
2428,FORSTER,NSW,Delivery Area
2428,FORSTER SHOPPING VILLAGE,NSW,Delivery Area
2460,FORTIS CREEK,NSW,Delivery Area
2795,FOSTERS VALLEY,NSW,Delivery Area
2420,FOSTERTON,NSW,Delivery Area
2258,FOUNTAINDALE,NSW,Delivery Area
2716,FOUR CORNERS,NSW,Delivery Area
2800,FOUR MILE CREEK,NSW,Delivery Area
2880,FOWLERS GAP,NSW,Delivery Area
2534,FOXGROUND,NSW,Delivery Area
2259,FRAZER PARK,NSW,Delivery Area
2446,FRAZERS CREEK,NSW,Delivery Area
2440,FREDERICKTON,NSW,Delivery Area
2464,FREEBURN ISLAND,NSW,Delivery Area
2259,FREEMANS,NSW,Delivery Area
2756,FREEMANS REACH,NSW,Delivery Area
2323,FREEMANS WATERHOLE,NSW,Delivery Area
2795,FREEMANTLE,NSW,Delivery Area
2655,FRENCH PARK,NSW,Delivery Area
1640,FRENCHS FOREST,NSW,Post Office Boxes
2086,FRENCHS FOREST,NSW,Delivery Area
2086,FRENCHS FOREST EAST,NSW,Delivery Area
2096,FRESHWATER,NSW,Delivery Area
2850,FROG ROCK,NSW,Delivery Area
2586,FROGMORE,NSW,Delivery Area
2550,FROGS HOLLOW,NSW,Delivery Area
2630,FRYING PAN,NSW,Delivery Area
2583,FULLERTON,NSW,Delivery Area
2318,FULLERTON COVE,NSW,Delivery Area
2370,FURRACABAD,NSW,Delivery Area
2765,GABLES,NSW,Delivery Area
2720,GADARA,NSW,Delivery Area
2716,GALA VALE,NSW,Delivery Area
2850,GALAMBINE,NSW,Delivery Area
2585,GALONG,NSW,Delivery Area
2650,GALORE,NSW,Delivery Area
2159,GALSTON,NSW,Delivery Area
2790,GANBENANG,NSW,Delivery Area
2422,GANGAT,NSW,Delivery Area
2702,GANMAIN,NSW,Delivery Area
2405,GARAH,NSW,Delivery Area
2289,GARDEN SUBURB,NSW,Delivery Area
2871,GAREMA,NSW,Delivery Area
2232,GARIE,NSW,Delivery Area
2797,GARLAND,NSW,Delivery Area
2330,GARLAND VALLEY,NSW,Delivery Area
2340,GAROO,NSW,Delivery Area
2866,GARRA,NSW,Delivery Area
2345,GARTHOWEN,NSW,Delivery Area
2290,GATESHEAD,NSW,Delivery Area
2441,GEARYS FLAT,NSW,Delivery Area
2642,GEEHI,NSW,Delivery Area
2650,GELSTON PARK,NSW,Delivery Area
2795,GEMALLA,NSW,Delivery Area
2474,GENEVA,NSW,Delivery Area
2365,GEORGES CREEK,NSW,Delivery Area
2198,GEORGES HALL,NSW,Delivery Area
2795,GEORGES PLAINS,NSW,Delivery Area
2298,GEORGETOWN,NSW,Delivery Area
2480,GEORGICA,NSW,Delivery Area
2642,GEROGERY,NSW,Delivery Area
2534,GERRINGONG,NSW,Delivery Area
2534,GERROA,NSW,Delivery Area
2818,GEURIE,NSW,Delivery Area
2474,GHINNI GHI,NSW,Delivery Area
2430,GHINNI GHINNI,NSW,Delivery Area
2380,GHOOLENDAADI,NSW,Delivery Area
2328,GIANTS CREEK,NSW,Delivery Area
2469,GIBBERAGEE,NSW,Delivery Area
2370,GIBRALTAR RANGE,NSW,Delivery Area
2666,GIDGINBUNG,NSW,Delivery Area
2340,GIDLEY,NSW,Delivery Area
2560,GILEAD,NSW,Delivery Area
2360,GILGAI,NSW,Delivery Area
2827,GILGANDRA,NSW,Delivery Area
2829,GILGOOMA,NSW,Delivery Area
2877,GILGUNNIA,NSW,Delivery Area
2700,GILLENBAH,NSW,Delivery Area
2462,GILLETTS RIDGE,NSW,Delivery Area
2321,GILLIESTON HEIGHTS,NSW,Delivery Area
2795,GILMANDYKE,NSW,Delivery Area
2720,GILMORE,NSW,Delivery Area
2823,GIN GIN,NSW,Delivery Area
2404,GINEROI,NSW,Delivery Area
2849,GINGHI,NSW,Delivery Area
2787,GINGKIN,NSW,Delivery Area
2480,GIRARDS HILL,NSW,Delivery Area
2831,GIRILAMBONE,NSW,Delivery Area
2422,GIRO,NSW,Delivery Area
2669,GIRRAL,NSW,Delivery Area
2449,GIRRALONG,NSW,Delivery Area
2145,GIRRAWEEN,NSW,Delivery Area
2425,GIRVAN,NSW,Delivery Area
1675,GLADESVILLE,NSW,Post Office Boxes
2111,GLADESVILLE,NSW,Delivery Area
2440,GLADSTONE,NSW,Delivery Area
2795,GLANMIRE,NSW,Delivery Area
2037,GLEBE,NSW,Delivery Area
2557,GLEDSWOOD HILLS,NSW,Delivery Area
2849,GLEN ALICE,NSW,Delivery Area
2631,GLEN ALLEN,NSW,Delivery Area
2560,GLEN ALPINE,NSW,Delivery Area
2846,GLEN DAVIS,NSW,Delivery Area
2370,GLEN ELGIN,NSW,Delivery Area
2630,GLEN FERGUS,NSW,Delivery Area
2370,GLEN INNES,NSW,Delivery Area
2321,GLEN MARTIN,NSW,Delivery Area
2365,GLEN NEVIS,NSW,Delivery Area
2320,GLEN OAK,NSW,Delivery Area
2422,GLEN WARD,NSW,Delivery Area
2321,GLEN WILLIAM,NSW,Delivery Area
2337,GLENBAWN,NSW,Delivery Area
2773,GLENBROOK,NSW,Delivery Area
2365,GLENCOE,NSW,Delivery Area
2285,GLENDALE,NSW,Delivery Area
2761,GLENDENNING,NSW,Delivery Area
2330,GLENDON,NSW,Delivery Area
2330,GLENDON BROOK,NSW,Delivery Area
2810,GLENELG,NSW,Delivery Area
2642,GLENELLEN,NSW,Delivery Area
2167,GLENFIELD,NSW,Delivery Area
2650,GLENFIELD PARK,NSW,Delivery Area
2486,GLENGARRIE,NSW,Delivery Area
2156,GLENHAVEN,NSW,Delivery Area
2454,GLENIFFER,NSW,Delivery Area
2570,GLENMORE,NSW,Delivery Area
2745,GLENMORE PARK,NSW,Delivery Area
2330,GLENNIES CREEK,NSW,Delivery Area
2261,GLENNING VALLEY,NSW,Delivery Area
2157,GLENORIE,NSW,Delivery Area
2564,GLENQUARIE,NSW,Delivery Area
2576,GLENQUARRY,NSW,Delivery Area
2450,GLENREAGH,NSW,Delivery Area
2330,GLENRIDDING,NSW,Delivery Area
2337,GLENROCK,NSW,Delivery Area
2640,GLENROY,NSW,Delivery Area
2653,GLENROY,NSW,Delivery Area
2430,GLENTHORNE,NSW,Delivery Area
2460,GLENUGIE,NSW,Delivery Area
2768,GLENWOOD,NSW,Delivery Area
2250,GLENWORTH VALLEY,NSW,Delivery Area
2756,GLOSSODIA,NSW,Delivery Area
2422,GLOUCESTER,NSW,Delivery Area
2422,GLOUCESTER TOPS,NSW,Delivery Area
2232,GOARRA,NSW,Delivery Area
2477,GOAT ISLAND,NSW,Delivery Area
2727,GOBARRALONG,NSW,Delivery Area
2650,GOBBAGOMBALIN,NSW,Delivery Area
2720,GOCUP,NSW,Delivery Area
2586,GODFREYS CREEK,NSW,Delivery Area
2705,GOGELDRIE,NSW,Delivery Area
2738,GOL GOL,NSW,Delivery Area
2820,GOLLAN,NSW,Delivery Area
2580,GOLSPIE,NSW,Delivery Area
2839,GONGOLGON,NSW,Delivery Area
2732,GONN,NSW,Delivery Area
2629,GOOANDRA,NSW,Delivery Area
2720,GOOBARRAGANDRA,NSW,Delivery Area
2790,GOOD FOREST,NSW,Delivery Area
2582,GOOD HOPE,NSW,Delivery Area
2575,GOODMANS FORD,NSW,Delivery Area
2736,GOODNIGHT,NSW,Delivery Area
2838,GOODOOGA,NSW,Delivery Area
2469,GOODWOOD ISLAND,NSW,Delivery Area
2620,GOOGONG,NSW,Delivery Area
2652,GOOLGOWI,NSW,Delivery Area
2379,GOOLHI,NSW,Delivery Area
2852,GOOLMA,NSW,Delivery Area
2480,GOOLMANGAR,NSW,Delivery Area
2805,GOOLOOGONG,NSW,Delivery Area
2646,GOOMBARGANA,NSW,Delivery Area
2480,GOONELLABAH,NSW,Delivery Area
2482,GOONENGERRY,NSW,Delivery Area
2830,GOONOO FOREST,NSW,Delivery Area
2340,GOONOO GOONOO,NSW,Delivery Area
2870,GOONUMBLA,NSW,Delivery Area
2330,GOORANGOOLA,NSW,Delivery Area
2396,GOORIANAWA,NSW,Delivery Area
2072,GORDON,NSW,Delivery Area
2469,GORGE CREEK,NSW,Delivery Area
2795,GORMANS HILL,NSW,Delivery Area
2263,GOROKAN,NSW,Delivery Area
2250,GOSFORD,NSW,Delivery Area
2320,GOSFORTH,NSW,Delivery Area
2358,GOSTWYCK,NSW,Delivery Area
2580,GOULBURN,NSW,Delivery Area
2580,GOULBURN NORTH,NSW,Delivery Area
2330,GOULDSVILLE,NSW,Delivery Area
2795,GOWAN,NSW,Delivery Area
2357,GOWANG,NSW,Delivery Area
2330,GOWRIE,NSW,Delivery Area
2340,GOWRIE,NSW,Delivery Area
2583,GRABBEN GULLEN,NSW,Delivery Area
2474,GRADYS CREEK,NSW,Delivery Area
2460,GRAFTON,NSW,Delivery Area
2403,GRAGIN,NSW,Delivery Area
2729,GRAHAMSTOWN,NSW,Delivery Area
2360,GRAMAN,NSW,Delivery Area
2765,GRANTHAM FARM,NSW,Delivery Area
2445,GRANTS BEACH,NSW,Delivery Area
1783,GRANVILLE,NSW,Post Office Boxes
2142,GRANVILLE,NSW,Delivery Area
2570,GRASMERE,NSW,Delivery Area
2441,GRASSY HEAD,NSW,Delivery Area
2850,GRATTAI,NSW,Delivery Area
2401,GRAVESEND,NSW,Delivery Area
2832,GRAWIN OPAL FIELDS,NSW,Delivery Area
2232,GRAYS POINT,NSW,Delivery Area
2108,GREAT MACKEREL BEACH,NSW,Delivery Area
2460,GREAT MARLOW,NSW,Delivery Area
2551,GREEN CAPE,NSW,Delivery Area
2338,GREEN CREEK,NSW,Delivery Area
2471,GREEN FOREST,NSW,Delivery Area
2850,GREEN GULLY,NSW,Delivery Area
2323,GREEN HILLS,NSW,Delivery Area
2365,GREEN HILLS,NSW,Delivery Area
2730,GREEN HILLS,NSW,Delivery Area
2474,GREEN PIGEON,NSW,Delivery Area
2251,GREEN POINT,NSW,Delivery Area
2428,GREEN POINT,NSW,Delivery Area
2168,GREEN VALLEY,NSW,Delivery Area
2190,GREENACRE,NSW,Delivery Area
2550,GREENDALE,NSW,Delivery Area
2745,GREENDALE,NSW,Delivery Area
2809,GREENETHORPE,NSW,Delivery Area
2176,GREENFIELD PARK,NSW,Delivery Area
2250,GREENGROVE,NSW,Delivery Area
2440,GREENHILL,NSW,Delivery Area
2230,GREENHILLS BEACH,NSW,Delivery Area
2330,GREENLANDS,NSW,Delivery Area
2631,GREENLANDS,NSW,Delivery Area
2620,GREENLEIGH,NSW,Delivery Area
2471,GREENRIDGE,NSW,Delivery Area
2540,GREENWELL POINT,NSW,Delivery Area
2065,GREENWICH,NSW,Delivery Area
2580,GREENWICH PARK,NSW,Delivery Area
2642,GREG GREG,NSW,Delivery Area
2650,GREGADOO,NSW,Delivery Area
2557,GREGORY HILLS,NSW,Delivery Area
2549,GREIGS FLAT,NSW,Delivery Area
2810,GRENFELL,NSW,Delivery Area
2311,GRESFORD,NSW,Delivery Area
2334,GRETA,NSW,Delivery Area
2325,GRETA MAIN,NSW,Delivery Area
2474,GREVILLIA,NSW,Delivery Area
2145,GREYSTANES,NSW,Delivery Area
2680,GRIFFITH,NSW,Delivery Area
2680,GRIFFITH DC,NSW,Delivery Area
2680,GRIFFITH EAST,NSW,Delivery Area
2666,GROGAN,NSW,Delivery Area
2652,GRONG GRONG,NSW,Delivery Area
2753,GROSE VALE,NSW,Delivery Area
2753,GROSE WOLD,NSW,Delivery Area
2627,GROSSES PLAIN,NSW,Delivery Area
1220,GROSVENOR PLACE,NSW,Post Office Boxes
2849,GROWEE,NSW,Delivery Area
2536,GUERILLA BAY,NSW,Delivery Area
2161,GUILDFORD,NSW,Delivery Area
2161,GUILDFORD WEST,NSW,Delivery Area
2828,GULARGAMBONE,NSW,Delivery Area
2347,GULF CREEK,NSW,Delivery Area
2852,GULGONG,NSW,Delivery Area
2463,GULMARRAD,NSW,Delivery Area
2360,GUM FLAT,NSW,Delivery Area
2441,GUM SCRUB,NSW,Delivery Area
2840,GUMBALIE,NSW,Delivery Area
2865,GUMBLE,NSW,Delivery Area
2652,GUMLY GUMLY,NSW,Delivery Area
2447,GUMMA,NSW,Delivery Area
2711,GUNBAR,NSW,Delivery Area
2722,GUNDAGAI,NSW,Delivery Area
2347,GUNDAMULDA,NSW,Delivery Area
2620,GUNDAROO,NSW,Delivery Area
2580,GUNDARY,NSW,Delivery Area
2840,GUNDERBOOKA,NSW,Delivery Area
2775,GUNDERMAN,NSW,Delivery Area
2337,GUNDY,NSW,Delivery Area
2333,GUNGAL,NSW,Delivery Area
2829,GUNGALMAN,NSW,Delivery Area
2380,GUNNEDAH,NSW,Delivery Area
2581,GUNNING,NSW,Delivery Area
2876,GUNNING GAP,NSW,Delivery Area
2876,GUNNINGBLAND,NSW,Delivery Area
2632,GUNNINGRAH,NSW,Delivery Area
2852,GUNTAWANG,NSW,Delivery Area
2398,GURLEY,NSW,Delivery Area
2787,GURNANG,NSW,Delivery Area
2460,GURRANANG,NSW,Delivery Area
2581,GURRUNDAH,NSW,Delivery Area
2624,GUTHEGA,NSW,Delivery Area
2798,GUYONG,NSW,Delivery Area
2365,GUYRA,NSW,Delivery Area
2356,GWABEGAR,NSW,Delivery Area
2259,GWANDALAN,NSW,Delivery Area
2500,GWYNNEVILLE,NSW,Delivery Area
2227,GYMEA,NSW,Delivery Area
2227,GYMEA BAY,NSW,Delivery Area
2045,HABERFIELD,NSW,Delivery Area
2441,HACKS FERRY,NSW,Delivery Area
2262,HALEKULANI,NSW,Delivery Area
2460,HALFWAY CREEK,NSW,Delivery Area
2430,HALLIDAYS POINT,NSW,Delivery Area
2259,HALLORAN,NSW,Delivery Area
2346,HALLS CREEK,NSW,Delivery Area
2340,HALLSVILLE,NSW,Delivery Area
2311,HALTON,NSW,Delivery Area
2330,HAMBLEDON HILL,NSW,Delivery Area
2303,HAMILTON,NSW,Delivery Area
2303,HAMILTON DC,NSW,Delivery Area
2303,HAMILTON EAST,NSW,Delivery Area
2292,HAMILTON NORTH,NSW,Delivery Area
2303,HAMILTON SOUTH,NSW,Delivery Area
2641,HAMILTON VALLEY,NSW,Delivery Area
2259,HAMLYN TERRACE,NSW,Delivery Area
2170,HAMMONDVILLE,NSW,Delivery Area
2440,HAMPDEN HALL,NSW,Delivery Area
2790,HAMPTON,NSW,Delivery Area
2340,HANGING ROCK,NSW,Delivery Area
2420,HANLEYS CREEK,NSW,Delivery Area
2443,HANNAM VALE,NSW,Delivery Area
2680,HANWOOD,NSW,Delivery Area
2587,HARDEN,NSW,Delivery Area
2257,HARDYS BAY,NSW,Delivery Area
2650,HAREFIELD,NSW,Delivery Area
2850,HARGRAVES,NSW,Delivery Area
2622,HAROLDS CROSS,NSW,Delivery Area
2390,HARPARARY,NSW,Delivery Area
2321,HARPERS HILL,NSW,Delivery Area
2427,HARRINGTON,NSW,Delivery Area
2567,HARRINGTON PARK,NSW,Delivery Area
2150,HARRIS PARK,NSW,Delivery Area
2790,HARTLEY,NSW,Delivery Area
2790,HARTLEY VALE,NSW,Delivery Area
2710,HARTWOOD,NSW,Delivery Area
2446,HARTYS PLAINS,NSW,Delivery Area
2465,HARWOOD,NSW,Delivery Area
2761,HASSALL GROVE,NSW,Delivery Area
2790,HASSANS WALLS,NSW,Delivery Area
2489,HASTINGS POINT,NSW,Delivery Area
2440,HAT HEAD,NSW,Delivery Area
2715,HATFIELD,NSW,Delivery Area
2850,HAVILAH,NSW,Delivery Area
2777,HAWKESBURY HEIGHTS,NSW,Delivery Area
2324,HAWKS NEST,NSW,Delivery Area
2711,HAY,NSW,Delivery Area
2711,HAY SOUTH,NSW,Delivery Area
2850,HAYES GAP,NSW,Delivery Area
1240,HAYMARKET,NSW,Post Office Boxes
2000,HAYMARKET,NSW,Delivery Area
2469,HAYSTACK,NSW,Delivery Area
2481,HAYTERS HILL,NSW,Delivery Area
2530,HAYWARDS BAY,NSW,Delivery Area
2779,HAZELBROOK,NSW,Delivery Area
2787,HAZELGROVE,NSW,Delivery Area
2233,HEATHCOTE,NSW,Delivery Area
2324,HEATHERBRAE,NSW,Delivery Area
2330,HEBDEN,NSW,Delivery Area
2770,HEBERSHAM,NSW,Delivery Area
2168,HECKENBERG,NSW,Delivery Area
2321,HEDDON GRETA,NSW,Delivery Area
2460,HEIFER STATION,NSW,Delivery Area
2508,HELENSBURGH,NSW,Delivery Area
2111,HENLEY,NSW,Delivery Area
2658,HENTY,NSW,Delivery Area
2622,HEREFORD HALL,NSW,Delivery Area
2831,HERMIDALE,NSW,Delivery Area
2790,HERMITAGE FLAT,NSW,Delivery Area
2453,HERNANI,NSW,Delivery Area
2439,HERONS CREEK,NSW,Delivery Area
2322,HEXHAM,NSW,Delivery Area
2440,HICKEYS CREEK,NSW,Delivery Area
2575,HIGH RANGE,NSW,Delivery Area
2775,HIGHER MACDONALD,NSW,Delivery Area
2289,HIGHFIELDS,NSW,Delivery Area
2850,HILL END,NSW,Delivery Area
2575,HILL TOP,NSW,Delivery Area
2628,HILL TOP,NSW,Delivery Area
2420,HILLDALE,NSW,Delivery Area
2350,HILLGROVE,NSW,Delivery Area
2650,HILLGROVE,NSW,Delivery Area
2290,HILLSBOROUGH,NSW,Delivery Area
2320,HILLSBOROUGH,NSW,Delivery Area
2036,HILLSDALE,NSW,Delivery Area
2675,HILLSTON,NSW,Delivery Area
2430,HILLVILLE,NSW,Delivery Area
2340,HILLVUE,NSW,Delivery Area
2168,HINCHINBROOK,NSW,Delivery Area
2321,HINTON,NSW,Delivery Area
2540,HMAS ALBATROSS,NSW,Delivery Area
2060,HMAS PLATYPUS,NSW,Delivery Area
2027,HMAS RUSHCUTTERS,NSW,Delivery Area
2060,HMAS WATERHEN,NSW,Delivery Area
2030,HMAS WATSON,NSW,Delivery Area
2753,HOBARTVILLE,NSW,Delivery Area
2795,HOBBYS YARDS,NSW,Delivery Area
2469,HOGARTH RANGE,NSW,Delivery Area
2644,HOLBROOK,NSW,Delivery Area
2250,HOLGATE,NSW,Delivery Area
2446,HOLLISDALE,NSW,Delivery Area
2328,HOLLYDEEN,NSW,Delivery Area
2286,HOLMESVILLE,NSW,Delivery Area
2142,HOLROYD,NSW,Delivery Area
2173,HOLSWORTHY,NSW,Delivery Area
2631,HOLTS FLAT,NSW,Delivery Area
2850,HOME RULE,NSW,Delivery Area
2140,HOMEBUSH,NSW,Delivery Area
2140,HOMEBUSH SOUTH,NSW,Delivery Area
2140,HOMEBUSH WEST,NSW,Delivery Area
2474,HOMELEIGH,NSW,Delivery Area
2825,HONEYBUGLE,NSW,Delivery Area
2646,HOPEFIELD,NSW,Delivery Area
2484,HOPKINS CREEK,NSW,Delivery Area
2171,HORNINGSEA PARK,NSW,Delivery Area
1630,HORNSBY,NSW,Post Office Boxes
2077,HORNSBY,NSW,Delivery Area
2077,HORNSBY HEIGHTS,NSW,Delivery Area
1635,HORNSBY WESTFIELD,NSW,Post Office Boxes
2474,HORSE STATION CREEK,NSW,Delivery Area
2320,HORSESHOE BEND,NSW,Delivery Area
2474,HORSESHOE CREEK,NSW,Delivery Area
2256,HORSFIELD BAY,NSW,Delivery Area
2530,HORSLEY,NSW,Delivery Area
2175,HORSLEY PARK,NSW,Delivery Area
2621,HOSKINSTOWN,NSW,Delivery Area
2794,HOVELLS CREEK,NSW,Delivery Area
2480,HOWARDS GRASS,NSW,Delivery Area
2360,HOWELL,NSW,Delivery Area
2330,HOWES VALLEY,NSW,Delivery Area
2330,HOWICK,NSW,Delivery Area
2643,HOWLONG,NSW,Delivery Area
2171,HOXTON PARK,NSW,Delivery Area
2652,HUMULA,NSW,Delivery Area
2840,HUNGERFORD,NSW,Delivery Area
2310,HUNTER REGION MC,NSW,Post Office Boxes
2110,HUNTERS HILL,NSW,Delivery Area
2330,HUNTERVIEW,NSW,Delivery Area
2446,HUNTINGDON,NSW,Delivery Area
2148,HUNTINGWOOD,NSW,Delivery Area
2530,HUNTLEY,NSW,Delivery Area
2800,HUNTLEY,NSW,Delivery Area
2111,HUNTLEYS COVE,NSW,Delivery Area
2111,HUNTLEYS POINT,NSW,Delivery Area
2482,HUONBROOK,NSW,Delivery Area
2193,HURLSTONE PARK,NSW,Delivery Area
2220,HURSTVILLE,NSW,Delivery Area
1481,HURSTVILLE BC,NSW,Post Office Boxes
2220,HURSTVILLE GROVE,NSW,Delivery Area
2220,HURSTVILLE WESTFIELD,NSW,Delivery Area
2540,HUSKISSON,NSW,Delivery Area
2540,HYAMS BEACH,NSW,Delivery Area
2454,HYDES CREEK,NSW,Delivery Area
2448,HYLAND PARK,NSW,Delivery Area
2446,HYNDMANS CREEK,NSW,Delivery Area
2463,ILARWILL,NSW,Delivery Area
2850,ILFORD,NSW,Delivery Area
2590,ILLABO,NSW,Delivery Area
2540,ILLAROO,NSW,Delivery Area
2234,ILLAWONG,NSW,Delivery Area
2466,ILUKA,NSW,Delivery Area
2642,INDI,NSW,Delivery Area
2627,INGEBIRAH,NSW,Delivery Area
2627,INGEEGOODBEE,NSW,Delivery Area
1890,INGLEBURN,NSW,Post Office Boxes
2565,INGLEBURN,NSW,Delivery Area
2101,INGLESIDE,NSW,Delivery Area
2429,INNES VIEW,NSW,Delivery Area
2891,INTERNATIONAL MC,NSW,Post Office Boxes
2360,INVERELL,NSW,Delivery Area
2422,INVERGORDON,NSW,Delivery Area
2350,INVERGOWRIE,NSW,Delivery Area
2473,IRON GATES,NSW,Delivery Area
2474,IRON POT CREEK,NSW,Delivery Area
2347,IRONBARK,NSW,Delivery Area
2630,IRONMUNGY,NSW,Delivery Area
2470,IRVINGTON,NSW,Delivery Area
2835,IRYMPLE,NSW,Delivery Area
2795,ISABELLA,NSW,Delivery Area
2296,ISLINGTON,NSW,Delivery Area
2878,IVANHOE,NSW,Delivery Area
2460,JACKADGERY,NSW,Delivery Area
2390,JACKS CREEK,NSW,Delivery Area
2469,JACKSONS FLAT,NSW,Delivery Area
2463,JACKY BULBIN FLAT,NSW,Delivery Area
2627,JACOBS RIVER,NSW,Delivery Area
2642,JAGUMBA,NSW,Delivery Area
2642,JAGUNGAL WILDERNESS,NSW,Delivery Area
2533,JAMBEROO,NSW,Delivery Area
2463,JAMES CREEK,NSW,Delivery Area
2750,JAMISONTOWN,NSW,Delivery Area
2226,JANNALI,NSW,Delivery Area
2535,JASPERS BRUSH,NSW,Delivery Area
2787,JAUNTER,NSW,Delivery Area
2582,JEIR,NSW,Delivery Area
2550,JELLAT JELLAT,NSW,Delivery Area
2871,JEMALONG,NSW,Delivery Area
2622,JEMBAICUMBENE,NSW,Delivery Area
4383,JENNINGS,NSW,Delivery Area
2790,JENOLAN,NSW,Delivery Area
2350,JEOGLA,NSW,Delivery Area
2630,JERANGLE,NSW,Delivery Area
2536,JEREMADRA,NSW,Delivery Area
2795,JEREMY,NSW,Delivery Area
2716,JERILDERIE,NSW,Delivery Area
2622,JERRABATTGULLA,NSW,Delivery Area
2619,JERRABOMBERRA,NSW,Delivery Area
2533,JERRARA,NSW,Delivery Area
2582,JERRAWA,NSW,Delivery Area
2540,JERRAWANGALA,NSW,Delivery Area
2580,JERRONG,NSW,Delivery Area
2330,JERRYS PLAINS,NSW,Delivery Area
2431,JERSEYVILLE,NSW,Delivery Area
2299,JESMOND,NSW,Delivery Area
2280,JEWELLS,NSW,Delivery Area
2397,JEWS LAGOON,NSW,Delivery Area
2232,JIBBON,NSW,Delivery Area
2480,JIGGI,NSW,Delivery Area
2259,JILLIBY,NSW,Delivery Area
2628,JIMENBUEN,NSW,Delivery Area
2631,JINCUMBILLY,NSW,Delivery Area
2627,JINDABYNE,NSW,Delivery Area
2622,JINDEN,NSW,Delivery Area
2642,JINDERA,NSW,Delivery Area
2642,JINGELLIC,NSW,Delivery Area
2622,JINGERA,NSW,Delivery Area
2575,JOADJA,NSW,Delivery Area
2469,JOES BOX,NSW,Delivery Area
2443,JOHNS RIVER,NSW,Delivery Area
2445,JOLLY NOSE,NSW,Delivery Area
2720,JONES BRIDGE,NSW,Delivery Area
2430,JONES ISLAND,NSW,Delivery Area
2787,JOORILAND,NSW,Delivery Area
2747,JORDAN SPRINGS,NSW,Delivery Area
2795,JUDDS CREEK,NSW,Delivery Area
2726,JUGIONG,NSW,Delivery Area
2460,JUNCTION HILL,NSW,Delivery Area
2663,JUNEE,NSW,Delivery Area
2666,JUNEE REEFS,NSW,Delivery Area
2290,KAHIBAH,NSW,Delivery Area
2850,KAINS FLAT,NSW,Delivery Area
2454,KALANG,NSW,Delivery Area
2550,KALARU,NSW,Delivery Area
2627,KALKITE,NSW,Delivery Area
2665,KAMARAH,NSW,Delivery Area
2550,KAMERUKA,NSW,Delivery Area
2530,KANAHOOKA,NSW,Delivery Area
2787,KANANGRA,NSW,Delivery Area
2848,KANDOS,NSW,Delivery Area
2576,KANGALOON,NSW,Delivery Area
2460,KANGAROO CREEK,NSW,Delivery Area
2224,KANGAROO POINT,NSW,Delivery Area
2577,KANGAROO VALLEY,NSW,Delivery Area
2800,KANGAROOBIE,NSW,Delivery Area
2582,KANGIARA,NSW,Delivery Area
2258,KANGY ANGY,NSW,Delivery Area
2790,KANIMBLA,NSW,Delivery Area
2550,KANOONA,NSW,Delivery Area
2259,KANWAL,NSW,Delivery Area
2661,KAPOOKA,NSW,Delivery Area
2390,KAPUTAR,NSW,Delivery Area
2429,KARAAK FLAT,NSW,Delivery Area
2620,KARABAR,NSW,Delivery Area
2450,KARANGI,NSW,Delivery Area
2232,KAREELA,NSW,Delivery Area
2250,KARIONG,NSW,Delivery Area
2337,KARS SPRINGS,NSW,Delivery Area
2324,KARUAH,NSW,Delivery Area
2780,KATOOMBA,NSW,Delivery Area
2780,KATOOMBA DC,NSW,Delivery Area
2333,KAYUGA,NSW,Delivery Area
2558,KEARNS,NSW,Delivery Area
2325,KEARSLEY,NSW,Delivery Area
2782,KEDUMBA,NSW,Delivery Area
2340,KEEPIT,NSW,Delivery Area
2404,KEERA,NSW,Delivery Area
2480,KEERRONG,NSW,Delivery Area
2320,KEINBAH,NSW,Delivery Area
2500,KEIRAVILLE,NSW,Delivery Area
2478,KEITH HALL,NSW,Delivery Area
2849,KELGOOLA,NSW,Delivery Area
2350,KELLYS PLAINS,NSW,Delivery Area
2155,KELLYVILLE,NSW,Delivery Area
2155,KELLYVILLE RIDGE,NSW,Delivery Area
2795,KELSO,NSW,Delivery Area
2380,KELVIN,NSW,Delivery Area
2526,KEMBLA GRANGE,NSW,Delivery Area
2526,KEMBLA HEIGHTS,NSW,Delivery Area
1780,KEMPS CREEK,NSW,Post Office Boxes
2178,KEMPS CREEK,NSW,Delivery Area
2440,KEMPSEY,NSW,Delivery Area
2439,KENDALL,NSW,Delivery Area
2396,KENEBRI,NSW,Delivery Area
2449,KENNAICLE CREEK,NSW,Delivery Area
1465,KENSINGTON,NSW,Post Office Boxes
2033,KENSINGTON,NSW,Delivery Area
2156,KENTHURST,NSW,Delivery Area
2560,KENTLYN,NSW,Delivery Area
2354,KENTUCKY,NSW,Delivery Area
2354,KENTUCKY SOUTH,NSW,Delivery Area
2439,KEREWONG,NSW,Delivery Area
2711,KERI KERI,NSW,Delivery Area
2328,KERRABEE,NSW,Delivery Area
2835,KERRIGUNDI,NSW,Delivery Area
2800,KERRS CREEK,NSW,Delivery Area
2439,KEW,NSW,Delivery Area
2469,KEYBARBIN,NSW,Delivery Area
2642,KHANCOBAN,NSW,Delivery Area
2429,KHATAMBUHL,NSW,Delivery Area
2422,KIA ORA,NSW,Delivery Area
2877,KIACATOO,NSW,Delivery Area
2551,KIAH,NSW,Delivery Area
2533,KIAMA,NSW,Delivery Area
2533,KIAMA DOWNS,NSW,Delivery Area
2533,KIAMA HEIGHTS,NSW,Delivery Area
2629,KIANDRA,NSW,Delivery Area
2546,KIANGA,NSW,Delivery Area
2259,KIAR,NSW,Delivery Area
2830,KICKABIL,NSW,Delivery Area
2484,KIELVALE,NSW,Delivery Area
2594,KIKIAMAH,NSW,Delivery Area
2669,KIKOIRA,NSW,Delivery Area
2283,KILABEN BAY,NSW,Delivery Area
2472,KILGIN,NSW,Delivery Area
2474,KILGRA,NSW,Delivery Area
2429,KILLABAKH,NSW,Delivery Area
2071,KILLARA,NSW,Delivery Area
2087,KILLARNEY HEIGHTS,NSW,Delivery Area
2261,KILLARNEY VALE,NSW,Delivery Area
2429,KILLAWARRA,NSW,Delivery Area
2257,KILLCARE,NSW,Delivery Area
2257,KILLCARE HEIGHTS,NSW,Delivery Area
2449,KILLIEKRANKIE,NSW,Delivery Area
2720,KILLIMICAT,NSW,Delivery Area
2278,KILLINGWORTH,NSW,Delivery Area
2795,KILLONGBUTTA,NSW,Delivery Area
2429,KIMBRIKI,NSW,Delivery Area
2440,KINCHELA,NSW,Delivery Area
2251,KINCUMBER,NSW,Delivery Area
2251,KINCUMBER SOUTH,NSW,Delivery Area
2446,KINDEE,NSW,Delivery Area
2622,KINDERVALE,NSW,Delivery Area
2446,KING CREEK,NSW,Delivery Area
2259,KINGFISHER SHORES,NSW,Delivery Area
2540,KINGHORNE,NSW,Delivery Area
1340,KINGS CROSS,NSW,Post Office Boxes
2487,KINGS FOREST,NSW,Delivery Area
2324,KINGS HILL,NSW,Delivery Area
2147,KINGS LANGLEY,NSW,Delivery Area
2148,KINGS PARK,NSW,Delivery Area
2360,KINGS PLAINS,NSW,Delivery Area
2799,KINGS PLAINS,NSW,Delivery Area
2539,KINGS POINT,NSW,Delivery Area
2487,KINGSCLIFF,NSW,Delivery Area
2580,KINGSDALE,NSW,Delivery Area
2118,KINGSDENE,NSW,Delivery Area
2032,KINGSFORD,NSW,Delivery Area
2370,KINGSGATE,NSW,Delivery Area
1480,KINGSGROVE,NSW,Post Office Boxes
2208,KINGSGROVE,NSW,Delivery Area
2370,KINGSLAND,NSW,Delivery Area
2358,KINGSTOWN,NSW,Delivery Area
2587,KINGSVALE,NSW,Delivery Area
2208,KINGSWAY WEST,NSW,Delivery Area
2340,KINGSWOOD,NSW,Delivery Area
2550,KINGSWOOD,NSW,Delivery Area
2747,KINGSWOOD,NSW,Delivery Area
2478,KINVARA,NSW,Delivery Area
2539,KIOLOA,NSW,Delivery Area
2537,KIORA,NSW,Delivery Area
2441,KIPPARA,NSW,Delivery Area
2429,KIPPAXS,NSW,Delivery Area
2469,KIPPENDUFF,NSW,Delivery Area
2795,KIRKCONNELL,NSW,Delivery Area
2570,KIRKHAM,NSW,Delivery Area
2232,KIRRAWEE,NSW,Delivery Area
2232,KIRRAWEE DC,NSW,Delivery Area
2061,KIRRIBILLI,NSW,Delivery Area
2325,KITCHENER,NSW,Delivery Area
2430,KIWARRAK,NSW,Delivery Area
2346,KLORI,NSW,Delivery Area
2577,KNIGHTS HILL,NSW,Delivery Area
2479,KNOCKROW,NSW,Delivery Area
2424,KNORRIT FLAT,NSW,Delivery Area
2424,KNORRIT FOREST,NSW,Delivery Area
1485,KOGARAH,NSW,Post Office Boxes
2217,KOGARAH,NSW,Delivery Area
2217,KOGARAH BAY,NSW,Delivery Area
2680,KOOBA,NSW,Delivery Area
2370,KOOKABOOKRA,NSW,Delivery Area
2256,KOOLEWONG,NSW,Delivery Area
2460,KOOLKHAN,NSW,Delivery Area
2530,KOONAWARRA,NSW,Delivery Area
2480,KOONORIGAN,NSW,Delivery Area
2482,KOONYUM RANGE,NSW,Delivery Area
2304,KOORAGANG,NSW,Delivery Area
2430,KOORAINGHAT,NSW,Delivery Area
2807,KOORAWATHA,NSW,Delivery Area
2650,KOORINGAL,NSW,Delivery Area
2352,KOOTINGAL,NSW,Delivery Area
2735,KORALEIGH,NSW,Delivery Area
2476,KOREELAH,NSW,Delivery Area
2450,KORORA,NSW,Delivery Area
2627,KOSCIUSZKO,NSW,Delivery Area
2627,KOSCIUSZKO NATIONAL PARK,NSW,Delivery Area
2289,KOTARA,NSW,Delivery Area
2305,KOTARA EAST,NSW,Delivery Area
2289,KOTARA FAIR,NSW,Delivery Area
2289,KOTARA SOUTH,NSW,Delivery Area
2787,KOWMUNG,NSW,Delivery Area
2429,KRAMBACH,NSW,Delivery Area
2622,KRAWARREE,NSW,Delivery Area
2460,KREMNOS,NSW,Delivery Area
2250,KULNURA,NSW,Delivery Area
2835,KULWIN,NSW,Delivery Area
2730,KUNAMA,NSW,Delivery Area
2441,KUNDABUNG,NSW,Delivery Area
2429,KUNDIBAKH,NSW,Delivery Area
2430,KUNDLE KUNDLE,NSW,Delivery Area
2460,KUNGALA,NSW,Delivery Area
2484,KUNGHUR,NSW,Delivery Area
2484,KUNGHUR CREEK,NSW,Delivery Area
2757,KURMOND,NSW,Delivery Area
2231,KURNELL,NSW,Delivery Area
2089,KURRABA POINT,NSW,Delivery Area
2758,KURRAJONG,NSW,Delivery Area
2758,KURRAJONG HEIGHTS,NSW,Delivery Area
2758,KURRAJONG HILLS,NSW,Delivery Area
2327,KURRI KURRI,NSW,Delivery Area
2715,KYALITE,NSW,Delivery Area
2460,KYARRAN,NSW,Delivery Area
2631,KYBEYAN,NSW,Delivery Area
2650,KYEAMBA,NSW,Delivery Area
2216,KYEEMAGH,NSW,Delivery Area
2221,KYLE BAY,NSW,Delivery Area
2484,KYNNUMBOON,NSW,Delivery Area
2474,KYOGLE,NSW,Delivery Area
2036,LA PEROUSE,NSW,Delivery Area
2720,LACMALAC,NSW,Delivery Area
2581,LADE VALE,NSW,Delivery Area
2652,LADYSMITH,NSW,Delivery Area
2795,LAFFING WATERS,NSW,Delivery Area
2583,LAGGAN,NSW,Delivery Area
2480,LAGOON GRASS,NSW,Delivery Area
2325,LAGUNA,NSW,Delivery Area
2650,LAKE ALBERT,NSW,Delivery Area
2580,LAKE BATHURST,NSW,Delivery Area
2675,LAKE BREWSTER,NSW,Delivery Area
2820,LAKE BURRENDONG,NSW,Delivery Area
2672,LAKE CARGELLIGO,NSW,Delivery Area
2445,LAKE CATHIE,NSW,Delivery Area
2539,LAKE CONJOLA,NSW,Delivery Area
2671,LAKE COWAL,NSW,Delivery Area
2581,LAKE GEORGE,NSW,Delivery Area
2263,LAKE HAVEN,NSW,Delivery Area
2502,LAKE HEIGHTS,NSW,Delivery Area
2462,LAKE HIAWATHA,NSW,Delivery Area
3691,LAKE HUME VILLAGE,NSW,Delivery Area
2528,LAKE ILLAWARRA,NSW,Delivery Area
2446,LAKE INNES,NSW,Delivery Area
2259,LAKE MUNMORAH,NSW,Delivery Area
2539,LAKE TABOURIE,NSW,Delivery Area
2680,LAKE WYANGAN,NSW,Delivery Area
2282,LAKELANDS,NSW,Delivery Area
2195,LAKEMBA,NSW,Delivery Area
2195,LAKEMBA DC,NSW,Delivery Area
2572,LAKESLAND,NSW,Delivery Area
2443,LAKEWOOD,NSW,Delivery Area
3644,LALALTY,NSW,Delivery Area
2147,LALOR PARK,NSW,Delivery Area
2335,LAMBS VALLEY,NSW,Delivery Area
2370,LAMBS VALLEY,NSW,Delivery Area
2299,LAMBTON,NSW,Delivery Area
2652,LANDERVALE,NSW,Delivery Area
1595,LANE COVE,NSW,Post Office Boxes
2066,LANE COVE,NSW,Delivery Area
2066,LANE COVE NORTH,NSW,Delivery Area
2066,LANE COVE WEST,NSW,Delivery Area
2426,LANGLEY VALE,NSW,Delivery Area
2460,LANITZA,NSW,Delivery Area
2644,LANKEYS CREEK,NSW,Delivery Area
2163,LANSDOWNE,NSW,Delivery Area
2430,LANSDOWNE,NSW,Delivery Area
2430,LANSDOWNE FOREST,NSW,Delivery Area
2166,LANSVALE,NSW,Delivery Area
2773,LAPSTONE,NSW,Delivery Area
2622,LARBERT,NSW,Delivery Area
2320,LARGS,NSW,Delivery Area
2480,LARNOOK,NSW,Delivery Area
2866,LARRAS LEE,NSW,Delivery Area
2775,LAUGHTONDALE,NSW,Delivery Area
2649,LAUREL HILL,NSW,Delivery Area
2443,LAURIETON,NSW,Delivery Area
2462,LAVADIA,NSW,Delivery Area
2060,LAVENDER BAY,NSW,Delivery Area
2582,LAVERSTOCK,NSW,Delivery Area
2641,LAVINGTON,NSW,Delivery Area
2641,LAVINGTON DC,NSW,Delivery Area
2460,LAWRENCE,NSW,Delivery Area
2783,LAWSON,NSW,Delivery Area
2844,LEADVILLE,NSW,Delivery Area
2335,LECONFIELD,NSW,Delivery Area
2849,LEE CREEK,NSW,Delivery Area
2705,LEETON,NSW,Delivery Area
2775,LEETS VALE,NSW,Delivery Area
2470,LEEVILLE,NSW,Delivery Area
2476,LEGUME,NSW,Delivery Area
2040,LEICHHARDT,NSW,Delivery Area
2330,LEMINGTON,NSW,Delivery Area
2259,LEMON TREE,NSW,Delivery Area
2319,LEMON TREE PASSAGE,NSW,Delivery Area
2171,LEN WATERS ESTATE,NSW,Delivery Area
2322,LENAGHAN,NSW,Delivery Area
2478,LENNOX HEAD,NSW,Delivery Area
2750,LEONAY,NSW,Delivery Area
2179,LEPPINGTON,NSW,Delivery Area
2581,LERIDA,NSW,Delivery Area
2770,LETHBRIDGE PARK,NSW,Delivery Area
2560,LEUMEAH,NSW,Delivery Area
2780,LEURA,NSW,Delivery Area
2460,LEVENSTRATH,NSW,Delivery Area
2311,LEWINSBROOK,NSW,Delivery Area
2800,LEWIS PONDS,NSW,Delivery Area
2049,LEWISHAM,NSW,Delivery Area
2480,LEYCESTER,NSW,Delivery Area
2138,LIBERTY GROVE,NSW,Delivery Area
1825,LIDCOMBE,NSW,Post Office Boxes
2141,LIDCOMBE,NSW,Delivery Area
2141,LIDCOMBE NORTH,NSW,Delivery Area
2333,LIDDELL,NSW,Delivery Area
2790,LIDSDALE,NSW,Delivery Area
2800,LIDSTER,NSW,Delivery Area
2444,LIGHTHOUSE BEACH,NSW,Delivery Area
2834,LIGHTNING RIDGE,NSW,Delivery Area
2229,LILLI PILLI,NSW,Delivery Area
2536,LILLI PILLI,NSW,Delivery Area
2480,LILLIAN ROCK,NSW,Delivery Area
2460,LILYDALE,NSW,Delivery Area
2040,LILYFIELD,NSW,Delivery Area
2508,LILYVALE,NSW,Delivery Area
2352,LIMBRI,NSW,Delivery Area
2324,LIMEBURNERS CREEK,NSW,Delivery Area
2444,LIMEBURNERS CREEK,NSW,Delivery Area
2795,LIMEKILNS,NSW,Delivery Area
2583,LIMERICK,NSW,Delivery Area
2361,LIMESTONE,NSW,Delivery Area
2484,LIMPINWOOD,NSW,Delivery Area
2850,LINBURN,NSW,Delivery Area
2778,LINDEN,NSW,Delivery Area
2480,LINDENDALE,NSW,Delivery Area
2347,LINDESAY,NSW,Delivery Area
2476,LINDESAY CREEK,NSW,Delivery Area
2070,LINDFIELD,NSW,Delivery Area
2070,LINDFIELD WEST,NSW,Delivery Area
2710,LINDIFFERON,NSW,Delivery Area
2066,LINLEY POINT,NSW,Delivery Area
2460,LIONSVILLE,NSW,Delivery Area
2250,LISAROW,NSW,Delivery Area
2480,LISMORE,NSW,Delivery Area
2480,LISMORE DC,NSW,Delivery Area
2480,LISMORE HEIGHTS,NSW,Delivery Area
2372,LISTON,NSW,Delivery Area
2790,LITHGOW,NSW,Delivery Area
2474,LITTLE BACK CREEK,NSW,Delivery Area
2036,LITTLE BAY,NSW,Delivery Area
2644,LITTLE BILLABONG,NSW,Delivery Area
2538,LITTLE FOREST,NSW,Delivery Area
2790,LITTLE HARTLEY,NSW,Delivery Area
2339,LITTLE JACKS CREEK,NSW,Delivery Area
2259,LITTLE JILLIBY,NSW,Delivery Area
2281,LITTLE PELICAN,NSW,Delivery Area
2360,LITTLE PLAIN,NSW,Delivery Area
2720,LITTLE RIVER,NSW,Delivery Area
2880,LITTLE TOPAR,NSW,Delivery Area
2256,LITTLE WOBBY,NSW,Delivery Area
2790,LITTLETON,NSW,Delivery Area
1871,LIVERPOOL,NSW,Post Office Boxes
2170,LIVERPOOL,NSW,Delivery Area
2170,LIVERPOOL SOUTH,NSW,Delivery Area
2170,LIVERPOOL WESTFIELD,NSW,Delivery Area
2795,LLANARTH,NSW,Delivery Area
2747,LLANDILO,NSW,Delivery Area
2365,LLANGOTHLIN,NSW,Delivery Area
2650,LLOYD,NSW,Delivery Area
2474,LOADSTONE,NSW,Delivery Area
2549,LOCHIEL,NSW,Delivery Area
2321,LOCHINVAR,NSW,Delivery Area
2656,LOCKHART,NSW,Delivery Area
2795,LOCKSLEY,NSW,Delivery Area
2232,LOFTUS,NSW,Delivery Area
2480,LOFTVILLE,NSW,Delivery Area
2439,LOGANS CROSSING,NSW,Delivery Area
2713,LOGIE BRAE,NSW,Delivery Area
2753,LONDONDERRY,NSW,Delivery Area
2536,LONG BEACH,NSW,Delivery Area
2446,LONG FLAT,NSW,Delivery Area
2261,LONG JETTY,NSW,Delivery Area
2360,LONG PLAIN,NSW,Delivery Area
2629,LONG PLAIN,NSW,Delivery Area
2330,LONG POINT,NSW,Delivery Area
2564,LONG POINT,NSW,Delivery Area
2347,LONGARM,NSW,Delivery Area
2540,LONGREACH,NSW,Delivery Area
2066,LONGUEVILLE,NSW,Delivery Area
2867,LOOMBAH,NSW,Delivery Area
2340,LOOMBERAH,NSW,Delivery Area
2898,LORD HOWE ISLAND,NSW,Delivery Area
2632,LORDS HILL,NSW,Delivery Area
2320,LORN,NSW,Delivery Area
2439,LORNE,NSW,Delivery Area
2583,LOST RIVER,NSW,Delivery Area
2311,LOSTOCK,NSW,Delivery Area
2469,LOUISA CREEK,NSW,Delivery Area
2840,LOUTH,NSW,Delivery Area
2320,LOUTH PARK,NSW,Delivery Area
2325,LOVEDALE,NSW,Delivery Area
2105,LOVETT BAY,NSW,Delivery Area
2450,LOWANNA,NSW,Delivery Area
2476,LOWER ACACIA CREEK,NSW,Delivery Area
2730,LOWER BAGO,NSW,Delivery Area
2335,LOWER BELFORD,NSW,Delivery Area
2580,LOWER BORO,NSW,Delivery Area
2469,LOWER BOTTLE CREEK,NSW,Delivery Area
2440,LOWER CREEK,NSW,Delivery Area
2469,LOWER DUCK CREEK,NSW,Delivery Area
2470,LOWER DYRAABA,NSW,Delivery Area
2800,LOWER LEWIS PONDS,NSW,Delivery Area
2775,LOWER MACDONALD,NSW,Delivery Area
2250,LOWER MANGROVE,NSW,Delivery Area
2446,LOWER PAPPINBARRA,NSW,Delivery Area
2469,LOWER PEACOCK,NSW,Delivery Area
2756,LOWER PORTLAND,NSW,Delivery Area
2460,LOWER SOUTHGATE,NSW,Delivery Area
2646,LOWESDALE,NSW,Delivery Area
2790,LOWTHER,NSW,Delivery Area
2326,LOXFORD,NSW,Delivery Area
2234,LUCAS HEIGHTS,NSW,Delivery Area
2800,LUCKNOW,NSW,Delivery Area
2745,LUDDENHAM,NSW,Delivery Area
2850,LUE,NSW,Delivery Area
2210,LUGARNO,NSW,Delivery Area
2170,LURNEA,NSW,Delivery Area
2321,LUSKINTYRE,NSW,Delivery Area
2474,LYNCHS CREEK,NSW,Delivery Area
2350,LYNDHURST,NSW,Delivery Area
2797,LYNDHURST,NSW,Delivery Area
2477,LYNWOOD,NSW,Delivery Area
2716,MABINS WELL,NSW,Delivery Area
2560,MACARTHUR SQUARE,NSW,Delivery Area
2339,MACDONALDS CREEK,NSW,Delivery Area
2447,MACKSVILLE,NSW,Delivery Area
2463,MACLEAN,NSW,Delivery Area
2251,MACMASTERS BEACH,NSW,Delivery Area
2113,MACQUARIE CENTRE,NSW,Delivery Area
2564,MACQUARIE FIELDS,NSW,Delivery Area
2285,MACQUARIE HILLS,NSW,Delivery Area
2565,MACQUARIE LINKS,NSW,Delivery Area
2831,MACQUARIE MARSHES,NSW,Delivery Area
2113,MACQUARIE PARK,NSW,Delivery Area
2577,MACQUARIE PASS,NSW,Delivery Area
2508,MADDENS PLAINS,NSW,Delivery Area
2630,MAFFRA,NSW,Delivery Area
2261,MAGENTA,NSW,Delivery Area
2829,MAGOMETON,NSW,Delivery Area
2230,MAIANBAR,NSW,Delivery Area
2594,MAIMURU,NSW,Delivery Area
2482,MAIN ARM,NSW,Delivery Area
2420,MAIN CREEK,NSW,Delivery Area
2716,MAIRJIMMY,NSW,Delivery Area
2330,MAISON DIEU,NSW,Delivery Area
2320,MAITLAND,NSW,Delivery Area
2850,MAITLAND BAR,NSW,Delivery Area
2320,MAITLAND NORTH,NSW,Delivery Area
2320,MAITLAND VALE,NSW,Delivery Area
2622,MAJORS CREEK,NSW,Delivery Area
2036,MALABAR,NSW,Delivery Area
2460,MALABUGILMAH,NSW,Delivery Area
2571,MALDON,NSW,Delivery Area
2319,MALLABULA,NSW,Delivery Area
2734,MALLAN,NSW,Delivery Area
2469,MALLANGANEE,NSW,Delivery Area
2738,MALLEE,NSW,Delivery Area
2400,MALLOWA,NSW,Delivery Area
2536,MALONEYS BEACH,NSW,Delivery Area
2536,MALUA BAY,NSW,Delivery Area
2200,MANAHAN,NSW,Delivery Area
2622,MANAR,NSW,Delivery Area
2577,MANCHESTER SQUARE,NSW,Delivery Area
2870,MANDAGERY,NSW,Delivery Area
2264,MANDALONG,NSW,Delivery Area
2575,MANDEMAR,NSW,Delivery Area
2792,MANDURAMA,NSW,Delivery Area
2500,MANGERTON,NSW,Delivery Area
2328,MANGOOLA,NSW,Delivery Area
2652,MANGOPLAH,NSW,Delivery Area
2250,MANGROVE CREEK,NSW,Delivery Area
2250,MANGROVE MOUNTAIN,NSW,Delivery Area
2865,MANILDRA,NSW,Delivery Area
2346,MANILLA,NSW,Delivery Area
1655,MANLY,NSW,Post Office Boxes
2095,MANLY,NSW,Delivery Area
2095,MANLY EAST,NSW,Delivery Area
2093,MANLY VALE,NSW,Delivery Area
2259,MANNERING PARK,NSW,Delivery Area
2430,MANNING POINT,NSW,Delivery Area
2653,MANNUS,NSW,Delivery Area
2333,MANOBALAI,NSW,Delivery Area
2582,MANTON,NSW,Delivery Area
2539,MANYANA,NSW,Delivery Area
2653,MARAGLE,NSW,Delivery Area
2765,MARAYLYA,NSW,Delivery Area
2148,MARAYONG,NSW,Delivery Area
2800,MARCH,NSW,Delivery Area
2582,MARCHMONT,NSW,Delivery Area
2259,MARDI,NSW,Delivery Area
2453,MARENGO,NSW,Delivery Area
2422,MARES RUN,NSW,Delivery Area
2663,MARINNA,NSW,Delivery Area
2280,MARKS POINT,NSW,Delivery Area
2423,MARKWELL,NSW,Delivery Area
2429,MARLEE,NSW,Delivery Area
2232,MARLEY,NSW,Delivery Area
2441,MARLO MERRICAN,NSW,Delivery Area
2775,MARLOW,NSW,Delivery Area
2622,MARLOWE,NSW,Delivery Area
2284,MARMONG POINT,NSW,Delivery Area
2480,MAROM CREEK,NSW,Delivery Area
2756,MAROOTA,NSW,Delivery Area
2035,MAROUBRA,NSW,Delivery Area
2035,MAROUBRA SOUTH,NSW,Delivery Area
2790,MARRANGAROO,NSW,Delivery Area
2652,MARRAR,NSW,Delivery Area
1475,MARRICKVILLE,NSW,Post Office Boxes
2204,MARRICKVILLE,NSW,Delivery Area
2204,MARRICKVILLE METRO,NSW,Delivery Area
2204,MARRICKVILLE SOUTH,NSW,Delivery Area
2765,MARSDEN PARK,NSW,Delivery Area
2122,MARSFIELD,NSW,Delivery Area
2530,MARSHALL MOUNT,NSW,Delivery Area
2420,MARSHDALE,NSW,Delivery Area
2824,MARTHAGUY,NSW,Delivery Area
2328,MARTINDALE,NSW,Delivery Area
2420,MARTINS CREEK,NSW,Delivery Area
2265,MARTINSVILLE,NSW,Delivery Area
2579,MARULAN,NSW,Delivery Area
2287,MARYLAND,NSW,Delivery Area
4377,MARYLAND,NSW,Delivery Area
2380,MARYS MOUNT,NSW,Delivery Area
2820,MARYVALE,NSW,Delivery Area
2293,MARYVILLE,NSW,Delivery Area
1460,MASCOT,NSW,Post Office Boxes
2020,MASCOT,NSW,Delivery Area
2250,MATCHAM,NSW,Delivery Area
2370,MATHESON,NSW,Delivery Area
2710,MATHOURA,NSW,Delivery Area
2652,MATONG,NSW,Delivery Area
2036,MATRAVILLE,NSW,Delivery Area
2711,MAUDE,NSW,Delivery Area
2382,MAULES CREEK,NSW,Delivery Area
2650,MAXWELL,NSW,Delivery Area
2365,MAYBOLE,NSW,Delivery Area
2423,MAYERS FLAT,NSW,Delivery Area
2304,MAYFIELD,NSW,Delivery Area
2540,MAYFIELD,NSW,Delivery Area
2580,MAYFIELD,NSW,Delivery Area
2787,MAYFIELD,NSW,Delivery Area
2304,MAYFIELD EAST,NSW,Delivery Area
2304,MAYFIELD NORTH,NSW,Delivery Area
2304,MAYFIELD WEST,NSW,Delivery Area
2710,MAYRUNG,NSW,Delivery Area
2145,MAYS HILL,NSW,Delivery Area
2347,MAYVALE,NSW,Delivery Area
2105,MCCARRS CREEK,NSW,Delivery Area
2333,MCCULLYS GAP,NSW,Delivery Area
2330,MCDOUGALLS HILL,NSW,Delivery Area
2756,MCGRATHS HILL,NSW,Delivery Area
2480,MCKEES HILL,NSW,Delivery Area
2790,MCKELLARS PARK,NSW,Delivery Area
2480,MCLEANS RIDGES,NSW,Delivery Area
2479,MCLEODS SHOOT,NSW,Delivery Area
2060,MCMAHONS POINT,NSW,Delivery Area
2587,MCMAHONS REEF,NSW,Delivery Area
2795,MEADOW FLAT,NSW,Delivery Area
2114,MEADOWBANK,NSW,Delivery Area
2484,MEBBIN,NSW,Delivery Area
2852,MEBUL,NSW,Delivery Area
2780,MEDLOW BATH,NSW,Delivery Area
2318,MEDOWIE,NSW,Delivery Area
2577,MEDWAY,NSW,Delivery Area
2477,MEERSCHAUM VALE,NSW,Delivery Area
2785,MEGALONG VALLEY,NSW,Delivery Area
2453,MEGAN,NSW,Delivery Area
2669,MELBERGEN,NSW,Delivery Area
2430,MELINGA,NSW,Delivery Area
2756,MELLONG,NSW,Delivery Area
2734,MELLOOL,NSW,Delivery Area
2765,MELONBA,NSW,Delivery Area
2114,MELROSE PARK,NSW,Delivery Area
2320,MELVILLE,NSW,Delivery Area
2594,MEMAGONG,NSW,Delivery Area
2850,MENAH,NSW,Delivery Area
2234,MENAI,NSW,Delivery Area
2234,MENAI CENTRAL,NSW,Delivery Area
2568,MENANGLE,NSW,Delivery Area
2563,MENANGLE PARK,NSW,Delivery Area
2842,MENDOORAN,NSW,Delivery Area
2879,MENINDEE,NSW,Delivery Area
2388,MERAH NORTH,NSW,Delivery Area
2291,MEREWETHER,NSW,Delivery Area
2291,MEREWETHER HEIGHTS,NSW,Delivery Area
2548,MERIMBULA,NSW,Delivery Area
2537,MERINGO,NSW,Delivery Area
2422,MERNOT,NSW,Delivery Area
2850,MEROO,NSW,Delivery Area
2540,MEROO MEADOW,NSW,Delivery Area
2852,MEROTHERIE,NSW,Delivery Area
2632,MERRIANGAAH,NSW,Delivery Area
2622,MERRICUMBENE,NSW,Delivery Area
2827,MERRIGAL,NSW,Delivery Area
2581,MERRILL,NSW,Delivery Area
2329,MERRIWA,NSW,Delivery Area
2652,MERRIWAGGA,NSW,Delivery Area
2831,MERRYGOEN,NSW,Delivery Area
2160,MERRYLANDS,NSW,Delivery Area
2160,MERRYLANDS WEST,NSW,Delivery Area
2705,MERUNGLE HILL,NSW,Delivery Area
2577,MERYLA,NSW,Delivery Area
2323,METFORD,NSW,Delivery Area
2323,METFORD DC,NSW,Delivery Area
2701,METHUL,NSW,Delivery Area
2350,METZ,NSW,Delivery Area
2873,MIAMLEY,NSW,Delivery Area
2825,MIANDETTA,NSW,Delivery Area
2464,MICALO ISLAND,NSW,Delivery Area
2620,MICHELAGO,NSW,Delivery Area
2442,MID NORTH COAST MC,NSW,Post Office Boxes
2580,MIDDLE ARM,NSW,Delivery Area
2337,MIDDLE BROOK,NSW,Delivery Area
2443,MIDDLE BROTHER,NSW,Delivery Area
2068,MIDDLE COVE,NSW,Delivery Area
2158,MIDDLE DURAL,NSW,Delivery Area
2330,MIDDLE FALBROOK,NSW,Delivery Area
2630,MIDDLE FLAT,NSW,Delivery Area
2483,MIDDLE POCKET,NSW,Delivery Area
2171,MIDDLETON GRANGE,NSW,Delivery Area
2630,MIDDLINGBANK,NSW,Delivery Area
2484,MIDGINBIL,NSW,Delivery Area
2358,MIHI,NSW,Delivery Area
2632,MILA,NSW,Delivery Area
2330,MILBRODALE,NSW,Delivery Area
2656,MILBRULONG,NSW,Delivery Area
2795,MILKERS FLAT,NSW,Delivery Area
2795,MILLAH MURRAH,NSW,Delivery Area
2440,MILLBANK,NSW,Delivery Area
2168,MILLER,NSW,Delivery Area
2324,MILLERS FOREST,NSW,Delivery Area
2000,MILLERS POINT,NSW,Delivery Area
2325,MILLFIELD,NSW,Delivery Area
2397,MILLIE,NSW,Delivery Area
2549,MILLINGANDI,NSW,Delivery Area
2798,MILLTHORPE,NSW,Delivery Area
2880,MILPARINKA,NSW,Delivery Area
2214,MILPERRA,NSW,Delivery Area
2380,MILROY,NSW,Delivery Area
2850,MILROY,NSW,Delivery Area
2083,MILSONS PASSAGE,NSW,Delivery Area
1565,MILSONS POINT,NSW,Post Office Boxes
2061,MILSONS POINT,NSW,Delivery Area
2538,MILTON,NSW,Delivery Area
2594,MILVALE,NSW,Delivery Area
2666,MIMOSA,NSW,Delivery Area
2770,MINCHINBURY,NSW,Delivery Area
2320,MINDARIBBA,NSW,Delivery Area
2372,MINGOOLA,NSW,Delivery Area
2312,MINIMBAH,NSW,Delivery Area
2720,MINJARY,NSW,Delivery Area
2287,MINMI,NSW,Delivery Area
2533,MINNAMURRA,NSW,Delivery Area
2462,MINNIE WATER,NSW,Delivery Area
2830,MINORE,NSW,Delivery Area
2566,MINTO,NSW,Delivery Area
2566,MINTO HEIGHTS,NSW,Delivery Area
2548,MIRADOR,NSW,Delivery Area
1490,MIRANDA,NSW,Post Office Boxes
2228,MIRANDA,NSW,Delivery Area
2330,MIRANNIE,NSW,Delivery Area
2264,MIRRABOOKA,NSW,Delivery Area
2665,MIRROOL,NSW,Delivery Area
2449,MISSABOTTI,NSW,Delivery Area
2050,MISSENDEN ROAD,NSW,Delivery Area
2795,MITCHELL,NSW,Delivery Area
2330,MITCHELLS FLAT,NSW,Delivery Area
2430,MITCHELLS ISLAND,NSW,Delivery Area
2575,MITTAGONG,NSW,Delivery Area
2731,MOAMA,NSW,Delivery Area
2480,MODANVILLE,NSW,Delivery Area
2550,MOGAREEKA,NSW,Delivery Area
2537,MOGENDOURA,NSW,Delivery Area
2370,MOGGS SWAMP,NSW,Delivery Area
2550,MOGILLA,NSW,Delivery Area
2536,MOGO,NSW,Delivery Area
2850,MOGO,NSW,Delivery Area
2775,MOGO CREEK,NSW,Delivery Area
2538,MOGOOD,NSW,Delivery Area
2422,MOGRANI,NSW,Delivery Area
2830,MOGRIGUY,NSW,Delivery Area
2372,MOLE RIVER,NSW,Delivery Area
2460,MOLEVILLE CREEK,NSW,Delivery Area
2842,MOLLYAN,NSW,Delivery Area
2539,MOLLYMOOK,NSW,Delivery Area
2539,MOLLYMOOK BEACH,NSW,Delivery Area
2866,MOLONG,NSW,Delivery Area
1660,MONA VALE,NSW,Post Office Boxes
2103,MONA VALE,NSW,Delivery Area
2738,MONAK,NSW,Delivery Area
2480,MONALTRIE,NSW,Delivery Area
2111,MONASH PARK,NSW,Delivery Area
2540,MONDAYONG,NSW,Delivery Area
2430,MONDROOK,NSW,Delivery Area
2622,MONGA,NSW,Delivery Area
2622,MONGARLOWE,NSW,Delivery Area
2470,MONGOGARIE,NSW,Delivery Area
2675,MONIA GAP,NSW,Delivery Area
2850,MONIVAE,NSW,Delivery Area
2415,MONKERAI,NSW,Delivery Area
2594,MONTEAGLE,NSW,Delivery Area
2482,MONTECOLLUM,NSW,Delivery Area
2820,MONTEFIORES,NSW,Delivery Area
2217,MONTEREY,NSW,Delivery Area
2483,MOOBALL,NSW,Delivery Area
2337,MOOBI,NSW,Delivery Area
2370,MOOGEM,NSW,Delivery Area
2820,MOOKERAWA,NSW,Delivery Area
2469,MOOKIMA WYBRA,NSW,Delivery Area
2850,MOOLARBEN,NSW,Delivery Area
2540,MOOLLATTOO,NSW,Delivery Area
2734,MOOLPA,NSW,Delivery Area
2665,MOOMBOOLDOOL,NSW,Delivery Area
2337,MOONAN BROOK,NSW,Delivery Area
2337,MOONAN FLAT,NSW,Delivery Area
2627,MOONBAH,NSW,Delivery Area
2353,MOONBI,NSW,Delivery Area
2710,MOONBRIA,NSW,Delivery Area
2440,MOONEBA,NSW,Delivery Area
2259,MOONEE,NSW,Delivery Area
2450,MOONEE BEACH,NSW,Delivery Area
2472,MOONEM,NSW,Delivery Area
2083,MOONEY MOONEY,NSW,Delivery Area
2250,MOONEY MOONEY CREEK,NSW,Delivery Area
2453,MOONPAR,NSW,Delivery Area
2429,MOORAL CREEK,NSW,Delivery Area
2648,MOORARA,NSW,Delivery Area
2804,MOORBEL,NSW,Delivery Area
2340,MOORE CREEK,NSW,Delivery Area
2021,MOORE PARK,NSW,Delivery Area
1875,MOOREBANK,NSW,Post Office Boxes
2170,MOOREBANK,NSW,Delivery Area
2795,MOORILDA,NSW,Delivery Area
2443,MOORLAND,NSW,Delivery Area
2650,MOORONG,NSW,Delivery Area
2640,MOORWATHA,NSW,Delivery Area
2440,MOPARRABAH,NSW,Delivery Area
2422,MOPPY,NSW,Delivery Area
2710,MORAGO,NSW,Delivery Area
2666,MORANGARELL,NSW,Delivery Area
2550,MORANS CROSSING,NSW,Delivery Area
2400,MOREE,NSW,Delivery Area
2264,MORISSET,NSW,Delivery Area
2264,MORISSET PARK,NSW,Delivery Area
2105,MORNING BAY,NSW,Delivery Area
2469,MORORO,NSW,Delivery Area
2321,MORPETH,NSW,Delivery Area
2223,MORTDALE,NSW,Delivery Area
2137,MORTLAKE,NSW,Delivery Area
2538,MORTON,NSW,Delivery Area
2446,MORTONS CREEK,NSW,Delivery Area
2790,MORTS ESTATE,NSW,Delivery Area
2325,MORUBEN,NSW,Delivery Area
2700,MORUNDAH,NSW,Delivery Area
2537,MORUYA,NSW,Delivery Area
2537,MORUYA HEADS,NSW,Delivery Area
2370,MORVEN,NSW,Delivery Area
2660,MORVEN,NSW,Delivery Area
2088,MOSMAN,NSW,Delivery Area
2577,MOSS VALE,NSW,Delivery Area
2878,MOSSGIEL,NSW,Delivery Area
2537,MOSSY POINT,NSW,Delivery Area
2426,MOTO,NSW,Delivery Area
2733,MOULAMEIN,NSW,Delivery Area
2729,MOUNT ADRAH,NSW,Delivery Area
2567,MOUNT ANNAN,NSW,Delivery Area
2820,MOUNT AQUILA,NSW,Delivery Area
2820,MOUNT ARTHUR,NSW,Delivery Area
2650,MOUNT AUSTIN,NSW,Delivery Area
2484,MOUNT BURRELL,NSW,Delivery Area
2079,MOUNT COLAH,NSW,Delivery Area
2794,MOUNT COLLINS,NSW,Delivery Area
2631,MOUNT COOPER,NSW,Delivery Area
2632,MOUNT DARRAGH,NSW,Delivery Area
2795,MOUNT DAVID,NSW,Delivery Area
2320,MOUNT DEE,NSW,Delivery Area
2770,MOUNT DRUITT,NSW,Delivery Area
2770,MOUNT DRUITT VILLAGE,NSW,Delivery Area
2250,MOUNT ELLIOT,NSW,Delivery Area
2580,MOUNT FAIRY,NSW,Delivery Area
2824,MOUNT FOSTER,NSW,Delivery Area
2850,MOUNT FROME,NSW,Delivery Area
2424,MOUNT GEORGE,NSW,Delivery Area
2824,MOUNT HARRIS,NSW,Delivery Area
2877,MOUNT HOPE,NSW,Delivery Area
2729,MOUNT HOREB,NSW,Delivery Area
2570,MOUNT HUNTER,NSW,Delivery Area
2290,MOUNT HUTTON,NSW,Delivery Area
2786,MOUNT IRVINE,NSW,Delivery Area
2500,MOUNT KEIRA,NSW,Delivery Area
2526,MOUNT KEMBLA,NSW,Delivery Area
2539,MOUNT KINGIMAN,NSW,Delivery Area
2850,MOUNT KNOWLES,NSW,Delivery Area
2080,MOUNT KURING-GAI,NSW,Delivery Area
2790,MOUNT LAMBIE,NSW,Delivery Area
2190,MOUNT LEWIS,NSW,Delivery Area
2200,MOUNT LEWIS,NSW,Delivery Area
2575,MOUNT LINDSEY,NSW,Delivery Area
2849,MOUNT MARSDEN,NSW,Delivery Area
2469,MOUNT MARSH,NSW,Delivery Area
2365,MOUNT MITCHELL,NSW,Delivery Area
2577,MOUNT MURRAY,NSW,Delivery Area
2330,MOUNT OLIVE,NSW,Delivery Area
2787,MOUNT OLIVE,NSW,Delivery Area
2519,MOUNT OUSLEY,NSW,Delivery Area
2795,MOUNT PANORAMA,NSW,Delivery Area
2519,MOUNT PLEASANT,NSW,Delivery Area
2170,MOUNT PRITCHARD,NSW,Delivery Area
2795,MOUNT RANKIN,NSW,Delivery Area
2311,MOUNT RIVERS,NSW,Delivery Area
2774,MOUNT RIVERVIEW,NSW,Delivery Area
2330,MOUNT ROYAL,NSW,Delivery Area
2360,MOUNT RUSSELL,NSW,Delivery Area
2500,MOUNT SAINT THOMAS,NSW,Delivery Area
2446,MOUNT SEAVIEW,NSW,Delivery Area
2828,MOUNT TENANDRA,NSW,Delivery Area
2330,MOUNT THORLEY,NSW,Delivery Area
2758,MOUNT TOMAH,NSW,Delivery Area
2178,MOUNT VERNON,NSW,Delivery Area
2786,MOUNT VICTORIA,NSW,Delivery Area
2325,MOUNT VIEW,NSW,Delivery Area
2323,MOUNT VINCENT,NSW,Delivery Area
2484,MOUNT WARNING,NSW,Delivery Area
2528,MOUNT WARRIGAL,NSW,Delivery Area
2787,MOUNT WERONG,NSW,Delivery Area
2250,MOUNT WHITE,NSW,Delivery Area
2786,MOUNT WILSON,NSW,Delivery Area
2644,MOUNTAIN CREEK,NSW,Delivery Area
2758,MOUNTAIN LAGOON,NSW,Delivery Area
2480,MOUNTAIN TOP,NSW,Delivery Area
2460,MOUNTAIN VIEW,NSW,Delivery Area
2739,MOURQUONG,NSW,Delivery Area
2571,MOWBRAY PARK,NSW,Delivery Area
2787,MOZART,NSW,Delivery Area
2850,MUDGEE,NSW,Delivery Area
2323,MULBRING,NSW,Delivery Area
2745,MULGOA,NSW,Delivery Area
2756,MULGRAVE,NSW,Delivery Area
2877,MULGUTHRIE,NSW,Delivery Area
2476,MULI MULI,NSW,Delivery Area
2825,MULLA,NSW,Delivery Area
2352,MULLA CREEK,NSW,Delivery Area
2379,MULLALEY,NSW,Delivery Area
2850,MULLAMUDDY,NSW,Delivery Area
2456,MULLAWAY,NSW,Delivery Area
2644,MULLENGANDRA,NSW,Delivery Area
2825,MULLENGUDGERY,NSW,Delivery Area
2582,MULLION,NSW,Delivery Area
2800,MULLION CREEK,NSW,Delivery Area
2622,MULLOON,NSW,Delivery Area
2482,MULLUMBIMBY,NSW,Delivery Area
2482,MULLUMBIMBY CREEK,NSW,Delivery Area
2647,MULWALA,NSW,Delivery Area
2871,MULYANDRY,NSW,Delivery Area
2820,MUMBIL,NSW,Delivery Area
2824,MUMBLEBONE PLAIN,NSW,Delivery Area
2550,MUMBULLA MOUNTAIN,NSW,Delivery Area
2580,MUMMEL,NSW,Delivery Area
2469,MUMMULGUM,NSW,Delivery Area
2540,MUNDAMIA,NSW,Delivery Area
2729,MUNDARLO,NSW,Delivery Area
2653,MUNDEROO,NSW,Delivery Area
2720,MUNDONGO,NSW,Delivery Area
2440,MUNGAY CREEK,NSW,Delivery Area
2850,MUNGHORN,NSW,Delivery Area
2406,MUNGINDI,NSW,Delivery Area
2715,MUNGO,NSW,Delivery Area
2423,MUNGO BRUSH,NSW,Delivery Area
2420,MUNNI,NSW,Delivery Area
2658,MUNYABLA,NSW,Delivery Area
2624,MUNYANG,NSW,Delivery Area
2864,MURGA,NSW,Delivery Area
2546,MURRAH,NSW,Delivery Area
2705,MURRAMI,NSW,Delivery Area
2825,MURRAWOMBIE,NSW,Delivery Area
2734,MURRAY DOWNS,NSW,Delivery Area
2642,MURRAY GORGE,NSW,Delivery Area
2708,MURRAY REGION MC,NSW,Post Office Boxes
2281,MURRAYS BEACH,NSW,Delivery Area
2325,MURRAYS RUN,NSW,Delivery Area
2622,MURRENGENBURG,NSW,Delivery Area
2672,MURRIN BRIDGE,NSW,Delivery Area
2586,MURRINGO,NSW,Delivery Area
2652,MURRULEBALE,NSW,Delivery Area
2582,MURRUMBATEMAN,NSW,Delivery Area
2849,MURRUMBO,NSW,Delivery Area
2630,MURRUMBUCCA,NSW,Delivery Area
2587,MURRUMBURRAH,NSW,Delivery Area
2338,MURRURUNDI,NSW,Delivery Area
2337,MURULLA,NSW,Delivery Area
2484,MURWILLUMBAH,NSW,Delivery Area
2484,MURWILLUMBAH DC,NSW,Delivery Area
2484,MURWILLUMBAH SOUTH,NSW,Delivery Area
2333,MUSCLE CREEK,NSW,Delivery Area
2333,MUSWELLBROOK,NSW,Delivery Area
2880,MUTAWINTJI,NSW,Delivery Area
2722,MUTTAMA,NSW,Delivery Area
2403,MYALL CREEK,NSW,Delivery Area
2423,MYALL LAKE,NSW,Delivery Area
2681,MYALL PARK,NSW,Delivery Area
2630,MYALLA,NSW,Delivery Area
2454,MYLESTOM,NSW,Delivery Area
2460,MYLNEFORD,NSW,Delivery Area
2481,MYOCUM,NSW,Delivery Area
2540,MYOLA,NSW,Delivery Area
2469,MYRTLE CREEK,NSW,Delivery Area
2550,MYRTLE MOUNTAIN,NSW,Delivery Area
2713,MYRTLE PARK,NSW,Delivery Area
2580,MYRTLEVILLE,NSW,Delivery Area
2546,MYSTERY BAY,NSW,Delivery Area
2264,MYUNA BAY,NSW,Delivery Area
2312,NABIAC,NSW,Delivery Area
2551,NADGEE,NSW,Delivery Area
2448,NAMBUCCA HEADS,NSW,Delivery Area
2346,NAMOI RIVER,NSW,Delivery Area
2450,NANA GLEN,NSW,Delivery Area
2722,NANGUS,NSW,Delivery Area
2582,NANIMA,NSW,Delivery Area
2379,NAPIER LANE,NSW,Delivery Area
2795,NAPOLEON REEF,NSW,Delivery Area
2669,NARADHAN,NSW,Delivery Area
2250,NARARA,NSW,Delivery Area
2567,NARELLAN,NSW,Delivery Area
2567,NARELLAN VALE,NSW,Delivery Area
2065,NAREMBURN,NSW,Delivery Area
2325,NARONE CREEK,NSW,Delivery Area
2546,NAROOMA,NSW,Delivery Area
2551,NARRABARBA,NSW,Delivery Area
2101,NARRABEEN,NSW,Delivery Area
2390,NARRABRI,NSW,Delivery Area
2390,NARRABRI WEST,NSW,Delivery Area
2666,NARRABURRA,NSW,Delivery Area
2839,NARRAN LAKE,NSW,Delivery Area
2700,NARRANDERA,NSW,Delivery Area
2582,NARRANGULLEN,NSW,Delivery Area
2583,NARRAWA,NSW,Delivery Area
2539,NARRAWALLEE,NSW,Delivery Area
2099,NARRAWEENA,NSW,Delivery Area
2821,NARROMINE,NSW,Delivery Area
2209,NARWEE,NSW,Delivery Area
2800,NASHDALE,NSW,Delivery Area
2479,NASHUA,NSW,Delivery Area
2570,NATTAI,NSW,Delivery Area
2470,NAUGHTONS GAP,NSW,Delivery Area
2326,NEATH,NSW,Delivery Area
2829,NEBEA,NSW,Delivery Area
2831,NEILREX,NSW,Delivery Area
2536,NELLIGEN,NSW,Delivery Area
2550,NELSON,NSW,Delivery Area
2765,NELSON,NSW,Delivery Area
2315,NELSON BAY,NSW,Delivery Area
2324,NELSONS PLAINS,NSW,Delivery Area
2876,NELUNGALOO,NSW,Delivery Area
2340,NEMINGHA,NSW,Delivery Area
2680,NERICON,NSW,Delivery Area
2622,NERINGLA,NSW,Delivery Area
2423,NERONG,NSW,Delivery Area
2622,NERRIGA,NSW,Delivery Area
2545,NERRIGUNDAH,NSW,Delivery Area
2549,NETHERCOTE,NSW,Delivery Area
2820,NEUREA,NSW,Delivery Area
2089,NEUTRAL BAY,NSW,Delivery Area
2089,NEUTRAL BAY JUNCTION,NSW,Delivery Area
2453,NEVER NEVER,NSW,Delivery Area
2826,NEVERTIRE,NSW,Delivery Area
2799,NEVILLE,NSW,Delivery Area
2577,NEW BERRIMA,NSW,Delivery Area
2483,NEW BRIGHTON,NSW,Delivery Area
2550,NEW BUILDINGS,NSW,Delivery Area
2348,NEW ENGLAND MC,NSW,Post Office Boxes
2472,NEW ITALY,NSW,Delivery Area
2305,NEW LAMBTON,NSW,Delivery Area
2305,NEW LAMBTON HEIGHTS,NSW,Delivery Area
2346,NEW MEXICO,NSW,Delivery Area
2474,NEW PARK,NSW,Delivery Area
2365,NEW VALLEY,NSW,Delivery Area
2460,NEWBOLD,NSW,Delivery Area
2795,NEWBRIDGE,NSW,Delivery Area
2300,NEWCASTLE,NSW,Delivery Area
2300,NEWCASTLE EAST,NSW,Delivery Area
2308,NEWCASTLE UNIVERSITY,NSW,Delivery Area
2302,NEWCASTLE WEST,NSW,Delivery Area
2447,NEWEE CREEK,NSW,Delivery Area
2127,NEWINGTON,NSW,Delivery Area
2790,NEWNES,NSW,Delivery Area
2790,NEWNES PLATEAU,NSW,Delivery Area
2106,NEWPORT,NSW,Delivery Area
2106,NEWPORT BEACH,NSW,Delivery Area
2479,NEWRYBAR,NSW,Delivery Area
2360,NEWSTEAD,NSW,Delivery Area
2370,NEWTON BOYD,NSW,Delivery Area
2042,NEWTOWN,NSW,Delivery Area
2627,NGARIGO,NSW,Delivery Area
2250,NIAGARA PARK,NSW,Delivery Area
2354,NIANGALA,NSW,Delivery Area
2733,NIEMUR,NSW,Delivery Area
2480,NIGHTCAP,NSW,Delivery Area
2480,NIMBIN,NSW,Delivery Area
2631,NIMMITABEL,NSW,Delivery Area
2628,NIMMO,NSW,Delivery Area
2763,NIRIMBA FIELDS,NSW,Delivery Area
2484,NOBBYS CREEK,NSW,Delivery Area
2379,NOMBI,NSW,Delivery Area
2835,NOONA,NSW,Delivery Area
2732,NOORONG,NSW,Delivery Area
2415,NOOROO,NSW,Delivery Area
2263,NORAH HEAD,NSW,Delivery Area
2263,NORAVILLE,NSW,Delivery Area
2281,NORDS WHARF,NSW,Delivery Area
2899,NORFOLK ISLAND,NSW,Delivery Area
2076,NORMANHURST,NSW,Delivery Area
2640,NORTH ALBURY,NSW,Delivery Area
2484,NORTH ARM,NSW,Delivery Area
2324,NORTH ARM COVE,NSW,Delivery Area
2260,NORTH AVOCA,NSW,Delivery Area
2093,NORTH BALGOWLAH,NSW,Delivery Area
2536,NORTH BATEMANS BAY,NSW,Delivery Area
2450,NORTH BOAMBEE VALLEY,NSW,Delivery Area
2026,NORTH BONDI,NSW,Delivery Area
2840,NORTH BOURKE,NSW,Delivery Area
2443,NORTH BROTHER,NSW,Delivery Area
2470,NORTH CASINO,NSW,Delivery Area
2099,NORTH CURL CURL,NSW,Delivery Area
2453,NORTH DORRIGO,NSW,Delivery Area
2121,NORTH EPPING,NSW,Delivery Area
2250,NORTH GOSFORD,NSW,Delivery Area
2443,NORTH HAVEN,NSW,Delivery Area
2155,NORTH KELLYVILLE,NSW,Delivery Area
2299,NORTH LAMBTON,NSW,Delivery Area
2480,NORTH LISMORE,NSW,Delivery Area
2447,NORTH MACKSVILLE,NSW,Delivery Area
2100,NORTH MANLY,NSW,Delivery Area
2546,NORTH NAROOMA,NSW,Delivery Area
2101,NORTH NARRABEEN,NSW,Delivery Area
2541,NORTH NOWRA,NSW,Delivery Area
1750,NORTH PARRAMATTA,NSW,Post Office Boxes
2151,NORTH PARRAMATTA,NSW,Delivery Area
2754,NORTH RICHMOND,NSW,Delivery Area
2151,NORTH ROCKS,NSW,Delivery Area
2335,NORTH ROTHBURY,NSW,Delivery Area
1670,NORTH RYDE,NSW,Post Office Boxes
2113,NORTH RYDE,NSW,Delivery Area
1670,NORTH RYDE BC,NSW,Post Office Boxes
2444,NORTH SHORE,NSW,Delivery Area
2760,NORTH ST MARYS,NSW,Delivery Area
2408,NORTH STAR,NSW,Delivery Area
2137,NORTH STRATHFIELD,NSW,Delivery Area
2055,NORTH SYDNEY,NSW,Post Office Boxes
2059,NORTH SYDNEY,NSW,Post Office Boxes
2060,NORTH SYDNEY,NSW,Delivery Area
2060,NORTH SYDNEY SHOPPINGWORLD,NSW,Delivery Area
2340,NORTH TAMWORTH,NSW,Delivery Area
2490,NORTH TUMBULGUM,NSW,Delivery Area
2074,NORTH TURRAMURRA,NSW,Delivery Area
2650,NORTH WAGGA WAGGA,NSW,Delivery Area
2076,NORTH WAHROONGA,NSW,Delivery Area
2068,NORTH WILLOUGHBY,NSW,Delivery Area
2500,NORTH WOLLONGONG,NSW,Delivery Area
2471,NORTH WOODBURN,NSW,Delivery Area
2671,NORTH YALGOGRIN,NSW,Delivery Area
2868,NORTH YEOVAL,NSW,Delivery Area
2622,NORTHANGERA,NSW,Delivery Area
1560,NORTHBRIDGE,NSW,Post Office Boxes
2063,NORTHBRIDGE,NSW,Delivery Area
2152,NORTHMEAD,NSW,Delivery Area
2066,NORTHWOOD,NSW,Delivery Area
2787,NORWAY,NSW,Delivery Area
2153,NORWEST,NSW,Delivery Area
2354,NOWENDOC,NSW,Delivery Area
2386,NOWLEY,NSW,Delivery Area
2541,NOWRA,NSW,Delivery Area
2541,NOWRA DC,NSW,Delivery Area
2541,NOWRA EAST,NSW,Delivery Area
2540,NOWRA HILL,NSW,Delivery Area
2540,NOWRA NAVAL PO,NSW,Delivery Area
2587,NUBBA,NSW,Delivery Area
2325,NULKABA,NSW,Delivery Area
2360,NULLAMANNA,NSW,Delivery Area
2551,NULLICA,NSW,Delivery Area
2849,NULLO MOUNTAIN,NSW,Delivery Area
2540,NUMBAA,NSW,Delivery Area
2424,NUMBER ONE,NSW,Delivery Area
2628,NUMBLA VALE,NSW,Delivery Area
2550,NUMBUGGA,NSW,Delivery Area
2630,NUMERALLA,NSW,Delivery Area
2484,NUMINBAH,NSW,Delivery Area
2480,NUMULGI,NSW,Delivery Area
2484,NUNDERI,NSW,Delivery Area
2340,NUNDLE,NSW,Delivery Area
2629,NUNGAR,NSW,Delivery Area
2551,NUNGATTA,NSW,Delivery Area
2551,NUNGATTA SOUTH,NSW,Delivery Area
2649,NURENMERENMONG,NSW,Delivery Area
2831,NYMAGEE,NSW,Delivery Area
2460,NYMBOIDA,NSW,Delivery Area
2825,NYNGAN,NSW,Delivery Area
2646,NYORA,NSW,Delivery Area
2804,NYRANG CREEK,NSW,Delivery Area
2529,OAK FLATS,NSW,Delivery Area
2570,OAKDALE,NSW,Delivery Area
2790,OAKEY PARK,NSW,Delivery Area
2320,OAKHAMPTON,NSW,Delivery Area
2320,OAKHAMPTON HEIGHTS,NSW,Delivery Area
2761,OAKHURST,NSW,Delivery Area
2646,OAKLANDS,NSW,Delivery Area
2765,OAKVILLE,NSW,Delivery Area
2360,OAKWOOD,NSW,Delivery Area
2622,OALLEN,NSW,Delivery Area
2117,OATLANDS,NSW,Delivery Area
2223,OATLEY,NSW,Delivery Area
2365,OBAN,NSW,Delivery Area
2330,OBANVALE,NSW,Delivery Area
2650,OBERNE CREEK,NSW,Delivery Area
2787,OBERON,NSW,Delivery Area
2868,OBLEY,NSW,Delivery Area
2483,OCEAN SHORES,NSW,Delivery Area
2340,OGUNBIL,NSW,Delivery Area
2629,OLD ADAMINABY,NSW,Delivery Area
2430,OLD BAR,NSW,Delivery Area
2469,OLD BONALBO,NSW,Delivery Area
2540,OLD EROWAL BAY,NSW,Delivery Area
2474,OLD GREVILLIA,NSW,Delivery Area
2161,OLD GUILDFORD,NSW,Delivery Area
2652,OLD JUNEE,NSW,Delivery Area
2369,OLD MILL,NSW,Delivery Area
2440,OLD STATION,NSW,Delivery Area
2146,OLD TOONGABBIE,NSW,Delivery Area
2849,OLINDA,NSW,Delivery Area
2325,OLNEY,NSW,Delivery Area
2337,OMADALE,NSW,Delivery Area
2316,ONE MILE,NSW,Delivery Area
2711,ONE TREE,NSW,Delivery Area
2581,OOLONG,NSW,Delivery Area
2871,OOMA,NSW,Delivery Area
2875,OOTHA,NSW,Delivery Area
2800,OPHIR,NSW,Delivery Area
2570,ORAN PARK,NSW,Delivery Area
2800,ORANGE,NSW,Delivery Area
2800,ORANGE DC,NSW,Delivery Area
2800,ORANGE EAST,NSW,Delivery Area
2380,ORANGE GROVE,NSW,Delivery Area
2800,ORANGE MOULDER STREET,NSW,Delivery Area
2570,ORANGEVILLE,NSW,Delivery Area
2748,ORCHARD HILLS,NSW,Delivery Area
2540,ORIENT POINT,NSW,Delivery Area
2795,ORTON PARK,NSW,Delivery Area
2656,OSBORNE,NSW,Delivery Area
2324,OSTERLEY,NSW,Delivery Area
2321,OSWALD,NSW,Delivery Area
2508,OTFORD,NSW,Delivery Area
2650,OURA,NSW,Delivery Area
2258,OURIMBAH,NSW,Delivery Area
2640,OURNIE,NSW,Delivery Area
2337,OWENS GAP,NSW,Delivery Area
2100,OXFORD FALLS,NSW,Delivery Area
2711,OXLEY,NSW,Delivery Area
2824,OXLEY,NSW,Delivery Area
2430,OXLEY ISLAND,NSW,Delivery Area
2760,OXLEY PARK,NSW,Delivery Area
2340,OXLEY VALE,NSW,Delivery Area
2225,OYSTER BAY,NSW,Delivery Area
2318,OYSTER COVE,NSW,Delivery Area
2428,PACIFIC PALMS,NSW,Delivery Area
2880,PACKSADDLE,NSW,Delivery Area
2021,PADDINGTON,NSW,Delivery Area
2469,PADDYS FLAT,NSW,Delivery Area
2632,PADDYS FLAT,NSW,Delivery Area
2577,PADDYS RIVER,NSW,Delivery Area
2653,PADDYS RIVER,NSW,Delivery Area
2211,PADSTOW,NSW,Delivery Area
2211,PADSTOW HEIGHTS,NSW,Delivery Area
2469,PAGANS FLAT,NSW,Delivery Area
2337,PAGES CREEK,NSW,Delivery Area
2338,PAGES RIVER,NSW,Delivery Area
2035,PAGEWOOD,NSW,Delivery Area
2632,PALARANG,NSW,Delivery Area
2622,PALERANG,NSW,Delivery Area
2580,PALING YARDS,NSW,Delivery Area
2795,PALING YARDS,NSW,Delivery Area
2404,PALLAL,NSW,Delivery Area
2399,PALLAMALLAWA,NSW,Delivery Area
2108,PALM BEACH,NSW,Delivery Area
2258,PALM GROVE,NSW,Delivery Area
2258,PALMDALE,NSW,Delivery Area
2463,PALMERS CHANNEL,NSW,Delivery Area
2463,PALMERS ISLAND,NSW,Delivery Area
2795,PALMERS OAKY,NSW,Delivery Area
2484,PALMVALE,NSW,Delivery Area
2482,PALMWOODS,NSW,Delivery Area
2232,PALONA,NSW,Delivery Area
2549,PAMBULA,NSW,Delivery Area
2549,PAMBULA BEACH,NSW,Delivery Area
2430,PAMPOOLAH,NSW,Delivery Area
2648,PAN BAN,NSW,Delivery Area
2213,PANANIA,NSW,Delivery Area
2825,PANGEE,NSW,Delivery Area
2800,PANUARA,NSW,Delivery Area
2446,PAPPINBARRA,NSW,Delivery Area
2648,PARA,NSW,Delivery Area
2360,PARADISE,NSW,Delivery Area
2738,PARINGI,NSW,Delivery Area
2870,PARKES,NSW,Delivery Area
2580,PARKESBOURNE,NSW,Delivery Area
2768,PARKLEA,NSW,Delivery Area
2337,PARKVILLE,NSW,Delivery Area
2000,PARLIAMENT HOUSE,NSW,Delivery Area
2540,PARMA,NSW,Delivery Area
2124,PARRAMATTA,NSW,Post Office Boxes
2150,PARRAMATTA,NSW,Delivery Area
2150,PARRAMATTA WESTFIELD,NSW,Delivery Area
2339,PARRAWEENA,NSW,Delivery Area
2478,PATCHS BEACH,NSW,Delivery Area
2421,PATERSON,NSW,Delivery Area
2256,PATONGA,NSW,Delivery Area
2628,PAUPONG,NSW,Delivery Area
2325,PAXTON,NSW,Delivery Area
2325,PAYNES CROSSING,NSW,Delivery Area
2871,PAYTENS BRIDGE,NSW,Delivery Area
2469,PEACOCK CREEK,NSW,Delivery Area
2869,PEAK HILL,NSW,Delivery Area
2630,PEAK VIEW,NSW,Delivery Area
2210,PEAKHURST,NSW,Delivery Area
2210,PEAKHURST DC,NSW,Delivery Area
2210,PEAKHURST HEIGHTS,NSW,Delivery Area
2477,PEARCES CREEK,NSW,Delivery Area
2256,PEARL BEACH,NSW,Delivery Area
2250,PEATS RIDGE,NSW,Delivery Area
2536,PEBBLY BEACH,NSW,Delivery Area
2795,PEEL,NSW,Delivery Area
2583,PEELWOOD,NSW,Delivery Area
2583,PEJAR,NSW,Delivery Area
2327,PELAW MAIN,NSW,Delivery Area
2281,PELICAN,NSW,Delivery Area
2325,PELTON,NSW,Delivery Area
2446,PEMBROOKE,NSW,Delivery Area
2145,PEMULWUY,NSW,Delivery Area
2145,PENDLE HILL,NSW,Delivery Area
1715,PENNANT HILLS,NSW,Post Office Boxes
2120,PENNANT HILLS,NSW,Delivery Area
2750,PENRITH,NSW,Delivery Area
2751,PENRITH,NSW,Post Office Boxes
2750,PENRITH PLAZA,NSW,Delivery Area
2750,PENRITH SOUTH,NSW,Delivery Area
2579,PENROSE,NSW,Delivery Area
2222,PENSHURST,NSW,Delivery Area
2550,PERICOE,NSW,Delivery Area
2624,PERISHER VALLEY,NSW,Delivery Area
2775,PERRYS CROSSING,NSW,Delivery Area
2795,PERTHVILLE,NSW,Delivery Area
2049,PETERSHAM,NSW,Delivery Area
2574,PHEASANTS NEST,NSW,Delivery Area
2256,PHEGANS BAY,NSW,Delivery Area
2036,PHILLIP BAY,NSW,Delivery Area
2321,PHOENIX PARK,NSW,Delivery Area
2340,PIALLAMORE,NSW,Delivery Area
2342,PIALLAWAY,NSW,Delivery Area
2850,PIAMBONG,NSW,Delivery Area
2251,PICKETTS VALLEY,NSW,Delivery Area
2213,PICNIC POINT,NSW,Delivery Area
2571,PICTON,NSW,Delivery Area
2824,PIGEONBAH,NSW,Delivery Area
2486,PIGGABEEN,NSW,Delivery Area
2469,PIKAPENE,NSW,Delivery Area
2462,PILLAR VALLEY,NSW,Delivery Area
2388,PILLIGA,NSW,Delivery Area
2627,PILOT WILDERNESS,NSW,Delivery Area
2478,PIMLICO,NSW,Delivery Area
2478,PIMLICO ISLAND,NSW,Delivery Area
2720,PINBEYAN,NSW,Delivery Area
2361,PINDAROI,NSW,Delivery Area
2324,PINDIMAR,NSW,Delivery Area
2648,PINE CAMP,NSW,Delivery Area
2824,PINE CLUMP,NSW,Delivery Area
2829,PINE GROVE,NSW,Delivery Area
2714,PINE LODGE,NSW,Delivery Area
2343,PINE RIDGE,NSW,Delivery Area
2630,PINE VALLEY,NSW,Delivery Area
2810,PINEY RANGE,NSW,Delivery Area
2370,PINKETT,NSW,Delivery Area
2810,PINNACLE,NSW,Delivery Area
2849,PINNACLE SWAMP,NSW,Delivery Area
2281,PINNY BEACH,NSW,Delivery Area
2470,PIORA,NSW,Delivery Area
2446,PIPECLAY,NSW,Delivery Area
2323,PITNACREE,NSW,Delivery Area
2756,PITT TOWN,NSW,Delivery Area
2756,PITT TOWN BOTTOMS,NSW,Delivery Area
2658,PLEASANT HILLS,NSW,Delivery Area
2172,PLEASURE POINT,NSW,Delivery Area
2761,PLUMPTON,NSW,Delivery Area
2250,POINT CLARE,NSW,Delivery Area
2250,POINT FREDERICK,NSW,Delivery Area
2027,POINT PIPER,NSW,Delivery Area
2259,POINT WOLSTONCROFT,NSW,Delivery Area
2539,POINTER MOUNTAIN,NSW,Delivery Area
2320,POKOLBIN,NSW,Delivery Area
2440,POLA CREEK,NSW,Delivery Area
2630,POLO FLAT,NSW,Delivery Area
2580,POMEROY,NSW,Delivery Area
2648,POMONA,NSW,Delivery Area
2818,PONTO,NSW,Delivery Area
2648,POONCARIE,NSW,Delivery Area
2036,PORT BOTANY,NSW,Delivery Area
2229,PORT HACKING,NSW,Delivery Area
2505,PORT KEMBLA,NSW,Delivery Area
2444,PORT MACQUARIE,NSW,Delivery Area
2444,PORT MACQUARIE BC,NSW,Delivery Area
2538,PORTERS CREEK,NSW,Delivery Area
2787,PORTERS RETREAT,NSW,Delivery Area
2847,PORTLAND,NSW,Delivery Area
2430,POSSUM BRUSH,NSW,Delivery Area
2479,POSSUM CREEK,NSW,Delivery Area
2545,POTATO POINT,NSW,Delivery Area
2790,POTTERY ESTATE,NSW,Delivery Area
2143,POTTS HILL,NSW,Delivery Area
1335,POTTS POINT,NSW,Post Office Boxes
2011,POTTS POINT,NSW,Delivery Area
2489,POTTSVILLE,NSW,Delivery Area
2489,POTTSVILLE BEACH,NSW,Delivery Area
2176,PRAIRIEWOOD,NSW,Delivery Area
2381,PREMER,NSW,Delivery Area
2170,PRESTONS,NSW,Delivery Area
2257,PRETTY BEACH,NSW,Delivery Area
2539,PRETTY BEACH,NSW,Delivery Area
2710,PRETTY PINE,NSW,Delivery Area
2502,PRIMBEE,NSW,Delivery Area
2621,PRIMROSE VALLEY,NSW,Delivery Area
2148,PROSPECT,NSW,Delivery Area
2629,PROVIDENCE PORTAL,NSW,Delivery Area
2666,PUCAWAN,NSW,Delivery Area
2350,PUDDLEDOCK,NSW,Delivery Area
2460,PULGANBAR,NSW,Delivery Area
2810,PULLABOOKA,NSW,Delivery Area
2650,PULLETOP,NSW,Delivery Area
2484,PUMPENBIL,NSW,Delivery Area
2196,PUNCHBOWL,NSW,Delivery Area
2460,PUNCHBOWL,NSW,Delivery Area
2430,PURFLEET,NSW,Delivery Area
2357,PURLEWAUGH,NSW,Delivery Area
2112,PUTNEY,NSW,Delivery Area
2850,PUTTA BUCCA,NSW,Delivery Area
2330,PUTTY,NSW,Delivery Area
2849,PYANGLE,NSW,Delivery Area
2073,PYMBLE,NSW,Delivery Area
2850,PYRAMUL,NSW,Delivery Area
2540,PYREE,NSW,Delivery Area
2009,PYRMONT,NSW,Delivery Area
2550,QUAAMA,NSW,Delivery Area
2763,QUAKERS HILL,NSW,Delivery Area
2831,QUAMBONE,NSW,Delivery Area
2828,QUANDA,NSW,Delivery Area
2665,QUANDARY,NSW,Delivery Area
2721,QUANDIALLA,NSW,Delivery Area
2620,QUEANBEYAN,NSW,Delivery Area
2620,QUEANBEYAN DC,NSW,Delivery Area
2620,QUEANBEYAN EAST,NSW,Delivery Area
2620,QUEANBEYAN WEST,NSW,Delivery Area
1230,QUEEN VICTORIA BUILDING,NSW,Post Office Boxes
2022,QUEENS PARK,NSW,Delivery Area
2850,QUEENS PINCH,NSW,Delivery Area
2096,QUEENSCLIFF,NSW,Delivery Area
2580,QUIALIGO,NSW,Delivery Area
2632,QUIDONG,NSW,Delivery Area
2622,QUIERA,NSW,Delivery Area
2343,QUIPOLLY,NSW,Delivery Area
2343,QUIRINDI,NSW,Delivery Area
2325,QUORROBOLONG,NSW,Delivery Area
2566,RABY,NSW,Delivery Area
2795,RAGLAN,NSW,Delivery Area
2430,RAINBOW FLAT,NSW,Delivery Area
2440,RAINBOW REACH,NSW,Delivery Area
2454,RALEIGH,NSW,Delivery Area
2460,RAMORNIE,NSW,Delivery Area
2217,RAMSGATE,NSW,Delivery Area
2217,RAMSGATE BEACH,NSW,Delivery Area
2642,RAND,NSW,Delivery Area
2031,RANDWICK,NSW,Delivery Area
2031,RANDWICK DC,NSW,Delivery Area
2380,RANGARI,NSW,Delivery Area
2370,RANGERS VALLEY,NSW,Delivery Area
2287,RANKIN PARK,NSW,Delivery Area
2669,RANKINS SPRINGS,NSW,Delivery Area
2701,RANNOCK,NSW,Delivery Area
2469,RAPPVILLE,NSW,Delivery Area
2283,RATHMINES,NSW,Delivery Area
2259,RAVENSDALE,NSW,Delivery Area
2824,RAVENSWOOD,NSW,Delivery Area
2330,RAVENSWORTH,NSW,Delivery Area
2446,RAWDON ISLAND,NSW,Delivery Area
2422,RAWDON VALE,NSW,Delivery Area
2321,RAWORTH,NSW,Delivery Area
2830,RAWSONVILLE,NSW,Delivery Area
2324,RAYMOND TERRACE,NSW,Delivery Area
2324,RAYMOND TERRACE EAST,NSW,Delivery Area
2571,RAZORBACK,NSW,Delivery Area
2430,RED HEAD,NSW,Delivery Area
2347,RED HILL,NSW,Delivery Area
2720,RED HILL,NSW,Delivery Area
2824,RED HILL,NSW,Delivery Area
2370,RED RANGE,NSW,Delivery Area
2456,RED ROCK,NSW,Delivery Area
2577,RED ROCKS,NSW,Delivery Area
2446,REDBANK,NSW,Delivery Area
2330,REDBOURNBERRY,NSW,Delivery Area
2370,REDDESTONE,NSW,Delivery Area
2016,REDFERN,NSW,Delivery Area
2290,REDHEAD,NSW,Delivery Area
2646,REDLANDS,NSW,Delivery Area
2330,REEDY CREEK,NSW,Delivery Area
2550,REEDY SWAMP,NSW,Delivery Area
2666,REEFTON,NSW,Delivery Area
2143,REGENTS PARK,NSW,Delivery Area
2745,REGENTVILLE,NSW,Delivery Area
2586,REIDS FLAT,NSW,Delivery Area
2622,REIDSDALE,NSW,Delivery Area
2646,RENNIE,NSW,Delivery Area
2722,RENO,NSW,Delivery Area
2575,RENWICK,NSW,Delivery Area
2480,REPENTANCE CREEK,NSW,Delivery Area
2454,REPTON,NSW,Delivery Area
2484,RESERVE CREEK,NSW,Delivery Area
2355,RETREAT,NSW,Delivery Area
2212,REVESBY,NSW,Delivery Area
2212,REVESBY HEIGHTS,NSW,Delivery Area
2212,REVESBY NORTH,NSW,Delivery Area
2630,RHINE FALLS,NSW,Delivery Area
2138,RHODES,NSW,Delivery Area
2765,RICHARDS,NSW,Delivery Area
2580,RICHLANDS,NSW,Delivery Area
2753,RICHMOND,NSW,Delivery Area
2480,RICHMOND HILL,NSW,Delivery Area
2753,RICHMOND LOWLANDS,NSW,Delivery Area
2323,RICHMOND VALE,NSW,Delivery Area
2472,RILEYS HILL,NSW,Delivery Area
2646,RINGWOOD,NSW,Delivery Area
2678,RIVERINA MC,NSW,Delivery Area
2850,RIVERLEA,NSW,Delivery Area
2444,RIVERSIDE,NSW,Delivery Area
2765,RIVERSTONE,NSW,Delivery Area
2372,RIVERTREE,NSW,Delivery Area
2066,RIVERVIEW,NSW,Delivery Area
2210,RIVERWOOD,NSW,Delivery Area
2330,RIXS CREEK,NSW,Delivery Area
2360,ROB ROY,NSW,Delivery Area
2577,ROBERTSON,NSW,Delivery Area
2795,ROBIN HILL,NSW,Delivery Area
2630,ROCK FLAT,NSW,Delivery Area
2795,ROCK FOREST,NSW,Delivery Area
2480,ROCK VALLEY,NSW,Delivery Area
2216,ROCKDALE,NSW,Delivery Area
2216,ROCKDALE DC,NSW,Delivery Area
2795,ROCKLEY,NSW,Delivery Area
2795,ROCKLEY MOUNT,NSW,Delivery Area
2632,ROCKTON,NSW,Delivery Area
2371,ROCKY CREEK,NSW,Delivery Area
2390,ROCKY CREEK,NSW,Delivery Area
2357,ROCKY GLEN,NSW,Delivery Area
2550,ROCKY HALL,NSW,Delivery Area
2628,ROCKY PLAIN,NSW,Delivery Area
2259,ROCKY POINT,NSW,Delivery Area
2358,ROCKY RIVER,NSW,Delivery Area
2372,ROCKY RIVER,NSW,Delivery Area
2046,RODD POINT,NSW,Delivery Area
2441,ROLLANDS PLAINS,NSW,Delivery Area
2422,ROOKHURST,NSW,Delivery Area
2141,ROOKWOOD,NSW,Delivery Area
2766,ROOTY HILL,NSW,Delivery Area
2395,ROPERS ROAD,NSW,Delivery Area
2760,ROPES CROSSING,NSW,Delivery Area
2029,ROSE BAY,NSW,Delivery Area
2030,ROSE BAY NORTH,NSW,Delivery Area
2534,ROSE VALLEY,NSW,Delivery Area
2630,ROSE VALLEY,NSW,Delivery Area
2480,ROSEBANK,NSW,Delivery Area
2793,ROSEBERG,NSW,Delivery Area
2474,ROSEBERRY,NSW,Delivery Area
2474,ROSEBERRY CREEK,NSW,Delivery Area
1445,ROSEBERY,NSW,Post Office Boxes
2018,ROSEBERY,NSW,Delivery Area
2320,ROSEBROOK,NSW,Delivery Area
2536,ROSEDALE,NSW,Delivery Area
2142,ROSEHILL,NSW,Delivery Area
2196,ROSELANDS,NSW,Delivery Area
2560,ROSEMEADOW,NSW,Delivery Area
2632,ROSEMEATH,NSW,Delivery Area
2069,ROSEVILLE,NSW,Delivery Area
2069,ROSEVILLE CHASE,NSW,Delivery Area
2446,ROSEWOOD,NSW,Delivery Area
2652,ROSEWOOD,NSW,Delivery Area
2580,ROSLYN,NSW,Delivery Area
2439,ROSSGLEN,NSW,Delivery Area
2336,ROSSGOLE,NSW,Delivery Area
2621,ROSSI,NSW,Delivery Area
2557,ROSSMORE,NSW,Delivery Area
2320,ROTHBURY,NSW,Delivery Area
2675,ROTO,NSW,Delivery Area
2336,ROUCHEL,NSW,Delivery Area
2336,ROUCHEL BROOK,NSW,Delivery Area
2330,ROUGHIT,NSW,Delivery Area
2158,ROUND CORNER,NSW,Delivery Area
2484,ROUND MOUNTAIN,NSW,Delivery Area
2846,ROUND SWAMP,NSW,Delivery Area
2477,ROUS,NSW,Delivery Area
2477,ROUS MILL,NSW,Delivery Area
2155,ROUSE HILL,NSW,Delivery Area
2650,ROWAN,NSW,Delivery Area
2387,ROWENA,NSW,Delivery Area
2484,ROWLANDS CREEK,NSW,Delivery Area
1225,ROYAL EXCHANGE,NSW,Post Office Boxes
2065,ROYAL NORTH SHORE HOSPITAL,NSW,Delivery Area
2620,ROYALLA,NSW,Delivery Area
2039,ROZELLE,NSW,Delivery Area
4380,RUBY CREEK,NSW,Delivery Area
2648,RUFUS,NSW,Delivery Area
2583,RUGBY,NSW,Delivery Area
2474,RUKENVALE,NSW,Delivery Area
2580,RUN-O-WATERS,NSW,Delivery Area
2850,RUNNING STREAM,NSW,Delivery Area
2536,RUNNYFORD,NSW,Delivery Area
2560,RUSE,NSW,Delivery Area
2011,RUSHCUTTERS BAY,NSW,Delivery Area
2346,RUSHES CREEK,NSW,Delivery Area
2460,RUSHFORTH,NSW,Delivery Area
2046,RUSSELL LEA,NSW,Delivery Area
2517,RUSSELL VALE,NSW,Delivery Area
2320,RUTHERFORD,NSW,Delivery Area
2480,RUTHVEN,NSW,Delivery Area
2658,RYAN,NSW,Delivery Area
2790,RYDAL,NSW,Delivery Area
2116,RYDALMERE,NSW,Delivery Area
1680,RYDE,NSW,Post Office Boxes
2112,RYDE,NSW,Delivery Area
2586,RYE PARK,NSW,Delivery Area
2283,RYHOPE,NSW,Delivery Area
2849,RYLSTONE,NSW,Delivery Area
2756,SACKVILLE,NSW,Delivery Area
2756,SACKVILLE NORTH,NSW,Delivery Area
2533,SADDLEBACK MOUNTAIN,NSW,Delivery Area
2168,SADLEIR,NSW,Delivery Area
2456,SAFETY BEACH,NSW,Delivery Area
2317,SALAMANDER BAY,NSW,Delivery Area
2420,SALISBURY,NSW,Delivery Area
2358,SALISBURY PLAINS,NSW,Delivery Area
2850,SALLYS FLAT,NSW,Delivery Area
2318,SALT ASH,NSW,Delivery Area
2430,SALTWATER,NSW,Delivery Area
2650,SAN ISIDORE,NSW,Delivery Area
2262,SAN REMO,NSW,Delivery Area
2446,SANCROX,NSW,Delivery Area
2540,SANCTUARY POINT,NSW,Delivery Area
2428,SANDBAR,NSW,Delivery Area
2304,SANDGATE,NSW,Delivery Area
2700,SANDIGO,NSW,Delivery Area
2469,SANDILANDS,NSW,Delivery Area
2463,SANDON,NSW,Delivery Area
2219,SANDRINGHAM,NSW,Delivery Area
2456,SANDY BEACH,NSW,Delivery Area
2338,SANDY CREEK,NSW,Delivery Area
2835,SANDY CREEK,NSW,Delivery Area
2460,SANDY CROSSING,NSW,Delivery Area
2372,SANDY FLAT,NSW,Delivery Area
2729,SANDY GULLY,NSW,Delivery Area
2372,SANDY HILL,NSW,Delivery Area
2333,SANDY HOLLOW,NSW,Delivery Area
2172,SANDY POINT,NSW,Delivery Area
2646,SANGER,NSW,Delivery Area
2219,SANS SOUCI,NSW,Delivery Area
2360,SAPPHIRE,NSW,Delivery Area
2450,SAPPHIRE BEACH,NSW,Delivery Area
2251,SARATOGA,NSW,Delivery Area
2622,SASSAFRAS,NSW,Delivery Area
2350,SAUMAREZ,NSW,Delivery Area
2350,SAUMAREZ PONDS,NSW,Delivery Area
2646,SAVERNAKE,NSW,Delivery Area
2474,SAWPIT CREEK,NSW,Delivery Area
2452,SAWTELL,NSW,Delivery Area
2326,SAWYERS GULLY,NSW,Delivery Area
2515,SCARBOROUGH,NSW,Delivery Area
2756,SCHEYVILLE,NSW,Delivery Area
2762,SCHOFIELDS,NSW,Delivery Area
2337,SCONE,NSW,Delivery Area
2648,SCOTIA,NSW,Delivery Area
2105,SCOTLAND ISLAND,NSW,Delivery Area
2338,SCOTTS CREEK,NSW,Delivery Area
2330,SCOTTS FLAT,NSW,Delivery Area
2447,SCOTTS HEAD,NSW,Delivery Area
2092,SEAFORTH,NSW,Delivery Area
2324,SEAHAM,NSW,Delivery Area
2286,SEAHAMPTON,NSW,Delivery Area
2423,SEAL ROCKS,NSW,Delivery Area
2666,SEBASTOPOL,NSW,Delivery Area
2330,SEDGEFIELD,NSW,Delivery Area
2460,SEELANDS,NSW,Delivery Area
2162,SEFTON,NSW,Delivery Area
2337,SEGENHOE,NSW,Delivery Area
2444,SETTLEMENT CITY,NSW,Delivery Area
1730,SEVEN HILLS,NSW,Post Office Boxes
2147,SEVEN HILLS,NSW,Delivery Area
2147,SEVEN HILLS WEST,NSW,Delivery Area
2440,SEVEN OAKS,NSW,Delivery Area
2470,SEXTONVILLE,NSW,Delivery Area
2800,SHADFORTH,NSW,Delivery Area
2428,SHALLOW BAY,NSW,Delivery Area
2770,SHALVEY,NSW,Delivery Area
2747,SHANE PARK,NSW,Delivery Area
2747,SHANES PARK,NSW,Delivery Area
2470,SHANNON BROOK,NSW,Delivery Area
2370,SHANNON VALE,NSW,Delivery Area
2460,SHANNONDALE,NSW,Delivery Area
2630,SHANNONS FLAT,NSW,Delivery Area
2463,SHARK CREEK,NSW,Delivery Area
2729,SHARPS CREEK,NSW,Delivery Area
2790,SHEEDYS GULLY,NSW,Delivery Area
2529,SHELL COVE,NSW,Delivery Area
2529,SHELLHARBOUR,NSW,Delivery Area
2529,SHELLHARBOUR CITY CENTRE,NSW,Delivery Area
2261,SHELLY BEACH,NSW,Delivery Area
2440,SHERWOOD,NSW,Delivery Area
2450,SHERWOOD,NSW,Delivery Area
2474,SHERWOOD,NSW,Delivery Area
2315,SHOAL BAY,NSW,Delivery Area
2535,SHOALHAVEN HEADS,NSW,Delivery Area
2787,SHOOTERS HILL,NSW,Delivery Area
2307,SHORTLAND,NSW,Delivery Area
2372,SILENT GROVE,NSW,Delivery Area
2752,SILVERDALE,NSW,Delivery Area
2880,SILVERTON,NSW,Delivery Area
2128,SILVERWATER,NSW,Delivery Area
2264,SILVERWATER,NSW,Delivery Area
2469,SIMPKINS CREEK,NSW,Delivery Area
2330,SINGLETON,NSW,Delivery Area
2330,SINGLETON DC,NSW,Delivery Area
2330,SINGLETON HEIGHTS,NSW,Delivery Area
2775,SINGLETONS MILL,NSW,Delivery Area
2469,SIX MILE SWAMP,NSW,Delivery Area
2478,SKENNARS HEAD,NSW,Delivery Area
2440,SKILLION FLAT,NSW,Delivery Area
2481,SKINNERS SHOOT,NSW,Delivery Area
2483,SLEEPY HOLLOW,NSW,Delivery Area
2567,SMEATON GRANGE,NSW,Delivery Area
2624,SMIGGIN HOLES,NSW,Delivery Area
2164,SMITHFIELD,NSW,Delivery Area
2164,SMITHFIELD WEST,NSW,Delivery Area
2460,SMITHS CREEK,NSW,Delivery Area
2474,SMITHS CREEK,NSW,Delivery Area
2484,SMITHS CREEK,NSW,Delivery Area
2428,SMITHS LAKE,NSW,Delivery Area
2440,SMITHTOWN,NSW,Delivery Area
2824,SNAKES PLAIN,NSW,Delivery Area
2622,SNOWBALL,NSW,Delivery Area
2628,SNOWY PLAIN,NSW,Delivery Area
2790,SODWALLS,NSW,Delivery Area
2795,SOFALA,NSW,Delivery Area
2317,SOLDIERS POINT,NSW,Delivery Area
2250,SOMERSBY,NSW,Delivery Area
2340,SOMERTON,NSW,Delivery Area
2640,SOUTH ALBURY,NSW,Delivery Area
2449,SOUTH ARM,NSW,Delivery Area
2460,SOUTH ARM,NSW,Delivery Area
2478,SOUTH BALLINA,NSW,Delivery Area
2795,SOUTH BATHURST,NSW,Delivery Area
2790,SOUTH BOWENFELS,NSW,Delivery Area
2880,SOUTH BROKEN HILL,NSW,Delivery Area
2034,SOUTH COOGEE,NSW,Delivery Area
2536,SOUTH DURRAS,NSW,Delivery Area
2473,SOUTH EVANS HEAD,NSW,Delivery Area
2483,SOUTH GOLDEN BEACH,NSW,Delivery Area
2460,SOUTH GRAFTON,NSW,Delivery Area
2142,SOUTH GRANVILLE,NSW,Delivery Area
2722,SOUTH GUNDAGAI,NSW,Delivery Area
2480,SOUTH GUNDURIMBA,NSW,Delivery Area
2365,SOUTH GUYRA,NSW,Delivery Area
2221,SOUTH HURSTVILLE,NSW,Delivery Area
2440,SOUTH KEMPSEY,NSW,Delivery Area
2480,SOUTH LISMORE,NSW,Delivery Area
2790,SOUTH LITTLETON,NSW,Delivery Area
2320,SOUTH MAITLAND,NSW,Delivery Area
2756,SOUTH MAROOTA,NSW,Delivery Area
2484,SOUTH MURWILLUMBAH,NSW,Delivery Area
2541,SOUTH NOWRA,NSW,Delivery Area
2549,SOUTH PAMBULA,NSW,Delivery Area
2750,SOUTH PENRITH,NSW,Delivery Area
2340,SOUTH TAMWORTH,NSW,Delivery Area
2074,SOUTH TURRAMURRA,NSW,Delivery Area
2145,SOUTH WENTWORTHVILLE,NSW,Delivery Area
2431,SOUTH WEST ROCKS,NSW,Delivery Area
2756,SOUTH WINDSOR,NSW,Delivery Area
2550,SOUTH WOLUMLA,NSW,Delivery Area
2460,SOUTHAMPTON,NSW,Delivery Area
2460,SOUTHGATE,NSW,Delivery Area
2284,SPEERS POINT,NSW,Delivery Area
2735,SPEEWA,NSW,Delivery Area
2775,SPENCER,NSW,Delivery Area
2820,SPICERS CREEK,NSW,Delivery Area
2454,SPICKETTS CREEK,NSW,Delivery Area
2088,SPIT JUNCTION,NSW,Delivery Area
2640,SPLITTERS CREEK,NSW,Delivery Area
2800,SPRING CREEK,NSW,Delivery Area
2570,SPRING FARM,NSW,Delivery Area
2850,SPRING FLAT,NSW,Delivery Area
2470,SPRING GROVE,NSW,Delivery Area
2500,SPRING HILL,NSW,Delivery Area
2800,SPRING HILL,NSW,Delivery Area
2370,SPRING MOUNTAIN,NSW,Delivery Area
2388,SPRING PLAINS,NSW,Delivery Area
2343,SPRING RIDGE,NSW,Delivery Area
2798,SPRING TERRACE,NSW,Delivery Area
2666,SPRINGDALE,NSW,Delivery Area
2641,SPRINGDALE HEIGHTS,NSW,Delivery Area
2250,SPRINGFIELD,NSW,Delivery Area
2630,SPRINGFIELD,NSW,Delivery Area
2618,SPRINGRANGE,NSW,Delivery Area
2800,SPRINGSIDE,NSW,Delivery Area
2650,SPRINGVALE,NSW,Delivery Area
2777,SPRINGWOOD,NSW,Delivery Area
2775,ST ALBANS,NSW,Delivery Area
2566,ST ANDREWS,NSW,Delivery Area
2330,ST CLAIR,NSW,Delivery Area
2759,ST CLAIR,NSW,Delivery Area
2850,ST FILLANS,NSW,Delivery Area
2622,ST GEORGE,NSW,Delivery Area
2540,ST GEORGES BASIN,NSW,Delivery Area
2560,ST HELENS PARK,NSW,Delivery Area
2257,ST HUBERTS ISLAND,NSW,Delivery Area
2075,ST IVES,NSW,Delivery Area
2075,ST IVES CHASE,NSW,Delivery Area
2176,ST JOHNS PARK,NSW,Delivery Area
1590,ST LEONARDS,NSW,Post Office Boxes
2065,ST LEONARDS,NSW,Delivery Area
1790,ST MARYS,NSW,Post Office Boxes
2760,ST MARYS,NSW,Delivery Area
2760,ST MARYS EAST,NSW,Delivery Area
2760,ST MARYS SOUTH,NSW,Delivery Area
2031,ST PAULS,NSW,Delivery Area
2044,ST PETERS,NSW,Delivery Area
2360,STANBOROUGH,NSW,Delivery Area
2705,STANBRIDGE,NSW,Delivery Area
2327,STANFORD MERTHYR,NSW,Delivery Area
2335,STANHOPE,NSW,Delivery Area
2768,STANHOPE GARDENS,NSW,Delivery Area
2048,STANMORE,NSW,Delivery Area
2369,STANNIFER,NSW,Delivery Area
2371,STANNUM,NSW,Delivery Area
2508,STANWELL PARK,NSW,Delivery Area
2508,STANWELL TOPS,NSW,Delivery Area
2790,STATE MINE GULLY,NSW,Delivery Area
2710,STEAM PLAINS,NSW,Delivery Area
2631,STEEPLE FLAT,NSW,Delivery Area
2337,STEWARTS BROOK,NSW,Delivery Area
2795,STEWARTS MOUNT,NSW,Delivery Area
2443,STEWARTS RIVER,NSW,Delivery Area
2725,STOCKINBINGAL,NSW,Delivery Area
2322,STOCKRINGTON,NSW,Delivery Area
2295,STOCKTON,NSW,Delivery Area
2460,STOCKYARD CREEK,NSW,Delivery Area
2484,STOKERS SIDING,NSW,Delivery Area
2370,STONEHENGE,NSW,Delivery Area
2580,STONEQUARRY,NSW,Delivery Area
2480,STONY CHUTE,NSW,Delivery Area
2550,STONY CREEK,NSW,Delivery Area
2850,STONY CREEK,NSW,Delivery Area
2734,STONY CROSSING,NSW,Delivery Area
2487,STOTTS CREEK,NSW,Delivery Area
2422,STRATFORD,NSW,Delivery Area
2429,STRATHCEDAR,NSW,Delivery Area
2470,STRATHEDEN,NSW,Delivery Area
2135,STRATHFIELD,NSW,Delivery Area
2136,STRATHFIELD SOUTH,NSW,Delivery Area
2012,STRAWBERRY HILLS,NSW,Post Office Boxes
2526,STREAM HILL,NSW,Delivery Area
2425,STROUD,NSW,Delivery Area
2420,STROUD HILL,NSW,Delivery Area
2415,STROUD ROAD,NSW,Delivery Area
2820,STUART TOWN,NSW,Delivery Area
2441,STUARTS POINT,NSW,Delivery Area
2852,STUBBO,NSW,Delivery Area
2710,STUD PARK,NSW,Delivery Area
2481,SUFFOLK PARK,NSW,Delivery Area
2420,SUGARLOAF,NSW,Delivery Area
2130,SUMMER HILL,NSW,Delivery Area
2421,SUMMER HILL,NSW,Delivery Area
2800,SUMMER HILL CREEK,NSW,Delivery Area
2440,SUMMER ISLAND,NSW,Delivery Area
2259,SUMMERLAND POINT,NSW,Delivery Area
2777,SUN VALLEY,NSW,Delivery Area
2795,SUNNY CORNER,NSW,Delivery Area
2879,SUNSET STRIP,NSW,Delivery Area
2264,SUNSHINE,NSW,Delivery Area
2536,SUNSHINE BAY,NSW,Delivery Area
2820,SUNTOP,NSW,Delivery Area
2536,SURF BEACH,NSW,Delivery Area
2536,SURFSIDE,NSW,Delivery Area
2010,SURRY HILLS,NSW,Delivery Area
2540,SUSSEX INLET,NSW,Delivery Area
1499,SUTHERLAND,NSW,Post Office Boxes
2232,SUTHERLAND,NSW,Delivery Area
2620,SUTTON,NSW,Delivery Area
2577,SUTTON FOREST,NSW,Delivery Area
2324,SWAN BAY,NSW,Delivery Area
2471,SWAN BAY,NSW,Delivery Area
2462,SWAN CREEK,NSW,Delivery Area
2370,SWAN VALE,NSW,Delivery Area
2360,SWANBROOK,NSW,Delivery Area
2540,SWANHAVEN,NSW,Delivery Area
2439,SWANS CROSSING,NSW,Delivery Area
2281,SWANSEA,NSW,Delivery Area
2281,SWANSEA HEADS,NSW,Delivery Area
2325,SWEETMANS CREEK,NSW,Delivery Area
2044,SYDENHAM,NSW,Delivery Area
2000,SYDNEY,NSW,Delivery Area
2001,SYDNEY,NSW,Post Office Boxes
2020,SYDNEY DOMESTIC AIRPORT,NSW,Delivery Area
2020,SYDNEY INTERNATIONAL AIRPORT,NSW,Delivery Area
2129,SYDNEY MARKETS,NSW,Post Office Boxes
2127,SYDNEY OLYMPIC PARK,NSW,Delivery Area
1235,SYDNEY SOUTH,NSW,Post Office Boxes
2000,SYDNEY SOUTH,NSW,Delivery Area
2224,SYLVANIA,NSW,Delivery Area
2224,SYLVANIA SOUTHGATE,NSW,Delivery Area
2224,SYLVANIA WATERS,NSW,Delivery Area
2420,TABBIL CREEK,NSW,Delivery Area
2472,TABBIMOBLE,NSW,Delivery Area
2652,TABBITA,NSW,Delivery Area
2640,TABLE TOP,NSW,Delivery Area
2469,TABULAM,NSW,Delivery Area
2259,TACOMA,NSW,Delivery Area
2259,TACOMA SOUTH,NSW,Delivery Area
2324,TAHLEE,NSW,Delivery Area
2573,TAHMOOR,NSW,Delivery Area
2447,TALARM,NSW,Delivery Area
2839,TALAWANTA,NSW,Delivery Area
2720,TALBINGO,NSW,Delivery Area
2852,TALLAWANG,NSW,Delivery Area
2762,TALLAWONG,NSW,Delivery Area
2669,TALLIMBA,NSW,Delivery Area
2579,TALLONG,NSW,Delivery Area
2540,TALLOWAL,NSW,Delivery Area
2453,TALLOWWOOD RIDGE,NSW,Delivery Area
2798,TALLWOOD,NSW,Delivery Area
2430,TALLWOODS VILLAGE,NSW,Delivery Area
2640,TALMALMO,NSW,Delivery Area
2481,TALOFA,NSW,Delivery Area
2463,TALOUMBI,NSW,Delivery Area
2026,TAMARAMA,NSW,Delivery Area
2441,TAMBAN,NSW,Delivery Area
2381,TAMBAR SPRINGS,NSW,Delivery Area
2850,TAMBAROORA,NSW,Delivery Area
2340,TAMINDA,NSW,Delivery Area
2340,TAMWORTH,NSW,Delivery Area
2488,TANGLEWOOD,NSW,Delivery Area
2319,TANILBA BAY,NSW,Delivery Area
2550,TANJA,NSW,Delivery Area
2795,TANNAS MOUNT,NSW,Delivery Area
2629,TANTANGARA,NSW,Delivery Area
2550,TANTAWANGALO,NSW,Delivery Area
2731,TANTONAN,NSW,Delivery Area
2540,TAPITALLEE,NSW,Delivery Area
2665,TARA,NSW,Delivery Area
2653,TARADALE,NSW,Delivery Area
2580,TARAGO,NSW,Delivery Area
2580,TARALGA,NSW,Delivery Area
2787,TARANA,NSW,Delivery Area
2372,TARBAN,NSW,Delivery Area
2428,TARBUCK BAY,NSW,Delivery Area
2652,TARCUTTA,NSW,Delivery Area
2430,TAREE,NSW,Delivery Area
2430,TAREE DC,NSW,Delivery Area
2430,TAREE SOUTH,NSW,Delivery Area
2229,TAREN POINT,NSW,Delivery Area
2580,TARLO,NSW,Delivery Area
2550,TARRAGANDA,NSW,Delivery Area
2518,TARRAWANNA,NSW,Delivery Area
2390,TARRIARO,NSW,Delivery Area
2322,TARRO,NSW,Delivery Area
2250,TASCOTT,NSW,Delivery Area
2471,TATHAM,NSW,Delivery Area
2550,TATHRA,NSW,Delivery Area
2650,TATTON,NSW,Delivery Area
2447,TAYLORS ARM,NSW,Delivery Area
2316,TAYLORS BEACH,NSW,Delivery Area
2586,TAYLORS FLAT,NSW,Delivery Area
2324,TEA GARDENS,NSW,Delivery Area
2320,TELARAH,NSW,Delivery Area
2441,TELEGRAPH POINT,NSW,Delivery Area
2117,TELOPEA,NSW,Delivery Area
2440,TEMAGOG,NSW,Delivery Area
2666,TEMORA,NSW,Delivery Area
2044,TEMPE,NSW,Delivery Area
2250,TEN MILE HOLLOW,NSW,Delivery Area
2323,TENAMBIT,NSW,Delivery Area
2824,TENANDRA,NSW,Delivery Area
2754,TENNYSON,NSW,Delivery Area
2111,TENNYSON POINT,NSW,Delivery Area
2365,TENTERDEN,NSW,Delivery Area
2372,TENTERFIELD,NSW,Delivery Area
2284,TERALBA,NSW,Delivery Area
2480,TERANIA CREEK,NSW,Delivery Area
2540,TERARA,NSW,Delivery Area
2829,TERIDGERIE,NSW,Delivery Area
2539,TERMEIL,NSW,Delivery Area
2818,TERRABELLA,NSW,Delivery Area
2474,TERRACE CREEK,NSW,Delivery Area
2484,TERRAGON,NSW,Delivery Area
2830,TERRAMUNGAMINE,NSW,Delivery Area
2486,TERRANORA,NSW,Delivery Area
2422,TERREEL,NSW,Delivery Area
2084,TERREY HILLS,NSW,Delivery Area
2260,TERRIGAL,NSW,Delivery Area
2400,TERRY HIE HIE,NSW,Delivery Area
2478,TEVEN,NSW,Delivery Area
2449,TEWINGA,NSW,Delivery Area
4385,TEXAS,NSW,Delivery Area
2350,THALGARRAH,NSW,Delivery Area
2680,THARBOGANG,NSW,Delivery Area
2620,THE ANGLE,NSW,Delivery Area
2365,THE BASIN,NSW,Delivery Area
2429,THE BIGHT,NSW,Delivery Area
2425,THE BRANCH,NSW,Delivery Area
2630,THE BROTHERS,NSW,Delivery Area
2480,THE CHANNON,NSW,Delivery Area
2758,THE DEVILS WILDERNESS,NSW,Delivery Area
2261,THE ENTRANCE,NSW,Delivery Area
2261,THE ENTRANCE NORTH,NSW,Delivery Area
2466,THE FRESHWATER,NSW,Delivery Area
2472,THE GAP,NSW,Delivery Area
2650,THE GAP,NSW,Delivery Area
2476,THE GLEN,NSW,Delivery Area
2365,THE GULF,NSW,Delivery Area
2444,THE HATCH,NSW,Delivery Area
2300,THE HILL,NSW,Delivery Area
2291,THE JUNCTION,NSW,Delivery Area
2795,THE LAGOON,NSW,Delivery Area
2831,THE MARRA,NSW,Delivery Area
2787,THE MEADOWS,NSW,Delivery Area
2570,THE OAKS,NSW,Delivery Area
2388,THE PILLIGA,NSW,Delivery Area
2460,THE PINNACLES,NSW,Delivery Area
2483,THE POCKET,NSW,Delivery Area
2769,THE PONDS,NSW,Delivery Area
2620,THE RIDGEWAY,NSW,Delivery Area
2474,THE RISK,NSW,Delivery Area
2655,THE ROCK,NSW,Delivery Area
2000,THE ROCKS,NSW,Delivery Area
2795,THE ROCKS,NSW,Delivery Area
2463,THE SANDON,NSW,Delivery Area
2754,THE SLOPES,NSW,Delivery Area
2006,THE UNIVERSITY OF SYDNEY,NSW,Post Office Boxes
2460,THE WHITEMAN,NSW,Delivery Area
2469,THERESA CREEK,NSW,Delivery Area
2570,THERESA PARK,NSW,Delivery Area
2347,THIRLDENE,NSW,Delivery Area
2572,THIRLMERE,NSW,Delivery Area
2515,THIRROUL,NSW,Delivery Area
2454,THORA,NSW,Delivery Area
2120,THORNLEIGH,NSW,Delivery Area
2322,THORNTON,NSW,Delivery Area
2625,THREDBO,NSW,Delivery Area
2444,THRUMSTER,NSW,Delivery Area
2594,THUDDUNGRA,NSW,Delivery Area
2732,THULE,NSW,Delivery Area
2447,THUMB CREEK,NSW,Delivery Area
2640,THURGOONA,NSW,Delivery Area
2731,THYRA,NSW,Delivery Area
2622,TIANJARA,NSW,Delivery Area
2422,TIBBUC,NSW,Delivery Area
2880,TIBOOBURRA,NSW,Delivery Area
2870,TICHBORNE,NSW,Delivery Area
2850,TICHULAR,NSW,Delivery Area
2297,TIGHES HILL,NSW,Delivery Area
2546,TILBA TILBA,NSW,Delivery Area
2350,TILBUSTER,NSW,Delivery Area
2319,TILLIGERRY CREEK,NSW,Delivery Area
2840,TILPA,NSW,Delivery Area
2372,TIMBARRA,NSW,Delivery Area
2551,TIMBILLICA,NSW,Delivery Area
2340,TIMBUMBURI,NSW,Delivery Area
2338,TIMOR,NSW,Delivery Area
2835,TINDAREY,NSW,Delivery Area
2620,TINDERRY,NSW,Delivery Area
2369,TINGHA,NSW,Delivery Area
2290,TINGIRA HEIGHTS,NSW,Delivery Area
2430,TINONEE,NSW,Delivery Area
2546,TINPOT,NSW,Delivery Area
2478,TINTENBAR,NSW,Delivery Area
2352,TINTINHULL,NSW,Delivery Area
2428,TIONA,NSW,Delivery Area
2429,TIPPERARY,NSW,Delivery Area
2424,TIRI,NSW,Delivery Area
2580,TIRRANNAVILLE,NSW,Delivery Area
2422,TITAATEE CREEK,NSW,Delivery Area
2421,TOCAL,NSW,Delivery Area
2714,TOCUMWAL,NSW,Delivery Area
2629,TOLBAR,NSW,Delivery Area
2650,TOLLAND,NSW,Delivery Area
2622,TOLWONG,NSW,Delivery Area
2322,TOMAGO,NSW,Delivery Area
2537,TOMAKIN,NSW,Delivery Area
2337,TOMALLA,NSW,Delivery Area
2633,TOMBONG,NSW,Delivery Area
2622,TOMBOYE,NSW,Delivery Area
2540,TOMERONG,NSW,Delivery Area
2484,TOMEWIN,NSW,Delivery Area
2869,TOMINGLEY,NSW,Delivery Area
2470,TOMKI,NSW,Delivery Area
2446,TOMS CREEK,NSW,Delivery Area
2817,TONDERBURINE,NSW,Delivery Area
2527,TONGARRA,NSW,Delivery Area
2864,TOOGONG,NSW,Delivery Area
2736,TOOLEYBUC,NSW,Delivery Area
2534,TOOLIJOOA,NSW,Delivery Area
2475,TOOLOOM,NSW,Delivery Area
2829,TOOLOON,NSW,Delivery Area
2642,TOOMA,NSW,Delivery Area
2146,TOONGABBIE,NSW,Delivery Area
2146,TOONGABBIE EAST,NSW,Delivery Area
2830,TOONGI,NSW,Delivery Area
2474,TOONUMBAR,NSW,Delivery Area
2734,TOORANIE,NSW,Delivery Area
2817,TOORAWEENAH,NSW,Delivery Area
2452,TOORMINA,NSW,Delivery Area
2440,TOOROOKA,NSW,Delivery Area
2550,TOOTHDALE,NSW,Delivery Area
2655,TOOTOOL,NSW,Delivery Area
2261,TOOWOON BAY,NSW,Delivery Area
2423,TOPI TOPI,NSW,Delivery Area
2283,TORONTO,NSW,Delivery Area
2371,TORRINGTON,NSW,Delivery Area
2358,TORRYBURN,NSW,Delivery Area
2421,TORRYBURN,NSW,Delivery Area
2850,TOTNES VALLEY,NSW,Delivery Area
2873,TOTTENHAM,NSW,Delivery Area
2622,TOUGA,NSW,Delivery Area
2263,TOUKLEY,NSW,Delivery Area
2460,TOWALLUM,NSW,Delivery Area
2550,TOWAMBA,NSW,Delivery Area
2463,TOWNSEND,NSW,Delivery Area
2518,TOWRADGI,NSW,Delivery Area
2580,TOWRANG,NSW,Delivery Area
2620,TRALEE,NSW,Delivery Area
2823,TRANGIE,NSW,Delivery Area
2480,TREGEAGLE,NSW,Delivery Area
2770,TREGEAR,NSW,Delivery Area
2460,TRENAYR,NSW,Delivery Area
2738,TRENTHAM CLIFFS,NSW,Delivery Area
2869,TREWILGA,NSW,Delivery Area
2850,TRIAMBLE,NSW,Delivery Area
2795,TRIANGLE FLAT,NSW,Delivery Area
2875,TRUNDLE,NSW,Delivery Area
2666,TRUNGLEY HALL,NSW,Delivery Area
2795,TRUNKEY CREEK,NSW,Delivery Area
2472,TRUSTUMS HILL,NSW,Delivery Area
2365,TUBBAMURRA,NSW,Delivery Area
2594,TUBBUL,NSW,Delivery Area
2462,TUCABIA,NSW,Delivery Area
2480,TUCKI TUCKI,NSW,Delivery Area
2477,TUCKOMBIL,NSW,Delivery Area
2480,TUCKURIMBA,NSW,Delivery Area
2583,TUENA,NSW,Delivery Area
2259,TUGGERAH,NSW,Delivery Area
2259,TUGGERAWONG,NSW,Delivery Area
2422,TUGRABAKH,NSW,Delivery Area
2732,TULLAKOOL,NSW,Delivery Area
2874,TULLAMORE,NSW,Delivery Area
2540,TULLARWALLA,NSW,Delivery Area
2480,TULLERA,NSW,Delivery Area
2669,TULLIBIGEAL,NSW,Delivery Area
2527,TULLIMBAR,NSW,Delivery Area
2400,TULLOONA,NSW,Delivery Area
2463,TULLYMORGAN,NSW,Delivery Area
2653,TUMBARUMBA,NSW,Delivery Area
2261,TUMBI UMBI,NSW,Delivery Area
2729,TUMBLONG,NSW,Delivery Area
2490,TUMBULGUM,NSW,Delivery Area
2720,TUMORRAMA,NSW,Delivery Area
2720,TUMUT,NSW,Delivery Area
2720,TUMUT PLAINS,NSW,Delivery Area
2480,TUNCESTER,NSW,Delivery Area
2428,TUNCURRY,NSW,Delivery Area
2469,TUNGLEBUNG,NSW,Delivery Area
2480,TUNTABLE CREEK,NSW,Delivery Area
2714,TUPPAL,NSW,Delivery Area
2548,TURA BEACH,NSW,Delivery Area
2850,TURILL,NSW,Delivery Area
2537,TURLINJAH,NSW,Delivery Area
2440,TURNERS FLAT,NSW,Delivery Area
2795,TURONDALE,NSW,Delivery Area
2630,TUROSS,NSW,Delivery Area
2537,TUROSS HEAD,NSW,Delivery Area
2074,TURRAMURRA,NSW,Delivery Area
2390,TURRAWAN,NSW,Delivery Area
2205,TURRELLA,NSW,Delivery Area
2650,TURVEY PARK,NSW,Delivery Area
2485,TWEED HEADS,NSW,Delivery Area
2486,TWEED HEADS SOUTH,NSW,Delivery Area
2485,TWEED HEADS WEST,NSW,Delivery Area
2850,TWELVE MILE,NSW,Delivery Area
2324,TWELVE MILE CREEK,NSW,Delivery Area
2540,TWELVE MILE PEG,NSW,Delivery Area
2795,TWENTY FORESTS,NSW,Delivery Area
2410,TWIN RIVERS,NSW,Delivery Area
2852,TWO MILE FLAT,NSW,Delivery Area
2481,TYAGARAH,NSW,Delivery Area
2484,TYALGUM,NSW,Delivery Area
2484,TYALGUM CREEK,NSW,Delivery Area
2484,TYGALGAH,NSW,Delivery Area
2460,TYNDALE,NSW,Delivery Area
2453,TYRINGHAM,NSW,Delivery Area
2329,UARBRY,NSW,Delivery Area
2484,UKI,NSW,Delivery Area
2357,ULAMAMBRI,NSW,Delivery Area
2850,ULAN,NSW,Delivery Area
2539,ULLADULLA,NSW,Delivery Area
2850,ULLAMALLA,NSW,Delivery Area
2462,ULMARRA,NSW,Delivery Area
2450,ULONG,NSW,Delivery Area
2232,ULOOLA,NSW,Delivery Area
2007,ULTIMO,NSW,Delivery Area
2257,UMINA BEACH,NSW,Delivery Area
2526,UNANDERRA,NSW,Delivery Area
2420,UNDERBANK,NSW,Delivery Area
4380,UNDERCLIFFE,NSW,Delivery Area
2669,UNGARIE,NSW,Delivery Area
1466,UNSW SYDNEY,NSW,Post Office Boxes
2474,UNUMGAR,NSW,Delivery Area
2311,UPPER ALLYN,NSW,Delivery Area
2404,UPPER BINGARA,NSW,Delivery Area
2483,UPPER BURRINGBAR,NSW,Delivery Area
2849,UPPER BYLONG,NSW,Delivery Area
2756,UPPER COLO,NSW,Delivery Area
2482,UPPER COOPERS CREEK,NSW,Delivery Area
2460,UPPER COPMANHURST,NSW,Delivery Area
2456,UPPER CORINDI,NSW,Delivery Area
2484,UPPER CRYSTAL CREEK,NSW,Delivery Area
2336,UPPER DARTBROOK,NSW,Delivery Area
2469,UPPER DUCK CREEK,NSW,Delivery Area
2486,UPPER DUROBY,NSW,Delivery Area
2474,UPPER EDEN CREEK,NSW,Delivery Area
2460,UPPER FINE FLOWER,NSW,Delivery Area
2849,UPPER GROWEE,NSW,Delivery Area
2474,UPPER HORSESHOE CREEK,NSW,Delivery Area
2347,UPPER HORTON,NSW,Delivery Area
2577,UPPER KANGAROO RIVER,NSW,Delivery Area
2577,UPPER KANGAROO VALLEY,NSW,Delivery Area
2415,UPPER KARUAH RIVER,NSW,Delivery Area
2430,UPPER LANSDOWNE,NSW,Delivery Area
2775,UPPER MACDONALD,NSW,Delivery Area
2482,UPPER MAIN ARM,NSW,Delivery Area
2250,UPPER MANGROVE,NSW,Delivery Area
2346,UPPER MANILLA,NSW,Delivery Area
2470,UPPER MONGOGARIE,NSW,Delivery Area
2423,UPPER MYALL,NSW,Delivery Area
2849,UPPER NILE,NSW,Delivery Area
2450,UPPER ORARA,NSW,Delivery Area
2446,UPPER PAPPINBARRA,NSW,Delivery Area
2441,UPPER ROLLANDS PLAINS,NSW,Delivery Area
2336,UPPER ROUCHEL,NSW,Delivery Area
2447,UPPER TAYLORS ARM,NSW,Delivery Area
2475,UPPER TOOLOOM,NSW,Delivery Area
2795,UPPER TURON,NSW,Delivery Area
2482,UPPER WILSONS CREEK,NSW,Delivery Area
2439,UPSALLS CREEK,NSW,Delivery Area
2477,URALBA,NSW,Delivery Area
2358,URALLA,NSW,Delivery Area
2645,URANA,NSW,Delivery Area
2656,URANGELINE,NSW,Delivery Area
2656,URANGELINE EAST,NSW,Delivery Area
2652,URANQUINTY,NSW,Delivery Area
2829,URAWILKIE,NSW,Delivery Area
2475,URBENVILLE,NSW,Delivery Area
2611,URIARRA,NSW,Delivery Area
2620,URILA,NSW,Delivery Area
2484,URLIUP,NSW,Delivery Area
2455,URUNGA,NSW,Delivery Area
2447,UTUNGUN,NSW,Delivery Area
2421,VACY,NSW,Delivery Area
2790,VALE OF CLWYDD,NSW,Delivery Area
2280,VALENTINE,NSW,Delivery Area
2454,VALERY,NSW,Delivery Area
2448,VALLA,NSW,Delivery Area
2448,VALLA BEACH,NSW,Delivery Area
2777,VALLEY HEIGHTS,NSW,Delivery Area
2566,VARROVILLE,NSW,Delivery Area
2030,VAUCLUSE,NSW,Delivery Area
2440,VERGES CREEK,NSW,Delivery Area
2550,VERONA,NSW,Delivery Area
2163,VILLAWOOD,NSW,Delivery Area
2540,VINCENTIA,NSW,Delivery Area
2765,VINEYARD,NSW,Delivery Area
2423,VIOLET HILL,NSW,Delivery Area
2799,VITTORIA,NSW,Delivery Area
2172,VOYAGER POINT,NSW,Delivery Area
2259,WADALBA,NSW,Delivery Area
2546,WADBILLIGA,NSW,Delivery Area
2474,WADEVILLE,NSW,Delivery Area
2650,WAGGA WAGGA,NSW,Delivery Area
2650,WAGGA WAGGA BC,NSW,Delivery Area
2651,WAGGA WAGGA RAAF,NSW,Delivery Area
2257,WAGSTAFFE,NSW,Delivery Area
2076,WAHROONGA,NSW,Delivery Area
2077,WAITARA,NSW,Delivery Area
2443,WAITUI,NSW,Delivery Area
2278,WAKEFIELD,NSW,Delivery Area
2176,WAKELEY,NSW,Delivery Area
2710,WAKOOL,NSW,Delivery Area
2795,WALANG,NSW,Delivery Area
2642,WALBUNDRIE,NSW,Delivery Area
2354,WALCHA,NSW,Delivery Area
2354,WALCHA ROAD,NSW,Delivery Area
2800,WALDEGRAVE,NSW,Delivery Area
2832,WALGETT,NSW,Delivery Area
2343,WALHALLOW,NSW,Delivery Area
2659,WALLA WALLA,NSW,Delivery Area
2343,WALLABADAH,NSW,Delivery Area
2430,WALLABI POINT,NSW,Delivery Area
2650,WALLACETOWN,NSW,Delivery Area
2745,WALLACIA,NSW,Delivery Area
2546,WALLAGA LAKE,NSW,Delivery Area
2550,WALLAGOOT,NSW,Delivery Area
2320,WALLALONG,NSW,Delivery Area
2340,WALLAMORE,NSW,Delivery Area
2422,WALLANBAH,NSW,Delivery Area
2360,WALLANGRA,NSW,Delivery Area
2675,WALLANTHERY,NSW,Delivery Area
2259,WALLARAH,NSW,Delivery Area
2420,WALLARINGA,NSW,Delivery Area
2420,WALLAROBBA,NSW,Delivery Area
2618,WALLAROO,NSW,Delivery Area
2588,WALLENDBEEN,NSW,Delivery Area
2845,WALLERAWANG,NSW,Delivery Area
2665,WALLEROOBIE,NSW,Delivery Area
2428,WALLINGAT,NSW,Delivery Area
2428,WALLIS LAKE,NSW,Delivery Area
2287,WALLSEND,NSW,Delivery Area
2820,WALMER,NSW,Delivery Area
2537,WAMBAN,NSW,Delivery Area
2830,WAMBANGALANG,NSW,Delivery Area
2260,WAMBERAL,NSW,Delivery Area
2620,WAMBOIN,NSW,Delivery Area
2795,WAMBOOL,NSW,Delivery Area
2630,WAMBROOK,NSW,Delivery Area
2840,WANAARING,NSW,Delivery Area
2540,WANDANDIAN,NSW,Delivery Area
2550,WANDELLA,NSW,Delivery Area
2360,WANDERA,NSW,Delivery Area
2710,WANDOOK,NSW,Delivery Area
2365,WANDSWORTH,NSW,Delivery Area
2423,WANG WAUK,NSW,Delivery Area
2710,WANGANELLA,NSW,Delivery Area
2482,WANGANUI,NSW,Delivery Area
2267,WANGI WANGI,NSW,Delivery Area
2650,WANTABADGERY,NSW,Delivery Area
2644,WANTAGONG,NSW,Delivery Area
2663,WANTIOOL,NSW,Delivery Area
2550,WAPENGO,NSW,Delivery Area
2304,WARABROOK,NSW,Delivery Area
2298,WARATAH,NSW,Delivery Area
2298,WARATAH WEST,NSW,Delivery Area
2680,WARBURN,NSW,Delivery Area
2477,WARDELL,NSW,Delivery Area
2484,WARDROP VALLEY,NSW,Delivery Area
2350,WARDS MISTAKE,NSW,Delivery Area
2422,WARDS RIVER,NSW,Delivery Area
2046,WAREEMBA,NSW,Delivery Area
2402,WARIALDA,NSW,Delivery Area
2402,WARIALDA RAIL,NSW,Delivery Area
2528,WARILLA,NSW,Delivery Area
2330,WARKWORTH,NSW,Delivery Area
2282,WARNERS BAY,NSW,Delivery Area
2259,WARNERVALE,NSW,Delivery Area
2346,WARRABAH,NSW,Delivery Area
2810,WARRADERRY,NSW,Delivery Area
2460,WARRAGAI CREEK,NSW,Delivery Area
2752,WARRAGAMBA,NSW,Delivery Area
2710,WARRAGOON,NSW,Delivery Area
2339,WARRAH,NSW,Delivery Area
2339,WARRAH CREEK,NSW,Delivery Area
2343,WARRAH RIDGE,NSW,Delivery Area
2340,WARRAL,NSW,Delivery Area
2423,WARRANULLA,NSW,Delivery Area
2074,WARRAWEE,NSW,Delivery Area
2680,WARRAWIDGEE,NSW,Delivery Area
2502,WARRAWONG,NSW,Delivery Area
2474,WARRAZAMBIL CREEK,NSW,Delivery Area
2469,WARREGAH ISLAND,NSW,Delivery Area
2447,WARRELL CREEK,NSW,Delivery Area
2824,WARREN,NSW,Delivery Area
2622,WARRI,NSW,Delivery Area
2102,WARRIEWOOD,NSW,Delivery Area
2102,WARRIEWOOD SHOPPING SQUARE,NSW,Delivery Area
2774,WARRIMOO,NSW,Delivery Area
2100,WARRINGAH MALL,NSW,Delivery Area
2429,WARRIWILLAH,NSW,Delivery Area
2871,WARROO,NSW,Delivery Area
2828,WARRUMBUNGLE,NSW,Delivery Area
2232,WARUMBUL,NSW,Delivery Area
2170,WARWICK FARM,NSW,Delivery Area
2425,WASHPOOL,NSW,Delivery Area
2460,WASHPOOL,NSW,Delivery Area
2325,WATAGAN,NSW,Delivery Area
2259,WATANOBBI,NSW,Delivery Area
2233,WATERFALL,NSW,Delivery Area
2017,WATERLOO,NSW,Delivery Area
2017,WATERLOO DC,NSW,Delivery Area
2540,WATERSLEIGH,NSW,Delivery Area
2460,WATERVIEW,NSW,Delivery Area
2460,WATERVIEW HEIGHTS,NSW,Delivery Area
2030,WATSONS BAY,NSW,Delivery Area
2355,WATSONS CREEK,NSW,Delivery Area
2232,WATTAMOLLA,NSW,Delivery Area
2535,WATTAMOLLA,NSW,Delivery Area
2794,WATTAMONDARA,NSW,Delivery Area
2795,WATTLE FLAT,NSW,Delivery Area
2173,WATTLE GROVE,NSW,Delivery Area
2330,WATTLE PONDS,NSW,Delivery Area
2575,WATTLE RIDGE,NSW,Delivery Area
2795,WATTON,NSW,Delivery Area
2446,WAUCHOPE,NSW,Delivery Area
2711,WAUGORAH,NSW,Delivery Area
2422,WAUKIVORY,NSW,Delivery Area
2024,WAVERLEY,NSW,Delivery Area
2337,WAVERLY,NSW,Delivery Area
2060,WAVERTON,NSW,Delivery Area
2447,WAY WAY,NSW,Delivery Area
2580,WAYO,NSW,Delivery Area
2340,WEABONGA,NSW,Delivery Area
2382,WEAN,NSW,Delivery Area
2421,WEBBERS CREEK,NSW,Delivery Area
2775,WEBBS CREEK,NSW,Delivery Area
2560,WEDDERBURN,NSW,Delivery Area
2582,WEE JASPER,NSW,Delivery Area
2388,WEE WAA,NSW,Delivery Area
2594,WEEDALLION,NSW,Delivery Area
2406,WEEMELAH,NSW,Delivery Area
2395,WEETALIBA,NSW,Delivery Area
2669,WEETHALLE,NSW,Delivery Area
2839,WEILMORINGLE,NSW,Delivery Area
2415,WEISMANTELS,NSW,Delivery Area
2642,WELAREGANG,NSW,Delivery Area
2575,WELBY,NSW,Delivery Area
2370,WELLINGROVE,NSW,Delivery Area
2820,WELLINGTON,NSW,Delivery Area
2371,WELLINGTON VALE,NSW,Delivery Area
2460,WELLS CROSSING,NSW,Delivery Area
2250,WENDOREE PARK,NSW,Delivery Area
2648,WENTWORTH,NSW,Delivery Area
2782,WENTWORTH FALLS,NSW,Delivery Area
2127,WENTWORTH POINT,NSW,Delivery Area
2145,WENTWORTHVILLE,NSW,Delivery Area
2577,WERAI,NSW,Delivery Area
2720,WEREBOLDERA,NSW,Delivery Area
2720,WERMATONG,NSW,Delivery Area
2570,WEROMBI,NSW,Delivery Area
2534,WERRI BEACH,NSW,Delivery Area
2446,WERRIKIMBE,NSW,Delivery Area
2747,WERRINGTON,NSW,Delivery Area
2747,WERRINGTON COUNTY,NSW,Delivery Area
2747,WERRINGTON DOWNS,NSW,Delivery Area
2341,WERRIS CREEK,NSW,Delivery Area
2640,WEST ALBURY,NSW,Delivery Area
2350,WEST ARMIDALE,NSW,Delivery Area
2478,WEST BALLINA,NSW,Delivery Area
2795,WEST BATHURST,NSW,Delivery Area
2471,WEST BUNGAWALBIN,NSW,Delivery Area
1515,WEST CHATSWOOD,NSW,Post Office Boxes
2471,WEST CORAKI,NSW,Delivery Area
2250,WEST GOSFORD,NSW,Delivery Area
2443,WEST HAVEN,NSW,Delivery Area
2171,WEST HOXTON,NSW,Delivery Area
2440,WEST KEMPSEY,NSW,Delivery Area
2541,WEST NOWRA,NSW,Delivery Area
2125,WEST PENNANT HILLS,NSW,Delivery Area
2073,WEST PYMBLE,NSW,Delivery Area
1685,WEST RYDE,NSW,Post Office Boxes
2114,WEST RYDE,NSW,Delivery Area
2340,WEST TAMWORTH,NSW,Delivery Area
2286,WEST WALLSEND,NSW,Delivery Area
2474,WEST WIANGAREE,NSW,Delivery Area
2500,WEST WOLLONGONG,NSW,Delivery Area
2671,WEST WYALONG,NSW,Delivery Area
2330,WESTBROOK,NSW,Delivery Area
2340,WESTDALE,NSW,Delivery Area
2653,WESTDALE,NSW,Delivery Area
2048,WESTGATE,NSW,Delivery Area
2120,WESTLEIGH,NSW,Delivery Area
2145,WESTMEAD,NSW,Delivery Area
2326,WESTON,NSW,Delivery Area
2729,WESTWOOD,NSW,Delivery Area
1851,WETHERILL PARK,NSW,Post Office Boxes
2164,WETHERILL PARK,NSW,Delivery Area
2164,WETHERILL PARK BC,NSW,Delivery Area
2734,WETUPPA,NSW,Delivery Area
2770,WHALAN,NSW,Delivery Area
2107,WHALE BEACH,NSW,Delivery Area
2097,WHEELER HEIGHTS,NSW,Delivery Area
2758,WHEENY CREEK,NSW,Delivery Area
2583,WHEEO,NSW,Delivery Area
2429,WHERROL FLAT,NSW,Delivery Area
2480,WHIAN WHIAN,NSW,Delivery Area
2469,WHIPORIE,NSW,Delivery Area
2836,WHITE CLIFFS,NSW,Delivery Area
2795,WHITE ROCK,NSW,Delivery Area
2290,WHITEBRIDGE,NSW,Delivery Area
2460,WHITEMAN CREEK,NSW,Delivery Area
2404,WHITLOW,NSW,Delivery Area
2330,WHITTINGHAM,NSW,Delivery Area
2705,WHITTON,NSW,Delivery Area
2428,WHOOTA,NSW,Delivery Area
2795,WIAGDON,NSW,Delivery Area
2474,WIANGAREE,NSW,Delivery Area
2580,WIARBOROUGH,NSW,Delivery Area
2293,WICKHAM,NSW,Delivery Area
2328,WIDDEN,NSW,Delivery Area
2680,WIDGELLI,NSW,Delivery Area
2756,WILBERFORCE,NSW,Delivery Area
2850,WILBETREE,NSW,Delivery Area
2836,WILCANNIA,NSW,Delivery Area
2453,WILD CATTLE CREEK,NSW,Delivery Area
2577,WILDES MEADOW,NSW,Delivery Area
2195,WILEY PARK,NSW,Delivery Area
2382,WILLALA,NSW,Delivery Area
2440,WILLAWARRIN,NSW,Delivery Area
2680,WILLBRIGGIE,NSW,Delivery Area
2440,WILLI WILLI,NSW,Delivery Area
2620,WILLIAMSDALE,NSW,Delivery Area
2318,WILLIAMTOWN,NSW,Delivery Area
2653,WILLIGOBUNG,NSW,Delivery Area
2423,WILLINA,NSW,Delivery Area
2770,WILLMOT,NSW,Delivery Area
2068,WILLOUGHBY,NSW,Delivery Area
2068,WILLOUGHBY EAST,NSW,Delivery Area
2068,WILLOUGHBY NORTH,NSW,Delivery Area
2339,WILLOW TREE,NSW,Delivery Area
2534,WILLOW VALE,NSW,Delivery Area
2575,WILLOW VALE,NSW,Delivery Area
2372,WILLSONS DOWNFALL,NSW,Delivery Area
2710,WILLURAH,NSW,Delivery Area
2850,WILPINJONG,NSW,Delivery Area
2482,WILSONS CREEK,NSW,Delivery Area
2624,WILSONS VALLEY,NSW,Delivery Area
2571,WILTON,NSW,Delivery Area
2795,WIMBLEDON,NSW,Delivery Area
2346,WIMBORNE,NSW,Delivery Area
2795,WINBURNDALE,NSW,Delivery Area
2306,WINDALE,NSW,Delivery Area
2528,WINDANG,NSW,Delivery Area
2320,WINDELLA,NSW,Delivery Area
2580,WINDELLAMA,NSW,Delivery Area
2800,WINDERA,NSW,Delivery Area
2321,WINDERMERE,NSW,Delivery Area
2264,WINDERMERE PARK,NSW,Delivery Area
2850,WINDEYER,NSW,Delivery Area
2720,WINDOWIE,NSW,Delivery Area
2795,WINDRADYNE,NSW,Delivery Area
2756,WINDSOR,NSW,Delivery Area
2756,WINDSOR DOWNS,NSW,Delivery Area
2343,WINDY,NSW,Delivery Area
2460,WINEGROVE,NSW,Delivery Area
2829,WINGADEE,NSW,Delivery Area
2579,WINGELLO,NSW,Delivery Area
2337,WINGEN,NSW,Delivery Area
2429,WINGHAM,NSW,Delivery Area
2631,WINIFRED,NSW,Delivery Area
2777,WINMALEE,NSW,Delivery Area
2153,WINSTON HILLS,NSW,Delivery Area
2344,WINTON,NSW,Delivery Area
2640,WIRLINGA,NSW,Delivery Area
2849,WIRRABA,NSW,Delivery Area
2420,WIRRAGULLA,NSW,Delivery Area
2803,WIRRIMAH,NSW,Delivery Area
2447,WIRRIMBI,NSW,Delivery Area
2871,WIRRINYA,NSW,Delivery Area
2795,WISEMANS CREEK,NSW,Delivery Area
2775,WISEMANS FERRY,NSW,Delivery Area
2440,WITTITRIN,NSW,Delivery Area
2550,WOG WOG,NSW,Delivery Area
2622,WOG WOG,NSW,Delivery Area
2422,WOKO,NSW,Delivery Area
2790,WOLGAN VALLEY,NSW,Delivery Area
2790,WOLLANGAMBE,NSW,Delivery Area
2850,WOLLAR,NSW,Delivery Area
2330,WOLLEMI,NSW,Delivery Area
2205,WOLLI CREEK,NSW,Delivery Area
2581,WOLLOGORANG,NSW,Delivery Area
2325,WOLLOMBI,NSW,Delivery Area
2350,WOLLOMOMBI,NSW,Delivery Area
2477,WOLLONGBAR,NSW,Delivery Area
2500,WOLLONGONG,NSW,Delivery Area
2520,WOLLONGONG,NSW,Post Office Boxes
2500,WOLLONGONG DC,NSW,Delivery Area
2500,WOLLONGONG WEST,NSW,Delivery Area
2065,WOLLSTONECRAFT,NSW,Delivery Area
2540,WOLLUMBOOLA,NSW,Delivery Area
2354,WOLLUN,NSW,Delivery Area
2550,WOLUMLA,NSW,Delivery Area
2515,WOMBARRA,NSW,Delivery Area
2587,WOMBAT,NSW,Delivery Area
2460,WOMBAT CREEK,NSW,Delivery Area
2580,WOMBEYAN CAVES,NSW,Delivery Area
2731,WOMBOOTA,NSW,Delivery Area
2756,WOMERAH,NSW,Delivery Area
2551,WONBOYN,NSW,Delivery Area
2551,WONBOYN LAKE,NSW,Delivery Area
2551,WONBOYN NORTH,NSW,Delivery Area
2256,WONDABYNE,NSW,Delivery Area
2729,WONDALGA,NSW,Delivery Area
2831,WONGARBON,NSW,Delivery Area
2530,WONGAWILLI,NSW,Delivery Area
2346,WONGO CREEK,NSW,Delivery Area
2350,WONGWIBINDA,NSW,Delivery Area
2322,WOODBERRY,NSW,Delivery Area
2560,WOODBINE,NSW,Delivery Area
2472,WOODBURN,NSW,Delivery Area
2538,WOODBURN,NSW,Delivery Area
2767,WOODCROFT,NSW,Delivery Area
2476,WOODENBONG,NSW,Delivery Area
2778,WOODFORD,NSW,Delivery Area
2463,WOODFORD ISLAND,NSW,Delivery Area
2535,WOODHILL,NSW,Delivery Area
2580,WOODHOUSELEE,NSW,Delivery Area
2536,WOODLANDS,NSW,Delivery Area
2575,WOODLANDS,NSW,Delivery Area
2480,WOODLAWN,NSW,Delivery Area
2164,WOODPARK,NSW,Delivery Area
2284,WOODRISING,NSW,Delivery Area
2372,WOODSIDE,NSW,Delivery Area
2347,WOODSREEF,NSW,Delivery Area
2360,WOODSTOCK,NSW,Delivery Area
2538,WOODSTOCK,NSW,Delivery Area
2793,WOODSTOCK,NSW,Delivery Area
2470,WOODVIEW,NSW,Delivery Area
2321,WOODVILLE,NSW,Delivery Area
2466,WOODY HEAD,NSW,Delivery Area
2354,WOOLBROOK,NSW,Delivery Area
2582,WOOLGARLO,NSW,Delivery Area
2456,WOOLGOOLGA,NSW,Delivery Area
2462,WOOLI,NSW,Delivery Area
1350,WOOLLAHRA,NSW,Post Office Boxes
2025,WOOLLAHRA,NSW,Delivery Area
2540,WOOLLAMIA,NSW,Delivery Area
2011,WOOLLOOMOOLOO,NSW,Delivery Area
2470,WOOLNERS ARM,NSW,Delivery Area
2340,WOOLOMIN,NSW,Delivery Area
2337,WOOLOOMA,NSW,Delivery Area
2230,WOOLOOWARE,NSW,Delivery Area
2464,WOOLOWEYAH,NSW,Delivery Area
2110,WOOLWICH,NSW,Delivery Area
2644,WOOMARGAMA,NSW,Delivery Area
2469,WOOMBAH,NSW,Delivery Area
2259,WOONGARRAH,NSW,Delivery Area
2517,WOONONA,NSW,Delivery Area
2517,WOONONA EAST,NSW,Delivery Area
2423,WOOTTON,NSW,Delivery Area
2483,WOOYUNG,NSW,Delivery Area
2002,WORLD SQUARE,NSW,Post Office Boxes
2850,WORLDS END,NSW,Delivery Area
2232,WORONORA,NSW,Delivery Area
2508,WORONORA DAM,NSW,Delivery Area
2233,WORONORA HEIGHTS,NSW,Delivery Area
2540,WORRIGEE,NSW,Delivery Area
2540,WORROWING HEIGHTS,NSW,Delivery Area
2256,WOY WOY,NSW,Delivery Area
2256,WOY WOY BAY,NSW,Delivery Area
2642,WRATHALL,NSW,Delivery Area
2540,WRIGHTS BEACH,NSW,Delivery Area
2775,WRIGHTS CREEK,NSW,Delivery Area
2820,WUULUMAN,NSW,Delivery Area
2671,WYALONG,NSW,Delivery Area
2469,WYAN,NSW,Delivery Area
2622,WYANBENE,NSW,Delivery Area
2808,WYANGALA,NSW,Delivery Area
2720,WYANGLE,NSW,Delivery Area
2333,WYBONG,NSW,Delivery Area
2259,WYBUNG,NSW,Delivery Area
2259,WYEE,NSW,Delivery Area
2259,WYEE POINT,NSW,Delivery Area
2372,WYLIE CREEK,NSW,Delivery Area
2330,WYLIES FLAT,NSW,Delivery Area
2640,WYMAH,NSW,Delivery Area
2550,WYNDHAM,NSW,Delivery Area
2474,WYNEDEN,NSW,Delivery Area
2250,WYOMING,NSW,Delivery Area
2259,WYONG,NSW,Delivery Area
2259,WYONG CREEK,NSW,Delivery Area
2259,WYONGAH,NSW,Delivery Area
2480,WYRALLAH,NSW,Delivery Area
2469,YABBRA,NSW,Delivery Area
2539,YADBORO,NSW,Delivery Area
2423,YAGON,NSW,Delivery Area
2199,YAGOONA,NSW,Delivery Area
2580,YALBRAITH,NSW,Delivery Area
2530,YALLAH,NSW,Delivery Area
2408,YALLAROI,NSW,Delivery Area
2540,YALWAL,NSW,Delivery Area
2464,YAMBA,NSW,Delivery Area
2550,YAMBULLA,NSW,Delivery Area
2703,YANCO,NSW,Delivery Area
2574,YANDERRA,NSW,Delivery Area
2711,YANGA,NSW,Delivery Area
2550,YANKEES CREEK,NSW,Delivery Area
2343,YANNERGEE,NSW,Delivery Area
2840,YANTABULLA,NSW,Delivery Area
2629,YAOUK,NSW,Delivery Area
2644,YARARA,NSW,Delivery Area
2580,YARRA,NSW,Delivery Area
2875,YARRABANDAI,NSW,Delivery Area
2850,YARRABIN,NSW,Delivery Area
2820,YARRAGAL,NSW,Delivery Area
2842,YARRAGRIN,NSW,Delivery Area
2650,YARRAGUNDRY,NSW,Delivery Area
2441,YARRAHAPINNI,NSW,Delivery Area
2259,YARRAMALONG,NSW,Delivery Area
2343,YARRAMAN,NSW,Delivery Area
2753,YARRAMUNDI,NSW,Delivery Area
2447,YARRANBELLA,NSW,Delivery Area
2720,YARRANGOBILLY,NSW,Delivery Area
2446,YARRAS,NSW,Delivery Area
2795,YARRAS,NSW,Delivery Area
2429,YARRATT FOREST,NSW,Delivery Area
2440,YARRAVEL,NSW,Delivery Area
2328,YARRAWA,NSW,Delivery Area
2233,YARRAWARRAH,NSW,Delivery Area
2850,YARRAWONGA,NSW,Delivery Area
2264,YARRAWONGA PARK,NSW,Delivery Area
2388,YARRIE LAKE,NSW,Delivery Area
2620,YARROW,NSW,Delivery Area
2370,YARROWFORD,NSW,Delivery Area
2354,YARROWITCH,NSW,Delivery Area
2358,YARROWYCK,NSW,Delivery Area
2582,YASS,NSW,Delivery Area
2582,YASS RIVER,NSW,Delivery Area
2650,YATHELLA,NSW,Delivery Area
2251,YATTALUNGA,NSW,Delivery Area
2539,YATTE YATTAH,NSW,Delivery Area
2729,YAVEN CREEK,NSW,Delivery Area
2483,YELGUN,NSW,Delivery Area
2371,YELLOW DAM,NSW,Delivery Area
2548,YELLOW PINCH,NSW,Delivery Area
2777,YELLOW ROCK,NSW,Delivery Area
2527,YELLOW ROCK RIDGE,NSW,Delivery Area
2232,YENABILLI,NSW,Delivery Area
2681,YENDA,NSW,Delivery Area
2325,YENGO,NSW,Delivery Area
2161,YENNORA,NSW,Delivery Area
2868,YEOVAL,NSW,Delivery Area
2642,YERONG CREEK,NSW,Delivery Area
2787,YERRANDERIE,NSW,Delivery Area
2575,YERRINBOOL,NSW,Delivery Area
2540,YERRIYONG,NSW,Delivery Area
2440,YESSABAH,NSW,Delivery Area
2795,YETHOLME,NSW,Delivery Area
2410,YETMAN,NSW,Delivery Area
2446,YIPPIN CREEK,NSW,Delivery Area
2680,YOOGALI,NSW,Delivery Area
2470,YORKLEA,NSW,Delivery Area
2594,YOUNG,NSW,Delivery Area
2228,YOWIE BAY,NSW,Delivery Area
2550,YOWRIE,NSW,Delivery Area
2867,YULLUNDRY,NSW,Delivery Area
2464,YURAYGIR,NSW,Delivery Area
2484,ZARA,NSW,Delivery Area
2017,ZETLAND,NSW,Delivery Area
0822,ACACIA HILLS,NT,Delivery Area
0846,ADELAIDE RIVER,NT,Delivery Area
0810,ALAWA,NT,Delivery Area
0872,ALI CURUNG,NT,Delivery Area
0870,ALICE SPRINGS,NT,Delivery Area
0871,ALICE SPRINGS,NT,Post Office Boxes
0872,ALICE SPRINGS,NT,Delivery Area
4825,ALPURRURULAM,NT,Delivery Area
0885,ALYANGULA,NT,Delivery Area
0852,AMANBIDJI,NT,Delivery Area
0873,AMOONGUNA,NT,Delivery Area
0872,AMPILATWATJA,NT,Delivery Area
0872,ANATYE,NT,Delivery Area
0822,ANGURUGU,NT,Delivery Area
0822,ANINDILYAKWA,NT,Delivery Area
0872,ANMATJERE,NT,Delivery Area
0812,ANULA,NT,Delivery Area
0870,ARALUEN,NT,Delivery Area
0830,ARCHER,NT,Delivery Area
0872,AREYONGA,NT,Delivery Area
0852,ARNOLD,NT,Delivery Area
0873,ARUMBERA,NT,Delivery Area
0872,ATITJERE,NT,Delivery Area
0852,BAINES,NT,Delivery Area
0832,BAKEWELL,NT,Delivery Area
0872,BARROW CREEK,NT,Delivery Area
0852,BARUNGA,NT,Delivery Area
0845,BATCHELOR,NT,Delivery Area
0822,BATHURST ISLAND,NT,Delivery Area
0820,BAYVIEW,NT,Delivery Area
0822,BEES CREEK,NT,Delivery Area
0832,BELLAMACK,NT,Delivery Area
0822,BELYUEN,NT,Delivery Area
0828,BERRIMAH,NT,Delivery Area
0838,BERRY SPRINGS,NT,Delivery Area
0852,BESWICK CREEK,NT,Delivery Area
0852,BINJARI,NT,Delivery Area
0852,BIRDUM,NT,Delivery Area
0822,BLACK JUNGLE,NT,Delivery Area
0822,BLACKMORE,NT,Delivery Area
0854,BORROLOOLA,NT,Delivery Area
0852,BRADSHAW,NT,Delivery Area
0870,BRAITLING,NT,Delivery Area
0810,BRINKIN,NT,Delivery Area
0852,BUCHANAN,NT,Delivery Area
0812,BUFFALO CREEK,NT,Delivery Area
0852,BULMAN WEEMOL,NT,Delivery Area
0822,BURRUNDIE,NT,Delivery Area
0872,BURT PLAIN,NT,Delivery Area
0822,BYNOE,NT,Delivery Area
0822,BYNOE HARBOUR,NT,Delivery Area
0862,CALVERT,NT,Delivery Area
0822,CAMP CREEK,NT,Delivery Area
0872,CANTEEN CREEK,NT,Delivery Area
0810,CASUARINA,NT,Delivery Area
0811,CASUARINA,NT,Post Office Boxes
0822,CHANNEL ISLAND,NT,Delivery Area
0820,CHARLES DARWIN,NT,Delivery Area
0822,CHARLES DARWIN,NT,Delivery Area
0815,CHARLES DARWIN UNIVERSITY,NT,Post Office Boxes
0822,CHARLOTTE,NT,Delivery Area
0872,CHILLA WELL,NT,Delivery Area
0870,CICCONE,NT,Delivery Area
0822,CLARAVALE,NT,Delivery Area
0822,COBOURG,NT,Delivery Area
0810,COCONUT GROVE,NT,Delivery Area
0822,COLLETT CREEK,NT,Delivery Area
0873,CONNELLAN,NT,Delivery Area
0839,COOLALINGA,NT,Delivery Area
0822,COOMALIE CREEK,NT,Delivery Area
0820,COONAWARRA,NT,Delivery Area
0850,COSSACK,NT,Delivery Area
0872,COSTELLO,NT,Delivery Area
0822,COX PENINSULA,NT,Delivery Area
0852,CRESWELL,NT,Delivery Area
0852,DAGURAGU,NT,Delivery Area
0822,DALY,NT,Delivery Area
0822,DALY RIVER,NT,Delivery Area
0852,DALY WATERS,NT,Delivery Area
0801,DARWIN,NT,Post Office Boxes
0800,DARWIN CITY,NT,Delivery Area
0820,DARWIN DC,NT,Delivery Area
0841,DARWIN RIVER,NT,Delivery Area
0822,DARWIN RIVER DAM,NT,Delivery Area
0872,DAVENPORT,NT,Delivery Area
0852,DELAMERE,NT,Delivery Area
0870,DESERT SPRINGS,NT,Delivery Area
0822,DOUGLAS-DALY,NT,Delivery Area
0830,DRIVER,NT,Delivery Area
0840,DUNDEE BEACH,NT,Delivery Area
0840,DUNDEE DOWNS,NT,Delivery Area
0840,DUNDEE FOREST,NT,Delivery Area
0830,DURACK,NT,Delivery Area
0822,EAST ARM,NT,Delivery Area
0822,EAST ARNHEM,NT,Delivery Area
0820,EAST POINT,NT,Delivery Area
0870,EAST SIDE,NT,Delivery Area
0820,EATON,NT,Delivery Area
0852,EDITH,NT,Delivery Area
0862,ELLIOTT,NT,Delivery Area
0822,ELRUNDIE,NT,Delivery Area
0852,ELSEY,NT,Delivery Area
0850,EMUNGALAN,NT,Delivery Area
0872,ENGAWALA,NT,Delivery Area
0822,EVA VALLEY,NT,Delivery Area
0820,FANNIE BAY,NT,Delivery Area
0830,FARRAR,NT,Delivery Area
0872,FINKE,NT,Delivery Area
0822,FINNISS VALLEY,NT,Delivery Area
0822,FLEMING,NT,Delivery Area
0852,FLORINA,NT,Delivery Area
0822,FLY CREEK,NT,Delivery Area
0852,FLYING FOX,NT,Delivery Area
0875,FLYNN,NT,Delivery Area
0822,FREDS PASS,NT,Delivery Area
0822,GALIWINKU,NT,Delivery Area
0880,GAPUWIYAK,NT,Delivery Area
0872,GHAN,NT,Delivery Area
0870,GILLEN,NT,Delivery Area
0836,GIRRAWEEN,NT,Delivery Area
0822,GLYDE POINT,NT,Delivery Area
0822,GOULBURN ISLAND,NT,Delivery Area
0830,GRAY,NT,Delivery Area
0852,GREGORY,NT,Delivery Area
0852,GULUNG MARDRULK,NT,Delivery Area
0822,GUNBALANYA,NT,Delivery Area
0832,GUNN,NT,Delivery Area
0822,GUNN POINT,NT,Delivery Area
0880,GUNYANGARA,NT,Delivery Area
0852,GURINDJI,NT,Delivery Area
0872,HAASTS BLUFF,NT,Delivery Area
0872,HALE,NT,Delivery Area
0872,HART,NT,Delivery Area
0873,HEAVITREE GAP CPA,NT,Delivery Area
0852,HELEN SPRINGS STATION,NT,Delivery Area
0836,HERBERT,NT,Delivery Area
0872,HERMANNSBURG,NT,Delivery Area
0822,HIDDEN VALLEY,NT,Delivery Area
0812,HOLMES,NT,Delivery Area
0829,HOLTZE,NT,Delivery Area
0822,HOTHAM,NT,Delivery Area
0835,HOWARD SPRINGS,NT,Delivery Area
0872,HUGH,NT,Delivery Area
0822,HUGHES,NT,Delivery Area
0836,HUMPTY DOO,NT,Delivery Area
0873,ILPARPA,NT,Delivery Area
0872,IMANPA,NT,Delivery Area
0872,ININTI STORE,NT,Delivery Area
0874,IRLPME,NT,Delivery Area
0886,JABIRU,NT,Delivery Area
0852,JILKMINGGAN,NT,Delivery Area
0810,JINGILI,NT,Delivery Area
0832,JOHNSTON,NT,Delivery Area
0822,KAKADU,NT,Delivery Area
0852,KALKARINDJI,NT,Delivery Area
0872,KALTUKATJARA,NT,Delivery Area
0812,KARAMA,NT,Delivery Area
0813,KARAMA,NT,Post Office Boxes
0850,KATHERINE,NT,Delivery Area
0851,KATHERINE,NT,Post Office Boxes
0852,KATHERINE,NT,Delivery Area
0850,KATHERINE EAST,NT,Delivery Area
0850,KATHERINE SOUTH,NT,Delivery Area
0873,KILGARIFF,NT,Delivery Area
0872,KINTORE,NT,Delivery Area
0828,KNUCKEY LAGOON,NT,Delivery Area
0822,KOOLPINYAH,NT,Delivery Area
0872,KULGERA,NT,Delivery Area
0872,KUNPARRKA,NT,Delivery Area
0852,LAJAMANU,NT,Delivery Area
0822,LAKE BENNETT,NT,Delivery Area
0872,LAKE MACKAY,NT,Delivery Area
0822,LAMBELLS LAGOON,NT,Delivery Area
0850,LANSDOWNE,NT,Delivery Area
0872,LARAMBA,NT,Delivery Area
0875,LARAPINTA,NT,Delivery Area
0820,LARRAKEYAH,NT,Delivery Area
0852,LARRIMAH,NT,Delivery Area
0812,LEANYER,NT,Delivery Area
0810,LEE POINT,NT,Delivery Area
0852,LIMMEN,NT,Delivery Area
0822,LITCHFIELD PARK,NT,Delivery Area
0822,LIVINGSTONE,NT,Delivery Area
0822,LLOYD CREEK,NT,Delivery Area
0820,LUDMILLA,NT,Delivery Area
0810,LYONS,NT,Delivery Area
0872,MACDONNELL RANGE,NT,Delivery Area
0812,MALAK,NT,Delivery Area
0852,MANBULLOO,NT,Delivery Area
0822,MANDORAH,NT,Delivery Area
0822,MANINGRIDA,NT,Delivery Area
0837,MANTON,NT,Delivery Area
0822,MAPURU,NT,Delivery Area
0852,MARANBOY,NT,Delivery Area
0822,MARANUNGA,NT,Delivery Area
0822,MARGARET RIVER,NT,Delivery Area
0830,MARLOW LAGOON,NT,Delivery Area
0822,MARRAKAI,NT,Delivery Area
0812,MARRARA,NT,Delivery Area
0852,MATARANKA,NT,Delivery Area
0852,MCARTHUR,NT,Delivery Area
0822,MCMINNS LAGOON,NT,Delivery Area
0872,MEREENIE,NT,Delivery Area
0822,MICKET CREEK,NT,Delivery Area
0822,MIDDLE POINT,NT,Delivery Area
0822,MILIKAPITI,NT,Delivery Area
0822,MILINGIMBI,NT,Delivery Area
0810,MILLNER,NT,Delivery Area
0822,MILYAKBURRA,NT,Delivery Area
0852,MINIYERRI,NT,Delivery Area
0822,MINJILANG,NT,Delivery Area
0832,MITCHELL,NT,Delivery Area
0810,MOIL,NT,Delivery Area
0830,MOULDEN,NT,Delivery Area
0822,MOUNT BUNDEY,NT,Delivery Area
0874,MOUNT JOHNS,NT,Delivery Area
0872,MOUNT LIEBIG,NT,Delivery Area
0872,MOUNT ZEIL,NT,Delivery Area
0810,MUIRHEAD,NT,Delivery Area
0822,MURRUMUJUK,NT,Delivery Area
0872,MUTITJULU,NT,Delivery Area
0810,NAKARA,NT,Delivery Area
0872,NAMATJIRA,NT,Delivery Area
0872,NAPPERBY STATION,NT,Delivery Area
0822,NAUIYU,NT,Delivery Area
0822,NEMARLUK,NT,Delivery Area
0862,NEWCASTLE WATERS,NT,Delivery Area
0822,NGANMARRIYANGA,NT,Delivery Area
0852,NGUKURR,NT,Delivery Area
0880,NHULUNBUY,NT,Delivery Area
0881,NHULUNBUY,NT,Post Office Boxes
0862,NICHOLSON,NT,Delivery Area
0810,NIGHTCLIFF,NT,Delivery Area
0814,NIGHTCLIFF,NT,Post Office Boxes
0852,NITJPURRU,NT,Delivery Area
0852,NITMILUK,NT,Delivery Area
0837,NOONAMAH,NT,Delivery Area
0822,NUMBULWAR,NT,Delivery Area
0822,NUMBURINDI,NT,Delivery Area
0852,NUTWOOD DOWNS,NT,Delivery Area
0872,NYIRRIPI,NT,Delivery Area
0822,OENPELLI,NT,Delivery Area
0830,PALMERSTON CITY,NT,Delivery Area
0831,PALMERSTON CITY,NT,Post Office Boxes
0862,PAMAYU,NT,Delivery Area
0872,PAPUNYA,NT,Delivery Area
0804,PARAP,NT,Post Office Boxes
0820,PARAP,NT,Delivery Area
0852,PELLEW ISLANDS,NT,Delivery Area
0822,PEPPIMENARTI,NT,Delivery Area
0872,PETERMANN,NT,Delivery Area
0847,PINE CREEK,NT,Delivery Area
0829,PINELANDS,NT,Delivery Area
0822,PIRLANGIMPI,NT,Delivery Area
0822,POINT STUART,NT,Delivery Area
0822,PULARUMPI,NT,Delivery Area
0822,RAKULA,NT,Delivery Area
0822,RAMINGINING,NT,Delivery Area
4825,RANKEN,NT,Delivery Area
0810,RAPID CREEK,NT,Delivery Area
0822,ROBIN FALLS,NT,Delivery Area
0852,ROBINSON RIVER,NT,Delivery Area
0832,ROSEBERY,NT,Delivery Area
0873,ROSS,NT,Delivery Area
0822,RUM JUNGLE,NT,Delivery Area
0870,SADADEEN,NT,Delivery Area
0872,SANDOVER,NT,Delivery Area
0822,SANDPALMS ROADHOUSE,NT,Delivery Area
0872,SANTA TERESA,NT,Delivery Area
0830,SHOAL BAY,NT,Delivery Area
0872,SIMPSON,NT,Delivery Area
0822,SOUTHPORT,NT,Delivery Area
0822,STAPLETON,NT,Delivery Area
0870,STUART,NT,Delivery Area
0820,STUART PARK,NT,Delivery Area
0852,STURT PLATEAU,NT,Delivery Area
0862,TABLELANDS,NT,Delivery Area
0872,TANAMI,NT,Delivery Area
0852,TANAMI EAST,NT,Delivery Area
0872,TARA,NT,Delivery Area
0872,TELEGRAPH STATION,NT,Delivery Area
0860,TENNANT CREEK,NT,Delivery Area
0861,TENNANT CREEK,NT,Post Office Boxes
0862,TENNANT CREEK,NT,Delivery Area
0822,THAMARRURR,NT,Delivery Area
0870,THE GAP,NT,Delivery Area
0820,THE GARDENS,NT,Delivery Area
0820,THE NARROWS,NT,Delivery Area
0872,TI TREE,NT,Delivery Area
0852,TIMBER CREEK,NT,Delivery Area
0853,TINDAL,NT,Delivery Area
0822,TIPPERARY,NT,Delivery Area
0872,TITJIKALA,NT,Delivery Area
0822,TIVENDALE,NT,Delivery Area
0810,TIWI,NT,Delivery Area
0822,TIWI ISLANDS,NT,Delivery Area
0852,TOP SPRINGS,NT,Delivery Area
0822,TORTILLA FLATS,NT,Delivery Area
0822,TUMBLING WATERS,NT,Delivery Area
0822,UMBAKUMBA,NT,Delivery Area
0874,UNDOOLYA,NT,Delivery Area
0852,URALLA,NT,Delivery Area
0852,VENN,NT,Delivery Area
0822,VERNON ISLANDS,NT,Delivery Area
0852,VICTORIA RIVER,NT,Delivery Area
0834,VIRGINIA,NT,Delivery Area
0822,WADEYE,NT,Delivery Area
0803,WAGAIT BEACH,NT,Post Office Boxes
0822,WAGAIT BEACH,NT,Delivery Area
0810,WAGAMAN,NT,Delivery Area
0822,WAK WAK,NT,Delivery Area
0872,WALLACE ROCKHOLE,NT,Delivery Area
0810,WANGURI,NT,Delivery Area
0822,WARRUWI,NT,Delivery Area
0852,WARUMUNGU,NT,Delivery Area
0822,WEDDELL,NT,Delivery Area
0822,WEST ARNHEM,NT,Delivery Area
0870,WHITE GUMS,NT,Delivery Area
0822,WICKHAM,NT,Delivery Area
0872,WILLOWRA,NT,Delivery Area
0872,WILORA,NT,Delivery Area
0852,WILTON,NT,Delivery Area
0820,WINNELLIE,NT,Delivery Area
0821,WINNELLIE,NT,Post Office Boxes
0822,WINNELLIE,NT,Delivery Area
0822,WISHART,NT,Delivery Area
0830,WOODROFFE,NT,Delivery Area
0820,WOOLNER,NT,Delivery Area
0852,WUGULARR,NT,Delivery Area
0812,WULAGI,NT,Delivery Area
0822,WURRUMIYANGA,NT,Delivery Area
0872,WUTUNUGURRA,NT,Delivery Area
0852,YARRALIN,NT,Delivery Area
0830,YARRAWONGA,NT,Delivery Area
0880,YIRRKALA,NT,Delivery Area
0872,YUELAMU,NT,Delivery Area
0872,YUENDUMU,NT,Delivery Area
0872,YULARA,NT,Delivery Area
0832,ZUCCOLI,NT,Delivery Area
4613,ABBEYWOOD,QLD,Delivery Area
4670,ABBOTSFORD,QLD,Delivery Area
4627,ABERCORN,QLD,Delivery Area
4850,ABERGOWRIE,QLD,Delivery Area
4892,ABINGDON DOWNS,QLD,Delivery Area
4660,ABINGTON,QLD,Delivery Area
4110,ACACIA RIDGE,QLD,Delivery Area
4401,ACLAND,QLD,Delivery Area
4343,ADARE,QLD,Delivery Area
4474,ADAVALE,QLD,Delivery Area
4703,ADELAIDE PARK,QLD,Delivery Area
4211,ADVANCETOWN,QLD,Delivery Area
4870,AEROGLEN,QLD,Delivery Area
4677,AGNES WATER,QLD,Delivery Area
4807,AIRDMILLAN,QLD,Delivery Area
4802,AIRLIE BEACH,QLD,Delivery Area
4807,AIRVILLE,QLD,Delivery Area
4814,AITKENVALE,QLD,Delivery Area
4820,ALABAMA HILL,QLD,Delivery Area
4035,ALBANY CREEK,QLD,Delivery Area
4702,ALBERTA,QLD,Delivery Area
4207,ALBERTON,QLD,Delivery Area
4722,ALBINIA,QLD,Delivery Area
4010,ALBION,QLD,Delivery Area
4822,ALBION,QLD,Delivery Area
4010,ALBION BC,QLD,Delivery Area
4010,ALBION DC,QLD,Delivery Area
4051,ALDERLEY,QLD,Delivery Area
4650,ALDERSHOT,QLD,Delivery Area
4694,ALDOGA,QLD,Delivery Area
4740,ALEXANDRA,QLD,Delivery Area
4572,ALEXANDRA HEADLAND,QLD,Delivery Area
4161,ALEXANDRA HILLS,QLD,Delivery Area
4115,ALGESTER,QLD,Delivery Area
4610,ALICE CREEK,QLD,Delivery Area
4817,ALICE RIVER,QLD,Delivery Area
4370,ALLAN,QLD,Delivery Area
4310,ALLANDALE,QLD,Delivery Area
4700,ALLENSTOWN,QLD,Delivery Area
4285,ALLENVIEW,QLD,Delivery Area
4740,ALLIGATOR CREEK,QLD,Delivery Area
4816,ALLIGATOR CREEK,QLD,Delivery Area
4850,ALLINGHAM,QLD,Delivery Area
4362,ALLORA,QLD,Delivery Area
4670,ALLOWAY,QLD,Delivery Area
4871,ALMADEN,QLD,Delivery Area
4871,ALOOMBA,QLD,Delivery Area
4724,ALPHA,QLD,Delivery Area
4702,ALSACE,QLD,Delivery Area
4702,ALTON DOWNS,QLD,Delivery Area
4807,ALVA,QLD,Delivery Area
4570,AMAMOOR,QLD,Delivery Area
4570,AMAMOOR CREEK,QLD,Delivery Area
4829,AMAROO,QLD,Delivery Area
4871,AMBER,QLD,Delivery Area
4306,AMBERLEY,QLD,Delivery Area
4695,AMBROSE,QLD,Delivery Area
4462,AMBY,QLD,Delivery Area
4380,AMIENS,QLD,Delivery Area
4183,AMITY,QLD,Delivery Area
4183,AMITY POINT,QLD,Delivery Area
4702,ANAKIE SIDING,QLD,Delivery Area
4740,ANDERGROVE,QLD,Delivery Area
4570,ANDERLEIGH,QLD,Delivery Area
4800,ANDROMACHE,QLD,Delivery Area
4355,ANDURAMBA,QLD,Delivery Area
4814,ANNANDALE,QLD,Delivery Area
4103,ANNERLEY,QLD,Delivery Area
4070,ANSTEAD,QLD,Delivery Area
4310,ANTHONY,QLD,Delivery Area
4650,ANTIGUA,QLD,Delivery Area
4660,APPLE TREE CREEK,QLD,Delivery Area
4378,APPLETHORPE,QLD,Delivery Area
4570,ARALUEN,QLD,Delivery Area
4726,ARAMAC,QLD,Delivery Area
4620,ARAMARA,QLD,Delivery Area
4054,ARANA HILLS,QLD,Delivery Area
4625,ARANBANGA,QLD,Delivery Area
4309,ARATULA,QLD,Delivery Area
4892,ARBOUIN,QLD,Delivery Area
4819,ARCADIA,QLD,Delivery Area
4454,ARCADIA VALLEY,QLD,Delivery Area
4892,ARCHER RIVER,QLD,Delivery Area
4108,ARCHERFIELD,QLD,Delivery Area
4108,ARCHERFIELD BC,QLD,Delivery Area
4702,ARCTURUS,QLD,Delivery Area
4721,ARGYLL,QLD,Delivery Area
4737,ARMSTRONG BEACH,QLD,Delivery Area
4520,ARMSTRONG CREEK,QLD,Delivery Area
4551,AROONA,QLD,Delivery Area
4880,ARRIGA,QLD,Delivery Area
4214,ARUNDEL,QLD,Delivery Area
9781,ARUNDEL,QLD,Post Office Boxes
4214,ARUNDEL DC,QLD,Delivery Area
4007,ASCOT,QLD,Delivery Area
4359,ASCOT,QLD,Delivery Area
4670,ASHFIELD,QLD,Delivery Area
4060,ASHGROVE,QLD,Delivery Area
4060,ASHGROVE EAST,QLD,Delivery Area
4214,ASHMORE,QLD,Delivery Area
4214,ASHMORE CITY,QLD,Delivery Area
4340,ASHWELL,QLD,Delivery Area
4034,ASPLEY,QLD,Delivery Area
4883,ATHERTON,QLD,Delivery Area
4350,ATHOL,QLD,Delivery Area
4311,ATKINSONS DAM,QLD,Delivery Area
4401,AUBIGNY,QLD,Delivery Area
4413,AUBURN,QLD,Delivery Area
4066,AUCHENFLOWER,QLD,Delivery Area
4477,AUGATHELLA,QLD,Delivery Area
4300,AUGUSTINE HEIGHTS,QLD,Delivery Area
4892,AURUKUN,QLD,Delivery Area
4213,AUSTINVILLE,QLD,Delivery Area
4215,AUSTRALIA FAIR,QLD,Delivery Area
4670,AVENELL HEIGHTS,QLD,Delivery Area
4670,AVOCA,QLD,Delivery Area
4314,AVOCA VALE,QLD,Delivery Area
4670,AVONDALE,QLD,Delivery Area
4807,AYR,QLD,Delivery Area
4895,AYTON,QLD,Delivery Area
4861,BABINDA,QLD,Delivery Area
4361,BACK PLAINS,QLD,Delivery Area
4875,BADU ISLAND,QLD,Delivery Area
4674,BAFFLE CREEK,QLD,Delivery Area
4454,BAFFLE WEST,QLD,Delivery Area
4207,BAHRS SCRUB,QLD,Delivery Area
4699,BAJOOL,QLD,Delivery Area
4470,BAKERS BEND,QLD,Delivery Area
4740,BAKERS CREEK,QLD,Delivery Area
4413,BAKING BOARD,QLD,Delivery Area
4740,BALBERRA,QLD,Delivery Area
4702,BALCOMBA,QLD,Delivery Area
4036,BALD HILLS,QLD,Delivery Area
4552,BALD KNOB,QLD,Delivery Area
4816,BALGAL BEACH,QLD,Delivery Area
4401,BALGOWAN,QLD,Delivery Area
4741,BALL BAY,QLD,Delivery Area
4382,BALLANDEAN,QLD,Delivery Area
4352,BALLARD,QLD,Delivery Area
4455,BALLAROO,QLD,Delivery Area
4610,BALLOGIE,QLD,Delivery Area
4171,BALMORAL,QLD,Delivery Area
4552,BALMORAL RIDGE,QLD,Delivery Area
4740,BALNAGOWAN,QLD,Delivery Area
4876,BAMAGA,QLD,Delivery Area
4850,BAMBAROO,QLD,Delivery Area
4873,BAMBOO,QLD,Delivery Area
4860,BAMBOO CREEK,QLD,Delivery Area
4625,BAN BAN,QLD,Delivery Area
4625,BAN BAN SPRINGS,QLD,Delivery Area
4702,BANANA,QLD,Delivery Area
4630,BANCROFT,QLD,Delivery Area
4703,BANGALEE,QLD,Delivery Area
4306,BANKS CREEK,QLD,Delivery Area
4570,BANKS POCKET,QLD,Delivery Area
4507,BANKSIA BEACH,QLD,Delivery Area
4207,BANNOCKBURN,QLD,Delivery Area
4551,BANYA,QLD,Delivery Area
4014,BANYO,QLD,Delivery Area
4352,BAPAUME,QLD,Delivery Area
4413,BARAKULA,QLD,Delivery Area
4702,BARALABA,QLD,Delivery Area
4601,BARAMBAH,QLD,Delivery Area
4725,BARCALDINE,QLD,Delivery Area
4065,BARDON,QLD,Delivery Area
4714,BAREE,QLD,Delivery Area
4306,BARELLAN POINT,QLD,Delivery Area
4670,BARGARA,QLD,Delivery Area
4465,BARGUNYAH,QLD,Delivery Area
4551,BARINGA,QLD,Delivery Area
4615,BARKER CREEK FLAT,QLD,Delivery Area
4825,BARKLY,QLD,Delivery Area
4605,BARLIL,QLD,Delivery Area
4703,BARLOWS HILL,QLD,Delivery Area
4625,BARLYNE,QLD,Delivery Area
4703,BARMARYEE,QLD,Delivery Area
4703,BARMOYA,QLD,Delivery Area
4702,BARNARD,QLD,Delivery Area
4680,BARNEY POINT,QLD,Delivery Area
4287,BARNEY VIEW,QLD,Delivery Area
4420,BAROONDAH,QLD,Delivery Area
4416,BARRAMORNIE,QLD,Delivery Area
4809,BARRATTA,QLD,Delivery Area
4872,BARRINE,QLD,Delivery Area
4816,BARRINGHA,QLD,Delivery Area
4490,BARRINGUN,QLD,Delivery Area
4878,BARRON,QLD,Delivery Area
4870,BARRON GORGE,QLD,Delivery Area
4861,BARTLE FRERE,QLD,Delivery Area
4872,BARWIDGI,QLD,Delivery Area
4820,BASALT,QLD,Delivery Area
4871,BASILISK,QLD,Delivery Area
4305,BASIN POCKET,QLD,Delivery Area
4551,BATTERY HILL,QLD,Delivery Area
4718,BAUHINIA,QLD,Delivery Area
4650,BAUPLE,QLD,Delivery Area
4650,BAUPLE FOREST,QLD,Delivery Area
4478,BAYRICK,QLD,Delivery Area
4868,BAYVIEW HEIGHTS,QLD,Delivery Area
4818,BEACH HOLM,QLD,Delivery Area
4510,BEACHMERE,QLD,Delivery Area
4740,BEACONSFIELD,QLD,Delivery Area
4886,BEATRICE,QLD,Delivery Area
4285,BEAUDESERT,QLD,Delivery Area
4650,BEAVER ROCK,QLD,Delivery Area
4829,BEDOURIE,QLD,Delivery Area
4385,BEEBO,QLD,Delivery Area
4680,BEECHER,QLD,Delivery Area
4211,BEECHMONT,QLD,Delivery Area
4405,BEELBEE,QLD,Delivery Area
4659,BEELBI CREEK,QLD,Delivery Area
4570,BEENAAM VALLEY,QLD,Delivery Area
4207,BEENLEIGH,QLD,Delivery Area
4517,BEERBURRUM,QLD,Delivery Area
4626,BEERON,QLD,Delivery Area
4519,BEERWAH,QLD,Delivery Area
4487,BEGONIA,QLD,Delivery Area
4454,BEILBA,QLD,Delivery Area
4723,BELCONG,QLD,Delivery Area
4810,BELGIAN GARDENS,QLD,Delivery Area
4207,BELIVAH,QLD,Delivery Area
4408,BELL,QLD,Delivery Area
4570,BELLA CREEK,QLD,Delivery Area
4507,BELLARA,QLD,Delivery Area
4300,BELLBIRD PARK,QLD,Delivery Area
4070,BELLBOWRIE,QLD,Delivery Area
4871,BELLENDEN KER,QLD,Delivery Area
4892,BELLEVUE,QLD,Delivery Area
4822,BELLFIELD,QLD,Delivery Area
4562,BELLI PARK,QLD,Delivery Area
4510,BELLMERE,QLD,Delivery Area
4570,BELLS BRIDGE,QLD,Delivery Area
4551,BELLS CREEK,QLD,Delivery Area
4514,BELLTHORPE,QLD,Delivery Area
4153,BELMONT,QLD,Delivery Area
4740,BELMUNDA,QLD,Delivery Area
4860,BELVEDERE,QLD,Delivery Area
4721,BELYANDO,QLD,Delivery Area
4850,BEMERSIDE,QLD,Delivery Area
4610,BENAIR,QLD,Delivery Area
4680,BENARABY,QLD,Delivery Area
4314,BENARKIN,QLD,Delivery Area
4314,BENARKIN NORTH,QLD,Delivery Area
4754,BENHOLME,QLD,Delivery Area
4275,BENOBBLE,QLD,Delivery Area
4217,BENOWA,QLD,Delivery Area
4869,BENTLEY PARK,QLD,Delivery Area
4674,BERAJONDO,QLD,Delivery Area
4362,BERAT,QLD,Delivery Area
4353,BERGEN,QLD,Delivery Area
4117,BERRINBA,QLD,Delivery Area
4701,BERSERKER,QLD,Delivery Area
4205,BETHANIA,QLD,Delivery Area
4313,BIARRA,QLD,Delivery Area
4880,BIBOOHRA,QLD,Delivery Area
4275,BIDDADDABA,QLD,Delivery Area
4401,BIDDESTON,QLD,Delivery Area
4650,BIDWILL,QLD,Delivery Area
4621,BIGGENDEN,QLD,Delivery Area
4216,BIGGERA WATERS,QLD,Delivery Area
4225,BILINGA,QLD,Delivery Area
4390,BILLA BILLA,QLD,Delivery Area
4715,BILOELA,QLD,Delivery Area
4854,BILYANA,QLD,Delivery Area
4488,BINDEBANGO,QLD,Delivery Area
4702,BINGEGANG,QLD,Delivery Area
4852,BINGIL BAY,QLD,Delivery Area
4625,BINJOUR,QLD,Delivery Area
4211,BINNA BURRA,QLD,Delivery Area
4482,BIRDSVILLE,QLD,Delivery Area
4854,BIRKALLA,QLD,Delivery Area
4159,BIRKDALE,QLD,Delivery Area
4285,BIRNAM,QLD,Delivery Area
4352,BIRNAM,QLD,Delivery Area
4575,BIRTINYA,QLD,Delivery Area
4343,BLACK DUCK CREEK,QLD,Delivery Area
4820,BLACK JACK,QLD,Delivery Area
4563,BLACK MOUNTAIN,QLD,Delivery Area
4818,BLACK RIVER,QLD,Delivery Area
4600,BLACK SNAKE,QLD,Delivery Area
4472,BLACKALL,QLD,Delivery Area
4871,BLACKBULL,QLD,Delivery Area
4314,BLACKBUTT,QLD,Delivery Area
4314,BLACKBUTT NORTH,QLD,Delivery Area
4314,BLACKBUTT SOUTH,QLD,Delivery Area
4702,BLACKDOWN,QLD,Delivery Area
4850,BLACKROCK,QLD,Delivery Area
4740,BLACKS BEACH,QLD,Delivery Area
4306,BLACKSOIL,QLD,Delivery Area
4304,BLACKSTONE,QLD,Delivery Area
4413,BLACKSWAMP,QLD,Delivery Area
4717,BLACKWATER,QLD,Delivery Area
4625,BLAIRMORE,QLD,Delivery Area
4352,BLANCHVIEW,QLD,Delivery Area
4310,BLANTYRE,QLD,Delivery Area
4405,BLAXLAND,QLD,Delivery Area
4341,BLENHEIM,QLD,Delivery Area
4560,BLI BLI,QLD,Delivery Area
4895,BLOOMFIELD,QLD,Delivery Area
4799,BLOOMSBURY,QLD,Delivery Area
4818,BLUE HILLS,QLD,Delivery Area
4737,BLUE MOUNTAIN,QLD,Delivery Area
4350,BLUE MOUNTAIN HEIGHTS,QLD,Delivery Area
4818,BLUEWATER,QLD,Delivery Area
4818,BLUEWATER PARK,QLD,Delivery Area
4702,BLUFF,QLD,Delivery Area
4455,BLYTHDALE,QLD,Delivery Area
4468,BOATMAN,QLD,Delivery Area
4425,BOGANDILLA,QLD,Delivery Area
4805,BOGIE,QLD,Delivery Area
4818,BOHLE,QLD,Delivery Area
4817,BOHLE PLAINS,QLD,Delivery Area
4875,BOIGU ISLAND,QLD,Delivery Area
4575,BOKARINA,QLD,Delivery Area
4570,BOLLIER,QLD,Delivery Area
4488,BOLLON,QLD,Delivery Area
4871,BOLWARRA,QLD,Delivery Area
4871,BOMBEETA,QLD,Delivery Area
4625,BON ACCORD,QLD,Delivery Area
4703,BONDOOLA,QLD,Delivery Area
4507,BONGAREE,QLD,Delivery Area
4356,BONGEEN,QLD,Delivery Area
4873,BONNIE DOON,QLD,Delivery Area
4213,BONOGIN,QLD,Delivery Area
4385,BONSHAW,QLD,Delivery Area
4370,BONY MOUNTAIN,QLD,Delivery Area
4401,BOODUA,QLD,Delivery Area
4871,BOOGAN,QLD,Delivery Area
4610,BOOIE,QLD,Delivery Area
4671,BOOLBOONDA,QLD,Delivery Area
4702,BOOLBURRA,QLD,Delivery Area
4621,BOOMPA,QLD,Delivery Area
4310,BOONAH,QLD,Delivery Area
4601,BOONARA,QLD,Delivery Area
4413,BOONARGA,QLD,Delivery Area
4034,BOONDALL,QLD,Delivery Area
4406,BOONDANDILLA,QLD,Delivery Area
4613,BOONDOOMA,QLD,Delivery Area
4650,BOONOOROO,QLD,Delivery Area
4650,BOONOOROO PLAINS,QLD,Delivery Area
4655,BOORAL,QLD,Delivery Area
4552,BOOROOBIN,QLD,Delivery Area
4601,BOOUBYJAN,QLD,Delivery Area
4304,BOOVAL,QLD,Delivery Area
4304,BOOVAL FAIR,QLD,Delivery Area
4671,BOOYAL,QLD,Delivery Area
4306,BORALLON,QLD,Delivery Area
4565,BOREEN POINT,QLD,Delivery Area
4124,BORONIA HEIGHTS,QLD,Delivery Area
4678,BOROREN,QLD,Delivery Area
4714,BOULDER CREEK,QLD,Delivery Area
4702,BOULDERCOMBE,QLD,Delivery Area
4829,BOULIA,QLD,Delivery Area
4805,BOWEN,QLD,Delivery Area
4006,BOWEN HILLS,QLD,Delivery Area
4404,BOWENVILLE,QLD,Delivery Area
4275,BOYLAND,QLD,Delivery Area
4680,BOYNE ISLAND,QLD,Delivery Area
4680,BOYNE VALLEY,QLD,Delivery Area
4680,BOYNEDALE,QLD,Delivery Area
4610,BOYNESIDE,QLD,Delivery Area
4626,BOYNEWOOD,QLD,Delivery Area
4512,BRACALBA,QLD,Delivery Area
4695,BRACEWELL,QLD,Delivery Area
4017,BRACKEN RIDGE,QLD,Delivery Area
4850,BRAEMEADOWS,QLD,Delivery Area
4313,BRAEMORE,QLD,Delivery Area
4871,BRAMSTON BEACH,QLD,Delivery Area
4625,BRANCH CREEK,QLD,Delivery Area
4352,BRANCHVIEW,QLD,Delivery Area
4808,BRANDON,QLD,Delivery Area
4800,BRANDY CREEK,QLD,Delivery Area
4670,BRANYAN,QLD,Delivery Area
4305,BRASSALL,QLD,Delivery Area
4500,BRAY PARK,QLD,Delivery Area
4800,BREADALBANE,QLD,Delivery Area
4825,BREAKAWAY,QLD,Delivery Area
4820,BREDDAN,QLD,Delivery Area
4500,BRENDALE,QLD,Delivery Area
4500,BRENDALE BC,QLD,Delivery Area
4500,BRENDALE DC,QLD,Delivery Area
4507,BRIBIE ISLAND,QLD,Delivery Area
4507,BRIBIE ISLAND NORTH,QLD,Delivery Area
4035,BRIDGEMAN DOWNS,QLD,Delivery Area
4561,BRIDGES,QLD,Delivery Area
4412,BRIGALOW,QLD,Delivery Area
4741,BRIGHTLY,QLD,Delivery Area
4017,BRIGHTON,QLD,Delivery Area
4017,BRIGHTON EVENTIDE,QLD,Delivery Area
4017,BRIGHTON NATHAN STREET,QLD,Delivery Area
4311,BRIGHTVIEW,QLD,Delivery Area
4613,BRIGOODA,QLD,Delivery Area
4357,BRINGALILY,QLD,Delivery Area
4870,BRINSMEAD,QLD,Delivery Area
4001,BRISBANE,QLD,Post Office Boxes
4000,BRISBANE ADELAIDE STREET,QLD,Delivery Area
4008,BRISBANE AIRPORT,QLD,Delivery Area
9782,BRISBANE AIRPORT,QLD,Post Office Boxes
4000,BRISBANE CITY,QLD,Delivery Area
4106,BRISBANE MARKET,QLD,Delivery Area
4218,BROADBEACH,QLD,Delivery Area
4218,BROADBEACH WATERS,QLD,Delivery Area
4420,BROADMERE,QLD,Delivery Area
4380,BROADWATER,QLD,Delivery Area
4757,BROKEN RIVER,QLD,Delivery Area
4285,BROMELTON,QLD,Delivery Area
4069,BROOKFIELD,QLD,Delivery Area
4816,BROOKHILL,QLD,Delivery Area
4615,BROOKLANDS,QLD,Delivery Area
4053,BROOKSIDE CENTRE,QLD,Delivery Area
4364,BROOKSTEAD,QLD,Delivery Area
4300,BROOKWATER,QLD,Delivery Area
4570,BROOLOO,QLD,Delivery Area
4620,BROOWEENA,QLD,Delivery Area
4820,BROUGHTON,QLD,Delivery Area
4626,BROVINIA,QLD,Delivery Area
4118,BROWNS PLAINS,QLD,Delivery Area
4356,BROXBURN,QLD,Delivery Area
4387,BRUSH CREEK,QLD,Delivery Area
4312,BRYDEN,QLD,Delivery Area
4403,BRYMAROO,QLD,Delivery Area
4311,BUARABA,QLD,Delivery Area
4311,BUARABA SOUTH,QLD,Delivery Area
4750,BUCASIA,QLD,Delivery Area
4670,BUCCA,QLD,Delivery Area
4207,BUCCAN,QLD,Delivery Area
4825,BUCKINGHAM,QLD,Delivery Area
4722,BUCKLAND,QLD,Delivery Area
4575,BUDDINA,QLD,Delivery Area
4556,BUDERIM,QLD,Delivery Area
4359,BUDGEE,QLD,Delivery Area
4630,BUKALI,QLD,Delivery Area
4854,BULGUN,QLD,Delivery Area
4171,BULIMBA,QLD,Delivery Area
4615,BULLCAMP,QLD,Delivery Area
4871,BULLERINGA,QLD,Delivery Area
4357,BULLI CREEK,QLD,Delivery Area
4492,BULLOO DOWNS,QLD,Delivery Area
4671,BULLYARD,QLD,Delivery Area
4025,BULWER,QLD,Delivery Area
4310,BUNBURRA,QLD,Delivery Area
4670,BUNDABERG,QLD,Delivery Area
4670,BUNDABERG CENTRAL,QLD,Delivery Area
4670,BUNDABERG DC,QLD,Delivery Area
4670,BUNDABERG EAST,QLD,Delivery Area
4670,BUNDABERG NORTH,QLD,Delivery Area
4670,BUNDABERG SOUTH,QLD,Delivery Area
4670,BUNDABERG WEST,QLD,Delivery Area
4217,BUNDALL,QLD,Delivery Area
4217,BUNDALL DC,QLD,Delivery Area
4304,BUNDAMBA,QLD,Delivery Area
4419,BUNDI,QLD,Delivery Area
4723,BUNDOORA,QLD,Delivery Area
4419,BUNGABAN,QLD,Delivery Area
4671,BUNGADOO,QLD,Delivery Area
4870,BUNGALOW,QLD,Delivery Area
4455,BUNGEWORGORAI,QLD,Delivery Area
4455,BUNGIL,QLD,Delivery Area
4703,BUNGUNDARRA,QLD,Delivery Area
4494,BUNGUNYA,QLD,Delivery Area
4310,BUNJURGEN,QLD,Delivery Area
4055,BUNYA,QLD,Delivery Area
4655,BUNYA CREEK,QLD,Delivery Area
4405,BUNYA MOUNTAINS,QLD,Delivery Area
4156,BURBANK,QLD,Delivery Area
4818,BURDELL,QLD,Delivery Area
4659,BURGOWAN,QLD,Delivery Area
4830,BURKETOWN,QLD,Delivery Area
4822,BURLEIGH,QLD,Delivery Area
4220,BURLEIGH DC,QLD,Delivery Area
4220,BURLEIGH HEADS,QLD,Delivery Area
4220,BURLEIGH TOWN,QLD,Delivery Area
4220,BURLEIGH WATERS,QLD,Delivery Area
4413,BURNCLUITH,QLD,Delivery Area
4310,BURNETT CREEK,QLD,Delivery Area
4670,BURNETT HEADS,QLD,Delivery Area
4560,BURNSIDE,QLD,Delivery Area
4505,BURPENGARY,QLD,Delivery Area
4505,BURPENGARY DC,QLD,Delivery Area
4505,BURPENGARY EAST,QLD,Delivery Area
4410,BURRA BURRI,QLD,Delivery Area
4875,BURRAR ISLET,QLD,Delivery Area
4659,BURRUM HEADS,QLD,Delivery Area
4659,BURRUM RIVER,QLD,Delivery Area
4659,BURRUM TOWN,QLD,Delivery Area
4742,BURTON,QLD,Delivery Area
4680,BURUA,QLD,Delivery Area
4818,BUSHLAND BEACH,QLD,Delivery Area
4702,BUSHLEY,QLD,Delivery Area
4885,BUTCHERS CREEK,QLD,Delivery Area
4660,BUXTON,QLD,Delivery Area
4387,BYBERA,QLD,Delivery Area
4605,BYEE,QLD,Delivery Area
4680,BYELLEE,QLD,Delivery Area
4703,BYFIELD,QLD,Delivery Area
4455,BYMOUNT,QLD,Delivery Area
4625,BYRNESTOWN,QLD,Delivery Area
4352,CABARLAH,QLD,Delivery Area
4510,CABOOLTURE,QLD,Delivery Area
4510,CABOOLTURE BC,QLD,Delivery Area
4510,CABOOLTURE SOUTH,QLD,Delivery Area
4312,CABOONBAH,QLD,Delivery Area
4413,CADARGA,QLD,Delivery Area
4343,CAFFEY,QLD,Delivery Area
4285,CAINBABLE,QLD,Delivery Area
4722,CAIRDBEIGN,QLD,Delivery Area
4870,CAIRNS,QLD,Delivery Area
4870,CAIRNS CITY,QLD,Delivery Area
4870,CAIRNS DC,QLD,Delivery Area
4870,CAIRNS MC,QLD,Delivery Area
4872,CAIRNS MC,QLD,Delivery Area
4870,CAIRNS MCLEOD STREET,QLD,Delivery Area
4870,CAIRNS NORTH,QLD,Delivery Area
4116,CALAMVALE,QLD,Delivery Area
4670,CALAVOS,QLD,Delivery Area
4816,CALCIUM,QLD,Delivery Area
4478,CALDERVALE,QLD,Delivery Area
4798,CALEN,QLD,Delivery Area
4570,CALGOA,QLD,Delivery Area
4570,CALICO CREEK,QLD,Delivery Area
4390,CALINGUNEE,QLD,Delivery Area
4390,CALLANDOON,QLD,Delivery Area
4680,CALLEMONDAH,QLD,Delivery Area
4715,CALLIDE,QLD,Delivery Area
4680,CALLIOPE,QLD,Delivery Area
4551,CALOUNDRA,QLD,Delivery Area
4551,CALOUNDRA DC,QLD,Delivery Area
4551,CALOUNDRA WEST,QLD,Delivery Area
4340,CALVERT,QLD,Delivery Area
4719,CAMBOON,QLD,Delivery Area
4358,CAMBOOYA,QLD,Delivery Area
4822,CAMBRIDGE,QLD,Delivery Area
4552,CAMBROON,QLD,Delivery Area
4413,CAMEBY,QLD,Delivery Area
4492,CAMERON CORNER,QLD,Delivery Area
4300,CAMIRA,QLD,Delivery Area
4828,CAMOOWEAL,QLD,Delivery Area
4871,CAMP CREEK,QLD,Delivery Area
4152,CAMP HILL,QLD,Delivery Area
4520,CAMP MOUNTAIN,QLD,Delivery Area
4820,CAMPASPE,QLD,Delivery Area
4625,CAMPBELL CREEK,QLD,Delivery Area
4521,CAMPBELLS POCKET,QLD,Delivery Area
4737,CAMPWIN BEACH,QLD,Delivery Area
4413,CANAGA,QLD,Delivery Area
4702,CANAL CREEK,QLD,Delivery Area
4630,CANIA,QLD,Delivery Area
4570,CANINA,QLD,Delivery Area
4630,CANNINDAH,QLD,Delivery Area
4357,CANNING CREEK,QLD,Delivery Area
4370,CANNINGVALE,QLD,Delivery Area
4310,CANNON CREEK,QLD,Delivery Area
4380,CANNON CREEK,QLD,Delivery Area
4170,CANNON HILL,QLD,Delivery Area
4800,CANNON VALLEY,QLD,Delivery Area
4802,CANNONVALE,QLD,Delivery Area
4702,CANOONA,QLD,Delivery Area
4275,CANUNGRA,QLD,Delivery Area
4157,CAPALABA,QLD,Delivery Area
4157,CAPALABA BC,QLD,Delivery Area
4157,CAPALABA DC,QLD,Delivery Area
4810,CAPE CLEVELAND,QLD,Delivery Area
4800,CAPE CONWAY,QLD,Delivery Area
4800,CAPE GLOUCESTER,QLD,Delivery Area
4740,CAPE HILLSBOROUGH,QLD,Delivery Area
4873,CAPE TRIBULATION,QLD,Delivery Area
4723,CAPELLA,QLD,Delivery Area
4677,CAPTAIN CREEK,QLD,Delivery Area
4357,CAPTAINS MOUNTAIN,QLD,Delivery Area
4878,CARAVONICA,QLD,Delivery Area
4723,CARBINE CREEK,QLD,Delivery Area
4130,CARBROOK,QLD,Delivery Area
4854,CARDSTONE,QLD,Delivery Area
4849,CARDWELL,QLD,Delivery Area
4152,CARINA,QLD,Delivery Area
4152,CARINA HEIGHTS,QLD,Delivery Area
4152,CARINDALE,QLD,Delivery Area
4739,CARMILA,QLD,Delivery Area
4852,CARMOO,QLD,Delivery Area
4702,CARNARVON PARK,QLD,Delivery Area
4310,CARNEYS CREEK,QLD,Delivery Area
4300,CAROLE PARK,QLD,Delivery Area
4477,CAROLINE CROSSING,QLD,Delivery Area
4344,CARPENDALE,QLD,Delivery Area
4823,CARPENTARIA,QLD,Delivery Area
4825,CARRANDOTTA,QLD,Delivery Area
4211,CARRARA,QLD,Delivery Area
4883,CARRINGTON,QLD,Delivery Area
4849,CARRUCHAN,QLD,Delivery Area
4034,CARSELDINE,QLD,Delivery Area
4806,CARSTAIRS,QLD,Delivery Area
4563,CARTERS RIDGE,QLD,Delivery Area
4500,CASHMERE,QLD,Delivery Area
4873,CASSOWARY,QLD,Delivery Area
4567,CASTAWAYS BEACH,QLD,Delivery Area
4715,CASTLE CREEK,QLD,Delivery Area
4810,CASTLE HILL,QLD,Delivery Area
4407,CATTLE CREEK,QLD,Delivery Area
4626,CATTLE CREEK,QLD,Delivery Area
4703,CAUSEWAY LAKE,QLD,Delivery Area
4702,CAWARRAL,QLD,Delivery Area
4352,CAWDOR,QLD,Delivery Area
4407,CECIL PLAINS,QLD,Delivery Area
4207,CEDAR CREEK,QLD,Delivery Area
4520,CEDAR CREEK,QLD,Delivery Area
4285,CEDAR GROVE,QLD,Delivery Area
4570,CEDAR POCKET,QLD,Delivery Area
4285,CEDAR VALE,QLD,Delivery Area
4514,CEDARTON,QLD,Delivery Area
4352,CEMENT MILLS,QLD,Delivery Area
4350,CENTENARY HEIGHTS,QLD,Delivery Area
4702,CENTRAL QUEENSLAND MC,QLD,Delivery Area
4701,CENTRAL QUEENSLAND UNIVERSITY,QLD,Delivery Area
4627,CERATODUS,QLD,Delivery Area
4610,CHAHPINGAH,QLD,Delivery Area
4133,CHAMBERS FLAT,QLD,Delivery Area
4413,CHANCES PLAIN,QLD,Delivery Area
4155,CHANDLER,QLD,Delivery Area
4069,CHAPEL HILL,QLD,Delivery Area
4608,CHARLESTOWN,QLD,Delivery Area
4470,CHARLEVILLE,QLD,Delivery Area
4350,CHARLTON,QLD,Delivery Area
4309,CHARLWOOD,QLD,Delivery Area
4820,CHARTERS TOWERS,QLD,Delivery Area
4820,CHARTERS TOWERS CITY,QLD,Delivery Area
4570,CHATSWORTH,QLD,Delivery Area
4702,CHEESEBOROUGH,QLD,Delivery Area
4068,CHELMER,QLD,Delivery Area
4606,CHELMSFORD,QLD,Delivery Area
4740,CHELONA,QLD,Delivery Area
4627,CHELTENHAM,QLD,Delivery Area
4605,CHERBOURG,QLD,Delivery Area
4032,CHERMSIDE,QLD,Delivery Area
4032,CHERMSIDE CENTRE,QLD,Delivery Area
4032,CHERMSIDE SOUTH,QLD,Delivery Area
4032,CHERMSIDE WEST,QLD,Delivery Area
4314,CHERRY CREEK,QLD,Delivery Area
4370,CHERRY GULLY,QLD,Delivery Area
4660,CHERWELL,QLD,Delivery Area
4555,CHEVALLUM,QLD,Delivery Area
4217,CHEVRON ISLAND,QLD,Delivery Area
4880,CHEWKO,QLD,Delivery Area
4660,CHILDERS,QLD,Delivery Area
4871,CHILLAGOE,QLD,Delivery Area
4413,CHINCHILLA,QLD,Delivery Area
4285,CHINGHEE CREEK,QLD,Delivery Area
4215,CHIRN PARK,QLD,Delivery Area
4723,CHIRNSIDE,QLD,Delivery Area
4285,CHRISTMAS CREEK,QLD,Delivery Area
4311,CHURCHABLE,QLD,Delivery Area
4305,CHURCHILL,QLD,Delivery Area
4306,CHUWAR,QLD,Delivery Area
4600,CINNABAR,QLD,Delivery Area
4002,CITY EAST,QLD,Post Office Boxes
4211,CLAGIRABA,QLD,Delivery Area
4741,CLAIRVIEW,QLD,Delivery Area
4468,CLARA CREEK,QLD,Delivery Area
4871,CLARAVILLE,QLD,Delivery Area
4807,CLARE,QLD,Delivery Area
4807,CLAREDALE,QLD,Delivery Area
4311,CLARENDON,QLD,Delivery Area
4705,CLARKE CREEK,QLD,Delivery Area
4011,CLAYFIELD,QLD,Delivery Area
4226,CLEAR ISLAND WATERS,QLD,Delivery Area
4500,CLEAR MOUNTAIN,QLD,Delivery Area
4816,CLEMANT,QLD,Delivery Area
4721,CLERMONT,QLD,Delivery Area
4163,CLEVELAND,QLD,Delivery Area
4163,CLEVELAND DC,QLD,Delivery Area
4427,CLIFFORD,QLD,Delivery Area
4350,CLIFFORD GARDENS,QLD,Delivery Area
4361,CLIFTON,QLD,Delivery Area
4879,CLIFTON BEACH,QLD,Delivery Area
4680,CLINTON,QLD,Delivery Area
4370,CLINTONVALE,QLD,Delivery Area
4824,CLONCURRY,QLD,Delivery Area
4019,CLONTARF,QLD,Delivery Area
4357,CLONTARF,QLD,Delivery Area
4019,CLONTARF BEACH,QLD,Delivery Area
4019,CLONTARF DC,QLD,Delivery Area
4520,CLOSEBURN,QLD,Delivery Area
4605,CLOYNA,QLD,Delivery Area
4811,CLUDEN,QLD,Delivery Area
4309,CLUMBER,QLD,Delivery Area
4312,COAL CREEK,QLD,Delivery Area
4352,COALBANK,QLD,Delivery Area
4305,COALFALLS,QLD,Delivery Area
4621,COALSTOUN LAKES,QLD,Delivery Area
4605,COBBS HILL,QLD,Delivery Area
4703,COBRABALL,QLD,Delivery Area
4419,COCKATOO,QLD,Delivery Area
4875,COCONUT ISLAND,QLD,Delivery Area
4860,COCONUTS,QLD,Delivery Area
4892,COEN,QLD,Delivery Area
4560,COES CREEK,QLD,Delivery Area
4570,COLES CREEK,QLD,Delivery Area
4808,COLEVALE,QLD,Delivery Area
4307,COLEYVILLE,QLD,Delivery Area
4314,COLINTON,QLD,Delivery Area
4707,COLLAROY,QLD,Delivery Area
4343,COLLEGE VIEW,QLD,Delivery Area
4301,COLLINGWOOD PARK,QLD,Delivery Area
4804,COLLINSVILLE,QLD,Delivery Area
4677,COLOSSEUM,QLD,Delivery Area
4820,COLUMBIA,QLD,Delivery Area
4415,COLUMBOOLA,QLD,Delivery Area
4702,COMET,QLD,Delivery Area
4514,COMMISSIONERS FLAT,QLD,Delivery Area
4571,COMO,QLD,Delivery Area
4858,COMOON LOOP,QLD,Delivery Area
4722,CONA CREEK,QLD,Delivery Area
4416,CONDAMINE,QLD,Delivery Area
4357,CONDAMINE FARMS,QLD,Delivery Area
4352,CONDAMINE PLAINS,QLD,Delivery Area
4815,CONDON,QLD,Delivery Area
4871,CONJUBOY,QLD,Delivery Area
4552,CONONDALE,QLD,Delivery Area
4702,CONSUELO,QLD,Delivery Area
4800,CONWAY,QLD,Delivery Area
4800,CONWAY BEACH,QLD,Delivery Area
4184,COOCHIEMUDLO ISLAND,QLD,Delivery Area
4310,COOCHIN,QLD,Delivery Area
4519,COOCHIN CREEK,QLD,Delivery Area
4703,COOEE BAY,QLD,Delivery Area
4313,COOEEIMBARDI,QLD,Delivery Area
4895,COOKTOWN,QLD,Delivery Area
4574,COOLABINE,QLD,Delivery Area
4610,COOLABUNIA,QLD,Delivery Area
4479,COOLADDI,QLD,Delivery Area
4311,COOLANA,QLD,Delivery Area
4225,COOLANGATTA,QLD,Delivery Area
4850,COOLBIE,QLD,Delivery Area
4387,COOLMUNDA,QLD,Delivery Area
4580,COOLOOLA,QLD,Delivery Area
4580,COOLOOLA COVE,QLD,Delivery Area
4560,COOLOOLABIN,QLD,Delivery Area
4573,COOLUM BEACH,QLD,Delivery Area
4216,COOMBABAH,QLD,Delivery Area
4209,COOMERA,QLD,Delivery Area
4630,COOMINGLAH,QLD,Delivery Area
4630,COOMINGLAH FOREST,QLD,Delivery Area
4311,COOMINYA,QLD,Delivery Area
4702,COOMOO,QLD,Delivery Area
4422,COOMRITH,QLD,Delivery Area
4626,COONAMBULA,QLD,Delivery Area
4670,COONARR,QLD,Delivery Area
4570,COONDOO,QLD,Delivery Area
4490,COONGOOLA,QLD,Delivery Area
4108,COOPERS PLAINS,QLD,Delivery Area
4420,COORADA,QLD,Delivery Area
4569,COORAN,QLD,Delivery Area
4408,COORANGA,QLD,Delivery Area
4565,COOROIBAH,QLD,Delivery Area
4860,COOROO LANDS,QLD,Delivery Area
4702,COOROOMAN,QLD,Delivery Area
4563,COOROY,QLD,Delivery Area
4563,COOROY MOUNTAIN,QLD,Delivery Area
4151,COORPAROO,QLD,Delivery Area
4151,COORPAROO DC,QLD,Delivery Area
4860,COORUMBA,QLD,Delivery Area
4702,COORUMBENE,QLD,Delivery Area
4565,COOTHARABA,QLD,Delivery Area
4702,COOWONGA,QLD,Delivery Area
4873,COOYA BEACH,QLD,Delivery Area
4402,COOYAR,QLD,Delivery Area
4741,COPPABELLA,QLD,Delivery Area
4860,COQUETTE POINT,QLD,Delivery Area
4670,CORAL COVE,QLD,Delivery Area
4740,CORAL SEA,QLD,Delivery Area
4871,CORALIE,QLD,Delivery Area
4551,CORBOULD PARK,QLD,Delivery Area
4660,CORDALBA,QLD,Delivery Area
4850,CORDELIA,QLD,Delivery Area
4570,CORELLA,QLD,Delivery Area
4733,CORFIELD,QLD,Delivery Area
4075,CORINDA,QLD,Delivery Area
4621,CORINGA,QLD,Delivery Area
4610,CORNDALE,QLD,Delivery Area
4130,CORNUBIA,QLD,Delivery Area
4455,CORNWALL,QLD,Delivery Area
4513,CORYMBIA,QLD,Delivery Area
4818,COSGROVE,QLD,Delivery Area
4723,COTHERSTONE,QLD,Delivery Area
4350,COTSWOLD HILLS,QLD,Delivery Area
4558,COTTON TREE,QLD,Delivery Area
4375,COTTONVALE,QLD,Delivery Area
4310,COULSON,QLD,Delivery Area
4613,COVERTY,QLD,Delivery Area
4873,COW BAY,QLD,Delivery Area
4025,COWAN COWAN,QLD,Delivery Area
4871,COWLEY,QLD,Delivery Area
4871,COWLEY BEACH,QLD,Delivery Area
4871,COWLEY CREEK,QLD,Delivery Area
4719,CRACOW,QLD,Delivery Area
4877,CRAIGLIE,QLD,Delivery Area
4655,CRAIGNISH,QLD,Delivery Area
4814,CRANBROOK,QLD,Delivery Area
4350,CRANLEY,QLD,Delivery Area
4610,CRAWFORD,QLD,Delivery Area
4757,CREDITON,QLD,Delivery Area
4740,CREMORNE,QLD,Delivery Area
4313,CRESSBROOK,QLD,Delivery Area
4355,CRESSBROOK CREEK,QLD,Delivery Area
4132,CRESTMEAD,QLD,Delivery Area
4723,CRINUM,QLD,Delivery Area
4310,CROFTBY,QLD,Delivery Area
4519,CROHAMHURST,QLD,Delivery Area
4809,CROMARTY,QLD,Delivery Area
4312,CROSSDALE,QLD,Delivery Area
4413,CROSSROADS,QLD,Delivery Area
4342,CROWLEY VALE,QLD,Delivery Area
4605,CROWNTHORPE,QLD,Delivery Area
4355,CROWS NEST,QLD,Delivery Area
4871,CROYDON,QLD,Delivery Area
4285,CRYNA,QLD,Delivery Area
4800,CRYSTAL BROOK,QLD,Delivery Area
4816,CRYSTAL CREEK,QLD,Delivery Area
4552,CRYSTAL WATERS,QLD,Delivery Area
4871,CRYSTALBROOK,QLD,Delivery Area
4860,CULLINANE,QLD,Delivery Area
4816,CUNGULLA,QLD,Delivery Area
4490,CUNNAMULLA,QLD,Delivery Area
4370,CUNNINGHAM,QLD,Delivery Area
4570,CURRA,QLD,Delivery Area
4871,CURRAJAH,QLD,Delivery Area
4812,CURRAJONG,QLD,Delivery Area
4552,CURRAMORE,QLD,Delivery Area
4551,CURRIMUNDI,QLD,Delivery Area
4223,CURRUMBIN,QLD,Delivery Area
4223,CURRUMBIN VALLEY,QLD,Delivery Area
4223,CURRUMBIN WATERS,QLD,Delivery Area
4680,CURTIS ISLAND,QLD,Delivery Area
4608,CUSHNIE,QLD,Delivery Area
4352,CUTELLA,QLD,Delivery Area
4490,CUTTABURRA,QLD,Delivery Area
4627,CYNTHIA,QLD,Delivery Area
4357,CYPRESS GARDENS,QLD,Delivery Area
4873,DAGMAR,QLD,Delivery Area
4570,DAGUN,QLD,Delivery Area
4873,DAINTREE,QLD,Delivery Area
4127,DAISY HILL,QLD,Delivery Area
4825,DAJARRA,QLD,Delivery Area
4503,DAKABIN,QLD,Delivery Area
4715,DAKENBA,QLD,Delivery Area
4807,DALBEG,QLD,Delivery Area
4405,DALBY,QLD,Delivery Area
4380,DALCOUTH,QLD,Delivery Area
4630,DALGA,QLD,Delivery Area
4621,DALLARNIL,QLD,Delivery Area
4702,DALMA,QLD,Delivery Area
4850,DALRYMPLE CREEK,QLD,Delivery Area
4757,DALRYMPLE HEIGHTS,QLD,Delivery Area
4374,DALVEEN,QLD,Delivery Area
4415,DALWOGON,QLD,Delivery Area
4671,DALYSFORD,QLD,Delivery Area
4671,DAMASCUS,QLD,Delivery Area
4849,DAMPER CREEK,QLD,Delivery Area
4872,DANBULLA,QLD,Delivery Area
4370,DANDEROO,QLD,Delivery Area
4610,DANGORE,QLD,Delivery Area
4860,DARADGEE,QLD,Delivery Area
4455,DARGAL ROAD,QLD,Delivery Area
4350,DARLING HEIGHTS,QLD,Delivery Area
4285,DARLINGTON,QLD,Delivery Area
4410,DARR CREEK,QLD,Delivery Area
4076,DARRA,QLD,Delivery Area
4695,DARTS CREEK,QLD,Delivery Area
4875,DAUAN ISLAND,QLD,Delivery Area
4855,DAVESON,QLD,Delivery Area
4521,DAYBORO,QLD,Delivery Area
4497,DAYMAR,QLD,Delivery Area
4017,DEAGON,QLD,Delivery Area
4508,DECEPTION BAY,QLD,Delivery Area
4873,DEDIN,QLD,Delivery Area
4306,DEEBING HEIGHTS,QLD,Delivery Area
4625,DEEP CREEK,QLD,Delivery Area
4674,DEEPWATER,QLD,Delivery Area
4818,DEERAGUN,QLD,Delivery Area
4871,DEERAL,QLD,Delivery Area
4895,DEGARRA,QLD,Delivery Area
4621,DEGILBO,QLD,Delivery Area
4671,DELAN,QLD,Delivery Area
4514,DELANEYS CREEK,QLD,Delivery Area
4700,DEPOT HILL,QLD,Delivery Area
4626,DERRI DERRA,QLD,Delivery Area
4352,DERRYMORE,QLD,Delivery Area
4871,DESAILLY,QLD,Delivery Area
4362,DEUCHAR,QLD,Delivery Area
4753,DEVEREUX CREEK,QLD,Delivery Area
4401,DEVON PARK,QLD,Delivery Area
4735,DIAMANTINA LAKES,QLD,Delivery Area
4553,DIAMOND VALLEY,QLD,Delivery Area
4380,DIAMONDVALE,QLD,Delivery Area
4410,DIAMONDY,QLD,Delivery Area
4551,DICKY BEACH,QLD,Delivery Area
4621,DIDCOT,QLD,Delivery Area
4559,DIDDILLIBAH,QLD,Delivery Area
4680,DIGLUM,QLD,Delivery Area
4872,DIMBULAH,QLD,Delivery Area
4702,DINGO,QLD,Delivery Area
4800,DINGO BEACH,QLD,Delivery Area
4854,DINGO POCKET,QLD,Delivery Area
4303,DINMORE,QLD,Delivery Area
4625,DIRNBIR,QLD,Delivery Area
4486,DIRRANBANDI,QLD,Delivery Area
4800,DITTMER,QLD,Delivery Area
4873,DIWAN,QLD,Delivery Area
4702,DIXALEA,QLD,Delivery Area
4892,DIXIE,QLD,Delivery Area
4854,DJARAWONG,QLD,Delivery Area
4852,DJIRU,QLD,Delivery Area
4352,DJUAN,QLD,Delivery Area
4352,DOCTOR CREEK,QLD,Delivery Area
4740,DOLPHIN HEADS,QLD,Delivery Area
4357,DOMVILLE,QLD,Delivery Area
4510,DONNYBROOK,QLD,Delivery Area
4077,DOOLANDELLA,QLD,Delivery Area
4660,DOOLBI,QLD,Delivery Area
4830,DOOMADGEE,QLD,Delivery Area
4562,DOONAN,QLD,Delivery Area
4620,DOONGUL,QLD,Delivery Area
4820,DOTSWOOD,QLD,Delivery Area
4671,DOUGHBOY,QLD,Delivery Area
4354,DOUGLAS,QLD,Delivery Area
4814,DOUGLAS,QLD,Delivery Area
4875,DOWAR ISLET,QLD,Delivery Area
4570,DOWNSFIELD,QLD,Delivery Area
4754,DOWS CREEK,QLD,Delivery Area
4520,DRAPER,QLD,Delivery Area
4350,DRAYTON,QLD,Delivery Area
4350,DRAYTON NORTH,QLD,Delivery Area
4116,DREWVALE,QLD,Delivery Area
4424,DRILLHAM,QLD,Delivery Area
4424,DRILLHAM SOUTH,QLD,Delivery Area
4671,DRINAN,QLD,Delivery Area
4718,DROMEDARY,QLD,Delivery Area
4712,DUARINGA,QLD,Delivery Area
4825,DUCHESS,QLD,Delivery Area
4650,DUCKINWILLA,QLD,Delivery Area
4405,DUCKLO,QLD,Delivery Area
4310,DUGANDAN,QLD,Delivery Area
4671,DUINGAL,QLD,Delivery Area
4425,DULACCA,QLD,Delivery Area
4560,DULONG,QLD,Delivery Area
4702,DULULU,QLD,Delivery Area
4740,DUMBLETON,QLD,Delivery Area
4715,DUMGREE,QLD,Delivery Area
4702,DUMPY CREEK,QLD,Delivery Area
4625,DUNDARRAH,QLD,Delivery Area
4306,DUNDAS,QLD,Delivery Area
4650,DUNDATHU,QLD,Delivery Area
4655,DUNDOWRAN,QLD,Delivery Area
4655,DUNDOWRAN BEACH,QLD,Delivery Area
4852,DUNK,QLD,Delivery Area
4465,DUNKELD,QLD,Delivery Area
4650,DUNMORA,QLD,Delivery Area
4407,DUNMORE,QLD,Delivery Area
4740,DUNNROCK,QLD,Delivery Area
4183,DUNWICH,QLD,Delivery Area
4077,DURACK,QLD,Delivery Area
4413,DURAH,QLD,Delivery Area
4492,DURHAM,QLD,Delivery Area
4454,DURHAM DOWNS,QLD,Delivery Area
4610,DURONG,QLD,Delivery Area
4102,DUTTON PARK,QLD,Delivery Area
4821,DUTTON RIVER,QLD,Delivery Area
4626,DYKEHEAD,QLD,Delivery Area
4745,DYSART,QLD,Delivery Area
4009,EAGLE FARM,QLD,Delivery Area
4009,EAGLE FARM BC,QLD,Delivery Area
4271,EAGLE HEIGHTS,QLD,Post Office Boxes
4207,EAGLEBY,QLD,Delivery Area
4742,EAGLEFIELD,QLD,Delivery Area
4870,EARLVILLE,QLD,Delivery Area
4883,EAST BARRON,QLD,Delivery Area
4169,EAST BRISBANE,QLD,Delivery Area
4353,EAST COOYAR,QLD,Delivery Area
4871,EAST CREEK,QLD,Delivery Area
4570,EAST DEEP CREEK,QLD,Delivery Area
4695,EAST END,QLD,Delivery Area
4854,EAST FELUGA,QLD,Delivery Area
4359,EAST GREENMOUNT,QLD,Delivery Area
4343,EAST HALDON,QLD,Delivery Area
4860,EAST INNISFAIL,QLD,Delivery Area
4305,EAST IPSWICH,QLD,Delivery Area
4740,EAST MACKAY,QLD,Delivery Area
4615,EAST NANANGO,QLD,Delivery Area
4860,EAST PALMERSTON,QLD,Delivery Area
4861,EAST RUSSELL,QLD,Delivery Area
4350,EAST TOOWOOMBA,QLD,Delivery Area
4871,EAST TRINITY,QLD,Delivery Area
4305,EASTERN HEIGHTS,QLD,Delivery Area
4860,EATON,QLD,Delivery Area
4037,EATONS HILL,QLD,Delivery Area
4304,EBBW VALE,QLD,Delivery Area
4340,EBENEZER,QLD,Delivery Area
4207,EDENS LANDING,QLD,Delivery Area
4870,EDGE HILL,QLD,Delivery Area
4869,EDMONTON,QLD,Delivery Area
4892,EDWARD RIVER,QLD,Delivery Area
4562,EERWAH VALE,QLD,Delivery Area
4344,EGYPT,QLD,Delivery Area
4627,EIDSVOLD,QLD,Delivery Area
4627,EIDSVOLD EAST,QLD,Delivery Area
4627,EIDSVOLD WEST,QLD,Delivery Area
4807,EIGHT MILE CREEK,QLD,Delivery Area
4113,EIGHT MILE PLAINS,QLD,Delivery Area
4740,EIMEO,QLD,Delivery Area
4871,EINASLEIGH,QLD,Delivery Area
4855,EL ARISH,QLD,Delivery Area
4552,ELAMAN CREEK,QLD,Delivery Area
4221,ELANORA,QLD,Delivery Area
4370,ELBOW VALLEY,QLD,Delivery Area
4670,ELECTRA,QLD,Delivery Area
4721,ELGIN,QLD,Delivery Area
4615,ELGIN VALE,QLD,Delivery Area
4655,ELI WATERS,QLD,Delivery Area
4516,ELIMBAH,QLD,Delivery Area
4361,ELLANGOWAN,QLD,Delivery Area
4078,ELLEN GROVE,QLD,Delivery Area
4849,ELLERBECK,QLD,Delivery Area
4610,ELLESMERE,QLD,Delivery Area
4886,ELLINJAA,QLD,Delivery Area
4362,ELLINTHORP,QLD,Delivery Area
4670,ELLIOTT,QLD,Delivery Area
4670,ELLIOTT HEADS,QLD,Delivery Area
4879,ELLIS BEACH,QLD,Delivery Area
4361,ELPHINSTONE,QLD,Delivery Area
4742,ELPHINSTONE,QLD,Delivery Area
4720,EMERALD,QLD,Delivery Area
4355,EMU CREEK,QLD,Delivery Area
4710,EMU PARK,QLD,Delivery Area
4371,EMU VALE,QLD,Delivery Area
4306,ENGLAND CREEK,QLD,Delivery Area
4051,ENOGGERA,QLD,Delivery Area
4520,ENOGGERA RESERVOIR,QLD,Delivery Area
4741,EPSOM,QLD,Delivery Area
4740,ERAKALA,QLD,Delivery Area
4480,EROMANGA,QLD,Delivery Area
4875,ERUB ISLAND,QLD,Delivery Area
4312,ESK,QLD,Delivery Area
4312,ESKDALE,QLD,Delivery Area
4871,ESMERALDA,QLD,Delivery Area
4702,ETNA CREEK,QLD,Delivery Area
4741,ETON,QLD,Delivery Area
4858,ETTY BAY,QLD,Delivery Area
4860,EUBENANGEE,QLD,Delivery Area
4554,EUDLO,QLD,Delivery Area
4380,EUKEY,QLD,Delivery Area
4674,EULEILAH,QLD,Delivery Area
4491,EULO,QLD,Delivery Area
4455,EUMAMURRIN,QLD,Delivery Area
4562,EUMUNDI,QLD,Delivery Area
4757,EUNGELLA,QLD,Delivery Area
4757,EUNGELLA DAM,QLD,Delivery Area
4741,EUNGELLA HINTERLAND,QLD,Delivery Area
4854,EURAMO,QLD,Delivery Area
4660,EUREKA,QLD,Delivery Area
4462,EURELLA,QLD,Delivery Area
4677,EURIMBULA,QLD,Delivery Area
4420,EUROMBAH,QLD,Delivery Area
4581,EURONG,QLD,Delivery Area
4455,EUTHULLA,QLD,Delivery Area
4874,EVANS LANDING,QLD,Delivery Area
4356,EVANSLEA,QLD,Delivery Area
4888,EVELYN,QLD,Delivery Area
4352,EVERGREEN,QLD,Delivery Area
4053,EVERTON HILLS,QLD,Delivery Area
4053,EVERTON PARK,QLD,Delivery Area
4606,FAIRDALE,QLD,Delivery Area
4103,FAIRFIELD,QLD,Delivery Area
4103,FAIRFIELD GARDENS,QLD,Delivery Area
4306,FAIRNEY VIEW,QLD,Delivery Area
4700,FAIRY BOWER,QLD,Delivery Area
4413,FAIRYLAND,QLD,Delivery Area
4670,FAIRYMEAD,QLD,Delivery Area
4741,FARLEIGH,QLD,Delivery Area
4703,FARNBOROUGH,QLD,Delivery Area
4660,FARNSFIELD,QLD,Delivery Area
4481,FARRARS CREEK,QLD,Delivery Area
4309,FASSIFERN,QLD,Delivery Area
4309,FASSIFERN VALLEY,QLD,Delivery Area
4568,FEDERAL,QLD,Delivery Area
4358,FELTON,QLD,Delivery Area
4358,FELTON SOUTH,QLD,Delivery Area
4854,FELUGA,QLD,Delivery Area
4650,FERNEY,QLD,Delivery Area
4306,FERNVALE,QLD,Delivery Area
4275,FERNY GLEN,QLD,Delivery Area
4055,FERNY GROVE,QLD,Delivery Area
4055,FERNY HILLS,QLD,Delivery Area
4055,FERNY HILLS DC,QLD,Delivery Area
4606,FICKS CROSSING,QLD,Delivery Area
4825,FIELDING,QLD,Delivery Area
4352,FIFTEEN MILE,QLD,Delivery Area
4069,FIG TREE POCKET,QLD,Delivery Area
4756,FINCH HATTON,QLD,Delivery Area
4873,FINLAYVALE,QLD,Delivery Area
4350,FINNIE,QLD,Delivery Area
4825,FISHER,QLD,Delivery Area
4570,FISHERMANS POCKET,QLD,Delivery Area
4871,FISHERY FALLS,QLD,Delivery Area
4860,FITZGERALD CREEK,QLD,Delivery Area
4018,FITZGIBBON,QLD,Delivery Area
4871,FITZROY ISLAND,QLD,Delivery Area
4280,FLAGSTONE,QLD,Delivery Area
4344,FLAGSTONE CREEK,QLD,Delivery Area
4802,FLAMETREE,QLD,Delivery Area
4560,FLAXTON,QLD,Delivery Area
4381,FLETCHER,QLD,Delivery Area
4714,FLETCHER CREEK,QLD,Delivery Area
4375,FLEURBAIX,QLD,Delivery Area
4285,FLINDERS LAKES,QLD,Delivery Area
4305,FLINDERS VIEW,QLD,Delivery Area
4422,FLINTON,QLD,Delivery Area
4819,FLORENCE BAY,QLD,Delivery Area
4860,FLYING FISH POINT,QLD,Delivery Area
4275,FLYING FOX,QLD,Delivery Area
4343,FORDSDALE,QLD,Delivery Area
4678,FORESHORES,QLD,Delivery Area
4873,FOREST CREEK,QLD,Delivery Area
4556,FOREST GLEN,QLD,Delivery Area
4342,FOREST HILL,QLD,Delivery Area
4078,FOREST LAKE,QLD,Delivery Area
4357,FOREST RIDGE,QLD,Delivery Area
4362,FOREST SPRINGS,QLD,Delivery Area
4118,FORESTDALE,QLD,Delivery Area
4850,FORESTHOME,QLD,Delivery Area
4465,FORESTVALE,QLD,Delivery Area
4723,FORK LAGOONS,QLD,Delivery Area
4404,FORMARTIN,QLD,Delivery Area
4850,FORREST BEACH,QLD,Delivery Area
4871,FORSAYTH,QLD,Delivery Area
4006,FORTITUDE VALLEY,QLD,Delivery Area
4872,FORTY MILE,QLD,Delivery Area
4871,FOSSILBROOK,QLD,Delivery Area
4740,FOULDEN,QLD,Delivery Area
4824,FOUR WAYS,QLD,Delivery Area
4800,FOXDALE,QLD,Delivery Area
4721,FRANKFIELD,QLD,Delivery Area
4309,FRAZERVIEW,QLD,Delivery Area
4806,FREDERICKSFIELD,QLD,Delivery Area
4370,FREESTONE,QLD,Delivery Area
4310,FRENCHES CREEK,QLD,Delivery Area
4701,FRENCHVILLE,QLD,Delivery Area
4870,FRESHWATER,QLD,Delivery Area
4737,FRESHWATER POINT,QLD,Delivery Area
4855,FRIDAY POCKET,QLD,Delivery Area
4313,FULHAM,QLD,Delivery Area
4884,GADGARRA,QLD,Delivery Area
4671,GAETA,QLD,Delivery Area
4551,GAGALBA,QLD,Delivery Area
4300,GAILES,QLD,Delivery Area
4702,GAINSFORD,QLD,Delivery Area
4850,GAIRLOCH,QLD,Delivery Area
4892,GAMBOOLA,QLD,Delivery Area
4830,GANGALIDDA,QLD,Delivery Area
4814,GARBUTT,QLD,Delivery Area
4814,GARBUTT EAST,QLD,Delivery Area
4741,GARGETT,QLD,Delivery Area
4702,GARNANT,QLD,Delivery Area
4852,GARNERS BEACH,QLD,Delivery Area
4860,GARRADUNGA,QLD,Delivery Area
4850,GARRAWALT,QLD,Delivery Area
4343,GATTON,QLD,Delivery Area
4345,GATTON COLLEGE,QLD,Post Office Boxes
4211,GAVEN,QLD,Delivery Area
4625,GAYNDAH,QLD,Delivery Area
4051,GAYTHORNE,QLD,Delivery Area
4034,GEEBUNG,QLD,Delivery Area
4352,GEHAM,QLD,Delivery Area
4721,GEMINI MOUNTAINS,QLD,Delivery Area
4003,GEORGE STREET,QLD,Post Office Boxes
4871,GEORGETOWN,QLD,Delivery Area
4825,GEORGINA,QLD,Delivery Area
4871,GERMANTOWN,QLD,Delivery Area
4574,GHEERULLA,QLD,Delivery Area
4420,GHINGHINDA,QLD,Delivery Area
4824,GIDYA,QLD,Delivery Area
4620,GIGOOMGAN,QLD,Delivery Area
4871,GILBERT RIVER,QLD,Delivery Area
4208,GILBERTON,QLD,Delivery Area
4871,GILBERTON,QLD,Delivery Area
4314,GILLA,QLD,Delivery Area
4570,GILLDORA,QLD,Delivery Area
4211,GILSTON,QLD,Delivery Area
4671,GIN GIN,QLD,Delivery Area
4702,GINDIE,QLD,Delivery Area
4676,GINDORAN,QLD,Delivery Area
4625,GINOONDAN,QLD,Delivery Area
4382,GIRRAWEEN,QLD,Delivery Area
4809,GIRU,QLD,Delivery Area
4670,GIVELDA,QLD,Delivery Area
4370,GLADFIELD,QLD,Delivery Area
4680,GLADSTONE,QLD,Delivery Area
4680,GLADSTONE CENTRAL,QLD,Delivery Area
4680,GLADSTONE DC,QLD,Delivery Area
4680,GLADSTONE HARBOUR,QLD,Delivery Area
4306,GLAMORGAN VALE,QLD,Delivery Area
4615,GLAN DEVON,QLD,Delivery Area
4570,GLANMIRE,QLD,Delivery Area
4518,GLASS HOUSE MOUNTAINS,QLD,Delivery Area
4570,GLASTONBURY,QLD,Delivery Area
4420,GLEBE,QLD,Delivery Area
4885,GLEN ALLYN,QLD,Delivery Area
4381,GLEN APLIN,QLD,Delivery Area
4871,GLEN BOUGHTON,QLD,Delivery Area
4342,GLEN CAIRN,QLD,Delivery Area
4570,GLEN ECHO,QLD,Delivery Area
4680,GLEN EDEN,QLD,Delivery Area
4312,GLEN ESK,QLD,Delivery Area
4800,GLEN ISLA,QLD,Delivery Area
4377,GLEN NIVEN,QLD,Delivery Area
4880,GLEN RUSSELL,QLD,Delivery Area
4872,GLEN RUTH,QLD,Delivery Area
4385,GLENARBON,QLD,Delivery Area
4424,GLENAUBYN,QLD,Delivery Area
4355,GLENAVEN,QLD,Delivery Area
4620,GLENBAR,QLD,Delivery Area
4352,GLENCOE,QLD,Delivery Area
4711,GLENDALE,QLD,Delivery Area
4743,GLENDEN,QLD,Delivery Area
4285,GLENEAGLE,QLD,Delivery Area
4740,GLENELLA,QLD,Delivery Area
4515,GLENFERN,QLD,Delivery Area
4370,GLENGALLAN,QLD,Delivery Area
4420,GLENHAUGHTON,QLD,Delivery Area
4711,GLENLEE,QLD,Delivery Area
4630,GLENLEIGH,QLD,Delivery Area
4280,GLENLOGAN,QLD,Delivery Area
4380,GLENLYON,QLD,Delivery Area
4719,GLENMORAL,QLD,Delivery Area
4423,GLENMORGAN,QLD,Delivery Area
4650,GLENORCHY,QLD,Delivery Area
4342,GLENORE GROVE,QLD,Delivery Area
4626,GLENRAE,QLD,Delivery Area
4605,GLENROCK,QLD,Delivery Area
4702,GLENROY,QLD,Delivery Area
4350,GLENVALE,QLD,Delivery Area
4553,GLENVIEW,QLD,Delivery Area
4570,GLENWOOD,QLD,Delivery Area
4511,GODWIN BEACH,QLD,Delivery Area
4702,GOGANGO,QLD,Delivery Area
9726,GOLD COAST MC,QLD,Post Office Boxes
4551,GOLDEN BEACH,QLD,Delivery Area
4621,GOLDEN FLEECE,QLD,Delivery Area
4380,GOLDFIELDS,QLD,Delivery Area
4865,GOLDSBOROUGH,QLD,Delivery Area
4670,GOOBURRUM,QLD,Delivery Area
4671,GOOD NIGHT,QLD,Delivery Area
4390,GOODAR,QLD,Delivery Area
4610,GOODGER,QLD,Delivery Area
4300,GOODNA,QLD,Delivery Area
4660,GOODWOOD,QLD,Delivery Area
4314,GOOGA CREEK,QLD,Delivery Area
4856,GOOLBOO,QLD,Delivery Area
4306,GOOLMAN,QLD,Delivery Area
4702,GOOMALLY,QLD,Delivery Area
4413,GOOMBI,QLD,Delivery Area
4570,GOOMBOORIAN,QLD,Delivery Area
4354,GOOMBUNGEE,QLD,Delivery Area
4362,GOOMBURRA,QLD,Delivery Area
4601,GOOMERI,QLD,Delivery Area
4601,GOOMERIBONG,QLD,Delivery Area
4860,GOONDI,QLD,Delivery Area
4860,GOONDI BEND,QLD,Delivery Area
4860,GOONDI HILL,QLD,Delivery Area
4390,GOONDIWINDI,QLD,Delivery Area
4800,GOORGANGA CREEK,QLD,Delivery Area
4800,GOORGANGA PLAINS,QLD,Delivery Area
4625,GOOROOLBA,QLD,Delivery Area
4650,GOOTCHIE,QLD,Delivery Area
4702,GOOVIGEN,QLD,Delivery Area
4702,GOOWARRA,QLD,Delivery Area
4421,GORANBA,QLD,Delivery Area
4031,GORDON PARK,QLD,Delivery Area
4610,GORDONBROOK,QLD,Delivery Area
4702,GORDONSTONE,QLD,Delivery Area
4865,GORDONVALE,QLD,Delivery Area
4352,GORE,QLD,Delivery Area
4352,GOWRIE JUNCTION,QLD,Delivery Area
4352,GOWRIE LITTLE PLAIN,QLD,Delivery Area
4350,GOWRIE MOUNTAIN,QLD,Delivery Area
4470,GOWRIE STATION,QLD,Delivery Area
4702,GRACEMERE,QLD,Delivery Area
4075,GRACEVILLE,QLD,Delivery Area
4075,GRACEVILLE EAST,QLD,Delivery Area
4650,GRAHAMS CREEK,QLD,Delivery Area
4855,GRANADILLA,QLD,Delivery Area
4820,GRAND SECRET,QLD,Delivery Area
4340,GRANDCHESTER,QLD,Delivery Area
4051,GRANGE,QLD,Delivery Area
4815,GRANITE VALE,QLD,Delivery Area
4347,GRANTHAM,QLD,Delivery Area
4650,GRANVILLE,QLD,Delivery Area
4352,GRAPETREE,QLD,Delivery Area
4405,GRASSDALE,QLD,Delivery Area
4740,GRASSTREE BEACH,QLD,Delivery Area
4357,GRAYS GATE,QLD,Delivery Area
4700,GREAT KEPPEL ISLAND,QLD,Delivery Area
4655,GREAT SANDY STRAIT,QLD,Delivery Area
4865,GREEN HILL,QLD,Delivery Area
4871,GREEN ISLAND,QLD,Delivery Area
4124,GREENBANK,QLD,Delivery Area
4701,GREENLAKE,QLD,Delivery Area
4380,GREENLANDS,QLD,Delivery Area
4359,GREENMOUNT,QLD,Delivery Area
4751,GREENMOUNT,QLD,Delivery Area
4570,GREENS CREEK,QLD,Delivery Area
4120,GREENSLOPES,QLD,Delivery Area
4513,GREENSTONE,QLD,Delivery Area
4413,GREENSWAMP,QLD,Delivery Area
4387,GREENUP,QLD,Delivery Area
4816,GREENVALE,QLD,Delivery Area
4606,GREENVIEW,QLD,Delivery Area
4401,GREENWOOD,QLD,Delivery Area
4313,GREGORS CREEK,QLD,Delivery Area
4830,GREGORY,QLD,Delivery Area
4660,GREGORY RIVER,QLD,Delivery Area
4800,GREGORY RIVER,QLD,Delivery Area
4715,GREYCLIFFE,QLD,Delivery Area
4370,GREYMARE,QLD,Delivery Area
4503,GRIFFIN,QLD,Delivery Area
4222,GRIFFITH UNIVERSITY,QLD,Post Office Boxes
4892,GROGANVILLE,QLD,Delivery Area
4352,GROOMSVILLE,QLD,Delivery Area
4806,GROPER CREEK,QLD,Delivery Area
4419,GROSMONT,QLD,Delivery Area
4627,GROSVENOR,QLD,Delivery Area
4210,GUANABA,QLD,Delivery Area
4875,GUIJAR ISLET,QLD,Delivery Area
4812,GULLIVER,QLD,Delivery Area
4855,GULNGAI,QLD,Delivery Area
4418,GULUGUBA,QLD,Delivery Area
4154,GUMDALE,QLD,Delivery Area
4815,GUMLOW,QLD,Delivery Area
4805,GUMLU,QLD,Delivery Area
4570,GUNALDA,QLD,Delivery Area
4650,GUNDIAH,QLD,Delivery Area
4620,GUNGALOON,QLD,Delivery Area
4872,GUNNAWARRA,QLD,Delivery Area
4455,GUNNEWIN,QLD,Delivery Area
4825,GUNPOWDER,QLD,Delivery Area
4892,GUNUNA,QLD,Delivery Area
4800,GUNYARRA,QLD,Delivery Area
4626,GURGEENA,QLD,Delivery Area
4415,GURULMUNDI,QLD,Delivery Area
4805,GUTHALUNGRA,QLD,Delivery Area
4420,GWAMBEGWINE,QLD,Delivery Area
4570,GYMPIE,QLD,Delivery Area
4570,GYMPIE DC,QLD,Delivery Area
4740,HABANA,QLD,Delivery Area
4353,HADEN,QLD,Delivery Area
4306,HAIGSLEA,QLD,Delivery Area
4742,HAIL CREEK,QLD,Delivery Area
4740,HALIDAY BAY,QLD,Delivery Area
4850,HALIFAX,QLD,Delivery Area
4406,HALLIFORD,QLD,Delivery Area
4610,HALY CREEK,QLD,Delivery Area
4007,HAMILTON,QLD,Delivery Area
4007,HAMILTON CENTRAL,QLD,Delivery Area
4714,HAMILTON CREEK,QLD,Delivery Area
4803,HAMILTON ISLAND,QLD,Post Office Boxes
4800,HAMILTON PLAINS,QLD,Delivery Area
4741,HAMPDEN,QLD,Delivery Area
4352,HAMPTON,QLD,Delivery Area
4406,HANNAFORD,QLD,Delivery Area
4825,HAPPY VALLEY,QLD,Delivery Area
4350,HARLAXTON,QLD,Delivery Area
4314,HARLIN,QLD,Delivery Area
4630,HARRAMI,QLD,Delivery Area
4625,HARRIET,QLD,Delivery Area
4350,HARRISTOWN,QLD,Delivery Area
4307,HARRISVILLE,QLD,Delivery Area
4341,HATTON VALE,QLD,Delivery Area
4850,HAWKINS CREEK,QLD,Delivery Area
4626,HAWKWOOD,QLD,Delivery Area
4171,HAWTHORNE,QLD,Delivery Area
4740,HAY POINT,QLD,Delivery Area
4515,HAZELDEAN,QLD,Delivery Area
4741,HAZLEDEAN,QLD,Delivery Area
4361,HEADINGTON HILL,QLD,Delivery Area
4825,HEALY,QLD,Delivery Area
4110,HEATHWOOD,QLD,Delivery Area
4110,HEATHWOOD DF,QLD,Delivery Area
4814,HEATLEY,QLD,Delivery Area
4486,HEBEL,QLD,Delivery Area
4850,HELENS HILL,QLD,Delivery Area
4212,HELENSVALE,QLD,Delivery Area
4212,HELENSVALE TOWN CENTRE,QLD,Delivery Area
4895,HELENVALE,QLD,Delivery Area
4344,HELIDON,QLD,Delivery Area
4344,HELIDON SPA,QLD,Delivery Area
4174,HEMMANT,QLD,Delivery Area
4362,HENDON,QLD,Delivery Area
4011,HENDRA,QLD,Delivery Area
4887,HERBERTON,QLD,Delivery Area
4118,HERITAGE PARK,QLD,Delivery Area
4812,HERMIT PARK,QLD,Delivery Area
4680,HERON ISLAND,QLD,Delivery Area
4006,HERSTON,QLD,Delivery Area
4655,HERVEY BAY,QLD,Delivery Area
4655,HERVEY BAY DC,QLD,Delivery Area
4817,HERVEY RANGE,QLD,Delivery Area
4723,HIBERNIA,QLD,Delivery Area
4703,HIDDEN VALLEY,QLD,Delivery Area
4800,HIDEAWAY BAY,QLD,Delivery Area
4892,HIGHBURY,QLD,Delivery Area
4352,HIGHFIELDS,QLD,Delivery Area
4101,HIGHGATE HILL,QLD,Delivery Area
4352,HIGHGROVE,QLD,Delivery Area
4211,HIGHLAND PARK,QLD,Delivery Area
4401,HIGHLAND PLAINS,QLD,Delivery Area
4454,HIGHLAND PLAINS,QLD,Delivery Area
4520,HIGHVALE,QLD,Delivery Area
4560,HIGHWORTH,QLD,Delivery Area
4118,HILLCREST,QLD,Delivery Area
4285,HILLVIEW,QLD,Delivery Area
4849,HINCHINBROOK,QLD,Delivery Area
4359,HIRSTGLEN,QLD,Delivery Area
4612,HIVESVILLE,QLD,Delivery Area
4610,HODGLEIGH,QLD,Delivery Area
4455,HODGSON,QLD,Delivery Area
4352,HODGSON VALE,QLD,Delivery Area
4121,HOLLAND PARK,QLD,Delivery Area
4121,HOLLAND PARK EAST,QLD,Delivery Area
4121,HOLLAND PARK WEST,QLD,Delivery Area
4878,HOLLOWAYS BEACH,QLD,Delivery Area
4216,HOLLYWELL,QLD,Delivery Area
4207,HOLMVIEW,QLD,Delivery Area
4892,HOLROYD RIVER,QLD,Delivery Area
4806,HOME HILL,QLD,Delivery Area
4740,HOMEBUSH,QLD,Delivery Area
4816,HOMESTEAD,QLD,Delivery Area
4415,HOOKSWOOD,QLD,Delivery Area
4212,HOPE ISLAND,QLD,Delivery Area
4895,HOPE VALE,QLD,Delivery Area
4413,HOPELAND,QLD,Delivery Area
4875,HORN,QLD,Delivery Area
4671,HORSE CAMP,QLD,Delivery Area
4714,HORSE CREEK,QLD,Delivery Area
4819,HORSESHOE BAY,QLD,Delivery Area
4809,HORSESHOE LAGOON,QLD,Delivery Area
4660,HORTON,QLD,Delivery Area
4659,HOWARD,QLD,Delivery Area
4890,HOWITT,QLD,Delivery Area
4310,HOYA,QLD,Delivery Area
4860,HUDSON,QLD,Delivery Area
4821,HUGHENDEN,QLD,Delivery Area
4854,HULL HEADS,QLD,Delivery Area
4702,HUMBOLDT,QLD,Delivery Area
4490,HUMEBURN,QLD,Delivery Area
4625,HUMPHERY,QLD,Delivery Area
4555,HUNCHY,QLD,Delivery Area
4493,HUNGERFORD,QLD,Delivery Area
4871,HURRICANE,QLD,Delivery Area
4454,HUTTON CREEK,QLD,Delivery Area
4812,HYDE PARK,QLD,Delivery Area
4875,IAMA ISLAND,QLD,Delivery Area
4811,IDALIA,QLD,Delivery Area
4625,IDERAWAY,QLD,Delivery Area
4738,ILBILBIE,QLD,Delivery Area
4727,ILFRACOMBE,QLD,Delivery Area
4554,ILKLEY,QLD,Delivery Area
4275,ILLINBAH,QLD,Delivery Area
4560,IMAGE FLAT,QLD,Delivery Area
4570,IMBIL,QLD,Delivery Area
4077,INALA,QLD,Delivery Area
4077,INALA HEIGHTS,QLD,Delivery Area
4068,INDOOROOPILLY,QLD,Delivery Area
4068,INDOOROOPILLY CENTRE,QLD,Delivery Area
4850,INGHAM,QLD,Delivery Area
4422,INGLESTONE,QLD,Delivery Area
4387,INGLEWOOD,QLD,Delivery Area
4343,INGOLDSBY,QLD,Delivery Area
4876,INJINOO,QLD,Delivery Area
4454,INJUNE,QLD,Delivery Area
4806,INKERMAN,QLD,Delivery Area
4670,INNES PARK,QLD,Delivery Area
4860,INNISFAIL,QLD,Delivery Area
4860,INNISFAIL ESTATE,QLD,Delivery Area
4285,INNISPLAIN,QLD,Delivery Area
4872,INNOT HOT SPRINGS,QLD,Delivery Area
4581,INSKIP,QLD,Delivery Area
4610,INVERLAW,QLD,Delivery Area
4703,INVERNESS,QLD,Delivery Area
4305,IPSWICH,QLD,Delivery Area
4344,IREDALE,QLD,Delivery Area
4892,IRON RANGE,QLD,Delivery Area
4306,IRONBARK,QLD,Delivery Area
4356,IRONGATE,QLD,Delivery Area
4610,IRONPOT,QLD,Delivery Area
4701,IRONPOT,QLD,Delivery Area
4887,IRVINEBANK,QLD,Delivery Area
4404,IRVINGDALE,QLD,Delivery Area
4660,ISIS CENTRAL,QLD,Delivery Area
4660,ISIS RIVER,QLD,Delivery Area
4731,ISISFORD,QLD,Delivery Area
4719,ISLA,QLD,Delivery Area
4650,ISLAND PLANTATION,QLD,Delivery Area
4217,ISLE OF CAPRI,QLD,Delivery Area
4680,IVERAGH,QLD,Delivery Area
4313,IVORY CREEK,QLD,Delivery Area
4426,JACKSON,QLD,Delivery Area
4426,JACKSON NORTH,QLD,Delivery Area
4426,JACKSON SOUTH,QLD,Delivery Area
4208,JACOBS WELL,QLD,Delivery Area
4855,JAFFA,QLD,Delivery Area
4885,JAGGAN,QLD,Delivery Area
4702,JAMBIN,QLD,Delivery Area
4074,JAMBOREE HEIGHTS,QLD,Delivery Area
4811,JAMES COOK UNIVERSITY,QLD,Delivery Area
4410,JANDOWAE,QLD,Delivery Area
4856,JAPOONVALE,QLD,Delivery Area
4702,JARDINE,QLD,Delivery Area
4874,JARDINE RIVER,QLD,Delivery Area
4854,JARRA CREEK,QLD,Delivery Area
4807,JARVISFIELD,QLD,Delivery Area
4340,JEEBROPILLY,QLD,Delivery Area
4702,JELLINBAH,QLD,Delivery Area
4818,JENSEN,QLD,Delivery Area
4728,JERICHO,QLD,Delivery Area
4809,JERONA,QLD,Delivery Area
4280,JIMBOOMBA,QLD,Delivery Area
4406,JIMBOUR,QLD,Delivery Area
4406,JIMBOUR EAST,QLD,Delivery Area
4406,JIMBOUR WEST,QLD,Delivery Area
4515,JIMNA,QLD,Delivery Area
4074,JINDALEE,QLD,Delivery Area
4410,JINGHI,QLD,Delivery Area
4490,JOBS GATE,QLD,Delivery Area
4714,JOHNSONS HILL,QLD,Delivery Area
4615,JOHNSTOWN,QLD,Delivery Area
4520,JOLLYS LOOKOUT,QLD,Delivery Area
4403,JONDARYAN,QLD,Delivery Area
4355,JONES GULLY,QLD,Delivery Area
4570,JONES HILL,QLD,Delivery Area
4285,JOSEPHVILLE,QLD,Delivery Area
4702,JOSKELEIGH,QLD,Delivery Area
4500,JOYNER,QLD,Delivery Area
4860,JUBILEE HEIGHTS,QLD,Delivery Area
4802,JUBILEE POCKET,QLD,Delivery Area
4816,JULAGO,QLD,Delivery Area
4871,JULATTEN,QLD,Delivery Area
4823,JULIA CREEK,QLD,Delivery Area
4370,JUNABEE,QLD,Delivery Area
4343,JUNCTION VIEW,QLD,Delivery Area
4736,JUNDAH,QLD,Delivery Area
4888,KABAN,QLD,Delivery Area
4702,KABRA,QLD,Delivery Area
4285,KAGARU,QLD,Delivery Area
4406,KAIMKILLENBUN,QLD,Delivery Area
4872,KAIRI,QLD,Delivery Area
4702,KALAPA,QLD,Delivery Area
4309,KALBAR,QLD,Delivery Area
4030,KALINGA,QLD,Delivery Area
4825,KALKADOON,QLD,Delivery Area
4670,KALKIE,QLD,Delivery Area
4503,KALLANGUR,QLD,Delivery Area
4630,KALPOWAR,QLD,Delivery Area
4887,KALUNGA,QLD,Delivery Area
4870,KAMERUNGA,QLD,Delivery Area
4570,KANDANGA,QLD,Delivery Area
4570,KANDANGA CREEK,QLD,Delivery Area
4169,KANGAROO POINT,QLD,Delivery Area
4570,KANIGAN,QLD,Delivery Area
4870,KANIMBLA,QLD,Delivery Area
4630,KAPALDO,QLD,Delivery Area
4306,KARALEE,QLD,Delivery Area
4306,KARANA DOWNS,QLD,Delivery Area
4352,KARARA,QLD,Delivery Area
4117,KARAWATHA,QLD,Delivery Area
4306,KARRABIN,QLD,Delivery Area
4184,KARRAGARRA ISLAND,QLD,Delivery Area
4871,KARRON,QLD,Delivery Area
4891,KARUMBA,QLD,Delivery Area
4701,KAWANA,QLD,Delivery Area
4612,KAWL KAWL,QLD,Delivery Area
4655,KAWUNGAN,QLD,Delivery Area
4350,KEARNEYS SPRING,QLD,Delivery Area
4031,KEDRON,QLD,Delivery Area
4800,KELSEY CREEK,QLD,Delivery Area
4815,KELSO,QLD,Delivery Area
4059,KELVIN GROVE,QLD,Delivery Area
4059,KELVIN GROVE DC,QLD,Delivery Area
4401,KELVINHAUGH,QLD,Delivery Area
4742,KEMMIS,QLD,Delivery Area
4574,KENILWORTH,QLD,Delivery Area
4069,KENMORE,QLD,Delivery Area
4069,KENMORE DC,QLD,Delivery Area
4069,KENMORE EAST,QLD,Delivery Area
4069,KENMORE HILLS,QLD,Delivery Area
4849,KENNEDY,QLD,Delivery Area
4670,KENSINGTON,QLD,Delivery Area
4341,KENSINGTON GROVE,QLD,Delivery Area
4309,KENTS LAGOON,QLD,Delivery Area
4310,KENTS POCKET,QLD,Delivery Area
4341,KENTVILLE,QLD,Delivery Area
4054,KEPERRA,QLD,Delivery Area
4670,KEPNOCK,QLD,Delivery Area
4702,KEPPEL SANDS,QLD,Delivery Area
4875,KERIRI ISLAND,QLD,Delivery Area
4285,KERRY,QLD,Delivery Area
4740,KESWICK ISLAND,QLD,Delivery Area
4879,KEWARRA BEACH,QLD,Delivery Area
4612,KEYSLAND,QLD,Delivery Area
4306,KHOLO,QLD,Delivery Area
4723,KHOSH BULDUK,QLD,Delivery Area
4570,KIA ORA,QLD,Delivery Area
4560,KIAMBA,QLD,Delivery Area
4718,KIANGA,QLD,Delivery Area
4574,KIDAMAN CREEK,QLD,Delivery Area
4559,KIELS MOUNTAIN,QLD,Delivery Area
4354,KILBIRNIE,QLD,Delivery Area
4515,KILCOY,QLD,Delivery Area
4721,KILCUMMIN,QLD,Delivery Area
4600,KILKIVAN,QLD,Delivery Area
4877,KILLALOE,QLD,Delivery Area
4373,KILLARNEY,QLD,Delivery Area
4465,KILMOREY FALLS,QLD,Delivery Area
4873,KIMBERLEY,QLD,Delivery Area
4571,KIN KIN,QLD,Delivery Area
4680,KIN KORA,QLD,Delivery Area
4601,KINBOMBI,QLD,Delivery Area
4741,KINCHANT DAM,QLD,Delivery Area
4356,KINCORA,QLD,Delivery Area
4390,KINDON,QLD,Delivery Area
4521,KING SCRUB,QLD,Delivery Area
4515,KINGAHAM,QLD,Delivery Area
4610,KINGAROY,QLD,Delivery Area
4610,KINGAROY DC,QLD,Delivery Area
4655,KINGFISHER BAY RESORT,QLD,Delivery Area
4551,KINGS BEACH,QLD,Delivery Area
4361,KINGS CREEK,QLD,Delivery Area
4401,KINGS SIDING,QLD,Delivery Area
4208,KINGSHOLME,QLD,Delivery Area
4400,KINGSTHORPE,QLD,Delivery Area
4114,KINGSTON,QLD,Delivery Area
4703,KINKA BEACH,QLD,Delivery Area
4670,KINKUNA,QLD,Delivery Area
4613,KINLEYMORE,QLD,Delivery Area
4420,KINNOUL,QLD,Delivery Area
4498,KIOMA,QLD,Delivery Area
4021,KIPPA-RING,QLD,Delivery Area
4806,KIRKNIE,QLD,Delivery Area
4680,KIRKWOOD,QLD,Delivery Area
4872,KIRRAMA,QLD,Delivery Area
4817,KIRWAN,QLD,Delivery Area
4605,KITOBA,QLD,Delivery Area
4352,KLEINTON,QLD,Delivery Area
4285,KNAPP CREEK,QLD,Delivery Area
4881,KOAH,QLD,Delivery Area
4520,KOBBLE CREEK,QLD,Delivery Area
4406,KOGAN,QLD,Delivery Area
4702,KOKOTUNGO,QLD,Delivery Area
4671,KOLONGA,QLD,Delivery Area
4872,KOOMBOOLOOMBA,QLD,Delivery Area
4701,KOONGAL,QLD,Delivery Area
4285,KOORALBYN,QLD,Delivery Area
4402,KOORALGIN,QLD,Delivery Area
4025,KOORINGAL,QLD,Delivery Area
4854,KOOROOMOOL,QLD,Delivery Area
4357,KOOROONGARRA,QLD,Delivery Area
4738,KOUMALA,QLD,Delivery Area
4892,KOWANYAMA,QLD,Delivery Area
4415,KOWGURAN,QLD,Delivery Area
4413,KRAGRA,QLD,Delivery Area
4875,KUBIN,QLD,Delivery Area
4560,KULANGOOR,QLD,Delivery Area
4309,KULGUN,QLD,Delivery Area
4660,KULLOGUM,QLD,Delivery Area
4352,KULPI,QLD,Delivery Area
4558,KULUIN,QLD,Delivery Area
4405,KUMBARILLA,QLD,Delivery Area
4610,KUMBIA,QLD,Delivery Area
4556,KUNDA PARK,QLD,Delivery Area
4615,KUNIOON,QLD,Delivery Area
4702,KUNWARARA,QLD,Delivery Area
4112,KURABY,QLD,Delivery Area
4881,KURANDA,QLD,Delivery Area
4560,KUREELPA,QLD,Delivery Area
4885,KUREEN,QLD,Delivery Area
4824,KURIDALA,QLD,Delivery Area
4871,KURRIMINE BEACH,QLD,Delivery Area
4352,KURROWAH,QLD,Delivery Area
4388,KURUMBUL,QLD,Delivery Area
4503,KURWONGBAH,QLD,Delivery Area
4741,KUTTABUL,QLD,Delivery Area
4570,KYBONG,QLD,Delivery Area
4823,KYNUNA,QLD,Delivery Area
4380,KYOOMBA,QLD,Delivery Area
4215,LABRADOR,QLD,Delivery Area
4521,LACEYS CREEK,QLD,Delivery Area
4721,LAGLAN,QLD,Delivery Area
4570,LAGOON POCKET,QLD,Delivery Area
4800,LAGUNA QUAYS,QLD,Delivery Area
4341,LAIDLEY,QLD,Delivery Area
4341,LAIDLEY CREEK WEST,QLD,Delivery Area
4341,LAIDLEY HEIGHTS,QLD,Delivery Area
4341,LAIDLEY NORTH,QLD,Delivery Area
4341,LAIDLEY SOUTH,QLD,Delivery Area
4884,LAKE BARRINE,QLD,Delivery Area
4570,LAKE BORUMBA,QLD,Delivery Area
4343,LAKE CLARENDON,QLD,Delivery Area
4884,LAKE EACHAM,QLD,Delivery Area
4563,LAKE MACDONALD,QLD,Delivery Area
4306,LAKE MANCHESTER,QLD,Delivery Area
4703,LAKE MARY,QLD,Delivery Area
4671,LAKE MONDURAN,QLD,Delivery Area
4800,LAKE PROSERPINE,QLD,Delivery Area
4872,LAKE TINAROO,QLD,Delivery Area
4311,LAKE WIVENHOE,QLD,Delivery Area
4892,LAKEFIELD,QLD,Delivery Area
4871,LAKELAND,QLD,Delivery Area
4871,LAKELAND DOWNS,QLD,Delivery Area
4701,LAKES CREEK,QLD,Delivery Area
4621,LAKESIDE,QLD,Delivery Area
4184,LAMB ISLAND,QLD,Delivery Area
4870,LAMB RANGE,QLD,Delivery Area
4285,LAMINGTON,QLD,Delivery Area
4703,LAMMERMOOR,QLD,Delivery Area
4555,LANDERS SHOOT,QLD,Delivery Area
4550,LANDSBOROUGH,QLD,Delivery Area
4340,LANEFIELD,QLD,Delivery Area
4410,LANGLANDS,QLD,Delivery Area
4630,LANGLEY,QLD,Delivery Area
4470,LANGLO,QLD,Delivery Area
4570,LANGSHAW,QLD,Delivery Area
4850,LANNERCOST,QLD,Delivery Area
4478,LANSDOWNE,QLD,Delivery Area
4825,LANSKEY,QLD,Delivery Area
4110,LARAPINTA,QLD,Delivery Area
4285,LARAVALE,QLD,Delivery Area
4306,LARK HILL,QLD,Delivery Area
4892,LAURA,QLD,Delivery Area
4357,LAVELLE,QLD,Delivery Area
4343,LAWES,QLD,Delivery Area
4716,LAWGI DAWES,QLD,Delivery Area
4825,LAWN HILL,QLD,Delivery Area
4501,LAWNTON,QLD,Delivery Area
4606,LEAFDALE,QLD,Delivery Area
4343,LEFTHAND BRANCH,QLD,Delivery Area
4305,LEICHHARDT,QLD,Delivery Area
4357,LEMONTREE,QLD,Delivery Area
4370,LESLIE,QLD,Delivery Area
4370,LESLIE DAM,QLD,Delivery Area
4800,LETHEBROOK,QLD,Delivery Area
4365,LEYBURN,QLD,Delivery Area
4714,LEYDENS HILL,QLD,Delivery Area
4344,LILYDALE,QLD,Delivery Area
4352,LILYVALE,QLD,Delivery Area
4723,LILYVALE,QLD,Delivery Area
4513,LILYWOOD,QLD,Delivery Area
4714,LIMESTONE,QLD,Delivery Area
4701,LIMESTONE CREEK,QLD,Delivery Area
4305,LIMESTONE RIDGES,QLD,Delivery Area
4384,LIMEVALE,QLD,Delivery Area
4490,LINDEN,QLD,Delivery Area
4356,LINTHORPE,QLD,Delivery Area
4314,LINVILLE,QLD,Delivery Area
4551,LITTLE MOUNTAIN,QLD,Delivery Area
4865,LITTLE MULGRAVE,QLD,Delivery Area
4892,LIZARD,QLD,Delivery Area
4820,LLANARTH,QLD,Delivery Area
4370,LOCH LOMOND,QLD,Delivery Area
4720,LOCHINGTON,QLD,Delivery Area
4892,LOCKHART RIVER,QLD,Delivery Area
4342,LOCKROSE,QLD,Delivery Area
4344,LOCKYER,QLD,Delivery Area
4311,LOCKYER WATERS,QLD,Delivery Area
4114,LOGAN CENTRAL,QLD,Delivery Area
4114,LOGAN CITY DC,QLD,Delivery Area
4133,LOGAN RESERVE,QLD,Delivery Area
4207,LOGAN VILLAGE,QLD,Delivery Area
4129,LOGANHOLME,QLD,Delivery Area
4129,LOGANHOLME DC,QLD,Delivery Area
4131,LOGANLEA,QLD,Delivery Area
4719,LONESOME CREEK,QLD,Delivery Area
4570,LONG FLAT,QLD,Delivery Area
4850,LONG POCKET,QLD,Delivery Area
4730,LONGREACH,QLD,Delivery Area
4179,LOTA,QLD,Delivery Area
4705,LOTUS CREEK,QLD,Delivery Area
4873,LOW ISLES,QLD,Delivery Area
4211,LOWER BEECHMONT,QLD,Delivery Area
4871,LOWER COWLEY,QLD,Delivery Area
4313,LOWER CRESSBROOK,QLD,Delivery Area
4873,LOWER DAINTREE,QLD,Delivery Area
4340,LOWER MOUNT WALKER,QLD,Delivery Area
4343,LOWER TENTHILL,QLD,Delivery Area
4854,LOWER TULLY,QLD,Delivery Area
4570,LOWER WONGA,QLD,Delivery Area
4702,LOWESBY,QLD,Delivery Area
4723,LOWESTOFF,QLD,Delivery Area
4676,LOWMEAD,QLD,Delivery Area
4311,LOWOOD,QLD,Delivery Area
4850,LUCINDA,QLD,Delivery Area
4478,LUMEAH,QLD,Delivery Area
4849,LUMHOLTZ,QLD,Delivery Area
4390,LUNDAVRA,QLD,Delivery Area
4207,LUSCOMBE,QLD,Delivery Area
4030,LUTWYCHE,QLD,Delivery Area
4818,LYNAM,QLD,Delivery Area
4871,LYNDHURST,QLD,Delivery Area
4892,LYNDSIDE,QLD,Delivery Area
4342,LYNFORD,QLD,Delivery Area
4124,LYONS,QLD,Delivery Area
4382,LYRA,QLD,Delivery Area
4178,LYTTON,QLD,Delivery Area
4347,MA MA CREEK,QLD,Delivery Area
4855,MAADI,QLD,Delivery Area
4886,MAALAN,QLD,Delivery Area
4650,MAAROOM,QLD,Delivery Area
4875,MABUIAG ISLAND,QLD,Delivery Area
4406,MACALISTER,QLD,Delivery Area
4871,MACALISTER RANGE,QLD,Delivery Area
4478,MACFARLANE,QLD,Delivery Area
4109,MACGREGOR,QLD,Delivery Area
4878,MACHANS BEACH,QLD,Delivery Area
4695,MACHINE CREEK,QLD,Delivery Area
4740,MACKAY,QLD,Delivery Area
4740,MACKAY CANELAND,QLD,Delivery Area
4740,MACKAY DC,QLD,Delivery Area
4740,MACKAY HARBOUR,QLD,Delivery Area
4741,MACKAY MC,QLD,Delivery Area
4740,MACKAY NORTH,QLD,Delivery Area
4740,MACKAY SOUTH,QLD,Delivery Area
4740,MACKAY WEST,QLD,Delivery Area
4156,MACKENZIE,QLD,Delivery Area
4702,MACKENZIE,QLD,Delivery Area
4705,MACKENZIE RIVER,QLD,Delivery Area
4850,MACKNADE,QLD,Delivery Area
4352,MACLAGAN,QLD,Delivery Area
4184,MACLEAY ISLAND,QLD,Delivery Area
4819,MAGNETIC ISLAND,QLD,Delivery Area
4650,MAGNOLIA,QLD,Delivery Area
4385,MAIDENHEAD,QLD,Delivery Area
4615,MAIDENWELL,QLD,Delivery Area
4217,MAIN BEACH,QLD,Delivery Area
4816,MAJORS CREEK,QLD,Delivery Area
4885,MALANDA,QLD,Delivery Area
4620,MALARGA,QLD,Delivery Area
4552,MALENY,QLD,Delivery Area
4352,MALLING,QLD,Delivery Area
4627,MALMOE,QLD,Delivery Area
4816,MALPAS-TRENTON,QLD,Delivery Area
4403,MALU,QLD,Delivery Area
4871,MAMU,QLD,Delivery Area
4361,MANAPOURI,QLD,Delivery Area
4802,MANDALAY,QLD,Delivery Area
4509,MANGO HILL,QLD,Delivery Area
4179,MANLY,QLD,Delivery Area
4179,MANLY WEST,QLD,Delivery Area
4610,MANNUEM,QLD,Delivery Area
4870,MANOORA,QLD,Delivery Area
4122,MANSFIELD,QLD,Delivery Area
4122,MANSFIELD BC,QLD,Delivery Area
4122,MANSFIELD DC,QLD,Delivery Area
4722,MANTUAN DOWNS,QLD,Delivery Area
4601,MANUMBAR,QLD,Delivery Area
4870,MANUNDA,QLD,Delivery Area
4605,MANYUNG,QLD,Delivery Area
4560,MAPLETON,QLD,Delivery Area
4874,MAPOON,QLD,Delivery Area
4892,MARAMIE,QLD,Delivery Area
4821,MARATHON,QLD,Delivery Area
4346,MARBURG,QLD,Delivery Area
4564,MARCOOLA,QLD,Delivery Area
4573,MARCUS BEACH,QLD,Delivery Area
4880,MAREEBA,QLD,Delivery Area
4019,MARGATE,QLD,Delivery Area
4019,MARGATE BEACH,QLD,Delivery Area
4855,MARIA CREEKS,QLD,Delivery Area
4753,MARIAN,QLD,Delivery Area
4705,MARLBOROUGH,QLD,Delivery Area
4405,MARMADUA,QLD,Delivery Area
4702,MARMOR,QLD,Delivery Area
4570,MARODIAN,QLD,Delivery Area
4561,MAROOCHY RIVER,QLD,Delivery Area
4558,MAROOCHYDORE,QLD,Delivery Area
4558,MAROOCHYDORE BC,QLD,Delivery Area
4558,MAROOCHYDORE DC,QLD,Delivery Area
4310,MAROON,QLD,Delivery Area
4671,MAROONDAN,QLD,Delivery Area
4132,MARSDEN,QLD,Delivery Area
4611,MARSHLANDS,QLD,Delivery Area
4858,MARTYVILLE,QLD,Delivery Area
4650,MARYBOROUGH,QLD,Delivery Area
4650,MARYBOROUGH DC,QLD,Delivery Area
4650,MARYBOROUGH WEST,QLD,Delivery Area
4570,MARYS CREEK,QLD,Delivery Area
4370,MARYVALE,QLD,Delivery Area
4703,MARYVALE,QLD,Delivery Area
4875,MASIG ISLAND,QLD,Delivery Area
4370,MASSIE,QLD,Delivery Area
4210,MAUDSLAND,QLD,Delivery Area
4822,MAXWELTON,QLD,Delivery Area
4746,MAY DOWNS,QLD,Delivery Area
4856,MCCUTCHEON,QLD,Delivery Area
4807,MCDESME,QLD,Delivery Area
4053,MCDOWALL,QLD,Delivery Area
4740,MCEWENS BEACH,QLD,Delivery Area
4671,MCILWRAITH,QLD,Delivery Area
4570,MCINTOSH CREEK,QLD,Delivery Area
4823,MCKINLAY,QLD,Delivery Area
4131,MEADOWBROOK,QLD,Delivery Area
4670,MEADOWVALE,QLD,Delivery Area
4422,MEANDARRA,QLD,Delivery Area
4703,MEIKLEVILLE HILL,QLD,Delivery Area
4570,MELAWONDI,QLD,Delivery Area
4510,MELDALE,QLD,Delivery Area
4613,MELROSE,QLD,Delivery Area
4610,MEMERAMBI,QLD,Delivery Area
4871,MENA CREEK,QLD,Delivery Area
4798,MENTMORE,QLD,Delivery Area
4825,MENZIES,QLD,Delivery Area
4875,MER ISLAND,QLD,Delivery Area
4551,MERIDAN PLAINS,QLD,Delivery Area
4805,MERINDA,QLD,Delivery Area
4352,MERINGANDAN,QLD,Delivery Area
4352,MERINGANDAN WEST,QLD,Delivery Area
4605,MERLWOOD,QLD,Delivery Area
4218,MERMAID BEACH,QLD,Delivery Area
4218,MERMAID WATERS,QLD,Delivery Area
4226,MERRIMAC,QLD,Delivery Area
4352,MERRITTS CREEK,QLD,Delivery Area
4854,MERRYBURN,QLD,Delivery Area
4340,MERRYVALE,QLD,Delivery Area
4754,MIA MIA,QLD,Delivery Area
4873,MIALLO,QLD,Delivery Area
4220,MIAMI,QLD,Delivery Area
4673,MIARA,QLD,Delivery Area
4825,MICA CREEK,QLD,Delivery Area
4074,MIDDLE PARK,QLD,Delivery Area
4350,MIDDLE RIDGE,QLD,Delivery Area
4886,MIDDLEBROOK,QLD,Delivery Area
4746,MIDDLEMOUNT,QLD,Delivery Area
4735,MIDDLETON,QLD,Delivery Area
4799,MIDGE POINT,QLD,Delivery Area
4702,MIDGEE,QLD,Delivery Area
4854,MIDGENOO,QLD,Delivery Area
4852,MIDGEREE BAR,QLD,Delivery Area
4860,MIGHELL,QLD,Delivery Area
4310,MILBONG,QLD,Delivery Area
4415,MILES,QLD,Delivery Area
4825,MILES END,QLD,Delivery Area
4310,MILFORD,QLD,Delivery Area
4886,MILLAA MILLAA,QLD,Delivery Area
4807,MILLAROO,QLD,Delivery Area
4670,MILLBANK,QLD,Delivery Area
4820,MILLCHESTER,QLD,Delivery Area
4357,MILLMERRAN,QLD,Delivery Area
4357,MILLMERRAN DOWNS,QLD,Delivery Area
4357,MILLMERRAN WOODS,QLD,Delivery Area
4888,MILLSTREAM,QLD,Delivery Area
4357,MILLWOOD,QLD,Delivery Area
4702,MILMAN,QLD,Delivery Area
4309,MILORA,QLD,Delivery Area
4064,MILTON,QLD,Delivery Area
4702,MIMOSA,QLD,Delivery Area
4829,MIN MIN,QLD,Delivery Area
4886,MINBUN,QLD,Delivery Area
4311,MINDEN,QLD,Delivery Area
4722,MINERVA,QLD,Delivery Area
4816,MINGELA,QLD,Delivery Area
4625,MINGO,QLD,Delivery Area
4380,MINGOOLA,QLD,Delivery Area
4872,MINNAMOOLKA,QLD,Delivery Area
4478,MINNIE DOWNS,QLD,Delivery Area
4575,MINYAMA,QLD,Delivery Area
4754,MIRANI,QLD,Delivery Area
4677,MIRIAM VALE,QLD,Delivery Area
4871,MIRRIWINNI,QLD,Delivery Area
4361,MISSEN FLAT,QLD,Delivery Area
4852,MISSION BEACH,QLD,Delivery Area
4874,MISSION RIVER,QLD,Delivery Area
4465,MITCHELL,QLD,Delivery Area
4053,MITCHELTON,QLD,Delivery Area
4570,MIVA,QLD,Delivery Area
4875,MOA ISLAND,QLD,Delivery Area
4551,MOFFAT BEACH,QLD,Delivery Area
4605,MOFFATDALE,QLD,Delivery Area
4070,MOGGILL,QLD,Delivery Area
4671,MOLANGUL,QLD,Delivery Area
4214,MOLENDINAR,QLD,Delivery Area
4670,MON REPOS,QLD,Delivery Area
4881,MONA MONA,QLD,Delivery Area
4807,MONA PARK,QLD,Delivery Area
4630,MONAL,QLD,Delivery Area
4285,MONARCH GLEN,QLD,Delivery Area
4671,MONDURAN,QLD,Delivery Area
4611,MONDURE,QLD,Delivery Area
4570,MONKLAND,QLD,Delivery Area
4626,MONOGORILBY,QLD,Delivery Area
4556,MONS,QLD,Delivery Area
4515,MONSILDALE,QLD,Delivery Area
4630,MONTO,QLD,Delivery Area
4370,MONTROSE,QLD,Delivery Area
4413,MONTROSE,QLD,Delivery Area
4560,MONTVILLE,QLD,Delivery Area
4510,MOODLU,QLD,Delivery Area
4455,MOOGA,QLD,Delivery Area
4309,MOOGERAH,QLD,Delivery Area
4406,MOOLA,QLD,Delivery Area
4671,MOOLBOOLAMAN,QLD,Delivery Area
4570,MOOLOO,QLD,Delivery Area
4557,MOOLOOLABA,QLD,Delivery Area
4553,MOOLOOLAH,QLD,Delivery Area
4553,MOOLOOLAH VALLEY,QLD,Delivery Area
4312,MOOMBRA,QLD,Delivery Area
4887,MOOMIN,QLD,Delivery Area
4605,MOONDOONER,QLD,Delivery Area
4630,MOONFORD,QLD,Delivery Area
4714,MOONGAN,QLD,Delivery Area
4406,MOONIE,QLD,Delivery Area
4340,MOORANG,QLD,Delivery Area
4314,MOORE,QLD,Delivery Area
4670,MOORE PARK BEACH,QLD,Delivery Area
4305,MOORES POCKET,QLD,Delivery Area
4506,MOORINA,QLD,Delivery Area
4670,MOORLAND,QLD,Delivery Area
4870,MOOROOBOOL,QLD,Delivery Area
4105,MOOROOKA,QLD,Delivery Area
4416,MORABY,QLD,Delivery Area
4744,MORANBAH,QLD,Delivery Area
4506,MORAYFIELD,QLD,Delivery Area
4886,MOREGATTA,QLD,Delivery Area
4871,MORESBY,QLD,Delivery Area
4025,MORETON ISLAND,QLD,Delivery Area
4370,MORGAN PARK,QLD,Delivery Area
4671,MORGANVILLE,QLD,Delivery Area
4702,MORINISH,QLD,Delivery Area
4702,MORINISH SOUTH,QLD,Delivery Area
4170,MORNINGSIDE,QLD,Delivery Area
4825,MORNINGTON,QLD,Delivery Area
4343,MORTON VALE,QLD,Delivery Area
4468,MORVEN,QLD,Delivery Area
4309,MORWINCHA,QLD,Delivery Area
4820,MOSMAN PARK,QLD,Delivery Area
4387,MOSQUITO CREEK,QLD,Delivery Area
4873,MOSSMAN,QLD,Delivery Area
4873,MOSSMAN GORGE,QLD,Delivery Area
4570,MOTHAR MOUNTAIN,QLD,Delivery Area
4356,MOTLEY,QLD,Delivery Area
4455,MOUNT ABUNDANCE,QLD,Delivery Area
4310,MOUNT ALFORD,QLD,Delivery Area
4680,MOUNT ALMA,QLD,Delivery Area
4514,MOUNT ARCHER,QLD,Delivery Area
4701,MOUNT ARCHER,QLD,Delivery Area
4287,MOUNT BARNEY,QLD,Delivery Area
4313,MOUNT BEPPO,QLD,Delivery Area
4341,MOUNT BERRYMAN,QLD,Delivery Area
4455,MOUNT BINDANGO,QLD,Delivery Area
4314,MOUNT BINGA,QLD,Delivery Area
4742,MOUNT BRITTON,QLD,Delivery Area
4312,MOUNT BYRON,QLD,Delivery Area
4871,MOUNT CARBINE,QLD,Delivery Area
4702,MOUNT CHALMERS,QLD,Delivery Area
4741,MOUNT CHARLTON,QLD,Delivery Area
4370,MOUNT COLLIERY,QLD,Delivery Area
4804,MOUNT COOLON,QLD,Delivery Area
4573,MOUNT COOLUM,QLD,Delivery Area
4066,MOUNT COOT-THA,QLD,Delivery Area
4165,MOUNT COTTON,QLD,Delivery Area
4306,MOUNT CROSBY,QLD,Delivery Area
4353,MOUNT DARRY,QLD,Delivery Area
4625,MOUNT DEBATEABLE,QLD,Delivery Area
4514,MOUNT DELANEY,QLD,Delivery Area
4309,MOUNT EDWARDS,QLD,Delivery Area
4816,MOUNT ELLIOT,QLD,Delivery Area
4357,MOUNT EMLYN,QLD,Delivery Area
4472,MOUNT ENNISKILLEN,QLD,Delivery Area
4340,MOUNT FORBES,QLD,Delivery Area
4850,MOUNT FOX,QLD,Delivery Area
4310,MOUNT FRENCH,QLD,Delivery Area
4705,MOUNT GARDINER,QLD,Delivery Area
4872,MOUNT GARNET,QLD,Delivery Area
4285,MOUNT GIPPS,QLD,Delivery Area
4520,MOUNT GLORIOUS,QLD,Delivery Area
4122,MOUNT GRAVATT,QLD,Delivery Area
4122,MOUNT GRAVATT EAST,QLD,Delivery Area
4312,MOUNT HALLEN,QLD,Delivery Area
4454,MOUNT HOWE,QLD,Delivery Area
4454,MOUNT HUTTON,QLD,Delivery Area
4401,MOUNT IRVING,QLD,Delivery Area
4825,MOUNT ISA,QLD,Delivery Area
4825,MOUNT ISA CITY,QLD,Delivery Area
4825,MOUNT ISA DC,QLD,Delivery Area
4825,MOUNT ISA EAST,QLD,Delivery Area
4740,MOUNT JUKES,QLD,Delivery Area
4800,MOUNT JULIAN,QLD,Delivery Area
4807,MOUNT KELLY,QLD,Delivery Area
4515,MOUNT KILCOY,QLD,Delivery Area
4350,MOUNT KYNOCH,QLD,Delivery Area
4695,MOUNT LARCOM,QLD,Delivery Area
4625,MOUNT LAWLESS,QLD,Delivery Area
4287,MOUNT LINDESAY,QLD,Delivery Area
4350,MOUNT LOFTY,QLD,Delivery Area
4814,MOUNT LOUISA,QLD,Delivery Area
4818,MOUNT LOW,QLD,Delivery Area
4352,MOUNT LUKE,QLD,Delivery Area
4723,MOUNT MACARTHUR,QLD,Delivery Area
4854,MOUNT MACKAY,QLD,Delivery Area
4674,MOUNT MARIA,QLD,Delivery Area
4800,MOUNT MARLOW,QLD,Delivery Area
4306,MOUNT MARROW,QLD,Delivery Area
4362,MOUNT MARSHALL,QLD,Delivery Area
4754,MOUNT MARTIN,QLD,Delivery Area
4606,MOUNT MCEUEN,QLD,Delivery Area
4521,MOUNT MEE,QLD,Delivery Area
4550,MOUNT MELLUM,QLD,Delivery Area
4465,MOUNT MOFFATT,QLD,Delivery Area
4361,MOUNT MOLAR,QLD,Delivery Area
4871,MOUNT MOLLOY,QLD,Delivery Area
4714,MOUNT MORGAN,QLD,Delivery Area
4403,MOUNT MORIAH,QLD,Delivery Area
4340,MOUNT MORT,QLD,Delivery Area
4892,MOUNT MULGRAVE,QLD,Delivery Area
4871,MOUNT MULLIGAN,QLD,Delivery Area
4715,MOUNT MURCHISON,QLD,Delivery Area
4211,MOUNT NATHAN,QLD,Delivery Area
4520,MOUNT NEBO,QLD,Delivery Area
4074,MOUNT OMMANEY,QLD,Delivery Area
4741,MOUNT OSSA,QLD,Delivery Area
4741,MOUNT PELION,QLD,Delivery Area
4671,MOUNT PERRY,QLD,Delivery Area
4869,MOUNT PETER,QLD,Delivery Area
4521,MOUNT PLEASANT,QLD,Delivery Area
4740,MOUNT PLEASANT,QLD,Delivery Area
4800,MOUNT PLUTO,QLD,Delivery Area
4350,MOUNT RASCAL,QLD,Delivery Area
4802,MOUNT ROOPER,QLD,Delivery Area
4520,MOUNT SAMSON,QLD,Delivery Area
4868,MOUNT SHERIDAN,QLD,Delivery Area
4818,MOUNT ST JOHN,QLD,Delivery Area
4314,MOUNT STANLEY,QLD,Delivery Area
4625,MOUNT STEADMAN,QLD,Delivery Area
4811,MOUNT STUART,QLD,Delivery Area
4370,MOUNT STURT,QLD,Delivery Area
4871,MOUNT SURPRISE,QLD,Delivery Area
4809,MOUNT SURROUND,QLD,Delivery Area
4343,MOUNT SYLVIA,QLD,Delivery Area
4370,MOUNT TABOR,QLD,Delivery Area
4311,MOUNT TARAMPA,QLD,Delivery Area
4677,MOUNT TOM,QLD,Delivery Area
4380,MOUNT TULLY,QLD,Delivery Area
4356,MOUNT TYSON,QLD,Delivery Area
4650,MOUNT URAH,QLD,Delivery Area
4340,MOUNT WALKER,QLD,Delivery Area
4340,MOUNT WALKER WEST,QLD,Delivery Area
4207,MOUNT WARREN PARK,QLD,Delivery Area
4347,MOUNT WHITESTONE,QLD,Delivery Area
4804,MOUNT WYATT,QLD,Delivery Area
4355,MOUNTAIN CAMP,QLD,Delivery Area
4557,MOUNTAIN CREEK,QLD,Delivery Area
4718,MOURA,QLD,Delivery Area
4858,MOURILYAN,QLD,Delivery Area
4858,MOURILYAN HARBOUR,QLD,Delivery Area
4877,MOWBRAY,QLD,Delivery Area
4405,MOWBULLAN,QLD,Delivery Area
4574,MOY POCKET,QLD,Delivery Area
4606,MP CREEK,QLD,Delivery Area
4461,MUCKADILLA,QLD,Delivery Area
4213,MUDGEERABA,QLD,Delivery Area
4564,MUDJIMBA,QLD,Delivery Area
4600,MUDLO,QLD,Delivery Area
4306,MUIRLEA,QLD,Delivery Area
4703,MULAMBIN,QLD,Delivery Area
4703,MULARA,QLD,Delivery Area
4401,MULDU,QLD,Delivery Area
4630,MULGILDIE,QLD,Delivery Area
4341,MULGOWIE,QLD,Delivery Area
4807,MULGRAVE,QLD,Delivery Area
4670,MULLETT CREEK,QLD,Delivery Area
4309,MUNBILLA,QLD,Delivery Area
4740,MUNBURA,QLD,Delivery Area
4872,MUNDERRA,QLD,Delivery Area
4812,MUNDINGBURRA,QLD,Delivery Area
4860,MUNDOO,QLD,Delivery Area
4285,MUNDOOLUN,QLD,Delivery Area
4626,MUNDOWRAN,QLD,Delivery Area
4626,MUNDUBBERA,QLD,Delivery Area
4718,MUNGABUNDA,QLD,Delivery Area
4467,MUNGALLALA,QLD,Delivery Area
4467,MUNGALLALA SOUTH,QLD,Delivery Area
4886,MUNGALLI,QLD,Delivery Area
4650,MUNGAR,QLD,Delivery Area
2406,MUNGINDI,QLD,Delivery Area
4630,MUNGUNGO,QLD,Delivery Area
4671,MUNGY,QLD,Delivery Area
4352,MUNIGANEEN,QLD,Delivery Area
4570,MUNNA CREEK,QLD,Delivery Area
4854,MUNRO PLAINS,QLD,Delivery Area
4125,MUNRUBEN,QLD,Delivery Area
4172,MURARRIE,QLD,Delivery Area
4605,MURGON,QLD,Delivery Area
4352,MURPHYS CREEK,QLD,Delivery Area
4814,MURRAY,QLD,Delivery Area
4875,MURRAY ISLAND,QLD,Delivery Area
4854,MURRAY UPPER,QLD,Delivery Area
4370,MURRAYS BRIDGE,QLD,Delivery Area
4854,MURRIGAL,QLD,Delivery Area
4312,MURRUMBA,QLD,Delivery Area
4503,MURRUMBA DOWNS,QLD,Delivery Area
4470,MURWEH,QLD,Delivery Area
4816,MUTARNEE,QLD,Delivery Area
4872,MUTCHILBA,QLD,Delivery Area
4307,MUTDAPILLY,QLD,Delivery Area
4732,MUTTABURRA,QLD,Delivery Area
4415,MYALL PARK,QLD,Delivery Area
4800,MYRTLEVALE,QLD,Delivery Area
4812,MYSTERTON,QLD,Delivery Area
4570,NAHRUNDA,QLD,Delivery Area
4560,NAMBOUR,QLD,Delivery Area
4560,NAMBOUR BC,QLD,Delivery Area
4560,NAMBOUR DC,QLD,Delivery Area
4615,NANANGO,QLD,Delivery Area
4405,NANDI,QLD,Delivery Area
4722,NANDOWRIE,QLD,Delivery Area
4416,NANGRAM,QLD,Delivery Area
4407,NANGWEE,QLD,Delivery Area
4701,NANKIN,QLD,Delivery Area
4874,NANUM,QLD,Delivery Area
4874,NAPRANUM,QLD,Delivery Area
4504,NARANGBA,QLD,Delivery Area
4352,NARKO,QLD,Delivery Area
4111,NATHAN,QLD,Delivery Area
4211,NATURAL BRIDGE,QLD,Delivery Area
4671,NEARUM,QLD,Delivery Area
4488,NEBINE,QLD,Delivery Area
4742,NEBO,QLD,Delivery Area
4570,NEERDIE,QLD,Delivery Area
4819,NELLY BAY,QLD,Delivery Area
4860,NERADA,QLD,Delivery Area
4211,NERANG,QLD,Delivery Area
4211,NERANG DC,QLD,Delivery Area
4213,NERANWOOD,QLD,Delivery Area
4701,NERIMBERA,QLD,Delivery Area
4650,NETHERBY,QLD,Delivery Area
4756,NETHERDALE,QLD,Delivery Area
4614,NEUMGNA,QLD,Delivery Area
4514,NEURUM,QLD,Delivery Area
4570,NEUSA VALE,QLD,Delivery Area
4361,NEVILTON,QLD,Delivery Area
4680,NEW AUCKLAND,QLD,Delivery Area
4124,NEW BEITH,QLD,Delivery Area
4303,NEW CHUM,QLD,Delivery Area
4005,NEW FARM,QLD,Delivery Area
4858,NEW HARBOURLINE,QLD,Delivery Area
4876,NEW MAPOON,QLD,Delivery Area
4671,NEW MOONTA,QLD,Delivery Area
4873,NEWELL,QLD,Delivery Area
4804,NEWLANDS,QLD,Delivery Area
4051,NEWMARKET,QLD,Delivery Area
4020,NEWPORT,QLD,Delivery Area
4006,NEWSTEAD,QLD,Delivery Area
4305,NEWTOWN,QLD,Delivery Area
4350,NEWTOWN,QLD,Delivery Area
4860,NGATJAN,QLD,Delivery Area
4830,NICHOLSON,QLD,Delivery Area
4655,NIKENBAH,QLD,Delivery Area
4740,NINDAROO,QLD,Delivery Area
4561,NINDERRY,QLD,Delivery Area
4285,NINDOOINBAH,QLD,Delivery Area
4702,NINE MILE,QLD,Delivery Area
4714,NINE MILE CREEK,QLD,Delivery Area
4511,NINGI,QLD,Delivery Area
4551,NIRIMBA,QLD,Delivery Area
4477,NIVE,QLD,Delivery Area
4856,NO 4 BRANCH,QLD,Delivery Area
4856,NO 5 BRANCH,QLD,Delivery Area
4859,NO 6 BRANCH,QLD,Delivery Area
4873,NOAH,QLD,Delivery Area
4360,NOBBY,QLD,Delivery Area
4218,NOBBY BEACH,QLD,Delivery Area
4492,NOCCUNDRA,QLD,Delivery Area
4816,NOME,QLD,Delivery Area
4490,NOORAMA,QLD,Delivery Area
4417,NOORINDOO,QLD,Delivery Area
4567,NOOSA HEADS,QLD,Delivery Area
4565,NOOSA NORTH SHORE,QLD,Delivery Area
4566,NOOSAVILLE,QLD,Delivery Area
4566,NOOSAVILLE DC,QLD,Delivery Area
4701,NORMAN GARDENS,QLD,Delivery Area
4170,NORMAN PARK,QLD,Delivery Area
4890,NORMANTON,QLD,Delivery Area
4620,NORTH ARAMARA,QLD,Delivery Area
4561,NORTH ARM,QLD,Delivery Area
4304,NORTH BOOVAL,QLD,Delivery Area
4356,NORTH BRANCH,QLD,Delivery Area
4370,NORTH BRANCH,QLD,Delivery Area
4494,NORTH BUNGUNYA,QLD,Delivery Area
4570,NORTH DEEP CREEK,QLD,Delivery Area
4741,NORTH ETON,QLD,Delivery Area
4660,NORTH GREGORY,QLD,Delivery Area
4305,NORTH IPSWICH,QLD,Delivery Area
4660,NORTH ISIS,QLD,Delivery Area
4885,NORTH JOHNSTONE,QLD,Delivery Area
4509,NORTH LAKES,QLD,Delivery Area
4740,NORTH MACKAY,QLD,Delivery Area
4352,NORTH MACLAGAN,QLD,Delivery Area
4280,NORTH MACLEAN,QLD,Delivery Area
4552,NORTH MALENY,QLD,Delivery Area
4183,NORTH STRADBROKE ISLAND,QLD,Delivery Area
4272,NORTH TAMBORINE,QLD,Delivery Area
4305,NORTH TIVOLI,QLD,Delivery Area
4350,NORTH TOOWOOMBA,QLD,Delivery Area
4810,NORTH WARD,QLD,Delivery Area
4013,NORTHGATE,QLD,Delivery Area
4871,NORTHHEAD,QLD,Delivery Area
4350,NORTHLANDS,QLD,Delivery Area
4670,NORVILLE,QLD,Delivery Area
4208,NORWELL,QLD,Delivery Area
4356,NORWIN,QLD,Delivery Area
4014,NUDGEE,QLD,Delivery Area
4014,NUDGEE BEACH,QLD,Delivery Area
4314,NUKKU,QLD,Delivery Area
4211,NUMINBAH VALLEY,QLD,Delivery Area
4012,NUNDAH,QLD,Delivery Area
4380,NUNDUBBERMERE,QLD,Delivery Area
4352,NUTGROVE,QLD,Delivery Area
4871,NYCHUM,QLD,Delivery Area
4877,OAK BEACH,QLD,Delivery Area
4811,OAK VALLEY,QLD,Delivery Area
4605,OAKDALE,QLD,Delivery Area
4741,OAKENDEN,QLD,Delivery Area
4401,OAKEY,QLD,Delivery Area
4714,OAKEY CREEK,QLD,Delivery Area
4650,OAKHURST,QLD,Delivery Area
4600,OAKVIEW,QLD,Delivery Area
4670,OAKWOOD,QLD,Delivery Area
4285,OAKY CREEK,QLD,Delivery Area
4417,OBERINA,QLD,Delivery Area
4574,OBI OBI,QLD,Delivery Area
4309,OBUM OBUM,QLD,Delivery Area
4521,OCEAN VIEW,QLD,Delivery Area
4706,OGMORE,QLD,Delivery Area
4613,OKEDEN,QLD,Delivery Area
4626,OLD COORANGA,QLD,Delivery Area
4362,OLD TALGAI,QLD,Delivery Area
4352,OMAN AMA,QLD,Delivery Area
4305,ONE MILE,QLD,Delivery Area
4718,OOMBABEER,QLD,Delivery Area
4811,OONOONBA,QLD,Delivery Area
4740,OORALEA,QLD,Delivery Area
4735,OPALTON,QLD,Delivery Area
4455,ORALLO,QLD,Delivery Area
4715,ORANGE CREEK,QLD,Delivery Area
4455,ORANGE HILL,QLD,Delivery Area
4581,ORCHID BEACH,QLD,Delivery Area
4850,ORIENT,QLD,Delivery Area
4722,ORION,QLD,Delivery Area
4741,ORKABIE,QLD,Delivery Area
4208,ORMEAU,QLD,Delivery Area
4208,ORMEAU HILLS,QLD,Delivery Area
4160,ORMISTON,QLD,Delivery Area
4806,OSBORNE,QLD,Delivery Area
4313,OTTABA,QLD,Delivery Area
4650,OWANYILLA,QLD,Delivery Area
4741,OWENS CREEK,QLD,Delivery Area
4210,OXENFORD,QLD,Delivery Area
4742,OXFORD,QLD,Delivery Area
4075,OXLEY,QLD,Delivery Area
4674,OYSTER CREEK,QLD,Delivery Area
4218,PACIFIC FAIR,QLD,Delivery Area
4659,PACIFIC HAVEN,QLD,Delivery Area
4703,PACIFIC HEIGHTS,QLD,Delivery Area
4564,PACIFIC PARADISE,QLD,Delivery Area
4211,PACIFIC PINES,QLD,Delivery Area
4865,PACKERS CAMP,QLD,Delivery Area
4064,PADDINGTON,QLD,Delivery Area
4880,PADDYS GREEN,QLD,Delivery Area
4740,PAGET,QLD,Delivery Area
4287,PALEN CREEK,QLD,Delivery Area
4374,PALGRAVE,QLD,Delivery Area
4110,PALLARA,QLD,Delivery Area
4810,PALLARENDA,QLD,Delivery Area
4650,PALLAS STREET MARYBOROUGH,QLD,Delivery Area
4221,PALM BEACH,QLD,Delivery Area
4879,PALM COVE,QLD,Delivery Area
4800,PALM GROVE,QLD,Delivery Area
4816,PALM ISLAND,QLD,Delivery Area
4892,PALMER,QLD,Delivery Area
4860,PALMERSTON,QLD,Delivery Area
4352,PALMTREE,QLD,Delivery Area
4553,PALMVIEW,QLD,Delivery Area
4555,PALMWOODS,QLD,Delivery Area
4751,PALMYRA,QLD,Delivery Area
4816,PALUMA,QLD,Delivery Area
4352,PAMPAS,QLD,Delivery Area
4216,PARADISE POINT,QLD,Delivery Area
4701,PARK AVENUE,QLD,Delivery Area
4125,PARK RIDGE,QLD,Delivery Area
4125,PARK RIDGE SOUTH,QLD,Delivery Area
4702,PARKHURST,QLD,Delivery Area
4115,PARKINSON,QLD,Delivery Area
4560,PARKLANDS,QLD,Delivery Area
4417,PARKNOOK,QLD,Delivery Area
4825,PARKSIDE,QLD,Delivery Area
4214,PARKWOOD,QLD,Delivery Area
4870,PARRAMATTA PARK,QLD,Delivery Area
4575,PARREARRA,QLD,Delivery Area
4721,PASHA,QLD,Delivery Area
4380,PASSCHENDAELE,QLD,Delivery Area
4570,PATERSON,QLD,Delivery Area
4311,PATRICK ESTATE,QLD,Delivery Area
4800,PAULS POCKET,QLD,Delivery Area
4519,PEACHESTER,QLD,Delivery Area
4850,PEACOCK SIDING,QLD,Delivery Area
4306,PEAK CROSSING,QLD,Delivery Area
4721,PEAK VALE,QLD,Delivery Area
4352,PECHEY,QLD,Delivery Area
4184,PEEL ISLAND,QLD,Delivery Area
4885,PEERAMON,QLD,Delivery Area
4415,PELHAM,QLD,Delivery Area
4413,PELICAN,QLD,Delivery Area
4551,PELICAN WATERS,QLD,Delivery Area
4816,PENTLAND,QLD,Delivery Area
4625,PENWHAUPELL,QLD,Delivery Area
4352,PERANGA,QLD,Delivery Area
4573,PEREGIAN BEACH,QLD,Delivery Area
4573,PEREGIAN SPRINGS,QLD,Delivery Area
4352,PERSEVERANCE,QLD,Delivery Area
4560,PERWILLOWEN,QLD,Delivery Area
4871,PETFORD,QLD,Delivery Area
4502,PETRIE,QLD,Delivery Area
4000,PETRIE TERRACE,QLD,Delivery Area
4702,PHEASANT CREEK,QLD,Delivery Area
4626,PHILPOTT,QLD,Delivery Area
4655,PIALBA,QLD,Delivery Area
4428,PICKANJINNIE,QLD,Delivery Area
4819,PICNIC BAY,QLD,Delivery Area
4570,PIE CREEK,QLD,Delivery Area
4355,PIERCES CREEK,QLD,Delivery Area
4380,PIKEDALE,QLD,Delivery Area
4380,PIKES CREEK,QLD,Delivery Area
4625,PILE GULLY,QLD,Delivery Area
4650,PILERWA,QLD,Delivery Area
4361,PILTON,QLD,Delivery Area
4812,PIMLICO,QLD,Delivery Area
4209,PIMPAMA,QLD,Delivery Area
4615,PIMPIMBUDGEE,QLD,Delivery Area
4860,PIN GIN HILL,QLD,Delivery Area
4568,PINBARREN,QLD,Delivery Area
4798,PINDI PINDI,QLD,Delivery Area
4670,PINE CREEK,QLD,Delivery Area
4416,PINE HILLS,QLD,Delivery Area
4306,PINE MOUNTAIN,QLD,Delivery Area
4355,PINELANDS,QLD,Delivery Area
4754,PINEVALE,QLD,Delivery Area
4069,PINJARRA HILLS,QLD,Delivery Area
4702,PINK LILY,QLD,Delivery Area
4008,PINKENBA,QLD,Delivery Area
4741,PINNACLE,QLD,Delivery Area
4815,PINNACLES,QLD,Delivery Area
4825,PIONEER,QLD,Delivery Area
4650,PIONEERS REST,QLD,Delivery Area
4405,PIRRINUAN,QLD,Delivery Area
4356,PITTSWORTH,QLD,Delivery Area
4825,PITURIE,QLD,Delivery Area
4343,PLACID HILLS,QLD,Delivery Area
4355,PLAINBY,QLD,Delivery Area
4341,PLAINLAND,QLD,Delivery Area
4741,PLEYSTOWE,QLD,Delivery Area
4702,PLUM TREE,QLD,Delivery Area
4573,POINT ARKWRIGHT,QLD,Delivery Area
4183,POINT LOOKOUT,QLD,Delivery Area
4655,POINT VERNON,QLD,Delivery Area
4568,POMONA,QLD,Delivery Area
4454,PONY HILLS,QLD,Delivery Area
4650,POONA,QLD,Delivery Area
4821,PORCUPINE,QLD,Delivery Area
4892,PORMPURAAW,QLD,Delivery Area
4699,PORT ALMA,QLD,Delivery Area
4700,PORT CURTIS,QLD,Delivery Area
4877,PORT DOUGLAS,QLD,Delivery Area
4178,PORT OF BRISBANE,QLD,Delivery Area
4871,PORTLAND ROADS,QLD,Delivery Area
4870,PORTSMITH,QLD,Delivery Area
4875,PORUMA ISLAND,QLD,Delivery Area
4352,POSTMANS RIDGE,QLD,Delivery Area
4352,POZIERES,QLD,Delivery Area
4821,PRAIRIE,QLD,Delivery Area
4370,PRATTEN,QLD,Delivery Area
4650,PRAWLE,QLD,Delivery Area
4311,PRENZLAU,QLD,Delivery Area
4352,PRESTON,QLD,Delivery Area
4800,PRESTON,QLD,Delivery Area
4127,PRIESTDALE,QLD,Delivery Area
4350,PRINCE HENRY HEIGHTS,QLD,Delivery Area
4875,PRINCE OF WALES,QLD,Delivery Area
4660,PROMISEDLAND,QLD,Delivery Area
4800,PROSERPINE,QLD,Delivery Area
4715,PROSPECT,QLD,Delivery Area
4613,PROSTON,QLD,Delivery Area
4069,PULLENVALE,QLD,Delivery Area
4357,PUNCHS CREEK,QLD,Delivery Area
4876,PUNSAND,QLD,Delivery Area
4306,PURGA,QLD,Delivery Area
4356,PURRAWUNDA,QLD,Delivery Area
4218,Q SUPERCENTRE,QLD,Delivery Area
4820,QUEENTON,QLD,Delivery Area
4724,QUETTA,QLD,Delivery Area
4480,QUILPIE,QLD,Delivery Area
4403,QUINALOW,QLD,Delivery Area
4670,QUNABA,QLD,Delivery Area
4740,RACECOURSE,QLD,Delivery Area
4305,RACEVIEW,QLD,Delivery Area
4307,RADFORD,QLD,Delivery Area
4697,RAGLAN,QLD,Delivery Area
4810,RAILWAY ESTATE,QLD,Delivery Area
4581,RAINBOW BEACH,QLD,Delivery Area
4358,RAMSAY,QLD,Delivery Area
4352,RANGEMORE,QLD,Delivery Area
4806,RANGEMORE,QLD,Delivery Area
4405,RANGES BRIDGE,QLD,Delivery Area
4350,RANGEVILLE,QLD,Delivery Area
4817,RANGEWOOD,QLD,Delivery Area
4154,RANSOME,QLD,Delivery Area
4815,RASMUSSEN,QLD,Delivery Area
4287,RATHDOWNEY,QLD,Delivery Area
4352,RAVENSBOURNE,QLD,Delivery Area
4888,RAVENSHOE,QLD,Delivery Area
4816,RAVENSWOOD,QLD,Delivery Area
4892,RAVENSWORTH,QLD,Delivery Area
4630,RAWBELLE,QLD,Delivery Area
4059,RED HILL,QLD,Delivery Area
4413,RED HILL,QLD,Delivery Area
4701,RED HILL ROCKHAMPTON,QLD,Delivery Area
4892,RED RIVER,QLD,Delivery Area
4301,REDBANK,QLD,Delivery Area
9780,REDBANK,QLD,Post Office Boxes
4312,REDBANK CREEK,QLD,Delivery Area
4301,REDBANK PLAINS,QLD,Delivery Area
4020,REDCLIFFE,QLD,Delivery Area
4020,REDCLIFFE NORTH,QLD,Delivery Area
4467,REDFORD,QLD,Delivery Area
4605,REDGATE,QLD,Delivery Area
4671,REDHILL FARMS,QLD,Delivery Area
4165,REDLAND BAY,QLD,Delivery Area
4870,REDLYNCH,QLD,Delivery Area
4660,REDRIDGE,QLD,Delivery Area
4350,REDWOOD,QLD,Delivery Area
4227,REEDY CREEK,QLD,Delivery Area
4552,REESVILLE,QLD,Delivery Area
4341,REGENCY DOWNS,QLD,Delivery Area
4118,REGENTS PARK,QLD,Delivery Area
4816,REID RIVER,QLD,Delivery Area
4625,REIDS CREEK,QLD,Delivery Area
4723,RETRO,QLD,Delivery Area
4702,REWAN,QLD,Delivery Area
4718,RHYDDING,QLD,Delivery Area
4077,RICHLANDS,QLD,Delivery Area
4740,RICHMOND,QLD,Delivery Area
4822,RICHMOND,QLD,Delivery Area
4820,RICHMOND HILL,QLD,Delivery Area
4702,RIDGELANDS,QLD,Delivery Area
4563,RIDGEWOOD,QLD,Delivery Area
4311,RIFLE RANGE,QLD,Delivery Area
4565,RINGTAIL CREEK,QLD,Delivery Area
4343,RINGWOOD,QLD,Delivery Area
4800,RIORDANVALE,QLD,Delivery Area
4306,RIPLEY,QLD,Delivery Area
4807,RITA ISLAND,QLD,Delivery Area
4655,RIVER HEADS,QLD,Delivery Area
4680,RIVER RANCH,QLD,Delivery Area
4280,RIVERBEND,QLD,Delivery Area
4074,RIVERHILLS,QLD,Delivery Area
4626,RIVERLEIGH,QLD,Delivery Area
4470,RIVERSLEIGH,QLD,Delivery Area
4385,RIVERTON,QLD,Delivery Area
4303,RIVERVIEW,QLD,Delivery Area
4310,ROADVALE,QLD,Delivery Area
4109,ROBERTSON,QLD,Delivery Area
4226,ROBINA,QLD,Delivery Area
4226,ROBINA DC,QLD,Delivery Area
4230,ROBINA TOWN CENTRE,QLD,Post Office Boxes
4419,ROCHE CREEK,QLD,Delivery Area
4123,ROCHEDALE,QLD,Delivery Area
4123,ROCHEDALE SOUTH,QLD,Delivery Area
4700,ROCKHAMPTON,QLD,Delivery Area
4700,ROCKHAMPTON CITY,QLD,Delivery Area
4701,ROCKHAMPTON DC,QLD,Delivery Area
4700,ROCKHAMPTON HOSPITAL,QLD,Delivery Area
4854,ROCKINGHAM,QLD,Delivery Area
4106,ROCKLEA,QLD,Delivery Area
4106,ROCKLEA DC,QLD,Delivery Area
4344,ROCKMOUNT,QLD,Delivery Area
4510,ROCKSBERG,QLD,Delivery Area
4343,ROCKSIDE,QLD,Delivery Area
4350,ROCKVILLE,QLD,Delivery Area
4357,ROCKY CREEK,QLD,Delivery Area
4873,ROCKY POINT,QLD,Delivery Area
4874,ROCKY POINT,QLD,Delivery Area
4701,ROCKYVIEW,QLD,Delivery Area
4678,RODDS BAY,QLD,Delivery Area
4370,RODGERS CREEK,QLD,Delivery Area
4702,ROLLESTON,QLD,Delivery Area
4816,ROLLINGSTONE,QLD,Delivery Area
4455,ROMA,QLD,Delivery Area
4871,ROOKWOOD,QLD,Delivery Area
4343,ROPELEY,QLD,Delivery Area
4401,ROSALIE PLAINS,QLD,Delivery Area
4674,ROSEDALE,QLD,Delivery Area
4370,ROSEHILL,QLD,Delivery Area
4740,ROSELLA,QLD,Delivery Area
4560,ROSEMOUNT,QLD,Delivery Area
4811,ROSENEATH,QLD,Delivery Area
4370,ROSENTHAL HEIGHTS,QLD,Delivery Area
4340,ROSEVALE,QLD,Delivery Area
4340,ROSEWOOD,QLD,Delivery Area
4570,ROSS CREEK,QLD,Delivery Area
4816,ROSS RIVER,QLD,Delivery Area
4812,ROSSLEA,QLD,Delivery Area
4703,ROSSLYN,QLD,Delivery Area
4702,ROSSMOYA,QLD,Delivery Area
4356,ROSSVALE,QLD,Delivery Area
4895,ROSSVILLE,QLD,Delivery Area
4022,ROTHWELL,QLD,Delivery Area
4677,ROUND HILL,QLD,Delivery Area
4718,ROUNDSTONE,QLD,Delivery Area
4810,ROWES BAY,QLD,Delivery Area
4029,ROYAL BRISBANE HOSPITAL,QLD,Post Office Boxes
4515,ROYSTON,QLD,Delivery Area
4670,RUBYANNA,QLD,Delivery Area
4702,RUBYVALE,QLD,Delivery Area
4674,RULES BEACH,QLD,Delivery Area
4216,RUNAWAY BAY,QLD,Delivery Area
4113,RUNCORN,QLD,Delivery Area
4849,RUNGOO,QLD,Delivery Area
4287,RUNNING CREEK,QLD,Delivery Area
4615,RUNNYMEDE,QLD,Delivery Area
4740,RURAL VIEW,QLD,Delivery Area
4521,RUSH CREEK,QLD,Delivery Area
4184,RUSSELL ISLAND,QLD,Delivery Area
4825,RYAN,QLD,Delivery Area
4361,RYEFORD,QLD,Delivery Area
4413,RYWUNG,QLD,Delivery Area
4401,SABINE,QLD,Delivery Area
4305,SADLIERS CROSSING,QLD,Delivery Area
4875,SAIBAI ISLAND,QLD,Delivery Area
4107,SALISBURY,QLD,Delivery Area
4107,SALISBURY EAST,QLD,Delivery Area
4520,SAMFORD,QLD,Delivery Area
4520,SAMFORD VALLEY,QLD,Delivery Area
4520,SAMFORD VILLAGE,QLD,Delivery Area
4520,SAMSONVALE,QLD,Delivery Area
4212,SANCTUARY COVE,QLD,Delivery Area
4017,SANDGATE,QLD,Delivery Area
4017,SANDGATE DC,QLD,Delivery Area
4740,SANDIFORD,QLD,Delivery Area
4701,SANDRINGHAM,QLD,Delivery Area
4511,SANDSTONE POINT,QLD,Delivery Area
4361,SANDY CAMP,QLD,Delivery Area
4515,SANDY CREEK,QLD,Delivery Area
4871,SANDY POCKET,QLD,Delivery Area
4615,SANDY RIDGES,QLD,Delivery Area
4702,SAPPHIRE CENTRAL,QLD,Delivery Area
4275,SARABAH,QLD,Delivery Area
4737,SARINA,QLD,Delivery Area
4737,SARINA BEACH,QLD,Delivery Area
4737,SARINA RANGE,QLD,Delivery Area
4818,SAUNDERS BEACH,QLD,Delivery Area
4816,SAVANNAH,QLD,Delivery Area
4822,SAXBY,QLD,Delivery Area
4020,SCARBOROUGH,QLD,Delivery Area
4655,SCARNESS,QLD,Delivery Area
4570,SCOTCHY POCKET,QLD,Delivery Area
4804,SCOTTVILLE,QLD,Delivery Area
4313,SCRUB CREEK,QLD,Delivery Area
4478,SCRUBBY CREEK,QLD,Delivery Area
4570,SCRUBBY CREEK,QLD,Delivery Area
4356,SCRUBBY MOUNTAIN,QLD,Delivery Area
4741,SEAFORTH,QLD,Delivery Area
4876,SEISIA,QLD,Delivery Area
4630,SELENE,QLD,Delivery Area
4816,SELLHEIM,QLD,Delivery Area
4824,SELWYN,QLD,Delivery Area
4754,SEPTIMUS,QLD,Delivery Area
4170,SEVEN HILLS,QLD,Delivery Area
4344,SEVENTEEN MILE,QLD,Delivery Area
4073,SEVENTEEN MILE ROCKS,QLD,Delivery Area
4677,SEVENTEEN SEVENTY,QLD,Delivery Area
4820,SEVENTY MILE,QLD,Delivery Area
4380,SEVERNLEA,QLD,Delivery Area
4570,SEXTON,QLD,Delivery Area
4128,SHAILER PARK,QLD,Delivery Area
4873,SHANNONVALE,QLD,Delivery Area
4670,SHARON,QLD,Delivery Area
4818,SHAW,QLD,Delivery Area
4515,SHEEP STATION CREEK,QLD,Delivery Area
4874,SHELBURNE,QLD,Delivery Area
4157,SHELDON,QLD,Delivery Area
4855,SHELL POCKET,QLD,Delivery Area
4551,SHELLY BEACH,QLD,Delivery Area
4810,SHELLY BEACH,QLD,Delivery Area
4075,SHERWOOD,QLD,Delivery Area
4809,SHIRBOURNE,QLD,Delivery Area
4750,SHOAL POINT,QLD,Delivery Area
4702,SHOALWATER,QLD,Delivery Area
4017,SHORNCLIFFE,QLD,Delivery Area
4802,SHUTE HARBOUR,QLD,Delivery Area
4304,SILKSTONE,QLD,Delivery Area
4856,SILKWOOD,QLD,Delivery Area
4854,SILKY OAK,QLD,Delivery Area
4800,SILVER CREEK,QLD,Delivery Area
4352,SILVER RIDGE,QLD,Delivery Area
4385,SILVER SPUR,QLD,Delivery Area
4872,SILVER VALLEY,QLD,Delivery Area
4124,SILVERBARK RIDGE,QLD,Delivery Area
4307,SILVERDALE,QLD,Delivery Area
4605,SILVERLEAF,QLD,Delivery Area
4401,SILVERLEIGH,QLD,Delivery Area
4370,SILVERWOOD,QLD,Delivery Area
4454,SIMMIE,QLD,Delivery Area
4073,SINNAMON PARK,QLD,Delivery Area
4556,SIPPY DOWNS,QLD,Delivery Area
4671,SKYRING RESERVE,QLD,Delivery Area
4127,SLACKS CREEK,QLD,Delivery Area
4740,SLADE POINT,QLD,Delivery Area
4370,SLADEVALE,QLD,Delivery Area
4878,SMITHFIELD,QLD,Delivery Area
4385,SMITHLEA,QLD,Delivery Area
4825,SOLDIERS HILL,QLD,Delivery Area
4876,SOMERSET,QLD,Delivery Area
4312,SOMERSET DAM,QLD,Delivery Area
4470,SOMMARIVA,QLD,Delivery Area
4382,SOMME,QLD,Delivery Area
4670,SOUTH BINGERA,QLD,Delivery Area
4101,SOUTH BRISBANE,QLD,Delivery Area
4101,SOUTH BRISBANE BC,QLD,Delivery Area
4615,SOUTH EAST NANANGO,QLD,Delivery Area
4680,SOUTH END,QLD,Delivery Area
4680,SOUTH GLADSTONE,QLD,Delivery Area
4860,SOUTH INNISFAIL,QLD,Delivery Area
4660,SOUTH ISIS,QLD,Delivery Area
4859,SOUTH JOHNSTONE,QLD,Delivery Area
4670,SOUTH KOLAN,QLD,Delivery Area
4740,SOUTH MACKAY,QLD,Delivery Area
4280,SOUTH MACLEAN,QLD,Delivery Area
4852,SOUTH MISSION BEACH,QLD,Delivery Area
4615,SOUTH NANANGO,QLD,Delivery Area
4306,SOUTH RIPLEY,QLD,Delivery Area
4216,SOUTH STRADBROKE,QLD,Delivery Area
4350,SOUTH TOOWOOMBA,QLD,Delivery Area
4810,SOUTH TOWNSVILLE,QLD,Delivery Area
4680,SOUTH TREES,QLD,Delivery Area
4892,SOUTH WELLESLEY ISLANDS,QLD,Delivery Area
4702,SOUTH YAAMBA,QLD,Delivery Area
4363,SOUTHBROOK,QLD,Delivery Area
4871,SOUTHEDGE,QLD,Delivery Area
4820,SOUTHERN CROSS,QLD,Delivery Area
4211,SOUTHERN LAMINGTON,QLD,Delivery Area
4215,SOUTHPORT,QLD,Delivery Area
4215,SOUTHPORT BC,QLD,Delivery Area
4215,SOUTHPORT PARK,QLD,Delivery Area
4570,SOUTHSIDE,QLD,Delivery Area
4406,SOUTHWOOD,QLD,Delivery Area
4613,SPEEDWELL,QLD,Delivery Area
4881,SPEEWAH,QLD,Delivery Area
4630,SPLINTER CREEK,QLD,Delivery Area
4306,SPLIT YARD CREEK,QLD,Delivery Area
4825,SPREADBOROUGH,QLD,Delivery Area
4352,SPRING BLUFF,QLD,Delivery Area
4343,SPRING CREEK,QLD,Delivery Area
4361,SPRING CREEK,QLD,Delivery Area
4420,SPRING CREEK,QLD,Delivery Area
4000,SPRING HILL,QLD,Delivery Area
4004,SPRING HILL,QLD,Post Office Boxes
4300,SPRING MOUNTAIN,QLD,Delivery Area
4213,SPRINGBROOK,QLD,Delivery Area
4380,SPRINGDALE,QLD,Delivery Area
4300,SPRINGFIELD,QLD,Delivery Area
4871,SPRINGFIELD,QLD,Delivery Area
4300,SPRINGFIELD CENTRAL,QLD,Delivery Area
4300,SPRINGFIELD LAKES,QLD,Delivery Area
4804,SPRINGLANDS,QLD,Delivery Area
4356,SPRINGSIDE,QLD,Delivery Area
4722,SPRINGSURE,QLD,Delivery Area
4405,SPRINGVALE,QLD,Delivery Area
4127,SPRINGWOOD,QLD,Delivery Area
4873,SPURGEON,QLD,Delivery Area
4671,ST AGNES,QLD,Delivery Area
4352,ST AUBYN,QLD,Delivery Area
4487,ST GEORGE,QLD,Delivery Area
4356,ST HELENS,QLD,Delivery Area
4650,ST HELENS,QLD,Delivery Area
4798,ST HELENS BEACH,QLD,Delivery Area
4671,ST KILDA,QLD,Delivery Area
4707,ST LAWRENCE,QLD,Delivery Area
4067,ST LUCIA,QLD,Delivery Area
4067,ST LUCIA SOUTH,QLD,Delivery Area
4650,ST MARY,QLD,Delivery Area
4405,ST RUTH,QLD,Delivery Area
4892,STAATEN,QLD,Delivery Area
4053,STAFFORD,QLD,Delivery Area
4053,STAFFORD DC,QLD,Delivery Area
4053,STAFFORD HEIGHTS,QLD,Delivery Area
4613,STALWORTH,QLD,Delivery Area
4821,STAMFORD,QLD,Delivery Area
4702,STANAGE,QLD,Delivery Area
4514,STANMORE,QLD,Delivery Area
4380,STANTHORPE,QLD,Delivery Area
4702,STANWELL,QLD,Delivery Area
4207,STAPYLTON,QLD,Delivery Area
4895,STARCKE,QLD,Delivery Area
4207,STEIGLITZ,QLD,Delivery Area
4875,STEPHENS ISLAND,QLD,Delivery Area
4873,STEWART CREEK VALLEY,QLD,Delivery Area
4702,STEWARTON,QLD,Delivery Area
4625,STOCKHAVEN,QLD,Delivery Area
4280,STOCKLEIGH,QLD,Delivery Area
4871,STOCKTON,QLD,Delivery Area
4344,STOCKYARD,QLD,Delivery Area
4703,STOCKYARD,QLD,Delivery Area
4823,STOKES,QLD,Delivery Area
4357,STONEHENGE,QLD,Delivery Area
4730,STONEHENGE,QLD,Delivery Area
4612,STONELANDS,QLD,Delivery Area
4356,STONELEIGH,QLD,Delivery Area
4120,STONES CORNER,QLD,Delivery Area
4514,STONY CREEK,QLD,Delivery Area
4380,STORM KING,QLD,Delivery Area
4860,STOTERS HILL,QLD,Delivery Area
4870,STRATFORD,QLD,Delivery Area
4800,STRATHDICKIE,QLD,Delivery Area
4742,STRATHFIELD,QLD,Delivery Area
4871,STRATHMORE,QLD,Delivery Area
4500,STRATHPINE,QLD,Delivery Area
4500,STRATHPINE CENTRE,QLD,Delivery Area
4116,STRETTON,QLD,Delivery Area
4714,STRUCK OIL,QLD,Delivery Area
4811,STUART,QLD,Delivery Area
4829,STURT,QLD,Delivery Area
4380,SUGARLOAF,QLD,Delivery Area
4800,SUGARLOAF,QLD,Delivery Area
4413,SUJEEWONG,QLD,Delivery Area
4341,SUMMERHOLM,QLD,Delivery Area
4074,SUMNER,QLD,Delivery Area
4074,SUMNER PARK BC,QLD,Delivery Area
4680,SUN VALLEY,QLD,Delivery Area
4382,SUNDOWN,QLD,Delivery Area
4860,SUNDOWN,QLD,Delivery Area
4605,SUNNY NOOK,QLD,Delivery Area
4109,SUNNYBANK,QLD,Delivery Area
4109,SUNNYBANK HILLS,QLD,Delivery Area
4109,SUNNYBANK SOUTH,QLD,Delivery Area
4737,SUNNYSIDE,QLD,Delivery Area
4567,SUNRISE BEACH,QLD,Delivery Area
4825,SUNSET,QLD,Delivery Area
4655,SUNSHINE ACRES,QLD,Delivery Area
4567,SUNSHINE BEACH,QLD,Delivery Area
4560,SUNSHINE COAST MC,QLD,Delivery Area
4558,SUNSHINE PLAZA,QLD,Delivery Area
4417,SURAT,QLD,Delivery Area
4217,SURFERS PARADISE,QLD,Delivery Area
4655,SUSAN RIVER,QLD,Delivery Area
4743,SUTTOR,QLD,Delivery Area
4670,SVENSSON HEIGHTS,QLD,Delivery Area
4370,SWAN CREEK,QLD,Delivery Area
4306,SWANBANK,QLD,Delivery Area
4371,SWANFELS,QLD,Delivery Area
4807,SWANS LAGOON,QLD,Delivery Area
4873,SYNDICATE,QLD,Delivery Area
4610,TAABINGA,QLD,Delivery Area
4605,TABLELANDS,QLD,Delivery Area
4680,TABLELANDS,QLD,Delivery Area
4285,TABOOBA,QLD,Delivery Area
4285,TABRAGALBA,QLD,Delivery Area
4018,TAIGUM,QLD,Delivery Area
4671,TAKILBERAN,QLD,Delivery Area
4655,TAKURA,QLD,Delivery Area
4871,TALAROO,QLD,Delivery Area
4823,TALDORA,QLD,Delivery Area
4650,TALEGALLA WEIR,QLD,Delivery Area
4362,TALGAI,QLD,Delivery Area
4213,TALLAI,QLD,Delivery Area
4228,TALLEBUDGERA,QLD,Delivery Area
4228,TALLEBUDGERA VALLEY,QLD,Delivery Area
4340,TALLEGALLA,QLD,Delivery Area
4496,TALWOOD,QLD,Delivery Area
4570,TAMAREE,QLD,Delivery Area
4478,TAMBO,QLD,Delivery Area
4270,TAMBORINE,QLD,Delivery Area
4272,TAMBORINE MOUNTAIN,QLD,Delivery Area
4285,TAMROOKUM,QLD,Delivery Area
4285,TAMROOKUM CREEK,QLD,Delivery Area
4128,TANAH MERAH,QLD,Delivery Area
4556,TANAWHA,QLD,Delivery Area
4481,TANBAR,QLD,Delivery Area
4703,TANBY,QLD,Delivery Area
4650,TANDORA,QLD,Delivery Area
4570,TANDUR,QLD,Delivery Area
4025,TANGALOOMA,QLD,Delivery Area
4821,TANGORIN,QLD,Delivery Area
4680,TANNUM SANDS,QLD,Delivery Area
4372,TANNYMOREL,QLD,Delivery Area
4601,TANSEY,QLD,Delivery Area
4421,TARA,QLD,Delivery Area
4680,TARAGOOLA,QLD,Delivery Area
4311,TARAMPA,QLD,Delivery Area
4703,TARANGANBA,QLD,Delivery Area
4494,TARAWERA,QLD,Delivery Area
4694,TARGINNIE,QLD,Delivery Area
4068,TARINGA,QLD,Delivery Area
4309,TAROME,QLD,Delivery Area
4314,TAROMEO,QLD,Delivery Area
4615,TARONG,QLD,Delivery Area
4420,TAROOM,QLD,Delivery Area
4703,TAROOMBALL,QLD,Delivery Area
4121,TARRAGINDI,QLD,Delivery Area
4702,TARRAMBA,QLD,Delivery Area
4885,TARZALI,QLD,Delivery Area
4674,TAUNTON,QLD,Delivery Area
4850,TAYLORS BEACH,QLD,Delivery Area
4740,TE KOWAI,QLD,Delivery Area
4650,TEDDINGTON,QLD,Delivery Area
4620,TEEBAR,QLD,Delivery Area
4314,TEELAH,QLD,Delivery Area
4423,TEELBA,QLD,Delivery Area
4680,TELINA,QLD,Delivery Area
4630,TELLEBANG,QLD,Delivery Area
4310,TEMPLIN,QLD,Delivery Area
4005,TENERIFFE,QLD,Delivery Area
4105,TENNYSON,QLD,Delivery Area
4387,TERRICA,QLD,Delivery Area
4309,TEVIOTVILLE,QLD,Delivery Area
4565,TEWANTIN,QLD,Delivery Area
4385,TEXAS,QLD,Delivery Area
4670,THABEBAN,QLD,Delivery Area
4306,THAGOONA,QLD,Delivery Area
4497,THALLON,QLD,Delivery Area
4370,THANE,QLD,Delivery Area
4370,THANES CREEK,QLD,Delivery Area
4716,THANGOOL,QLD,Delivery Area
4492,THARGOMINDAH,QLD,Delivery Area
4340,THE BLUFF,QLD,Delivery Area
4355,THE BLUFF,QLD,Delivery Area
4702,THE CAVES,QLD,Delivery Area
4701,THE COMMON,QLD,Delivery Area
4570,THE DAWN,QLD,Delivery Area
4650,THE DIMONDS,QLD,Delivery Area
4373,THE FALLS,QLD,Delivery Area
4061,THE GAP,QLD,Delivery Area
4825,THE GAP,QLD,Delivery Area
4370,THE GLEN,QLD,Delivery Area
4406,THE GUMS,QLD,Delivery Area
4373,THE HEAD,QLD,Delivery Area
4370,THE HERMITAGE,QLD,Delivery Area
4700,THE KEPPELS,QLD,Delivery Area
4740,THE LEAP,QLD,Delivery Area
4625,THE LIMITS,QLD,Delivery Area
4714,THE MINE,QLD,Delivery Area
4695,THE NARROWS,QLD,Delivery Area
4570,THE PALMS,QLD,Delivery Area
4707,THE PERCY GROUP,QLD,Delivery Area
4357,THE PINES,QLD,Delivery Area
4700,THE RANGE,QLD,Delivery Area
4377,THE SUMMIT,QLD,Delivery Area
4570,THEEBINE,QLD,Delivery Area
4719,THEODORE,QLD,Delivery Area
4721,THERESA CREEK,QLD,Delivery Area
4650,THINOOMBA,QLD,Delivery Area
4702,THOMPSON POINT,QLD,Delivery Area
4800,THOOPARA,QLD,Delivery Area
4871,THORNBOROUGH,QLD,Delivery Area
4380,THORNDALE,QLD,Delivery Area
4158,THORNESIDE,QLD,Delivery Area
4164,THORNLANDS,QLD,Delivery Area
4341,THORNTON,QLD,Delivery Area
4873,THORNTON BEACH,QLD,Delivery Area
4352,THORNVILLE,QLD,Delivery Area
4630,THREE MOON,QLD,Delivery Area
4824,THREE RIVERS,QLD,Delivery Area
4376,THULIMBAH,QLD,Delivery Area
4817,THURINGOWA CENTRAL,QLD,Delivery Area
4814,THURINGOWA DC,QLD,Delivery Area
4875,THURSDAY ISLAND,QLD,Delivery Area
4650,TIARO,QLD,Delivery Area
4709,TIERI,QLD,Delivery Area
4580,TIN CAN BAY,QLD,Delivery Area
4650,TINANA,QLD,Delivery Area
4650,TINANA SOUTH,QLD,Delivery Area
4872,TINAROO,QLD,Delivery Area
4563,TINBEERWAH,QLD,Delivery Area
4173,TINGALPA,QLD,Delivery Area
4173,TINGALPA DC,QLD,Delivery Area
4608,TINGOORA,QLD,Delivery Area
4455,TINGUN,QLD,Delivery Area
4650,TINNANBAR,QLD,Delivery Area
4405,TIPTON,QLD,Delivery Area
4671,TIRROAN,QLD,Delivery Area
4305,TIVOLI,QLD,Delivery Area
4702,TOGARA,QLD,Delivery Area
4829,TOKO,QLD,Delivery Area
4882,TOLGA,QLD,Delivery Area
4820,TOLL,QLD,Delivery Area
4850,TOOBANNA,QLD,Delivery Area
4498,TOOBEAH,QLD,Delivery Area
4313,TOOGOOLAWAH,QLD,Delivery Area
4655,TOOGOOM,QLD,Delivery Area
4818,TOOLAKEA,QLD,Delivery Area
4570,TOOLARA FOREST,QLD,Delivery Area
4370,TOOLBURRA,QLD,Delivery Area
4680,TOOLOOA,QLD,Delivery Area
4816,TOOMULLA,QLD,Delivery Area
4625,TOONDAHRA,QLD,Delivery Area
4816,TOONPAN,QLD,Delivery Area
4510,TOORBUL,QLD,Delivery Area
4066,TOOWONG,QLD,Delivery Area
4066,TOOWONG BC,QLD,Delivery Area
4066,TOOWONG DC,QLD,Delivery Area
4350,TOOWOOMBA,QLD,Delivery Area
4350,TOOWOOMBA CITY,QLD,Delivery Area
4350,TOOWOOMBA DC,QLD,Delivery Area
4350,TOOWOOMBA EAST,QLD,Delivery Area
4352,TOOWOOMBA MC,QLD,Delivery Area
4350,TOOWOOMBA SOUTH,QLD,Delivery Area
4350,TOOWOOMBA VILLAGE FAIR,QLD,Delivery Area
4350,TOOWOOMBA WEST,QLD,Delivery Area
4350,TOP CAMP,QLD,Delivery Area
4885,TOPAZ,QLD,Delivery Area
4662,TORBANLEA,QLD,Delivery Area
4655,TORQUAY,QLD,Delivery Area
4816,TORRENS CREEK,QLD,Delivery Area
4350,TORRINGTON,QLD,Delivery Area
4560,TOWEN MOUNTAIN,QLD,Delivery Area
4820,TOWERS HILL,QLD,Delivery Area
4810,TOWN COMMON,QLD,Delivery Area
4341,TOWNSON,QLD,Delivery Area
4810,TOWNSVILLE,QLD,Delivery Area
4810,TOWNSVILLE CITY,QLD,Delivery Area
4810,TOWNSVILLE DC,QLD,Delivery Area
4810,TOWNSVILLE MC,QLD,Delivery Area
4813,TOWNSVILLE MILPO,QLD,Post Office Boxes
4825,TOWNVIEW,QLD,Delivery Area
4570,TRAVESTON,QLD,Delivery Area
4850,TREBONNE,QLD,Delivery Area
4370,TREGONY,QLD,Delivery Area
4879,TRINITY BEACH,QLD,Delivery Area
4879,TRINITY PARK,QLD,Delivery Area
4714,TROTTER CREEK,QLD,Delivery Area
4874,TRUNDING,QLD,Delivery Area
4650,TUAN,QLD,Delivery Area
4650,TUAN FOREST,QLD,Delivery Area
4570,TUCHEKOI,QLD,Delivery Area
4411,TUCKERANG,QLD,Delivery Area
4490,TUEN,QLD,Delivery Area
4224,TUGUN,QLD,Delivery Area
4854,TULLY,QLD,Delivery Area
4854,TULLY HEADS,QLD,Delivery Area
4352,TUMMAVILLE,QLD,Delivery Area
4888,TUMOULIN,QLD,Delivery Area
4702,TUNGAMULL,QLD,Delivery Area
4357,TURALLIN,QLD,Delivery Area
4678,TURKEY BEACH,QLD,Delivery Area
4742,TURRAWULLA,QLD,Delivery Area
4564,TWIN WATERS,QLD,Delivery Area
4570,TWO MILE,QLD,Delivery Area
4467,TYRCONNEL,QLD,Delivery Area
4680,UBOBO,QLD,Delivery Area
4875,UGAR ISLAND,QLD,Delivery Area
4702,ULOGIE,QLD,Delivery Area
4876,UMAGICO,QLD,Delivery Area
4352,UMBIRAM,QLD,Delivery Area
4119,UNDERWOOD,QLD,Delivery Area
4285,UNDULLAH,QLD,Delivery Area
4072,UNIVERSITY OF QUEENSLAND,QLD,Post Office Boxes
4883,UPPER BARRON,QLD,Delivery Area
4069,UPPER BROOKFIELD,QLD,Delivery Area
4510,UPPER CABOOLTURE,QLD,Delivery Area
4209,UPPER COOMERA,QLD,Delivery Area
4402,UPPER COOYAR CREEK,QLD,Delivery Area
4873,UPPER DAINTREE,QLD,Delivery Area
4860,UPPER DARADGEE,QLD,Delivery Area
4454,UPPER DAWSON,QLD,Delivery Area
4344,UPPER FLAGSTONE,QLD,Delivery Area
4370,UPPER FREESTONE,QLD,Delivery Area
4570,UPPER GLASTONBURY,QLD,Delivery Area
4809,UPPER HAUGHTON,QLD,Delivery Area
4570,UPPER KANDANGA,QLD,Delivery Area
4055,UPPER KEDRON,QLD,Delivery Area
4352,UPPER LOCKYER,QLD,Delivery Area
4122,UPPER MOUNT GRAVATT,QLD,Delivery Area
4122,UPPER MOUNT GRAVATT BC,QLD,Delivery Area
4361,UPPER PILTON,QLD,Delivery Area
4355,UPPER PINELANDS,QLD,Delivery Area
4850,UPPER STONE,QLD,Delivery Area
4343,UPPER TENTHILL,QLD,Delivery Area
4477,UPPER WARREGO,QLD,Delivery Area
4370,UPPER WHEATVALE,QLD,Delivery Area
4614,UPPER YARRAMAN,QLD,Delivery Area
4655,URANGAN,QLD,Delivery Area
4655,URRAWEEN,QLD,Delivery Area
4871,UTCHEE CREEK,QLD,Delivery Area
4465,V GATE,QLD,Delivery Area
4561,VALDORA,QLD,Delivery Area
4352,VALE VIEW,QLD,Delivery Area
4715,VALENTINE PLAINS,QLD,Delivery Area
4742,VALKYRIE,QLD,Delivery Area
4850,VALLEY OF LAGOONS,QLD,Delivery Area
4227,VARSITY LAKES,QLD,Delivery Area
4860,VASA VIEWS,QLD,Delivery Area
4630,VENTNOR,QLD,Delivery Area
4347,VERADILLA,QLD,Delivery Area
4285,VERESDALE,QLD,Delivery Area
4285,VERESDALE SCRUB,QLD,Delivery Area
4306,VERNOR,QLD,Delivery Area
4562,VERRIERDALE,QLD,Delivery Area
4570,VETERAN,QLD,Delivery Area
4361,VICTORIA HILL,QLD,Delivery Area
4751,VICTORIA PLAINS,QLD,Delivery Area
4850,VICTORIA PLANTATION,QLD,Delivery Area
4165,VICTORIA POINT,QLD,Delivery Area
4165,VICTORIA POINT WEST,QLD,Delivery Area
4822,VICTORIA VALE,QLD,Delivery Area
4570,VICTORY HEIGHTS,QLD,Delivery Area
4514,VILLENEUVE,QLD,Delivery Area
4814,VINCENT,QLD,Delivery Area
4343,VINEGAR HILL,QLD,Delivery Area
4014,VIRGINIA,QLD,Delivery Area
4014,VIRGINIA BC,QLD,Delivery Area
4014,VIRGINIA DC,QLD,Delivery Area
4076,WACOL,QLD,Delivery Area
4513,WAGTAIL GROVE,QLD,Delivery Area
4625,WAHOON,QLD,Delivery Area
4420,WAIKOLA,QLD,Delivery Area
4404,WAINUI,QLD,Delivery Area
4872,WAIRUNA,QLD,Delivery Area
4154,WAKERLEY,QLD,Delivery Area
4462,WALHALLOW,QLD,Delivery Area
4872,WALKAMIN,QLD,Delivery Area
4650,WALKERS POINT,QLD,Delivery Area
4751,WALKERSTON,QLD,Delivery Area
4670,WALKERVALE,QLD,Delivery Area
4310,WALLACES CREEK,QLD,Delivery Area
4850,WALLAMAN,QLD,Delivery Area
4383,WALLANGARRA,QLD,Delivery Area
4702,WALLAROO,QLD,Delivery Area
4671,WALLAVILLE,QLD,Delivery Area
4655,WALLIEBUM,QLD,Delivery Area
4655,WALLIGAN,QLD,Delivery Area
4306,WALLOON,QLD,Delivery Area
4570,WALLU,QLD,Delivery Area
4428,WALLUMBILLA,QLD,Delivery Area
4428,WALLUMBILLA NORTH,QLD,Delivery Area
4428,WALLUMBILLA SOUTH,QLD,Delivery Area
4714,WALMUL,QLD,Delivery Area
4854,WALTER HILL,QLD,Delivery Area
4856,WALTER LEVER ESTATE,QLD,Delivery Area
4714,WALTERHALL,QLD,Delivery Area
4512,WAMURAN,QLD,Delivery Area
4512,WAMURAN BASIN,QLD,Delivery Area
4700,WANDAL,QLD,Delivery Area
4419,WANDOAN,QLD,Delivery Area
4871,WANGAN,QLD,Delivery Area
4806,WANGARATTA,QLD,Delivery Area
4877,WANGETTI,QLD,Delivery Area
4860,WANJURU,QLD,Delivery Area
4306,WANORA,QLD,Delivery Area
4513,WARABA,QLD,Delivery Area
4575,WARANA,QLD,Delivery Area
4823,WARBURTON,QLD,Delivery Area
4470,WARD,QLD,Delivery Area
4829,WARENDA,QLD,Delivery Area
4417,WARKON,QLD,Delivery Area
4500,WARNER,QLD,Delivery Area
4718,WARNOAH,QLD,Delivery Area
4605,WARNUNG,QLD,Delivery Area
4411,WARRA,QLD,Delivery Area
4875,WARRABER ISLET,QLD,Delivery Area
4854,WARRAMI,QLD,Delivery Area
4307,WARRILL VIEW,QLD,Delivery Area
4387,WARROO,QLD,Delivery Area
4871,WARRUBULLEN,QLD,Delivery Area
4370,WARWICK,QLD,Delivery Area
4370,WARWICK DC,QLD,Delivery Area
4306,WASHPOOL,QLD,Delivery Area
4670,WATALGAN,QLD,Delivery Area
4621,WATERANGA,QLD,Delivery Area
4133,WATERFORD,QLD,Delivery Area
4133,WATERFORD WEST,QLD,Delivery Area
4673,WATERLOO,QLD,Delivery Area
4385,WATSONS CROSSING,QLD,Delivery Area
4887,WATSONVILLE,QLD,Delivery Area
4615,WATTLE CAMP,QLD,Delivery Area
4610,WATTLE GROVE,QLD,Delivery Area
4357,WATTLE RIDGE,QLD,Delivery Area
4704,WATTLEBANK,QLD,Delivery Area
4875,WAUA ISLET,QLD,Delivery Area
4871,WAUGH POCKET,QLD,Delivery Area
4012,WAVELL HEIGHTS,QLD,Delivery Area
4012,WAVELL HEIGHTS NORTH,QLD,Delivery Area
4825,WAVERLEY,QLD,Delivery Area
4722,WEALWANDANGIE,QLD,Delivery Area
4860,WEBB,QLD,Delivery Area
4497,WEENGALLON,QLD,Delivery Area
4703,WEERRIBA,QLD,Delivery Area
4874,WEIPA,QLD,Delivery Area
4874,WEIPA AIRPORT,QLD,Delivery Area
4406,WEIR RIVER,QLD,Delivery Area
4670,WELCOME CREEK,QLD,Delivery Area
4350,WELLCAMP,QLD,Delivery Area
4121,WELLERS HILL,QLD,Delivery Area
4417,WELLESLEY,QLD,Delivery Area
4892,WELLESLEY ISLANDS,QLD,Delivery Area
4160,WELLINGTON POINT,QLD,Delivery Area
4507,WELSBY,QLD,Delivery Area
4615,WENGENVILLE,QLD,Delivery Area
4874,WENLOCK,QLD,Delivery Area
4405,WERANGA,QLD,Delivery Area
4417,WERIBONE,QLD,Delivery Area
4219,WEST BURLEIGH,QLD,Post Office Boxes
4101,WEST END,QLD,Delivery Area
4810,WEST END,QLD,Delivery Area
4680,WEST GLADSTONE,QLD,Delivery Area
4359,WEST HALDON,QLD,Delivery Area
4305,WEST IPSWICH,QLD,Delivery Area
4740,WEST MACKAY,QLD,Delivery Area
4819,WEST POINT,QLD,Delivery Area
4403,WEST PRAIRIE,QLD,Delivery Area
4700,WEST ROCKHAMPTON,QLD,Delivery Area
4680,WEST STOWE,QLD,Delivery Area
4892,WEST WELLESLEY ISLANDS,QLD,Delivery Area
4559,WEST WOOMBYE,QLD,Delivery Area
4350,WESTBROOK,QLD,Delivery Area
4870,WESTCOURT,QLD,Delivery Area
4357,WESTERN CREEK,QLD,Delivery Area
4454,WESTGROVE,QLD,Delivery Area
4074,WESTLAKE,QLD,Delivery Area
4422,WESTMAR,QLD,Delivery Area
4514,WESTVALE,QLD,Delivery Area
4702,WESTWOOD,QLD,Delivery Area
4625,WETHERON,QLD,Delivery Area
4562,WEYBA DOWNS,QLD,Delivery Area
4850,WHARPS,QLD,Delivery Area
4606,WHEATLANDS,QLD,Delivery Area
4370,WHEATVALE,QLD,Delivery Area
4387,WHETSTONE,QLD,Delivery Area
4352,WHICHELLO,QLD,Delivery Area
4352,WHITE MOUNTAIN,QLD,Delivery Area
4507,WHITE PATCH,QLD,Delivery Area
4306,WHITE ROCK,QLD,Delivery Area
4868,WHITE ROCK,QLD,Delivery Area
4503,WHITESIDE,QLD,Delivery Area
4870,WHITFIELD,QLD,Delivery Area
4802,WHITSUNDAYS,QLD,Delivery Area
4873,WHYANBEEL,QLD,Delivery Area
4570,WIDGEE,QLD,Delivery Area
4570,WIDGEE CROSSING NORTH,QLD,Delivery Area
4570,WIDGEE CROSSING SOUTH,QLD,Delivery Area
4490,WIDGEEGOARA,QLD,Delivery Area
4413,WIEAMBILLA,QLD,Delivery Area
4520,WIGHTS MOUNTAIN,QLD,Delivery Area
4612,WIGTON,QLD,Delivery Area
4370,WILDASH,QLD,Delivery Area
4608,WILKESDALE,QLD,Delivery Area
4110,WILLAWONG,QLD,Delivery Area
4209,WILLOW VALE,QLD,Delivery Area
4306,WILLOWBANK,QLD,Delivery Area
4702,WILLOWS,QLD,Delivery Area
4702,WILLOWS GEMFIELDS,QLD,Delivery Area
4370,WILLOWVALE,QLD,Delivery Area
4829,WILLS,QLD,Delivery Area
4800,WILSON BEACH,QLD,Delivery Area
4625,WILSON VALLEY,QLD,Delivery Area
4307,WILSONS PLAINS,QLD,Delivery Area
4570,WILSONS POCKET,QLD,Delivery Area
4350,WILSONTON,QLD,Delivery Area
4350,WILSONTON HEIGHTS,QLD,Delivery Area
4051,WILSTON,QLD,Delivery Area
4721,WINCHESTER,QLD,Delivery Area
4207,WINDAROO,QLD,Delivery Area
4605,WINDERA,QLD,Delivery Area
4670,WINDERMERE,QLD,Delivery Area
4478,WINDEYER,QLD,Delivery Area
4481,WINDORAH,QLD,Delivery Area
4030,WINDSOR,QLD,Delivery Area
4670,WINFIELD,QLD,Delivery Area
4825,WINSTON,QLD,Delivery Area
4735,WINTON,QLD,Delivery Area
4347,WINWILL,QLD,Delivery Area
4515,WINYA,QLD,Delivery Area
4122,WISHART,QLD,Delivery Area
4352,WITHCOTT,QLD,Delivery Area
4275,WITHEREN,QLD,Delivery Area
4552,WITTA,QLD,Delivery Area
4311,WIVENHOE HILL,QLD,Delivery Area
4306,WIVENHOE POCKET,QLD,Delivery Area
4370,WIYARRA,QLD,Delivery Area
4419,WOLEEBEE,QLD,Delivery Area
4721,WOLFANG,QLD,Delivery Area
4207,WOLFFDENE,QLD,Delivery Area
4570,WOLVI,QLD,Delivery Area
4465,WOMALILLA,QLD,Delivery Area
4465,WOMBLEBANK,QLD,Delivery Area
4370,WOMINA,QLD,Delivery Area
4671,WONBAH,QLD,Delivery Area
4671,WONBAH FOREST,QLD,Delivery Area
4606,WONDAI,QLD,Delivery Area
4390,WONDALLI,QLD,Delivery Area
4887,WONDECLA,QLD,Delivery Area
4655,WONDUNNA,QLD,Delivery Area
4873,WONGA BEACH,QLD,Delivery Area
4883,WONGABEL,QLD,Delivery Area
4852,WONGALING BEACH,QLD,Delivery Area
4210,WONGAWALLAN,QLD,Delivery Area
4275,WONGLEPONG,QLD,Delivery Area
4620,WOOCOO,QLD,Delivery Area
4343,WOODBINE,QLD,Delivery Area
4703,WOODBURY,QLD,Delivery Area
4305,WOODEND,QLD,Delivery Area
4680,WOODERSON,QLD,Delivery Area
4514,WOODFORD,QLD,Delivery Area
4660,WOODGATE,QLD,Delivery Area
4285,WOODHILL,QLD,Delivery Area
4343,WOODLANDS,QLD,Delivery Area
4352,WOODLEIGH,QLD,Delivery Area
4625,WOODMILLAR,QLD,Delivery Area
4114,WOODRIDGE,QLD,Delivery Area
4816,WOODSTOCK,QLD,Delivery Area
4802,WOODWARK,QLD,Delivery Area
4019,WOODY POINT,QLD,Delivery Area
4702,WOOLEIN,QLD,Delivery Area
4822,WOOLGAR,QLD,Delivery Area
4102,WOOLLOONGABBA,QLD,Delivery Area
4515,WOOLMAR,QLD,Delivery Area
4352,WOOLMER,QLD,Delivery Area
4570,WOOLOOGA,QLD,Delivery Area
4310,WOOLOOMAN,QLD,Delivery Area
4030,WOOLOOWIN,QLD,Delivery Area
4340,WOOLSHED,QLD,Delivery Area
4559,WOOMBYE,QLD,Delivery Area
4357,WOONDUL,QLD,Delivery Area
4570,WOONDUM,QLD,Delivery Area
4670,WOONGARRA,QLD,Delivery Area
4207,WOONGOOLBA,QLD,Delivery Area
4871,WOOPEN CREEK,QLD,Delivery Area
4713,WOORABINDA,QLD,Delivery Area
4507,WOORIM,QLD,Delivery Area
4608,WOOROOLIN,QLD,Delivery Area
4702,WOOROONA,QLD,Delivery Area
4605,WOOROONDEN,QLD,Delivery Area
4860,WOOROONOORAN,QLD,Delivery Area
4552,WOOTHA,QLD,Delivery Area
4621,WOOWOONGA,QLD,Delivery Area
4868,WOREE,QLD,Delivery Area
4213,WORONGARY,QLD,Delivery Area
4702,WOWAN,QLD,Delivery Area
4601,WRATTENS FOREST,QLD,Delivery Area
4869,WRIGHTS CREEK,QLD,Delivery Area
4892,WROTHAM,QLD,Delivery Area
4895,WUJAL WUJAL,QLD,Delivery Area
4811,WULGURU,QLD,Delivery Area
4305,WULKURAKA,QLD,Delivery Area
4806,WUNJUNGA,QLD,Delivery Area
4714,WURA,QLD,Delivery Area
4680,WURDONG HEIGHTS,QLD,Delivery Area
4575,WURTULLA,QLD,Delivery Area
4627,WURUMA DAM,QLD,Delivery Area
4352,WUTUL,QLD,Delivery Area
4390,WYAGA,QLD,Delivery Area
4615,WYALLA,QLD,Delivery Area
4350,WYALLA PLAZA,QLD,Delivery Area
4489,WYANDRA,QLD,Delivery Area
4310,WYARALONG,QLD,Delivery Area
4382,WYBERBA,QLD,Delivery Area
4702,WYCARBAH,QLD,Delivery Area
4412,WYCHIE,QLD,Delivery Area
4455,WYCOMBE,QLD,Delivery Area
4178,WYNNUM,QLD,Delivery Area
4178,WYNNUM NORTH,QLD,Delivery Area
4178,WYNNUM PLAZA,QLD,Delivery Area
4178,WYNNUM WEST,QLD,Delivery Area
4352,WYREEMA,QLD,Delivery Area
4723,WYUNA,QLD,Delivery Area
4704,YAAMBA,QLD,Delivery Area
4818,YABULU,QLD,Delivery Area
4390,YAGABURNE,QLD,Delivery Area
4892,YAGOONYA,QLD,Delivery Area
4352,YALANGUR,QLD,Delivery Area
4741,YALBOROO,QLD,Delivery Area
4875,YAM ISLAND,QLD,Delivery Area
4720,YAMALA,QLD,Delivery Area
4305,YAMANTO,QLD,Delivery Area
4673,YANDARAN,QLD,Delivery Area
4478,YANDARLO,QLD,Delivery Area
4352,YANDILLA,QLD,Delivery Area
4561,YANDINA,QLD,Delivery Area
4561,YANDINA CREEK,QLD,Delivery Area
4371,YANGAN,QLD,Delivery Area
4731,YARAKA,QLD,Delivery Area
4401,YARGULLEN,QLD,Delivery Area
4573,YAROOMBA,QLD,Delivery Area
4871,YARRABAH,QLD,Delivery Area
4207,YARRABILBA,QLD,Delivery Area
4892,YARRADEN,QLD,Delivery Area
4614,YARRAMAN,QLD,Delivery Area
4356,YARRANLEA,QLD,Delivery Area
4630,YARROL,QLD,Delivery Area
4694,YARWUN,QLD,Delivery Area
4207,YATALA,QLD,Delivery Area
4207,YATALA DC,QLD,Delivery Area
4105,YEERONGPILLY,QLD,Delivery Area
4388,YELARBON,QLD,Delivery Area
4625,YENDA,QLD,Delivery Area
4650,YENGARIE,QLD,Delivery Area
4703,YEPPOON,QLD,Delivery Area
4104,YERONGA,QLD,Delivery Area
4650,YERRA,QLD,Delivery Area
4313,YIMBUN,QLD,Delivery Area
4875,YORKE ISLAND,QLD,Delivery Area
4878,YORKEYS KNOB,QLD,Delivery Area
4490,YOWAH,QLD,Delivery Area
4520,YUGAR,QLD,Delivery Area
4416,YULABILLA,QLD,Delivery Area
4427,YULEBA,QLD,Delivery Area
4427,YULEBA NORTH,QLD,Delivery Area
4427,YULEBA SOUTH,QLD,Delivery Area
4884,YUNGABURRA,QLD,Delivery Area
4850,YURUGA,QLD,Delivery Area
4034,ZILLMERE,QLD,Delivery Area
4710,ZILZIE,QLD,Delivery Area
5159,ABERFOYLE PARK,SA,Delivery Area
5440,ABMINGA STATION,SA,Delivery Area
5000,ADELAIDE,SA,Delivery Area
5001,ADELAIDE,SA,Post Office Boxes
5801,ADELAIDE,SA,Post Office Boxes
5780,ADELAIDE AIRPORT,SA,Post Office Boxes
5950,ADELAIDE AIRPORT,SA,Delivery Area
5000,ADELAIDE BC,SA,Delivery Area
5558,AGERY,SA,Delivery Area
5311,ALAWOONA,SA,Delivery Area
5014,ALBERT PARK,SA,Delivery Area
5014,ALBERTON,SA,Delivery Area
5154,ALDGATE,SA,Delivery Area
5173,ALDINGA,SA,Delivery Area
5173,ALDINGA BEACH,SA,Delivery Area
5555,ALFORD,SA,Delivery Area
5723,ALLANDALE STATION,SA,Delivery Area
5009,ALLENBY GARDENS,SA,Delivery Area
5291,ALLENDALE EAST,SA,Delivery Area
5373,ALLENDALE NORTH,SA,Delivery Area
5401,ALMA,SA,Delivery Area
5730,ALPANA,SA,Delivery Area
5733,ALTON DOWNS STATION,SA,Delivery Area
5351,ALTONA,SA,Delivery Area
0872,AMATA,SA,Delivery Area
5222,AMERICAN BEACH,SA,Delivery Area
5221,AMERICAN RIVER,SA,Delivery Area
5431,AMYTON,SA,Delivery Area
5464,ANAMA,SA,Delivery Area
0872,ANANGU PITJANTJATJARA YANKUNYTJATJARA,SA,Delivery Area
5722,ANDAMOOKA,SA,Delivery Area
5722,ANDAMOOKA STATION,SA,Delivery Area
5454,ANDREWS,SA,Delivery Area
5114,ANDREWS FARM,SA,Delivery Area
5255,ANGAS PLAINS,SA,Delivery Area
5238,ANGAS VALLEY,SA,Delivery Area
5353,ANGASTON,SA,Delivery Area
5732,ANGEPENA,SA,Delivery Area
5010,ANGLE PARK,SA,Delivery Area
5117,ANGLE VALE,SA,Delivery Area
5730,ANGORIGINA,SA,Delivery Area
5723,ANNA CREEK,SA,Delivery Area
5356,ANNADALE,SA,Delivery Area
5222,ANTECHAMBER BAY,SA,Delivery Area
5237,APAMURRA,SA,Delivery Area
5413,APOINGA,SA,Delivery Area
5480,APPILA,SA,Delivery Area
5723,ARCKARINGA,SA,Delivery Area
5720,ARCOONA,SA,Delivery Area
5571,ARDROSSAN,SA,Delivery Area
5732,ARKAROOLA,SA,Delivery Area
5701,ARKAROOLA VILLAGE,SA,Delivery Area
5453,ARMAGH,SA,Delivery Area
5603,ARNO BAY,SA,Delivery Area
5572,ARTHURTON,SA,Delivery Area
5043,ASCOT PARK,SA,Delivery Area
5157,ASHBOURNE,SA,Delivery Area
5035,ASHFORD,SA,Delivery Area
5137,ASHTON,SA,Delivery Area
5259,ASHVILLE,SA,Delivery Area
5076,ATHELSTONE,SA,Delivery Area
5012,ATHOL PARK,SA,Delivery Area
5451,AUBURN,SA,Delivery Area
5072,AULDANA,SA,Delivery Area
5374,AUSTRALIA PLAINS,SA,Delivery Area
5273,AVENUE RANGE,SA,Delivery Area
5253,AVOCA DELL,SA,Delivery Area
5501,AVON,SA,Delivery Area
0872,AYERS RANGE SOUTH,SA,Delivery Area
5211,BACK VALLEY,SA,Delivery Area
5601,BACKY POINT,SA,Delivery Area
5373,BAGOT WELL,SA,Delivery Area
5671,BAIRD BAY,SA,Delivery Area
5354,BAKARA,SA,Delivery Area
5354,BAKARA WELL,SA,Delivery Area
5417,BALAH,SA,Delivery Area
5461,BALAKLAVA,SA,Delivery Area
5203,BALD HILLS,SA,Delivery Area
5417,BALDINA,SA,Delivery Area
5573,BALGOWAN,SA,Delivery Area
5242,BALHANNAH,SA,Delivery Area
5221,BALLAST HEAD,SA,Delivery Area
5268,BANGHAM,SA,Delivery Area
5481,BANGOR,SA,Delivery Area
5091,BANKSIA PARK,SA,Delivery Area
5460,BARABBA,SA,Delivery Area
5432,BARATTA,SA,Delivery Area
5453,BARINIA,SA,Delivery Area
5345,BARMERA,SA,Delivery Area
5641,BARNA,SA,Delivery Area
5434,BARNDIOOTA,SA,Delivery Area
5495,BAROOTA,SA,Delivery Area
5351,BAROSSA GOLDFIELDS,SA,Delivery Area
5520,BARUNGA GAP,SA,Delivery Area
5138,BASKET RANGE,SA,Delivery Area
5222,BAUDIN BEACH,SA,Delivery Area
5223,BAY OF SHOALS,SA,Delivery Area
5280,BEACHPORT,SA,Delivery Area
5320,BEATTY,SA,Delivery Area
5550,BEAUFORT,SA,Delivery Area
5066,BEAUMONT,SA,Delivery Area
5320,BEAUMONTS,SA,Delivery Area
5042,BEDFORD PARK,SA,Delivery Area
5523,BEETALOO VALLEY,SA,Delivery Area
5052,BELAIR,SA,Delivery Area
5491,BELALIE EAST,SA,Delivery Area
5491,BELALIE NORTH,SA,Delivery Area
5050,BELLEVUE HEIGHTS,SA,Delivery Area
5730,BELTANA,SA,Delivery Area
5730,BELTANA STATION,SA,Delivery Area
5432,BELTON,SA,Delivery Area
5255,BELVIDERE,SA,Delivery Area
5453,BENBOURNIE,SA,Delivery Area
5440,BENDA,SA,Delivery Area
5343,BERRI,SA,Delivery Area
5352,BETHANY,SA,Delivery Area
5373,BETHEL,SA,Delivery Area
5067,BEULAH PARK,SA,Delivery Area
5009,BEVERLEY,SA,Delivery Area
5118,BIBARINGA,SA,Delivery Area
5432,BIBLIANDO,SA,Delivery Area
5238,BIG BEND,SA,Delivery Area
5153,BIGGS FLAT,SA,Delivery Area
5720,BILLA KALINA,SA,Delivery Area
5440,BILLEROO WEST,SA,Delivery Area
5311,BILLIATT,SA,Delivery Area
5440,BIMBOWRIE,SA,Delivery Area
5440,BINDARRAH,SA,Delivery Area
5262,BINNUM,SA,Delivery Area
5223,BIRCHMORE,SA,Delivery Area
5234,BIRDWOOD,SA,Delivery Area
5015,BIRKENHEAD,SA,Delivery Area
5035,BLACK FOREST,SA,Delivery Area
5353,BLACK HILL,SA,Delivery Area
5434,BLACK HILL STATION,SA,Delivery Area
5571,BLACK POINT,SA,Delivery Area
5431,BLACK ROCK,SA,Delivery Area
5413,BLACK SPRINGS,SA,Delivery Area
5291,BLACKFELLOWS CAVES,SA,Delivery Area
5201,BLACKFELLOWS CREEK,SA,Delivery Area
5275,BLACKFORD,SA,Delivery Area
5051,BLACKWOOD,SA,Delivery Area
5084,BLAIR ATHOL,SA,Delivery Area
5114,BLAKEVIEW,SA,Delivery Area
5250,BLAKISTON,SA,Delivery Area
5700,BLANCHE HARBOR,SA,Delivery Area
5357,BLANCHETOWN,SA,Delivery Area
5255,BLETCHLEY,SA,Delivery Area
5171,BLEWITT SPRINGS,SA,Delivery Area
5730,BLINMAN,SA,Delivery Area
5575,BLUFF BEACH,SA,Delivery Area
5462,BLYTH,SA,Delivery Area
5275,BOATSWAIN POINT,SA,Delivery Area
5655,BOCKELBERG,SA,Delivery Area
5453,BOCONNOC PARK,SA,Delivery Area
5110,BOLIVAR,SA,Delivery Area
5731,BOLLARDS LAGOON,SA,Delivery Area
5238,BOLTO,SA,Delivery Area
5719,BON BON,SA,Delivery Area
5417,BOOBOROWIE,SA,Delivery Area
5690,BOOKABIE,SA,Delivery Area
5333,BOOKPURNONG,SA,Delivery Area
5271,BOOL LAGOON,SA,Delivery Area
5440,BOOLCOOMATTA,SA,Delivery Area
5482,BOOLEROO CENTRE,SA,Delivery Area
5330,BOOLGUN,SA,Delivery Area
5633,BOONERDO,SA,Delivery Area
5554,BOORS PLAIN,SA,Delivery Area
5268,BORDERTOWN,SA,Delivery Area
5268,BORDERTOWN SOUTH,SA,Delivery Area
5309,BORRIKA,SA,Delivery Area
5607,BOSTON,SA,Delivery Area
5720,BOSWORTH,SA,Delivery Area
5007,BOWDEN,SA,Delivery Area
5374,BOWER,SA,Delivery Area
5238,BOWHILL,SA,Delivery Area
5461,BOWILLIA,SA,Delivery Area
5550,BOWMANS,SA,Delivery Area
5153,BRADBURY,SA,Delivery Area
5381,BRADY CREEK,SA,Delivery Area
5109,BRAHMA LODGE,SA,Delivery Area
5670,BRAMFIELD,SA,Delivery Area
5276,BRAY,SA,Delivery Area
5320,BRENDA PARK,SA,Delivery Area
5575,BRENTWOOD,SA,Delivery Area
5155,BRIDGEWATER,SA,Delivery Area
5381,BRIGHT,SA,Delivery Area
5048,BRIGHTON,SA,Delivery Area
5267,BRIMBAGO,SA,Delivery Area
5253,BRINKLEY,SA,Delivery Area
5464,BRINKWORTH,SA,Delivery Area
5083,BROADVIEW,SA,Delivery Area
5007,BROMPTON,SA,Delivery Area
5607,BROOKER,SA,Delivery Area
5032,BROOKLYN PARK,SA,Delivery Area
5454,BROUGHTON RIVER VALLEY,SA,Delivery Area
5222,BROWN BEACH,SA,Delivery Area
5062,BROWN HILL CREEK,SA,Delivery Area
5374,BROWNLOW,SA,Delivery Area
5223,BROWNLOW KI,SA,Delivery Area
5433,BRUCE,SA,Delivery Area
5252,BRUKUNGA,SA,Delivery Area
5374,BUCHANAN,SA,Delivery Area
5118,BUCHFELDE,SA,Delivery Area
5270,BUCKINGHAM,SA,Delivery Area
5120,BUCKLAND PARK,SA,Delivery Area
5641,BUCKLEBOO,SA,Delivery Area
5311,BUGLE HUT,SA,Delivery Area
5251,BUGLE RANGES,SA,Delivery Area
5719,BULGUNNIA,SA,Delivery Area
5157,BULL CREEK,SA,Delivery Area
5440,BULLOO CREEK,SA,Delivery Area
5520,BUMBUNGA,SA,Delivery Area
5266,BUNBURY,SA,Delivery Area
5491,BUNDALEER GARDENS,SA,Delivery Area
5491,BUNDALEER NORTH,SA,Delivery Area
5320,BUNDEY,SA,Delivery Area
5540,BUNGAMA,SA,Delivery Area
5464,BUNGAREE,SA,Delivery Area
5641,BUNGEROO,SA,Delivery Area
5417,BUNYUNG,SA,Delivery Area
5253,BURDETT,SA,Delivery Area
5520,BURNSFIELD,SA,Delivery Area
5066,BURNSIDE,SA,Delivery Area
5732,BURR WELL,SA,Delivery Area
5417,BURRA,SA,Delivery Area
5417,BURRA EASTERN DISTRICTS,SA,Delivery Area
5291,BURRUNGULE,SA,Delivery Area
5110,BURTON,SA,Delivery Area
5560,BUTE,SA,Delivery Area
5605,BUTLER,SA,Delivery Area
5321,CADELL,SA,Delivery Area
5321,CADELL LAGOON,SA,Delivery Area
5271,CADGEE,SA,Delivery Area
5671,CALCA,SA,Delivery Area
5310,CALIPH,SA,Delivery Area
5733,CALLANNA,SA,Delivery Area
5254,CALLINGTON,SA,Delivery Area
5501,CALOMBA,SA,Delivery Area
5254,CALOOTE,SA,Delivery Area
5341,CALPERUM STATION,SA,Delivery Area
5490,CALTOWIE,SA,Delivery Area
5490,CALTOWIE NORTH,SA,Delivery Area
5490,CALTOWIE WEST,SA,Delivery Area
5353,CAMBRAI,SA,Delivery Area
5038,CAMDEN PARK,SA,Delivery Area
5074,CAMPBELLTOWN,SA,Delivery Area
5640,CAMPOONA,SA,Delivery Area
5417,CANEGRASS,SA,Delivery Area
5268,CANNAWIGARA,SA,Delivery Area
5419,CANOWIE,SA,Delivery Area
5420,CANOWIE BELT,SA,Delivery Area
5280,CANUNDA,SA,Delivery Area
5223,CAPE BORDA,SA,Delivery Area
5291,CAPE DOUGLAS,SA,Delivery Area
5275,CAPE JAFFA,SA,Delivery Area
5204,CAPE JERVIS,SA,Delivery Area
5641,CARALUE,SA,Delivery Area
5680,CARAWA,SA,Delivery Area
5301,CARCUMA,SA,Delivery Area
5270,CAREW,SA,Delivery Area
5144,CAREY GULLY,SA,Delivery Area
5291,CAROLINE,SA,Delivery Area
5291,CARPENTER ROCKS,SA,Delivery Area
5204,CARRICKALINGA,SA,Delivery Area
5432,CARRIETON,SA,Delivery Area
5715,CARRIEWERLOO,SA,Delivery Area
5223,CASSINI,SA,Delivery Area
5076,CASTAMBUL,SA,Delivery Area
5238,CAURNAMONT,SA,Delivery Area
5094,CAVAN,SA,Delivery Area
5422,CAVENAGH,SA,Delivery Area
5291,CAVETON,SA,Delivery Area
5690,CEDUNA,SA,Delivery Area
5690,CEDUNA WATERS,SA,Delivery Area
5341,CHAFFEY,SA,Delivery Area
5231,CHAIN OF PONDS,SA,Delivery Area
5680,CHANDADA,SA,Delivery Area
5159,CHANDLERS HILL,SA,Delivery Area
5153,CHAPEL HILL,SA,Delivery Area
5253,CHAPMAN BORE,SA,Delivery Area
5244,CHARLESTON,SA,Delivery Area
5607,CHARLTON GULLY,SA,Delivery Area
5690,CHARRA,SA,Delivery Area
5014,CHELTENHAM,SA,Delivery Area
5157,CHERRY GARDENS,SA,Delivery Area
5134,CHERRYVILLE,SA,Delivery Area
5660,CHILPENUNDA,SA,Delivery Area
5573,CHINAMAN WELLS,SA,Delivery Area
5680,CHINBINGINA,SA,Delivery Area
5211,CHITON,SA,Delivery Area
5341,CHOWILLA,SA,Delivery Area
5164,CHRISTIE DOWNS,SA,Delivery Area
5165,CHRISTIES BEACH,SA,Delivery Area
5165,CHRISTIES BEACH NORTH,SA,Delivery Area
5690,CHUNDARIA,SA,Delivery Area
5000,CITY WEST CAMPUS,SA,Delivery Area
5062,CLAPHAM,SA,Delivery Area
5453,CLARE,SA,Delivery Area
5039,CLARENCE GARDENS,SA,Delivery Area
5034,CLARENCE PARK,SA,Delivery Area
5157,CLARENDON,SA,Delivery Area
5280,CLAY WELLS,SA,Delivery Area
5238,CLAYPANS,SA,Delivery Area
5256,CLAYTON BAY,SA,Delivery Area
5733,CLAYTON STATION,SA,Delivery Area
5085,CLEARVIEW,SA,Delivery Area
5152,CLELAND,SA,Delivery Area
5523,CLEMENTS GAP,SA,Delivery Area
5640,CLEVE,SA,Delivery Area
5733,CLIFTON HILLS STATION,SA,Delivery Area
5570,CLINTON,SA,Delivery Area
5570,CLINTON CENTRE,SA,Delivery Area
5042,CLOVELLY PARK,SA,Delivery Area
5346,COBDOGLA,SA,Delivery Area
5654,COCATA,SA,Delivery Area
5631,COCKALEECHIE,SA,Delivery Area
5351,COCKATOO VALLEY,SA,Delivery Area
5440,COCKBURN,SA,Delivery Area
5607,COFFIN BAY,SA,Delivery Area
5266,COLEBATCH,SA,Delivery Area
5272,COLES,SA,Delivery Area
5069,COLLEGE PARK,SA,Delivery Area
5671,COLLEY,SA,Delivery Area
5555,COLLINSFIELD,SA,Delivery Area
5418,COLLINSVILLE,SA,Delivery Area
5081,COLLINSWOOD,SA,Delivery Area
5041,COLONEL LIGHT GARDENS,SA,Delivery Area
5670,COLTON,SA,Delivery Area
5277,COMAUM,SA,Delivery Area
5700,COMMISSARIAT POINT,SA,Delivery Area
5719,COMMONWEALTH HILL,SA,Delivery Area
5291,COMPTON,SA,Delivery Area
5118,CONCORDIA,SA,Delivery Area
5464,CONDOWIE,SA,Delivery Area
5272,CONMURRA,SA,Delivery Area
5723,COOBER PEDY,SA,Delivery Area
5583,COOBOWIE,SA,Delivery Area
5701,COOK,SA,Delivery Area
5261,COOKE PLAINS,SA,Delivery Area
5670,COOLILLIE,SA,Delivery Area
5341,COOLTONG,SA,Delivery Area
5261,COOMANDOOK,SA,Delivery Area
5267,COOMBE,SA,Delivery Area
5431,COOMOOROO,SA,Delivery Area
5607,COOMUNGA,SA,Delivery Area
5265,COONALPYN,SA,Delivery Area
5540,COONAMIA,SA,Delivery Area
5263,COONAWARRA,SA,Delivery Area
5719,COONDAMBO,SA,Delivery Area
5690,COORABIE,SA,Delivery Area
5264,COORONG,SA,Delivery Area
5650,COOTRA,SA,Delivery Area
5611,COOYERDOO,SA,Delivery Area
5308,COPEVILLE,SA,Delivery Area
5732,COPLEY,SA,Delivery Area
5731,CORDILLO DOWNS,SA,Delivery Area
5575,CORNY POINT,SA,Delivery Area
5157,COROMANDEL EAST,SA,Delivery Area
5051,COROMANDEL VALLEY,SA,Delivery Area
5641,CORTLINYE,SA,Delivery Area
5611,CORUNNA STATION,SA,Delivery Area
5577,COUCH BEACH,SA,Delivery Area
5607,COULTA,SA,Delivery Area
5033,COWANDILLA,SA,Delivery Area
5733,COWARIE,SA,Delivery Area
5602,COWELL,SA,Delivery Area
5238,COWIRRA,SA,Delivery Area
5609,COWLEDS LANDING,SA,Delivery Area
5432,CRADOCK,SA,Delivery Area
5152,CRAFERS,SA,Delivery Area
5152,CRAFERS WEST,SA,Delivery Area
5051,CRAIGBURN FARM,SA,Delivery Area
5114,CRAIGMORE,SA,Delivery Area
5341,CRESCENT,SA,Delivery Area
5235,CROMER,SA,Delivery Area
5558,CROSS ROADS,SA,Delivery Area
5734,CROWN POINT,SA,Delivery Area
5008,CROYDON,SA,Delivery Area
5008,CROYDON PARK,SA,Delivery Area
5523,CRYSTAL BROOK,SA,Delivery Area
5232,CUDLEE CREEK,SA,Delivery Area
5261,CULBURRA,SA,Delivery Area
5700,CULTANA,SA,Delivery Area
5041,CUMBERLAND PARK,SA,Delivery Area
5631,CUMMINS,SA,Delivery Area
5660,CUNGENA,SA,Delivery Area
5554,CUNLIFFE,SA,Delivery Area
5571,CUNNINGHAM,SA,Delivery Area
5641,CUNYARIE,SA,Delivery Area
5440,CURNAMONA,SA,Delivery Area
5580,CURRAMULKA,SA,Delivery Area
5214,CURRENCY CREEK,SA,Delivery Area
5269,CUSTON,SA,Delivery Area
5222,CUTTLEFISH BAY,SA,Delivery Area
5223,CYGNET RIVER,SA,Delivery Area
5461,DALKEY,SA,Delivery Area
5417,DANGGALI,SA,Delivery Area
5642,DARKE PEAK,SA,Delivery Area
5047,DARLINGTON,SA,Delivery Area
5700,DAVENPORT,SA,Delivery Area
5355,DAVEYSTON,SA,Delivery Area
5113,DAVOREN PARK,SA,Delivery Area
5113,DAVOREN PARK SOUTH,SA,Delivery Area
5041,DAW PARK,SA,Delivery Area
5252,DAWESLEY,SA,Delivery Area
5422,DAWSON,SA,Delivery Area
5223,DE MOLE RIVER,SA,Delivery Area
0872,DE ROSE HILL,SA,Delivery Area
5204,DEEP CREEK,SA,Delivery Area
5266,DEEPWATER,SA,Delivery Area
5204,DELAMERE,SA,Delivery Area
5690,DENIAL BAY,SA,Delivery Area
5075,DERNANCOURT,SA,Delivery Area
5330,DEVLINS POUND,SA,Delivery Area
5008,DEVON PARK,SA,Delivery Area
5440,DEVONBOROUGH DOWNS,SA,Delivery Area
5172,DINGABLEDINGA,SA,Delivery Area
5110,DIREK,SA,Delivery Area
5291,DISMAL SWAMP,SA,Delivery Area
5291,DONOVANS,SA,Delivery Area
5157,DORSET VALE,SA,Delivery Area
5601,DOUGLAS POINT,SA,Delivery Area
5601,DOUGLAS POINT SOUTH,SA,Delivery Area
5048,DOVER GARDENS,SA,Delivery Area
5571,DOWLINGVILLE,SA,Delivery Area
5094,DRY CREEK,SA,Delivery Area
5501,DUBLIN,SA,Delivery Area
5607,DUCK PONDS,SA,Delivery Area
5222,DUDLEY EAST,SA,Delivery Area
5008,DUDLEY PARK,SA,Delivery Area
5222,DUDLEY WEST,SA,Delivery Area
5733,DULKANINNA,SA,Delivery Area
5065,DULWICH,SA,Delivery Area
5223,DUNCAN,SA,Delivery Area
5356,DUTTON,SA,Delivery Area
5356,DUTTON EAST,SA,Delivery Area
5558,EAST MOONTA,SA,Delivery Area
5063,EASTWOOD,SA,Delivery Area
5320,EBA,SA,Delivery Area
5680,EBA ANCHORAGE,SA,Delivery Area
5355,EBENEZER,SA,Delivery Area
5153,ECHUNGA,SA,Delivery Area
5050,EDEN HILLS,SA,Delivery Area
5235,EDEN VALLEY,SA,Delivery Area
5730,EDIACARA,SA,Delivery Area
5630,EDILLILIE,SA,Delivery Area
5111,EDINBURGH,SA,Delivery Area
5113,EDINBURGH NORTH,SA,Delivery Area
5111,EDINBURGH RAAF,SA,Delivery Area
5583,EDITHBURGH,SA,Delivery Area
5039,EDWARDSTOWN,SA,Delivery Area
5291,EIGHT MILE CREEK,SA,Delivery Area
5112,ELIZABETH,SA,Delivery Area
5113,ELIZABETH DOWNS,SA,Delivery Area
5112,ELIZABETH EAST,SA,Delivery Area
5112,ELIZABETH GROVE,SA,Delivery Area
5113,ELIZABETH NORTH,SA,Delivery Area
5113,ELIZABETH PARK,SA,Delivery Area
5112,ELIZABETH SOUTH,SA,Delivery Area
5112,ELIZABETH VALE,SA,Delivery Area
5670,ELLISTON,SA,Delivery Area
5260,ELWOMPLE,SA,Delivery Area
5713,EMEROO,SA,Delivery Area
5223,EMU BAY,SA,Delivery Area
5381,EMU DOWNS,SA,Delivery Area
5453,EMU FLAT,SA,Delivery Area
5211,ENCOUNTER BAY,SA,Delivery Area
5085,ENFIELD,SA,Delivery Area
5085,ENFIELD PLAZA,SA,Delivery Area
5066,ERINDALE,SA,Delivery Area
5734,ERINGA,SA,Delivery Area
5461,ERITH,SA,Delivery Area
0872,ERNABELLA (PUKATJA),SA,Delivery Area
5422,ERSKINE,SA,Delivery Area
5440,ERUDINA,SA,Delivery Area
5733,ETADUNNA,SA,Delivery Area
5015,ETHELTON,SA,Delivery Area
5253,ETTRICK,SA,Delivery Area
5374,EUDUNDA,SA,Delivery Area
5431,EURELIA,SA,Delivery Area
5454,EUROMINA,SA,Delivery Area
5069,EVANDALE,SA,Delivery Area
5116,EVANSTON,SA,Delivery Area
5116,EVANSTON GARDENS,SA,Delivery Area
5116,EVANSTON PARK,SA,Delivery Area
5116,EVANSTON SOUTH,SA,Delivery Area
5723,EVELYN DOWNS,SA,Delivery Area
5461,EVERARD CENTRAL,SA,Delivery Area
5035,EVERARD PARK,SA,Delivery Area
5019,EXETER,SA,Delivery Area
5950,EXPORT PARK,SA,Delivery Area
5121,EYRE,SA,Delivery Area
5126,FAIRVIEW PARK,SA,Delivery Area
5601,FALSE BAY,SA,Delivery Area
5417,FARAWAY HILL,SA,Delivery Area
5731,FARINA,SA,Delivery Area
5731,FARINA STATION,SA,Delivery Area
5607,FARM BEACH,SA,Delivery Area
5416,FARRELL FLAT,SA,Delivery Area
5070,FELIXSTOW,SA,Delivery Area
5010,FERRYDEN PARK,SA,Delivery Area
5265,FIELD,SA,Delivery Area
5023,FINDON,SA,Delivery Area
5255,FINNISS,SA,Delivery Area
5070,FIRLE,SA,Delivery Area
5502,FISCHER,SA,Delivery Area
5354,FISHER,SA,Delivery Area
5522,FISHERMAN BAY,SA,Delivery Area
5601,FITZGERALD BAY,SA,Delivery Area
5082,FITZROY,SA,Delivery Area
5238,FIVE MILES,SA,Delivery Area
5159,FLAGSTAFF HILL,SA,Delivery Area
5153,FLAXLEY,SA,Delivery Area
5235,FLAXMAN VALLEY,SA,Delivery Area
5223,FLINDERS CHASE,SA,Delivery Area
5025,FLINDERS PARK,SA,Delivery Area
5434,FLINDERS RANGES,SA,Delivery Area
5042,FLINDERS UNIVERSITY,SA,Delivery Area
5440,FLORINA STATION,SA,Delivery Area
5373,FORDS,SA,Delivery Area
5139,FOREST RANGE,SA,Delivery Area
5035,FORESTVILLE,SA,Delivery Area
5233,FORRESTON,SA,Delivery Area
5238,FORSTER,SA,Delivery Area
5577,FOUL BAY,SA,Delivery Area
5607,FOUNTAIN,SA,Delivery Area
5690,FOWLERS BAY,SA,Delivery Area
5272,FOX,SA,Delivery Area
5238,FRAHNS,SA,Delivery Area
5262,FRANCES,SA,Delivery Area
5421,FRANKLYN,SA,Delivery Area
5374,FRANKTON,SA,Delivery Area
5238,FRAYVILLE,SA,Delivery Area
5372,FREELING,SA,Delivery Area
5063,FREWVILLE,SA,Delivery Area
5440,FROME DOWNS,SA,Delivery Area
5024,FULHAM,SA,Delivery Area
5024,FULHAM GARDENS,SA,Delivery Area
5063,FULLARTON,SA,Delivery Area
5280,FURNER,SA,Delivery Area
5308,GALGA,SA,Delivery Area
5732,GAMMON RANGES,SA,Delivery Area
5015,GARDEN ISLAND,SA,Delivery Area
5118,GAWLER,SA,Delivery Area
5118,GAWLER BELT,SA,Delivery Area
5118,GAWLER EAST,SA,Delivery Area
5655,GAWLER RANGES,SA,Delivery Area
5118,GAWLER RIVER,SA,Delivery Area
5118,GAWLER SOUTH,SA,Delivery Area
5118,GAWLER WEST,SA,Delivery Area
5255,GEMMELLS,SA,Delivery Area
5472,GEORGETOWN,SA,Delivery Area
5094,GEPPS CROSS,SA,Delivery Area
5301,GERANIUM,SA,Delivery Area
5381,GERANIUM PLAINS,SA,Delivery Area
5343,GERARD,SA,Delivery Area
5291,GERMAN CREEK,SA,Delivery Area
5280,GERMAN FLAT,SA,Delivery Area
5495,GERMEIN BAY,SA,Delivery Area
5731,GIDGEALPA,SA,Delivery Area
5253,GIFFORD HILL,SA,Delivery Area
5081,GILBERTON,SA,Delivery Area
5411,GILES CORNER,SA,Delivery Area
5453,GILLENTOWN,SA,Delivery Area
5611,GILLES DOWNS,SA,Delivery Area
5086,GILLES PLAINS,SA,Delivery Area
5013,GILLMAN,SA,Delivery Area
5473,GLADSTONE,SA,Delivery Area
5037,GLANDORE,SA,Delivery Area
5015,GLANVILLE,SA,Delivery Area
5064,GLEN OSMOND,SA,Delivery Area
5052,GLENALTA,SA,Delivery Area
5291,GLENBURNIE,SA,Delivery Area
5291,GLENCOE,SA,Delivery Area
5719,GLENDAMBO,SA,Delivery Area
5045,GLENELG,SA,Delivery Area
5045,GLENELG EAST,SA,Delivery Area
5045,GLENELG NORTH,SA,Delivery Area
5045,GLENELG SOUTH,SA,Delivery Area
5044,GLENGOWRIE,SA,Delivery Area
5277,GLENROY,SA,Delivery Area
5065,GLENSIDE,SA,Delivery Area
5064,GLENUNGA,SA,Delivery Area
5110,GLOBE DERBY PARK,SA,Delivery Area
5344,GLOSSOP,SA,Delivery Area
5417,GLUEPOT,SA,Delivery Area
5070,GLYNDE,SA,Delivery Area
5070,GLYNDE PLAZA,SA,Delivery Area
5125,GOLDEN GROVE,SA,Delivery Area
5125,GOLDEN GROVE VILLAGE,SA,Delivery Area
5322,GOLDEN HEIGHTS,SA,Delivery Area
5352,GOMERSAL,SA,Delivery Area
5330,GOOD HOPE LANDING,SA,Delivery Area
5034,GOODWOOD,SA,Delivery Area
5214,GOOLWA,SA,Delivery Area
5214,GOOLWA BEACH,SA,Delivery Area
5214,GOOLWA NORTH,SA,Delivery Area
5214,GOOLWA SOUTH,SA,Delivery Area
5223,GOSSE,SA,Delivery Area
5114,GOULD CREEK,SA,Delivery Area
5461,GOYDER,SA,Delivery Area
5502,GRACE PLAINS,SA,Delivery Area
5440,GRAMPUS,SA,Delivery Area
5022,GRANGE,SA,Delivery Area
5107,GREEN FIELDS,SA,Delivery Area
5153,GREEN HILLS RANGE,SA,Delivery Area
5607,GREEN PATCH,SA,Delivery Area
5086,GREENACRES,SA,Delivery Area
5253,GREENBANKS,SA,Delivery Area
5140,GREENHILL,SA,Delivery Area
5360,GREENOCK,SA,Delivery Area
5272,GREENWAYS,SA,Delivery Area
5125,GREENWITH,SA,Delivery Area
5096,GULFVIEW HEIGHTS,SA,Delivery Area
5471,GULNARE,SA,Delivery Area
5417,GUM CREEK,SA,Delivery Area
5730,GUM CREEK STATION,SA,Delivery Area
5233,GUMERACHA,SA,Delivery Area
5343,GURRA GURRA,SA,Delivery Area
5163,HACKHAM,SA,Delivery Area
5163,HACKHAM WEST,SA,Delivery Area
5454,HACKLINS CORNER,SA,Delivery Area
5069,HACKNEY,SA,Delivery Area
5245,HAHNDORF,SA,Delivery Area
5223,HAINES,SA,Delivery Area
5461,HALBURY,SA,Delivery Area
5309,HALIDON,SA,Delivery Area
5000,HALIFAX STREET,SA,Delivery Area
5381,HALLELUJAH HILLS,SA,Delivery Area
5419,HALLETT,SA,Delivery Area
5158,HALLETT COVE,SA,Delivery Area
5642,HAMBIDGE,SA,Delivery Area
5373,HAMILTON,SA,Delivery Area
5558,HAMLEY,SA,Delivery Area
5401,HAMLEY BRIDGE,SA,Delivery Area
5431,HAMMOND,SA,Delivery Area
5374,HAMPDEN,SA,Delivery Area
5086,HAMPSTEAD GARDENS,SA,Delivery Area
5374,HANSBOROUGH,SA,Delivery Area
5417,HANSON,SA,Delivery Area
5159,HAPPY VALLEY,SA,Delivery Area
5575,HARDWICKE BAY,SA,Delivery Area
5422,HARDY,SA,Delivery Area
5244,HARROGATE,SA,Delivery Area
5464,HART,SA,Delivery Area
5255,HARTLEY,SA,Delivery Area
5680,HASLAM,SA,Delivery Area
5280,HATHERLEIGH,SA,Delivery Area
5434,HAWKER,SA,Delivery Area
5330,HAWKS NEST STATION,SA,Delivery Area
5607,HAWSON,SA,Delivery Area
5062,HAWTHORN,SA,Delivery Area
5051,HAWTHORNDENE,SA,Delivery Area
5204,HAY FLAT,SA,Delivery Area
5252,HAY VALLEY,SA,Delivery Area
5211,HAYBOROUGH,SA,Delivery Area
5066,HAZELWOOD PARK,SA,Delivery Area
5153,HEATHFIELD,SA,Delivery Area
5068,HEATHPOOL,SA,Delivery Area
5073,HECTORVILLE,SA,Delivery Area
5014,HENDON,SA,Delivery Area
5022,HENLEY BEACH,SA,Delivery Area
5022,HENLEY BEACH SOUTH,SA,Delivery Area
5118,HEWETT,SA,Delivery Area
5089,HIGHBURY,SA,Delivery Area
5063,HIGHGATE,SA,Delivery Area
5255,HIGHLAND VALLEY,SA,Delivery Area
5453,HILL RIVER,SA,Delivery Area
5112,HILLBANK,SA,Delivery Area
5086,HILLCREST,SA,Delivery Area
5116,HILLIER,SA,Delivery Area
5455,HILLTOWN,SA,Delivery Area
5717,HILTABA,SA,Delivery Area
5033,HILTON,SA,Delivery Area
5033,HILTON PLAZA,SA,Delivery Area
5603,HINCKS,SA,Delivery Area
5007,HINDMARSH,SA,Delivery Area
5214,HINDMARSH ISLAND,SA,Delivery Area
5202,HINDMARSH TIERS,SA,Delivery Area
5211,HINDMARSH VALLEY,SA,Delivery Area
5088,HOLDEN HILL,SA,Delivery Area
5330,HOLDER,SA,Delivery Area
5330,HOLDER SIDING,SA,Delivery Area
5432,HOLOWILIENA,SA,Delivery Area
5432,HOLOWILIENA SOUTH,SA,Delivery Area
5576,HONITON,SA,Delivery Area
5172,HOPE FOREST,SA,Delivery Area
5555,HOPE GAP,SA,Delivery Area
5090,HOPE VALLEY,SA,Delivery Area
5491,HORNSDALE,SA,Delivery Area
5141,HORSNELL GULLY,SA,Delivery Area
5461,HOSKIN CORNER,SA,Delivery Area
5131,HOUGHTON,SA,Delivery Area
5048,HOVE,SA,Delivery Area
5453,HOYLETON,SA,Delivery Area
5523,HUDDLESTON,SA,Delivery Area
5114,HUMBUG SCRUB,SA,Delivery Area
5163,HUNTFIELD HEIGHTS,SA,Delivery Area
5061,HYDE PARK,SA,Delivery Area
5262,HYNAM,SA,Delivery Area
5715,ILLEROO,SA,Delivery Area
0872,INDULKANA (IWANTJA),SA,Delivery Area
5098,INGLE FARM,SA,Delivery Area
5133,INGLEWOOD,SA,Delivery Area
5723,INGOMAR,SA,Delivery Area
5550,INKERMAN,SA,Delivery Area
5680,INKSTER,SA,Delivery Area
5211,INMAN VALLEY,SA,Delivery Area
5731,INNAMINCKA,SA,Delivery Area
5577,INNESTON,SA,Delivery Area
5611,IRON BARON,SA,Delivery Area
5611,IRON KNOB,SA,Delivery Area
5153,IRONBANK,SA,Delivery Area
5222,IRONSTONE,SA,Delivery Area
5222,ISLAND BEACH,SA,Delivery Area
5713,ISLAND LAGOON,SA,Delivery Area
0872,IWANTJA,SA,Delivery Area
5301,JABUK,SA,Delivery Area
5571,JAMES WELL,SA,Delivery Area
5491,JAMESTOWN,SA,Delivery Area
5640,JAMIESON,SA,Delivery Area
5554,JERICHO,SA,Delivery Area
5554,JERUSALEM,SA,Delivery Area
5259,JERVOIS,SA,Delivery Area
5271,JOANNA,SA,Delivery Area
5431,JOHNBURGH,SA,Delivery Area
5070,JOSLIN,SA,Delivery Area
5238,JULANKA HOLDINGS,SA,Delivery Area
5374,JULIA,SA,Delivery Area
5153,JUPITER CREEK,SA,Delivery Area
5554,KADINA,SA,Delivery Area
5552,KAINTON,SA,Delivery Area
5440,KALABITY,SA,Delivery Area
5733,KALAMURINA,SA,Delivery Area
5690,KALANBI,SA,Delivery Area
5278,KALANGADOO,SA,Delivery Area
5118,KALBEEBA,SA,Delivery Area
5655,KALDOONERA,SA,Delivery Area
0872,KALKA,SA,Delivery Area
5440,KALKAROO,SA,Delivery Area
5550,KALLORA,SA,Delivery Area
0872,KALTJITI,SA,Delivery Area
5157,KANGARILLA,SA,Delivery Area
5118,KANGAROO FLAT,SA,Delivery Area
5222,KANGAROO HEAD,SA,Delivery Area
5280,KANGAROO INN,SA,Delivery Area
5252,KANMANTOO,SA,Delivery Area
5330,KANNI,SA,Delivery Area
0872,KANPI,SA,Delivery Area
5434,KANYAKA,SA,Delivery Area
5632,KAPINNIE,SA,Delivery Area
5670,KAPPAWANTA,SA,Delivery Area
5373,KAPUNDA,SA,Delivery Area
5223,KARATTA,SA,Delivery Area
5654,KARCULTABY,SA,Delivery Area
5632,KARKOO,SA,Delivery Area
5307,KAROONDA,SA,Delivery Area
5304,KARTE,SA,Delivery Area
5343,KATARAPKO,SA,Delivery Area
5611,KATUNGA STATION,SA,Delivery Area
5275,KEILIRA,SA,Delivery Area
5267,KEITH,SA,Delivery Area
5607,KELLIDIE BAY,SA,Delivery Area
5641,KELLY,SA,Delivery Area
5068,KENSINGTON,SA,Delivery Area
5068,KENSINGTON GARDENS,SA,Delivery Area
5068,KENSINGTON PARK,SA,Delivery Area
5067,KENT TOWN,SA,Delivery Area
5071,KENT TOWN DC,SA,Post Office Boxes
5233,KENTON VALLEY,SA,Delivery Area
5259,KEPA,SA,Delivery Area
5271,KEPPOCH,SA,Delivery Area
5231,KERSBROOK,SA,Delivery Area
5035,KESWICK,SA,Delivery Area
5035,KESWICK TERMINAL,SA,Delivery Area
5353,KEYNETON,SA,Delivery Area
5261,KI KI,SA,Delivery Area
5607,KIANA,SA,Delivery Area
5025,KIDMAN PARK,SA,Delivery Area
5642,KIELPA,SA,Delivery Area
5084,KILBURN,SA,Delivery Area
5084,KILBURN NORTH,SA,Delivery Area
5009,KILKENNY,SA,Delivery Area
5641,KIMBA,SA,Delivery Area
5719,KINGOONYA,SA,Delivery Area
5034,KINGS PARK,SA,Delivery Area
5223,KINGSCOTE,SA,Delivery Area
5118,KINGSFORD,SA,Delivery Area
5331,KINGSTON ON MURRAY,SA,Delivery Area
5049,KINGSTON PARK,SA,Delivery Area
5275,KINGSTON SE,SA,Delivery Area
5062,KINGSWOOD,SA,Delivery Area
5087,KLEMZIG,SA,Delivery Area
5223,KOHINOOR,SA,Delivery Area
5717,KOKATHA,SA,Delivery Area
5717,KOLENDO,SA,Delivery Area
5717,KONDOOLKA,SA,Delivery Area
5270,KONGAL,SA,Delivery Area
5353,KONGOLIA,SA,Delivery Area
5291,KONGORONG,SA,Delivery Area
5661,KOOLGERA,SA,Delivery Area
5464,KOOLUNGA,SA,Delivery Area
5575,KOOLYWURTIE,SA,Delivery Area
5440,KOONAMORE,SA,Delivery Area
5650,KOONGAWA,SA,Delivery Area
5690,KOONIBBA,SA,Delivery Area
5417,KOONOONA,SA,Delivery Area
5373,KOONUNGA,SA,Delivery Area
5279,KOORINE,SA,Delivery Area
5558,KOOROONA,SA,Delivery Area
5713,KOOTABERRA,SA,Delivery Area
5271,KOPPAMURRA,SA,Delivery Area
5607,KOPPIO,SA,Delivery Area
5502,KORUNYE,SA,Delivery Area
5304,KRINGIN,SA,Delivery Area
5352,KRONDORF,SA,Delivery Area
5278,KRONGART,SA,Delivery Area
5115,KUDLA,SA,Delivery Area
5201,KUITPO,SA,Delivery Area
5172,KUITPO COLONY,SA,Delivery Area
5552,KULPARA,SA,Delivery Area
5037,KURRALTA PARK,SA,Delivery Area
5651,KYANCUTTA,SA,Delivery Area
5453,KYBUNGA,SA,Delivery Area
5262,KYBYBOLITE,SA,Delivery Area
5172,KYEEMA,SA,Delivery Area
5267,LAFFER,SA,Delivery Area
5259,LAKE ALBERT,SA,Delivery Area
5259,LAKE ALEXANDRINA,SA,Delivery Area
5238,LAKE CARLET,SA,Delivery Area
5717,LAKE EVERARD,SA,Delivery Area
5733,LAKE EYRE,SA,Delivery Area
5440,LAKE FROME,SA,Delivery Area
5717,LAKE GAIRDNER,SA,Delivery Area
5611,LAKE GILLES,SA,Delivery Area
5719,LAKE HARRIS,SA,Delivery Area
5717,LAKE MACFARLANE,SA,Delivery Area
5255,LAKE PLAINS,SA,Delivery Area
5713,LAKE TORRENS,SA,Delivery Area
5713,LAKE TORRENS STATION,SA,Delivery Area
5555,LAKE VIEW,SA,Delivery Area
0872,LAMBINA,SA,Delivery Area
5302,LAMEROO,SA,Delivery Area
5255,LANGHORNE CREEK,SA,Delivery Area
5353,LANGS LANDING,SA,Delivery Area
5016,LARGS BAY,SA,Delivery Area
5016,LARGS NORTH,SA,Delivery Area
5480,LAURA,SA,Delivery Area
5680,LAURA BAY,SA,Delivery Area
5271,LAURIE PARK,SA,Delivery Area
5068,LEABROOK,SA,Delivery Area
5452,LEASINGHAM,SA,Delivery Area
5150,LEAWOOD GARDENS,SA,Delivery Area
5731,LEIGH CREEK,SA,Delivery Area
5731,LEIGH CREEK STATION,SA,Delivery Area
5417,LEIGHTON,SA,Delivery Area
5240,LENSWOOD,SA,Delivery Area
5501,LEWISTON,SA,Delivery Area
5355,LIGHT PASS,SA,Delivery Area
5085,LIGHTSVIEW,SA,Delivery Area
5715,LINCOLN GAP,SA,Delivery Area
5607,LINCOLN NATIONAL PARK,SA,Delivery Area
5065,LINDEN PARK,SA,Delivery Area
5320,LINDLEY,SA,Delivery Area
5731,LINDON,SA,Delivery Area
5410,LINWOOD,SA,Delivery Area
5607,LIPSON,SA,Delivery Area
5607,LITTLE DOUGLAS,SA,Delivery Area
5250,LITTLEHAMPTON,SA,Delivery Area
5241,LOBETHAL,SA,Delivery Area
5271,LOCHABER,SA,Delivery Area
5510,LOCHIEL,SA,Delivery Area
5633,LOCK,SA,Delivery Area
5655,LOCKES CLAYPAN,SA,Delivery Area
5032,LOCKLEYS,SA,Delivery Area
5253,LONG FLAT,SA,Delivery Area
5501,LONG PLAINS,SA,Delivery Area
5153,LONGWOOD,SA,Delivery Area
5160,LONSDALE,SA,Delivery Area
5160,LONSDALE DC,SA,Delivery Area
5607,LOUTH BAY,SA,Delivery Area
5345,LOVEDAY,SA,Delivery Area
5268,LOWAN VALE,SA,Delivery Area
5330,LOWBANK,SA,Delivery Area
5540,LOWER BROUGHTON,SA,Delivery Area
5131,LOWER HERMITAGE,SA,Delivery Area
5211,LOWER INMAN VALLEY,SA,Delivery Area
5501,LOWER LIGHT,SA,Delivery Area
5062,LOWER MITCHAM,SA,Delivery Area
5333,LOXTON,SA,Delivery Area
5333,LOXTON NORTH,SA,Delivery Area
5272,LUCINDALE,SA,Delivery Area
5602,LUCKY BAY,SA,Delivery Area
5731,LYNDHURST,SA,Delivery Area
5351,LYNDOCH,SA,Delivery Area
5062,LYNTON,SA,Delivery Area
5343,LYRUP,SA,Delivery Area
5277,MAAOUPE,SA,Delivery Area
5723,MABEL CREEK,SA,Delivery Area
5153,MACCLESFIELD,SA,Delivery Area
5121,MACDONALD PARK,SA,Delivery Area
5223,MACGILLIVRAY,SA,Delivery Area
5734,MACUMBA,SA,Delivery Area
5280,MAGAREY,SA,Delivery Area
5400,MAGDALA,SA,Delivery Area
5311,MAGGEA,SA,Delivery Area
5072,MAGILL,SA,Delivery Area
5072,MAGILL NORTH,SA,Delivery Area
5717,MAHANEWO,SA,Delivery Area
5573,MAITLAND,SA,Delivery Area
5267,MAKIN,SA,Delivery Area
5259,MALINONG,SA,Delivery Area
5502,MALLALA,SA,Delivery Area
5311,MALPAS,SA,Delivery Area
5690,MALTEE,SA,Delivery Area
5061,MALVERN,SA,Delivery Area
5495,MAMBRAY CREEK,SA,Delivery Area
5602,MANGALO,SA,Delivery Area
5440,MANNA HILL,SA,Delivery Area
5422,MANNANARIE,SA,Delivery Area
5732,MANNERS WELL,SA,Delivery Area
5086,MANNINGHAM,SA,Delivery Area
5238,MANNUM,SA,Delivery Area
5414,MANOORA,SA,Delivery Area
5012,MANSFIELD PARK,SA,Delivery Area
5308,MANTUNG,SA,Delivery Area
5440,MANUNDA STATION,SA,Delivery Area
5307,MARAMA,SA,Delivery Area
5355,MARANANGA,SA,Delivery Area
5137,MARBLE HILL,SA,Delivery Area
5271,MARCOLLAT,SA,Delivery Area
5070,MARDEN,SA,Delivery Area
5049,MARINO,SA,Delivery Area
5043,MARION,SA,Delivery Area
5575,MARION BAY,SA,Delivery Area
5330,MARKARANKA,SA,Delivery Area
5354,MARKS LANDING,SA,Delivery Area
5724,MARLA,SA,Delivery Area
5033,MARLESTON,SA,Delivery Area
5033,MARLESTON DC,SA,Delivery Area
5464,MAROLA,SA,Delivery Area
5413,MARRABEL,SA,Delivery Area
5733,MARREE,SA,Delivery Area
5733,MARREE STATION,SA,Delivery Area
5068,MARRYATVILLE,SA,Delivery Area
5440,MARTINS WELL,SA,Delivery Area
5680,MARYVALE,SA,Delivery Area
5170,MASLIN BEACH,SA,Delivery Area
5554,MATTA FLAT,SA,Delivery Area
5320,MAUDE,SA,Delivery Area
5095,MAWSON LAKES,SA,Delivery Area
5454,MAYFIELD,SA,Delivery Area
5069,MAYLANDS,SA,Delivery Area
5357,MCBEAN POUND,SA,Delivery Area
5267,MCCALLUM,SA,Delivery Area
5211,MCCRACKEN,SA,Delivery Area
5723,MCDOUALL PEAK,SA,Delivery Area
5157,MCHARG CREEK,SA,Delivery Area
5171,MCLAREN FLAT,SA,Delivery Area
5171,MCLAREN VALE,SA,Delivery Area
5201,MEADOWS,SA,Delivery Area
5081,MEDINDIE,SA,Delivery Area
5081,MEDINDIE GARDENS,SA,Delivery Area
5483,MELROSE,SA,Delivery Area
5039,MELROSE PARK,SA,Delivery Area
5039,MELROSE PARK DC,SA,Delivery Area
5552,MELTON,SA,Delivery Area
5440,MELTON STATION,SA,Delivery Area
5264,MENINGIE,SA,Delivery Area
5264,MENINGIE EAST,SA,Delivery Area
5264,MENINGIE WEST,SA,Delivery Area
5223,MENZIES,SA,Delivery Area
5308,MERCUNDA,SA,Delivery Area
5690,MERGHINY,SA,Delivery Area
5311,MERIBAH,SA,Delivery Area
5523,MERRITON,SA,Delivery Area
5731,MERTY MERTY,SA,Delivery Area
5501,MIDDLE BEACH,SA,Delivery Area
5223,MIDDLE RIVER,SA,Delivery Area
5609,MIDDLEBACK RANGE,SA,Delivery Area
5213,MIDDLETON,SA,Delivery Area
5602,MIDGEE,SA,Delivery Area
5291,MIL-LEL,SA,Delivery Area
5256,MILANG,SA,Delivery Area
5031,MILE END,SA,Delivery Area
5031,MILE END SOUTH,SA,Delivery Area
5237,MILENDELLA,SA,Delivery Area
5231,MILLBROOK,SA,Delivery Area
5720,MILLERS CREEK,SA,Delivery Area
5280,MILLICENT,SA,Delivery Area
5034,MILLSWOOD,SA,Delivery Area
5602,MILTALIE,SA,Delivery Area
0872,MIMILI,SA,Delivery Area
5602,MINBRIE,SA,Delivery Area
5431,MINBURRA,SA,Delivery Area
5431,MINBURRA PLAIN,SA,Delivery Area
5431,MINBURRA STATION,SA,Delivery Area
5309,MINDARIE,SA,Delivery Area
5440,MINGARY,SA,Delivery Area
5291,MINGBOOL,SA,Delivery Area
5575,MINLATON,SA,Delivery Area
5654,MINNIPA,SA,Delivery Area
5415,MINTARO,SA,Delivery Area
5422,MINVALARA,SA,Delivery Area
5700,MIRANDA,SA,Delivery Area
5062,MITCHAM,SA,Delivery Area
5062,MITCHAM SHOPPING CENTRE,SA,Delivery Area
5632,MITCHELL,SA,Delivery Area
5043,MITCHELL PARK,SA,Delivery Area
5602,MITCHELLVILLE,SA,Delivery Area
5690,MITCHIDY MOOLA,SA,Delivery Area
5169,MOANA,SA,Delivery Area
5253,MOBILONG,SA,Delivery Area
5353,MOCULTA,SA,Delivery Area
5092,MODBURY,SA,Delivery Area
5092,MODBURY HEIGHTS,SA,Delivery Area
5092,MODBURY NORTH,SA,Delivery Area
5278,MOERLONG,SA,Delivery Area
5254,MONARTO,SA,Delivery Area
5254,MONARTO SOUTH,SA,Delivery Area
5342,MONASH,SA,Delivery Area
5277,MONBULLA,SA,Delivery Area
5417,MONGOLATA,SA,Delivery Area
5134,MONTACUTE,SA,Delivery Area
5172,MONTARRA,SA,Delivery Area
5253,MONTEITH,SA,Delivery Area
5432,MOOCKRA,SA,Delivery Area
5607,MOODY,SA,Delivery Area
5732,MOOLAWATANA,SA,Delivery Area
5440,MOOLEULOOLOO,SA,Delivery Area
5730,MOOLOOLOO,SA,Delivery Area
5717,MOONAREE,SA,Delivery Area
5558,MOONTA,SA,Delivery Area
5558,MOONTA BAY,SA,Delivery Area
5558,MOONTA MINES,SA,Delivery Area
5291,MOORAK,SA,Delivery Area
5730,MOORILLAH,SA,Delivery Area
5301,MOORLANDS,SA,Delivery Area
5332,MOOROOK,SA,Delivery Area
5332,MOOROOK SOUTH,SA,Delivery Area
5355,MOPPA,SA,Delivery Area
5431,MORCHARD,SA,Delivery Area
5320,MORGAN,SA,Delivery Area
5371,MORN HILL,SA,Delivery Area
5162,MORPHETT VALE,SA,Delivery Area
5320,MORPHETTS FLAT,SA,Delivery Area
5043,MORPHETTVILLE,SA,Delivery Area
5671,MORTANA,SA,Delivery Area
5641,MOSELEY,SA,Delivery Area
5214,MOSQUITO HILL,SA,Delivery Area
5730,MOTPENA,SA,Delivery Area
5713,MOUNT ARDEN,SA,Delivery Area
5251,MOUNT BARKER,SA,Delivery Area
5251,MOUNT BARKER JUNCTION,SA,Delivery Area
5251,MOUNT BARKER SPRINGS,SA,Delivery Area
5251,MOUNT BARKER SUMMIT,SA,Delivery Area
5723,MOUNT BARRY,SA,Delivery Area
5275,MOUNT BENSON,SA,Delivery Area
5418,MOUNT BRYAN,SA,Delivery Area
5419,MOUNT BRYAN EAST,SA,Delivery Area
5279,MOUNT BURR,SA,Delivery Area
5267,MOUNT CHARLES,SA,Delivery Area
5723,MOUNT CLARENCE STATION,SA,Delivery Area
5210,MOUNT COMPASS,SA,Delivery Area
5671,MOUNT COOPER,SA,Delivery Area
5351,MOUNT CRAWFORD,SA,Delivery Area
5654,MOUNT DAMPER,SA,Delivery Area
5607,MOUNT DRUMMOND,SA,Delivery Area
5607,MOUNT DUTTON BAY,SA,Delivery Area
5720,MOUNT EBA,SA,Delivery Area
5730,MOUNT FALKLAND,SA,Delivery Area
5731,MOUNT FREELING,SA,Delivery Area
5290,MOUNT GAMBIER,SA,Delivery Area
5291,MOUNT GAMBIER,SA,Delivery Area
5291,MOUNT GAMBIER EAST,SA,Delivery Area
5291,MOUNT GAMBIER WEST,SA,Delivery Area
5155,MOUNT GEORGE,SA,Delivery Area
5434,MOUNT HAVELOCK,SA,Delivery Area
5607,MOUNT HOPE,SA,Delivery Area
5717,MOUNT IVE,SA,Delivery Area
5211,MOUNT JAGGED,SA,Delivery Area
5670,MOUNT JOY,SA,Delivery Area
5271,MOUNT LIGHT,SA,Delivery Area
5731,MOUNT LYNDHURST,SA,Delivery Area
5210,MOUNT MAGNIFICENT,SA,Delivery Area
5374,MOUNT MARY,SA,Delivery Area
5279,MOUNT MCINTYRE,SA,Delivery Area
5353,MOUNT MCKENZIE,SA,Delivery Area
5255,MOUNT OBSERVATION,SA,Delivery Area
5064,MOUNT OSMOND,SA,Delivery Area
5235,MOUNT PLEASANT,SA,Delivery Area
5734,MOUNT SARAH,SA,Delivery Area
5291,MOUNT SCHANK,SA,Delivery Area
5732,MOUNT SERLE,SA,Delivery Area
5461,MOUNT TEMPLETON,SA,Delivery Area
5244,MOUNT TORRENS,SA,Delivery Area
5440,MOUNT VICTOR STATION,SA,Delivery Area
5720,MOUNT VIVIAN,SA,Delivery Area
5670,MOUNT WEDGE,SA,Delivery Area
5723,MOUNT WILLOUGHBY,SA,Delivery Area
5271,MOYHALL,SA,Delivery Area
5680,MUDAMUCKLA,SA,Delivery Area
5732,MULGA VIEW,SA,Delivery Area
5731,MULGARIA,SA,Delivery Area
5719,MULGATHING,SA,Delivery Area
5255,MULGUNDAWA,SA,Delivery Area
5733,MULKA,SA,Delivery Area
5608,MULLAQUANA,SA,Delivery Area
5733,MULOORINA,SA,Delivery Area
5440,MULYUNGARIE,SA,Delivery Area
5700,MUNDALLIO,SA,Delivery Area
5440,MUNDI MUNDI,SA,Delivery Area
5340,MUNDIC CREEK,SA,Delivery Area
5214,MUNDOO ISLAND,SA,Delivery Area
5555,MUNDOORA,SA,Delivery Area
5733,MUNDOWDNA,SA,Delivery Area
5270,MUNDULLA,SA,Delivery Area
5270,MUNDULLA WEST,SA,Delivery Area
5733,MUNGERANIE,SA,Delivery Area
5115,MUNNO PARA,SA,Delivery Area
5115,MUNNO PARA DOWNS,SA,Delivery Area
5115,MUNNO PARA WEST,SA,Delivery Area
5320,MURBKO,SA,Delivery Area
5607,MURDINGA,SA,Delivery Area
5642,MURLONG,SA,Delivery Area
5609,MURNINNIE BEACH,SA,Delivery Area
5731,MURNPEOWIE,SA,Delivery Area
0872,MURPUTJA,SA,Delivery Area
5253,MURRAWONG,SA,Delivery Area
5253,MURRAY BRIDGE,SA,Delivery Area
5254,MURRAY BRIDGE,SA,Delivery Area
5253,MURRAY BRIDGE EAST,SA,Delivery Area
5253,MURRAY BRIDGE NORTH,SA,Delivery Area
5253,MURRAY BRIDGE SOUTH,SA,Delivery Area
5481,MURRAY TOWN,SA,Delivery Area
5340,MURTHO,SA,Delivery Area
5221,MUSTON,SA,Delivery Area
5440,MUTOOROO,SA,Delivery Area
5153,MYLOR,SA,Delivery Area
5611,MYOLA STATION,SA,Delivery Area
5254,MYPOLONGA,SA,Delivery Area
5202,MYPONGA,SA,Delivery Area
5202,MYPONGA BEACH,SA,Delivery Area
5064,MYRTLE BANK,SA,Delivery Area
5731,MYRTLE SPRINGS,SA,Delivery Area
5440,NACKARA,SA,Delivery Area
5690,NADIA,SA,Delivery Area
5354,NAIDIA,SA,Delivery Area
5083,NAILSWORTH,SA,Delivery Area
5360,NAIN,SA,Delivery Area
5252,NAIRNE,SA,Delivery Area
5255,NALPA,SA,Delivery Area
5558,NALYAPPA,SA,Delivery Area
5690,NANBONA,SA,Delivery Area
5210,NANGKITA,SA,Delivery Area
5277,NANGWARRY,SA,Delivery Area
5550,NANTAWARRA,SA,Delivery Area
5540,NAPPERBY,SA,Delivery Area
5271,NARACOORTE,SA,Delivery Area
5655,NARLABY,SA,Delivery Area
5523,NARRIDY,SA,Delivery Area
5730,NARRINA,SA,Delivery Area
5259,NARRUNG,SA,Delivery Area
5259,NATURI,SA,Delivery Area
5374,NEALES FLAT,SA,Delivery Area
5495,NECTAR BROOK,SA,Delivery Area
5540,NELSHABY,SA,Delivery Area
5291,NENE VALLEY,SA,Delivery Area
5732,NEPABUNNA,SA,Delivery Area
5223,NEPEAN BAY,SA,Delivery Area
5062,NETHERBY,SA,Delivery Area
5301,NETHERTON,SA,Delivery Area
5037,NETLEY,SA,Delivery Area
5440,NETLEY GAP,SA,Delivery Area
5015,NEW PORT,SA,Delivery Area
5333,NEW RESIDENCE,SA,Delivery Area
5554,NEW TOWN,SA,Delivery Area
5357,NEW WELL,SA,Delivery Area
5223,NEWLAND,SA,Delivery Area
5074,NEWTON,SA,Delivery Area
5374,NGAPALA,SA,Delivery Area
5302,NGARKAT,SA,Delivery Area
5238,NILDOTTIE,SA,Delivery Area
5730,NILPENA,SA,Delivery Area
5723,NILPINNA STATION,SA,Delivery Area
5560,NINNES,SA,Delivery Area
5168,NOARLUNGA CENTRE,SA,Delivery Area
5168,NOARLUNGA DOWNS,SA,Delivery Area
5717,NONNING,SA,Delivery Area
5276,NORA CREINA,SA,Delivery Area
5204,NORMANVILLE,SA,Delivery Area
5006,NORTH ADELAIDE,SA,Delivery Area
5006,NORTH ADELAIDE MELBOURNE ST,SA,Delivery Area
5556,NORTH BEACH,SA,Delivery Area
5417,NORTH BOOBOROWIE,SA,Delivery Area
5048,NORTH BRIGHTON,SA,Delivery Area
5223,NORTH CAPE,SA,Delivery Area
5018,NORTH HAVEN,SA,Delivery Area
5431,NORTH HILLS,SA,Delivery Area
5732,NORTH MOOLOOLOO,SA,Delivery Area
5558,NORTH MOONTA,SA,Delivery Area
5037,NORTH PLYMPTON,SA,Delivery Area
5607,NORTH SHIELDS,SA,Delivery Area
5320,NORTH WEST BEND,SA,Delivery Area
5558,NORTH YELTA,SA,Delivery Area
5253,NORTHERN HEIGHTS,SA,Delivery Area
5085,NORTHFIELD,SA,Delivery Area
5085,NORTHGATE,SA,Delivery Area
5136,NORTON SUMMIT,SA,Delivery Area
5067,NORWOOD,SA,Delivery Area
5067,NORWOOD SOUTH,SA,Delivery Area
5357,NOTTS WELL,SA,Delivery Area
5040,NOVAR GARDENS,SA,Delivery Area
5690,NULLARBOR,SA,Delivery Area
5680,NUNJIKOMPITA,SA,Delivery Area
5355,NURIOOTPA,SA,Delivery Area
5523,NUROM,SA,Delivery Area
5256,NURRAGI,SA,Delivery Area
0872,NYAPARI,SA,Delivery Area
5690,OAK VALLEY,SA,Delivery Area
5243,OAKBANK,SA,Delivery Area
5086,OAKDEN,SA,Delivery Area
5713,OAKDEN HILLS,SA,Delivery Area
5046,OAKLANDS PARK,SA,Delivery Area
5417,OAKVALE STATION,SA,Delivery Area
5291,OB FLAT,SA,Delivery Area
5440,OLARY,SA,Delivery Area
5341,OLD CALPERUM,SA,Delivery Area
5417,OLD KOOMOOLOO,SA,Delivery Area
5168,OLD NOARLUNGA,SA,Delivery Area
5161,OLD REYNELLA,SA,Delivery Area
5238,OLD TEAL FLAT,SA,Delivery Area
5725,OLYMPIC DAM,SA,Delivery Area
5114,ONE TREE HILL,SA,Delivery Area
5163,ONKAPARINGA HEIGHTS,SA,Delivery Area
5163,ONKAPARINGA HILLS,SA,Delivery Area
5422,OODLA WIRRA,SA,Delivery Area
5734,OODNADATTA,SA,Delivery Area
5730,ORATUNGA STATION,SA,Delivery Area
5431,ORROROO,SA,Delivery Area
5017,OSBORNE,SA,Delivery Area
5013,OTTOWAY,SA,Delivery Area
5440,OULNINA,SA,Delivery Area
5440,OULNINA PARK,SA,Delivery Area
5440,OUTALPA,SA,Delivery Area
5018,OUTER HARBOR,SA,Delivery Area
5330,OVERLAND CORNER,SA,Delivery Area
5082,OVINGHAM,SA,Delivery Area
5460,OWEN,SA,Delivery Area
5271,PADTHAWAY,SA,Delivery Area
5245,PAECHTOWN,SA,Delivery Area
5172,PAGES FLAT,SA,Delivery Area
5357,PAISLEY,SA,Delivery Area
5670,PALKAGEE,SA,Delivery Area
5254,PALLAMANA,SA,Delivery Area
5237,PALMER,SA,Delivery Area
5733,PANDIE PANDIE,SA,Delivery Area
5715,PANDURRA,SA,Delivery Area
5652,PANEY,SA,Delivery Area
5641,PANITYA,SA,Delivery Area
5041,PANORAMA,SA,Delivery Area
5096,PARA HILLS,SA,Delivery Area
5096,PARA HILLS WEST,SA,Delivery Area
5093,PARA VISTA,SA,Delivery Area
5730,PARACHILNA,SA,Delivery Area
5132,PARACOMBE,SA,Delivery Area
5075,PARADISE,SA,Delivery Area
5106,PARAFIELD,SA,Delivery Area
5107,PARAFIELD GARDENS,SA,Delivery Area
5720,PARAKYLIA,SA,Delivery Area
5108,PARALOWIE,SA,Delivery Area
5558,PARAMATTA,SA,Delivery Area
5422,PARATOO,SA,Delivery Area
5203,PARAWA,SA,Delivery Area
5417,PARCOOLA,SA,Delivery Area
5501,PARHAM,SA,Delivery Area
5303,PARILLA,SA,Delivery Area
5340,PARINGA,SA,Delivery Area
5201,PARIS CREEK,SA,Delivery Area
5043,PARK HOLME,SA,Delivery Area
5063,PARKSIDE,SA,Delivery Area
5422,PARNAROO,SA,Delivery Area
5220,PARNDANA,SA,Delivery Area
5301,PARRAKIE,SA,Delivery Area
5575,PARSONS BEACH,SA,Delivery Area
5311,PARUNA,SA,Delivery Area
5042,PASADENA,SA,Delivery Area
5552,PASKEVILLE,SA,Delivery Area
5333,PATA,SA,Delivery Area
5070,PAYNEHAM,SA,Delivery Area
5070,PAYNEHAM SOUTH,SA,Delivery Area
5301,PEAKE,SA,Delivery Area
5607,PEARLAH,SA,Delivery Area
5304,PEEBINGA,SA,Delivery Area
5374,PEEP HILL,SA,Delivery Area
5431,PEKINA,SA,Delivery Area
5222,PELICAN LAGOON,SA,Delivery Area
5291,PELICAN POINT,SA,Delivery Area
5238,PELLARING FLAT,SA,Delivery Area
5121,PENFIELD,SA,Delivery Area
5121,PENFIELD GARDENS,SA,Delivery Area
5222,PENNESHAW,SA,Delivery Area
5013,PENNINGTON,SA,Delivery Area
5277,PENOLA,SA,Delivery Area
5690,PENONG,SA,Delivery Area
5353,PENRICE,SA,Delivery Area
5453,PENWORTHAM,SA,Delivery Area
5680,PERLUBIE,SA,Delivery Area
5713,PERNATTY,SA,Delivery Area
5308,PERPONDA,SA,Delivery Area
5422,PETERBOROUGH,SA,Delivery Area
5016,PETERHEAD,SA,Delivery Area
5571,PETERSVILLE,SA,Delivery Area
5267,PETHERICK,SA,Delivery Area
5680,PETINA,SA,Delivery Area
5252,PETWOOD,SA,Delivery Area
5351,PEWSEY VALE,SA,Delivery Area
5151,PICCADILLY,SA,Delivery Area
5680,PIEDNIPPIE,SA,Delivery Area
5340,PIKE RIVER,SA,Delivery Area
5720,PIMBA,SA,Delivery Area
5661,PIMBAACLA,SA,Delivery Area
5732,PINDA SPRINGS,SA,Delivery Area
5419,PINE CREEK,SA,Delivery Area
5440,PINE CREEK STATION,SA,Delivery Area
5269,PINE HILL,SA,Delivery Area
5571,PINE POINT,SA,Delivery Area
5417,PINE VALLEY STATION,SA,Delivery Area
5460,PINERY,SA,Delivery Area
5680,PINJARRA STATION,SA,Delivery Area
5641,PINKAWILLINIE,SA,Delivery Area
5400,PINKERTON PLAINS,SA,Delivery Area
5275,PINKS BEACH,SA,Delivery Area
5304,PINNAROO,SA,Delivery Area
0872,PIPALYATJARA,SA,Delivery Area
5540,PIRIE EAST,SA,Delivery Area
5277,PLEASANT PARK,SA,Delivery Area
5440,PLUMBAGO,SA,Delivery Area
5038,PLYMPTON,SA,Delivery Area
5038,PLYMPTON PARK,SA,Delivery Area
5607,POINT BOSTON,SA,Delivery Area
5601,POINT LOWLY,SA,Delivery Area
5601,POINT LOWLY NORTH,SA,Delivery Area
5259,POINT MCLEAY,SA,Delivery Area
5374,POINT PASS,SA,Delivery Area
5573,POINT PEARCE,SA,Delivery Area
5577,POINT SOUTTAR,SA,Delivery Area
5256,POINT STURT,SA,Delivery Area
5575,POINT TURTON,SA,Delivery Area
5670,POLDA,SA,Delivery Area
5453,POLISH HILL RIVER,SA,Delivery Area
5259,POLTALLOCH,SA,Delivery Area
5238,POMPOOTA,SA,Delivery Area
5238,PONDE,SA,Delivery Area
5655,POOCHERA,SA,Delivery Area
5268,POOGINAGORIC,SA,Delivery Area
5330,POOGINOOK,SA,Delivery Area
5607,POONINDIE,SA,Delivery Area
5095,POORAKA,SA,Delivery Area
5222,PORKY FLAT,SA,Delivery Area
5015,PORT ADELAIDE,SA,Delivery Area
5552,PORT ARTHUR,SA,Delivery Area
5700,PORT AUGUSTA,SA,Delivery Area
5701,PORT AUGUSTA,SA,Delivery Area
5700,PORT AUGUSTA NORTH,SA,Delivery Area
5700,PORT AUGUSTA WEST,SA,Delivery Area
5601,PORT BONYTHON,SA,Delivery Area
5522,PORT BROUGHTON,SA,Delivery Area
5540,PORT DAVIS,SA,Delivery Area
5212,PORT ELLIOT,SA,Delivery Area
5501,PORT GAWLER,SA,Delivery Area
5495,PORT GERMEIN,SA,Delivery Area
5602,PORT GIBBON,SA,Delivery Area
5558,PORT HUGHES,SA,Delivery Area
5580,PORT JULIA,SA,Delivery Area
5671,PORT KENNY,SA,Delivery Area
5606,PORT LINCOLN,SA,Delivery Area
5607,PORT LINCOLN,SA,Delivery Area
5606,PORT LINCOLN SOUTH,SA,Delivery Area
5291,PORT MACDONNELL,SA,Delivery Area
5238,PORT MANNUM,SA,Delivery Area
5576,PORT MOOROWIE,SA,Delivery Area
5604,PORT NEILL,SA,Delivery Area
5167,PORT NOARLUNGA,SA,Delivery Area
5167,PORT NOARLUNGA SOUTH,SA,Delivery Area
5700,PORT PATERSON,SA,Delivery Area
5540,PORT PIRIE,SA,Delivery Area
5540,PORT PIRIE SOUTH,SA,Delivery Area
5540,PORT PIRIE WEST,SA,Delivery Area
5575,PORT RICKABY,SA,Delivery Area
5573,PORT VICTORIA,SA,Delivery Area
5581,PORT VINCENT,SA,Delivery Area
5550,PORT WAKEFIELD,SA,Delivery Area
5173,PORT WILLUNGA,SA,Delivery Area
5416,PORTER LAGOON,SA,Delivery Area
5434,PRELINNA,SA,Delivery Area
5570,PRICE,SA,Delivery Area
5550,PROOF RANGE,SA,Delivery Area
5082,PROSPECT,SA,Delivery Area
5082,PROSPECT EAST,SA,Delivery Area
5201,PROSPECT HILL,SA,Delivery Area
5440,PUALCO RANGE,SA,Delivery Area
0872,PUKATJA,SA,Delivery Area
5680,PUNTABIE,SA,Delivery Area
5238,PUNTHARI,SA,Delivery Area
5353,PUNYELROO,SA,Delivery Area
5680,PUREBA,SA,Delivery Area
5238,PURNONG,SA,Delivery Area
5720,PURPLE DOWNS,SA,Delivery Area
5730,PUTTAPA,SA,Delivery Area
5333,PYAP,SA,Delivery Area
5333,PYAP WEST,SA,Delivery Area
5652,PYGERY,SA,Delivery Area
5322,QUALCO,SA,Delivery Area
5014,QUEENSTOWN,SA,Delivery Area
5440,QUINYAMBIE,SA,Delivery Area
5417,QUONDONG,SA,Delivery Area
5433,QUORN,SA,Delivery Area
5291,RACECOURSE BAY,SA,Delivery Area
5322,RAMCO,SA,Delivery Area
5322,RAMCO HEIGHTS,SA,Delivery Area
5575,RAMSAY,SA,Delivery Area
5204,RAPID BAY,SA,Delivery Area
5255,RED CREEK,SA,Delivery Area
5502,REDBANKS,SA,Delivery Area
5521,REDHILL,SA,Delivery Area
5097,REDWOOD PARK,SA,Delivery Area
5275,REEDY CREEK,SA,Delivery Area
5502,REEVES PLAINS,SA,Delivery Area
5010,REGENCY PARK,SA,Delivery Area
5942,REGENCY PARK,SA,Post Office Boxes
5118,REID,SA,Delivery Area
5280,RENDELSHAM,SA,Delivery Area
5341,RENMARK,SA,Delivery Area
5341,RENMARK NORTH,SA,Delivery Area
5341,RENMARK SOUTH,SA,Delivery Area
5341,RENMARK WEST,SA,Delivery Area
5008,RENOWN PARK,SA,Delivery Area
5161,REYNELLA,SA,Delivery Area
5161,REYNELLA EAST,SA,Delivery Area
5412,RHYNIE,SA,Delivery Area
5033,RICHMOND,SA,Delivery Area
5097,RIDGEHAVEN,SA,Delivery Area
5008,RIDLEYTON,SA,Delivery Area
5540,RISDON PARK,SA,Delivery Area
5540,RISDON PARK SOUTH,SA,Delivery Area
5253,RIVERGLADES,SA,Delivery Area
5253,RIVERGLEN,SA,Delivery Area
5120,RIVERLEA PARK,SA,Delivery Area
5412,RIVERTON,SA,Delivery Area
5276,ROBE,SA,Delivery Area
5381,ROBERTSTOWN,SA,Delivery Area
5464,ROCHESTER,SA,Delivery Area
5254,ROCKLEIGH,SA,Delivery Area
5280,ROCKY CAMP,SA,Delivery Area
5254,ROCKY GULLY,SA,Delivery Area
5381,ROCKY PLAIN,SA,Delivery Area
5238,ROCKY POINT,SA,Delivery Area
5571,ROGUES POINT,SA,Delivery Area
5067,ROSE PARK,SA,Delivery Area
5350,ROSEDALE,SA,Delivery Area
5275,ROSETOWN,SA,Delivery Area
5013,ROSEWATER,SA,Delivery Area
5013,ROSEWATER EAST,SA,Delivery Area
5371,ROSEWORTHY,SA,Delivery Area
5072,ROSSLYN PARK,SA,Delivery Area
5073,ROSTREVOR,SA,Delivery Area
5352,ROWLAND FLAT,SA,Delivery Area
5725,ROXBY DOWNS,SA,Delivery Area
5725,ROXBY DOWNS STATION,SA,Delivery Area
5014,ROYAL PARK,SA,Delivery Area
5070,ROYSTON PARK,SA,Delivery Area
5642,RUDALL,SA,Delivery Area
5000,RUNDLE MALL,SA,Delivery Area
5413,SADDLEWORTH,SA,Delivery Area
5461,SAINTS,SA,Delivery Area
5255,SALEM,SA,Delivery Area
5108,SALISBURY,SA,Delivery Area
5108,SALISBURY DOWNS,SA,Delivery Area
5109,SALISBURY EAST,SA,Delivery Area
5109,SALISBURY EAST NORTHBRI AVE,SA,Delivery Area
5109,SALISBURY HEIGHTS,SA,Delivery Area
5108,SALISBURY NORTH,SA,Delivery Area
5108,SALISBURY NORTH WHITES ROAD,SA,Delivery Area
5109,SALISBURY PARK,SA,Delivery Area
5109,SALISBURY PLAIN,SA,Delivery Area
5106,SALISBURY SOUTH,SA,Delivery Area
5106,SALISBURY SOUTH DC,SA,Delivery Area
5264,SALT CREEK,SA,Delivery Area
5401,SALTER SPRINGS,SA,Delivery Area
5433,SALTIA,SA,Delivery Area
5114,SAMPSON FLAT,SA,Delivery Area
5309,SANDALWOOD,SA,Delivery Area
5255,SANDERGROVE,SA,Delivery Area
5237,SANDERSTON,SA,Delivery Area
5571,SANDILANDS,SA,Delivery Area
5356,SANDLETON,SA,Delivery Area
5350,SANDY CREEK,SA,Delivery Area
5275,SANDY GROVE,SA,Delivery Area
5222,SAPPHIRETOWN,SA,Delivery Area
5680,SCEALE BAY,SA,Delivery Area
5311,SCHELL WELL,SA,Delivery Area
5153,SCOTT CREEK,SA,Delivery Area
5049,SEACLIFF,SA,Delivery Area
5049,SEACLIFF PARK,SA,Delivery Area
5047,SEACOMBE GARDENS,SA,Delivery Area
5047,SEACOMBE HEIGHTS,SA,Delivery Area
5169,SEAFORD,SA,Delivery Area
5169,SEAFORD HEIGHTS,SA,Delivery Area
5169,SEAFORD MEADOWS,SA,Delivery Area
5169,SEAFORD RISE,SA,Delivery Area
5223,SEAL BAY,SA,Delivery Area
5023,SEATON,SA,Delivery Area
5049,SEAVIEW DOWNS,SA,Delivery Area
5280,SEBASTOPOL,SA,Delivery Area
5204,SECOND VALLEY,SA,Delivery Area
5611,SECRET ROCKS,SA,Delivery Area
5353,SEDAN,SA,Delivery Area
5223,SEDDON,SA,Delivery Area
5083,SEFTON PARK,SA,Delivery Area
5174,SELLICKS BEACH,SA,Delivery Area
5174,SELLICKS HILL,SA,Delivery Area
5019,SEMAPHORE,SA,Delivery Area
5019,SEMAPHORE PARK,SA,Delivery Area
5019,SEMAPHORE SOUTH,SA,Delivery Area
5268,SENIOR,SA,Delivery Area
5355,SEPPELTSFIELD,SA,Delivery Area
5453,SEVENHILL,SA,Delivery Area
5434,SHAGGY RIDGE,SA,Delivery Area
5267,SHAUGH,SA,Delivery Area
5371,SHEA-OAK LOG,SA,Delivery Area
5581,SHEAOAK FLAT,SA,Delivery Area
5158,SHEIDOW PARK,SA,Delivery Area
5607,SHERINGA,SA,Delivery Area
5301,SHERLOCK,SA,Delivery Area
5267,SHERWOOD,SA,Delivery Area
5279,SHORT,SA,Delivery Area
5717,SIAM,SA,Delivery Area
5204,SILVERTON,SA,Delivery Area
5734,SIMPSON DESERT,SA,Delivery Area
5072,SKYE,SA,Delivery Area
5607,SLEAFORD,SA,Delivery Area
5114,SMITHFIELD,SA,Delivery Area
5114,SMITHFIELD PLAINS,SA,Delivery Area
5680,SMOKY BAY,SA,Delivery Area
5520,SNOWTOWN,SA,Delivery Area
5641,SOLOMON,SA,Delivery Area
5540,SOLOMONTOWN,SA,Delivery Area
5044,SOMERTON PARK,SA,Delivery Area
5048,SOUTH BRIGHTON,SA,Delivery Area
5713,SOUTH GAP,SA,Delivery Area
5550,SOUTH HUMMOCKS,SA,Delivery Area
5573,SOUTH KILKERRAN,SA,Delivery Area
5038,SOUTH PLYMPTON,SA,Delivery Area
5280,SOUTHEND,SA,Delivery Area
5031,SOUTHWARK,SA,Delivery Area
5454,SPALDING,SA,Delivery Area
5345,SPECTACLE LAKE,SA,Delivery Area
5271,SPENCE,SA,Delivery Area
5453,SPRING FARM,SA,Delivery Area
5453,SPRING GULLY,SA,Delivery Area
5062,SPRINGFIELD,SA,Delivery Area
5235,SPRINGTON,SA,Delivery Area
5291,SQUARE MILE,SA,Delivery Area
5097,ST AGNES,SA,Delivery Area
5011,ST CLAIR,SA,Delivery Area
5064,ST GEORGES,SA,Delivery Area
5252,ST IVES,SA,Delivery Area
5373,ST JOHNS,SA,Delivery Area
5110,ST KILDA,SA,Delivery Area
5356,ST KITTS,SA,Delivery Area
5042,ST MARYS,SA,Delivery Area
5068,ST MORRIS,SA,Delivery Area
5069,ST PETERS,SA,Delivery Area
5415,STANLEY,SA,Delivery Area
5453,STANLEY FLAT,SA,Delivery Area
5582,STANSBURY,SA,Delivery Area
5000,STATION ARCADE,SA,Delivery Area
5413,STEELTON,SA,Delivery Area
5356,STEINFELD,SA,Delivery Area
5433,STEPHENSTON,SA,Delivery Area
5069,STEPNEY,SA,Delivery Area
5271,STEWART RANGE,SA,Delivery Area
5152,STIRLING,SA,Delivery Area
5710,STIRLING NORTH,SA,Delivery Area
5410,STOCKPORT,SA,Delivery Area
5355,STOCKWELL,SA,Delivery Area
5460,STOCKYARD CREEK,SA,Delivery Area
5330,STOCKYARD PLAIN,SA,Delivery Area
5223,STOKES BAY,SA,Delivery Area
5480,STONE HUT,SA,Delivery Area
5352,STONE WELL,SA,Delivery Area
5066,STONYFELL,SA,Delivery Area
5461,STOW,SA,Delivery Area
5255,STRATHALBYN,SA,Delivery Area
5680,STREAKY BAY,SA,Delivery Area
5271,STRUAN,SA,Delivery Area
5731,STRZELECKI DESERT,SA,Delivery Area
5320,STUART,SA,Delivery Area
5720,STUARTS CREEK,SA,Delivery Area
5047,STURT,SA,Delivery Area
5417,STURT VALE,SA,Delivery Area
5583,SULTANA POINT,SA,Delivery Area
5141,SUMMERTOWN,SA,Delivery Area
5322,SUNLANDS,SA,Delivery Area
5422,SUNNYBRAE,SA,Delivery Area
5353,SUNNYDALE,SA,Delivery Area
5253,SUNNYSIDE,SA,Delivery Area
5552,SUNNYVALE,SA,Delivery Area
5126,SURREY DOWNS,SA,Delivery Area
5374,SUTHERLANDS,SA,Delivery Area
5291,SUTTONTOWN,SA,Delivery Area
5354,SWAN REACH,SA,Delivery Area
5253,SWANPORT,SA,Delivery Area
5270,SWEDE FLAT,SA,Delivery Area
5259,TAILEM BEND,SA,Delivery Area
5260,TAILEM BEND,SA,Delivery Area
5311,TALDRA,SA,Delivery Area
5670,TALIA,SA,Delivery Area
5280,TANTANOOLA,SA,Delivery Area
5352,TANUNDA,SA,Delivery Area
5017,TAPEROO,SA,Delivery Area
5311,TAPLAN,SA,Delivery Area
5275,TARATAP,SA,Delivery Area
5701,TARCOOLA,SA,Delivery Area
5431,TARCOWIE,SA,Delivery Area
5411,TARLEE,SA,Delivery Area
5413,TARNMA,SA,Delivery Area
5277,TARPEENA,SA,Delivery Area
5171,TATACHILLA,SA,Delivery Area
5235,TAUNTON,SA,Delivery Area
5330,TAYLORVILLE,SA,Delivery Area
5330,TAYLORVILLE STATION,SA,Delivery Area
5091,TEA TREE GULLY,SA,Delivery Area
5238,TEAL FLAT,SA,Delivery Area
5540,TELOWIE,SA,Delivery Area
5371,TEMPLERS,SA,Delivery Area
5022,TENNYSON,SA,Delivery Area
5440,TEPCO STATION,SA,Delivery Area
5254,TEPKO,SA,Delivery Area
5072,TERINGIE,SA,Delivery Area
5421,TEROWIE,SA,Delivery Area
5271,THE GAP,SA,Delivery Area
5577,THE PINES,SA,Delivery Area
5172,THE RANGE,SA,Delivery Area
5031,THEBARTON,SA,Delivery Area
5690,THEVENARD,SA,Delivery Area
5554,THOMAS PLAIN,SA,Delivery Area
5501,THOMPSON BEACH,SA,Delivery Area
5082,THORNGATE,SA,Delivery Area
5280,THORNLEA,SA,Delivery Area
5432,THREE CREEKS,SA,Delivery Area
5552,THRINGTON,SA,Delivery Area
5717,THURLGA,SA,Delivery Area
5607,TIATUKIA,SA,Delivery Area
5555,TICKERA,SA,Delivery Area
5571,TIDDY WIDDY BEACH,SA,Delivery Area
0872,TIEYON,SA,Delivery Area
5440,TIKALINA,SA,Delivery Area
5275,TILLEY SWAMP,SA,Delivery Area
5266,TINTINARA,SA,Delivery Area
5734,TODMORDEN,SA,Delivery Area
5256,TOLDEROL,SA,Delivery Area
5042,TONSLEY,SA,Delivery Area
5607,TOOLIGIE,SA,Delivery Area
5255,TOOPERANG,SA,Delivery Area
5253,TOORA,SA,Delivery Area
5065,TOORAK GARDENS,SA,Delivery Area
5607,TOOTENILLA,SA,Delivery Area
5015,TORRENS ISLAND,SA,Delivery Area
5062,TORRENS PARK,SA,Delivery Area
5203,TORRENS VALE,SA,Delivery Area
5031,TORRENSVILLE,SA,Delivery Area
5031,TORRENSVILLE PLAZA,SA,Delivery Area
5413,TOTHILL BELT,SA,Delivery Area
5413,TOTHILL CREEK,SA,Delivery Area
5250,TOTNESS,SA,Delivery Area
5353,TOWITTA,SA,Delivery Area
5073,TRANMERE,SA,Delivery Area
5073,TRANMERE NORTH,SA,Delivery Area
5068,TRINITY GARDENS,SA,Delivery Area
5158,TROTT PARK,SA,Delivery Area
5356,TRURO,SA,Delivery Area
5607,TULKA,SA,Delivery Area
5605,TUMBY BAY,SA,Delivery Area
5236,TUNGKILLO,SA,Delivery Area
5203,TUNKALILLA,SA,Delivery Area
5065,TUSMORE,SA,Delivery Area
5501,TWO WELLS,SA,Delivery Area
5671,TYRINGA,SA,Delivery Area
5422,UCOLTA,SA,Delivery Area
5607,ULEY,SA,Delivery Area
5114,ULEYBURY,SA,Delivery Area
5419,ULOOLOO,SA,Delivery Area
5633,ULYERRA,SA,Delivery Area
5732,UMBERATANA,SA,Delivery Area
0872,UMUWA,SA,Delivery Area
5451,UNDALYA,SA,Delivery Area
5032,UNDERDALE,SA,Delivery Area
5607,UNGARRA,SA,Delivery Area
5061,UNLEY,SA,Delivery Area
5061,UNLEY PARK,SA,Delivery Area
5717,UNO,SA,Delivery Area
5434,UPALINNA,SA,Delivery Area
5131,UPPER HERMITAGE,SA,Delivery Area
5156,UPPER STURT,SA,Delivery Area
5142,URAIDLA,SA,Delivery Area
5573,URANIA,SA,Delivery Area
5064,URRBRAE,SA,Delivery Area
5690,UWORRA,SA,Delivery Area
5081,VALE PARK,SA,Delivery Area
5093,VALLEY VIEW,SA,Delivery Area
5311,VEITCH,SA,Delivery Area
5607,VENUS BAY,SA,Delivery Area
5245,VERDUN,SA,Delivery Area
5603,VERRAN,SA,Delivery Area
5211,VICTOR HARBOR,SA,Delivery Area
5211,VICTOR HARBOR CENTRAL,SA,Delivery Area
5352,VINE VALE,SA,Delivery Area
5120,VIRGINIA,SA,Delivery Area
5091,VISTA,SA,Delivery Area
5223,VIVONNE BAY,SA,Delivery Area
5640,WADDIKEE,SA,Delivery Area
5440,WADNAMINGA,SA,Delivery Area
5330,WAIKERIE,SA,Delivery Area
5211,WAITPINGA,SA,Delivery Area
5238,WALKER FLAT,SA,Delivery Area
5081,WALKERVILLE,SA,Delivery Area
5098,WALKLEY HEIGHTS,SA,Delivery Area
5254,WALL FLAT,SA,Delivery Area
5661,WALLALA,SA,Delivery Area
5556,WALLAROO,SA,Delivery Area
5554,WALLAROO MINES,SA,Delivery Area
5556,WALLAROO PLAIN,SA,Delivery Area
5713,WALLERBERDINA,SA,Delivery Area
5431,WALLOWAY,SA,Delivery Area
5264,WALTOWA,SA,Delivery Area
5700,WAMI KATA,SA,Delivery Area
5310,WANBI,SA,Delivery Area
5690,WANDANA,SA,Delivery Area
5523,WANDEARAH EAST,SA,Delivery Area
5523,WANDEARAH WEST,SA,Delivery Area
5291,WANDILO,SA,Delivery Area
5607,WANGARY,SA,Delivery Area
5275,WANGOLINA,SA,Delivery Area
5607,WANILLA,SA,Delivery Area
5332,WAPPILKA,SA,Delivery Area
5556,WARBURTO,SA,Delivery Area
5118,WARD BELT,SA,Delivery Area
5522,WARD HILL,SA,Delivery Area
5540,WARNERTOWN,SA,Delivery Area
5417,WARNES,SA,Delivery Area
5577,WAROOKA,SA,Delivery Area
5422,WAROONEE,SA,Delivery Area
5046,WARRADALE,SA,Delivery Area
5046,WARRADALE NORTH,SA,Delivery Area
5650,WARRAMBOO,SA,Delivery Area
5730,WARRAWEENA,SA,Delivery Area
5715,WARTAKA,SA,Delivery Area
5454,WASHPOOL,SA,Delivery Area
5400,WASLEYS,SA,Delivery Area
0872,WATARRU,SA,Delivery Area
5461,WATCHMAN,SA,Delivery Area
5066,WATERFALL GULLY,SA,Delivery Area
5413,WATERLOO,SA,Delivery Area
5110,WATERLOO CORNER,SA,Delivery Area
5452,WATERVALE,SA,Delivery Area
0872,WATINUMA,SA,Delivery Area
5690,WATRABA,SA,Delivery Area
5203,WATTLE FLAT,SA,Delivery Area
5066,WATTLE PARK,SA,Delivery Area
5280,WATTLE RANGE,SA,Delivery Area
5279,WATTLE RANGE EAST,SA,Delivery Area
5440,WAUKARINGA,SA,Delivery Area
5573,WAURALTEE,SA,Delivery Area
5034,WAYVILLE,SA,Delivery Area
5501,WEBB BEACH,SA,Delivery Area
5606,WEDGE ISLAND,SA,Delivery Area
5440,WEEKEROO,SA,Delivery Area
5495,WEEROONA ISLAND,SA,Delivery Area
5573,WEETULTA,SA,Delivery Area
5724,WELBOURN HILL,SA,Delivery Area
5007,WELLAND,SA,Delivery Area
5259,WELLINGTON,SA,Delivery Area
5259,WELLINGTON EAST,SA,Delivery Area
5278,WEPAR,SA,Delivery Area
5482,WEPOWIE,SA,Delivery Area
5732,WERTALOONA,SA,Delivery Area
5024,WEST BEACH,SA,Delivery Area
5491,WEST BUNDALEER,SA,Delivery Area
5008,WEST CROYDON,SA,Delivery Area
5007,WEST HINDMARSH,SA,Delivery Area
5021,WEST LAKES,SA,Delivery Area
5020,WEST LAKES SHORE,SA,Delivery Area
5275,WEST RANGE,SA,Delivery Area
5033,WEST RICHMOND,SA,Delivery Area
5680,WESTALL,SA,Delivery Area
5041,WESTBOURNE PARK,SA,Delivery Area
5268,WESTERN FLAT,SA,Delivery Area
5223,WESTERN RIVER,SA,Delivery Area
5320,WESTONS FLAT,SA,Delivery Area
5603,WHARMINDA,SA,Delivery Area
5254,WHITE HILL,SA,Delivery Area
5575,WHITE HUT,SA,Delivery Area
5253,WHITE SANDS,SA,Delivery Area
5690,WHITE WELL CORNER,SA,Delivery Area
5607,WHITES FLAT,SA,Delivery Area
5607,WHITES RIVER,SA,Delivery Area
5172,WHITES VALLEY,SA,Delivery Area
5461,WHITWARTA,SA,Delivery Area
5600,WHYALLA,SA,Delivery Area
5601,WHYALLA BARSON,SA,Delivery Area
5609,WHYALLA JENKINS,SA,Delivery Area
5608,WHYALLA NORRIE,SA,Delivery Area
5608,WHYALLA NORRIE EAST,SA,Delivery Area
5608,WHYALLA NORRIE NORTH,SA,Delivery Area
5600,WHYALLA PLAYFORD,SA,Delivery Area
5608,WHYALLA STUART,SA,Delivery Area
5420,WHYTE YARCOWIE,SA,Delivery Area
5440,WIAWERA,SA,Delivery Area
5330,WIGLEY FLAT,SA,Delivery Area
5641,WILCHERRY,SA,Delivery Area
5432,WILCOWIE,SA,Delivery Area
5271,WILD DOG VALLEY,SA,Delivery Area
5501,WILD HORSE PLAINS,SA,Delivery Area
5719,WILGENA,SA,Delivery Area
5713,WILKATANA STATION,SA,Delivery Area
5301,WILKAWATT,SA,Delivery Area
5419,WILLALO,SA,Delivery Area
5267,WILLALOOKA,SA,Delivery Area
5554,WILLAMULKA,SA,Delivery Area
5118,WILLASTON,SA,Delivery Area
5723,WILLIAM CREEK,SA,Delivery Area
5351,WILLIAMSTOWN,SA,Delivery Area
5432,WILLIPPA,SA,Delivery Area
5433,WILLOCHRA,SA,Delivery Area
5222,WILLOUGHBY,SA,Delivery Area
5253,WILLOW BANKS,SA,Delivery Area
5211,WILLOW CREEK,SA,Delivery Area
5434,WILLOW SPRINGS,SA,Delivery Area
5431,WILLOWIE,SA,Delivery Area
5222,WILLSON RIVER,SA,Delivery Area
5172,WILLUNGA,SA,Delivery Area
5172,WILLUNGA HILL,SA,Delivery Area
5172,WILLUNGA SOUTH,SA,Delivery Area
5255,WILLYAROO,SA,Delivery Area
5485,WILMINGTON,SA,Delivery Area
5501,WINDSOR,SA,Delivery Area
5087,WINDSOR GARDENS,SA,Delivery Area
5013,WINGFIELD,SA,Delivery Area
5343,WINKIE,SA,Delivery Area
5440,WINNININNIE,SA,Delivery Area
5700,WINNINOWIE,SA,Delivery Area
5713,WINTABATINYANA,SA,Delivery Area
5723,WINTINNA,SA,Delivery Area
5570,WINULTA,SA,Delivery Area
5481,WIRRABARA,SA,Delivery Area
5719,WIRRAMINNA,SA,Delivery Area
5730,WIRREALPA,SA,Delivery Area
5267,WIRREGA,SA,Delivery Area
5204,WIRRINA COVE,SA,Delivery Area
5661,WIRRULLA,SA,Delivery Area
5223,WISANGER,SA,Delivery Area
5251,WISTOW,SA,Delivery Area
5731,WITCHELINA,SA,Delivery Area
5432,WITCHITIE,SA,Delivery Area
5671,WITERA,SA,Delivery Area
5734,WITJIRA,SA,Delivery Area
5520,WOKURNA,SA,Delivery Area
5269,WOLSELEY,SA,Delivery Area
5320,WOMBATS REST,SA,Delivery Area
5440,WOMPINIE,SA,Delivery Area
5238,WONGULLA,SA,Delivery Area
5481,WONGYARRA,SA,Delivery Area
5419,WONNA,SA,Delivery Area
5340,WONUARRA,SA,Delivery Area
5255,WOODCHESTER,SA,Delivery Area
5162,WOODCROFT,SA,Delivery Area
5072,WOODFORDE,SA,Delivery Area
5254,WOODLANE,SA,Delivery Area
5311,WOODLEIGH,SA,Delivery Area
5253,WOODS POINT,SA,Delivery Area
5244,WOODSIDE,SA,Delivery Area
5011,WOODVILLE,SA,Delivery Area
5012,WOODVILLE GARDENS,SA,Delivery Area
5012,WOODVILLE NORTH,SA,Delivery Area
5011,WOODVILLE PARK,SA,Delivery Area
5011,WOODVILLE SOUTH,SA,Delivery Area
5011,WOODVILLE WEST,SA,Delivery Area
5575,WOOL BAY,SA,Delivery Area
5330,WOOLPUNDA,SA,Delivery Area
5412,WOOLSHED FLAT,SA,Delivery Area
5400,WOOLSHEDS,SA,Delivery Area
5732,WOOLTANA,SA,Delivery Area
5272,WOOLUMBOOL,SA,Delivery Area
5701,WOOLUNDUNGA,SA,Delivery Area
5720,WOOMERA,SA,Delivery Area
5381,WORLDS END,SA,Delivery Area
5291,WORROLONG,SA,Delivery Area
5434,WORUMBA,SA,Delivery Area
5271,WRATTONBULLY,SA,Delivery Area
5652,WUDINNA,SA,Delivery Area
5311,WUNKAR,SA,Delivery Area
5291,WYE,SA,Delivery Area
5306,WYNARKA,SA,Delivery Area
5127,WYNN VALE,SA,Delivery Area
5275,WYOMI,SA,Delivery Area
5470,YACKA,SA,Delivery Area
5713,YADLAMALKA,SA,Delivery Area
5291,YAHL,SA,Delivery Area
5641,YALANDA,SA,Delivery Area
5690,YALATA,SA,Delivery Area
5607,YALLUNDA FLAT,SA,Delivery Area
5431,YALPARA,SA,Delivery Area
5715,YALYMBOO,SA,Delivery Area
5340,YAMBA,SA,Delivery Area
5680,YANERBIE,SA,Delivery Area
5653,YANINEE,SA,Delivery Area
5203,YANKALILLA,SA,Delivery Area
5732,YANKANINNA,SA,Delivery Area
5661,YANTANABIE,SA,Delivery Area
5432,YANYARRIE,SA,Delivery Area
5717,YARDEA,SA,Delivery Area
5433,YARRAH,SA,Delivery Area
5440,YARRAMBA,SA,Delivery Area
5126,YATALA VALE,SA,Delivery Area
5422,YATINA,SA,Delivery Area
5114,YATTALUNGA,SA,Delivery Area
5632,YEELANNA,SA,Delivery Area
5690,YELLABINNA,SA,Delivery Area
5558,YELTA,SA,Delivery Area
5641,YELTANA,SA,Delivery Area
5332,YINKANIE,SA,Delivery Area
5493,YONGALA,SA,Delivery Area
5573,YORKE VALLEY,SA,Delivery Area
5576,YORKETOWN,SA,Delivery Area
5238,YOUNGHUSBAND,SA,Delivery Area
5238,YOUNGHUSBAND HOLDINGS,SA,Delivery Area
5715,YUDNAPINNA,SA,Delivery Area
5261,YUMALI,SA,Delivery Area
5690,YUMBARRA,SA,Delivery Area
5172,YUNDI,SA,Delivery Area
5440,YUNTA,SA,Delivery Area
0872,YUNYARINYI,SA,Delivery Area
5254,ZADOWS LANDING,SA,Delivery Area
7315,ABBOTSHAM,TAS,Delivery Area
7112,ABELS BAY,TAS,Delivery Area
7310,ABERDEEN,TAS,Delivery Area
7306,ACACIA HILLS,TAS,Delivery Area
7320,ACTON,TAS,Delivery Area
7170,ACTON PARK,TAS,Delivery Area
7150,ADVENTURE BAY,TAS,Delivery Area
7216,AKAROA,TAS,Delivery Area
7263,ALBERTON,TAS,Delivery Area
7330,ALCOMIE,TAS,Delivery Area
7150,ALLENS RIVULET,TAS,Delivery Area
7150,ALONNAH,TAS,Delivery Area
7310,AMBLESIDE,TAS,Delivery Area
7120,ANDOVER,TAS,Delivery Area
7264,ANSONS BAY,TAS,Delivery Area
7120,ANTILL PONDS,TAS,Delivery Area
7150,APOLLO BAY,TAS,Delivery Area
7190,APSLAWN,TAS,Delivery Area
7030,APSLEY,TAS,Delivery Area
7330,ARTHUR RIVER,TAS,Delivery Area
7030,ARTHURS LAKE,TAS,Delivery Area
7011,AUSTINS FERRY,TAS,Delivery Area
7213,AVOCA,TAS,Delivery Area
7120,BADEN,TAS,Delivery Area
7270,BADGER HEAD,TAS,Delivery Area
7030,BAGDAD,TAS,Delivery Area
7307,BAKERS BEACH,TAS,Delivery Area
7265,BANCA,TAS,Delivery Area
7267,BANGOR,TAS,Delivery Area
7150,BARNES BAY,TAS,Delivery Area
7054,BARRETTA,TAS,Delivery Area
7306,BARRINGTON,TAS,Delivery Area
7004,BATTERY POINT,TAS,Delivery Area
7270,BEACONSFIELD,TAS,Delivery Area
7215,BEAUMARIS,TAS,Delivery Area
7270,BEAUTY POINT,TAS,Delivery Area
7252,BEECHFORD,TAS,Delivery Area
7253,BELL BAY,TAS,Delivery Area
7018,BELLERIVE,TAS,Delivery Area
7254,BELLINGHAM,TAS,Delivery Area
7212,BEN LOMOND,TAS,Delivery Area
7011,BERRIEDALE,TAS,Delivery Area
7306,BEULAH,TAS,Delivery Area
7215,BICHENO,TAS,Delivery Area
7216,BINALONG BAY,TAS,Delivery Area
7162,BIRCHS BAY,TAS,Delivery Area
7303,BIRRALEE,TAS,Delivery Area
7301,BISHOPSBOURNE,TAS,Delivery Area
7140,BLACK HILLS,TAS,Delivery Area
7321,BLACK RIVER,TAS,Delivery Area
7052,BLACKMANS BAY,TAS,Delivery Area
7250,BLACKSTONE HEIGHTS,TAS,Delivery Area
7275,BLACKWALL,TAS,Delivery Area
7301,BLACKWOOD CREEK,TAS,Delivery Area
7212,BLESSINGTON,TAS,Delivery Area
7255,BLUE ROCKS,TAS,Delivery Area
7260,BLUMONT,TAS,Delivery Area
7321,BOAT HARBOUR,TAS,Delivery Area
7321,BOAT HARBOUR BEACH,TAS,Delivery Area
7053,BONNET HILL,TAS,Delivery Area
7264,BOOBYALLA,TAS,Delivery Area
7177,BOOMER BAY,TAS,Delivery Area
7030,BOTHWELL,TAS,Delivery Area
7140,BOYER,TAS,Delivery Area
7302,BRACKNELL,TAS,Delivery Area
7140,BRADYS LAKE,TAS,Delivery Area
7304,BRANDUM,TAS,Delivery Area
7261,BRANXHOLM,TAS,Delivery Area
7258,BREADALBANE,TAS,Delivery Area
7175,BREAM CREEK,TAS,Delivery Area
7304,BREONA,TAS,Delivery Area
7277,BRIDGENORTH,TAS,Delivery Area
7030,BRIDGEWATER,TAS,Delivery Area
7262,BRIDPORT,TAS,Delivery Area
7030,BRIGHTON,TAS,Delivery Area
7330,BRITTONS SWAMP,TAS,Delivery Area
7030,BROADMARSH,TAS,Delivery Area
7330,BROADMEADOWS,TAS,Delivery Area
7140,BRONTE PARK,TAS,Delivery Area
7320,BROOKLYN,TAS,Delivery Area
7116,BROOKS BAY,TAS,Delivery Area
7190,BUCKLAND,TAS,Delivery Area
7256,BUNGAREE,TAS,Delivery Area
7320,BURNIE,TAS,Delivery Area
7212,BURNS CREEK,TAS,Delivery Area
7140,BUSHY PARK,TAS,Delivery Area
7140,BUTLERS GORGE,TAS,Delivery Area
7116,CAIRNS BAY,TAS,Delivery Area
7325,CALDER,TAS,Delivery Area
7170,CAMBRIDGE,TAS,Delivery Area
7320,CAMDALE,TAS,Delivery Area
7316,CAMENA,TAS,Delivery Area
7026,CAMPANIA,TAS,Delivery Area
7210,CAMPBELL TOWN,TAS,Delivery Area
7257,CAPE BARREN ISLAND,TAS,Delivery Area
7182,CAPE PILLAR,TAS,Delivery Area
7264,CAPE PORTLAND,TAS,Delivery Area
7184,CAPE RAOUL,TAS,Delivery Area
7173,CARLTON,TAS,Delivery Area
7173,CARLTON RIVER,TAS,Delivery Area
7291,CARRICK,TAS,Delivery Area
7151,CASEY,TAS,Delivery Area
7116,CASTLE FORBES BAY,TAS,Delivery Area
7315,CASTRA,TAS,Delivery Area
7304,CAVESIDE,TAS,Delivery Area
7304,CENTRAL PLATEAU,TAS,Delivery Area
7306,CETHANA,TAS,Delivery Area
7215,CHAIN OF LAGOONS,TAS,Delivery Area
7112,CHARLOTTE COVE,TAS,Delivery Area
7321,CHASM CREEK,TAS,Delivery Area
7011,CHIGWELL,TAS,Delivery Area
7330,CHRISTMAS HILLS,TAS,Delivery Area
7304,CHUDLEIGH,TAS,Delivery Area
7011,CLAREMONT,TAS,Delivery Area
7270,CLARENCE POINT,TAS,Delivery Area
7019,CLARENDON VALE,TAS,Delivery Area
7306,CLAUDE ROAD,TAS,Delivery Area
7211,CLEVELAND,TAS,Delivery Area
7020,CLIFTON BEACH,TAS,Delivery Area
7303,CLUAN,TAS,Delivery Area
7027,COLEBROOK,TAS,Delivery Area
7215,COLES BAY,TAS,Delivery Area
7012,COLLINSVALE,TAS,Delivery Area
7211,CONARA,TAS,Delivery Area
7054,CONINGHAM,TAS,Delivery Area
7173,CONNELLYS MARSH,TAS,Delivery Area
7320,COOEE,TAS,Delivery Area
7174,COPPING,TAS,Delivery Area
7321,CORINNA,TAS,Delivery Area
7215,CORNWALL,TAS,Delivery Area
7330,COUTA ROCKS,TAS,Delivery Area
7321,COWRIE POINT,TAS,Delivery Area
7109,CRABTREE,TAS,Delivery Area
7306,CRADLE MOUNTAIN,TAS,Delivery Area
7109,CRADOC,TAS,Delivery Area
7030,CRAMPS BAY,TAS,Delivery Area
7190,CRANBROOK,TAS,Delivery Area
7321,CRAYFISH CREEK,TAS,Delivery Area
7024,CREMORNE,TAS,Delivery Area
7302,CRESSY,TAS,Delivery Area
7260,CUCKOO,TAS,Delivery Area
7316,CUPRONA,TAS,Delivery Area
7256,CURRIE,TAS,Delivery Area
7112,CYGNET,TAS,Delivery Area
7304,DAIRY PLAINS,TAS,Delivery Area
7151,DAVIS,TAS,Delivery Area
7212,DEDDINGTON,TAS,Delivery Area
7140,DEE,TAS,Delivery Area
7112,DEEP BAY,TAS,Delivery Area
7304,DELORAINE,TAS,Delivery Area
7150,DENNES POINT,TAS,Delivery Area
7264,DERBY,TAS,Delivery Area
7140,DERWENT BRIDGE,TAS,Delivery Area
7009,DERWENT PARK,TAS,Delivery Area
7321,DETENTION,TAS,Delivery Area
7275,DEVIOT,TAS,Delivery Area
7300,DEVON HILLS,TAS,Delivery Area
7310,DEVONPORT,TAS,Delivery Area
7252,DILSTON,TAS,Delivery Area
7304,DOCTORS POINT,TAS,Delivery Area
7325,DOCTORS ROCKS,TAS,Delivery Area
7173,DODGES FERRY,TAS,Delivery Area
7190,DOLPHIN SANDS,TAS,Delivery Area
7310,DON,TAS,Delivery Area
7215,DOUGLAS RIVER,TAS,Delivery Area
7215,DOUGLAS-APSLEY,TAS,Delivery Area
7117,DOVER,TAS,Delivery Area
7320,DOWNLANDS,TAS,Delivery Area
7010,DOWSING POINT,TAS,Delivery Area
7030,DROMEDARY,TAS,Delivery Area
7025,DULCOT,TAS,Delivery Area
7177,DUNALLEY,TAS,Delivery Area
7304,DUNORLAN,TAS,Delivery Area
7005,DYNNYRNE,TAS,Delivery Area
7030,DYSART,TAS,Delivery Area
7179,EAGLEHAWK NECK,TAS,Delivery Area
7321,EAST CAM,TAS,Delivery Area
7310,EAST DEVONPORT,TAS,Delivery Area
7250,EAST LAUNCESTON,TAS,Delivery Area
7321,EAST RIDGLEY,TAS,Delivery Area
7264,EDDYSTONE,TAS,Delivery Area
7321,EDGCUMBE BEACH,TAS,Delivery Area
7330,EDITH CREEK,TAS,Delivery Area
7256,EGG LAGOON,TAS,Delivery Area
7112,EGGS AND BACON BAY,TAS,Delivery Area
7030,ELDERSLIE,TAS,Delivery Area
7054,ELECTRONA,TAS,Delivery Area
7304,ELIZABETH TOWN,TAS,Delivery Area
7140,ELLENDALE,TAS,Delivery Area
7325,ELLIOTT,TAS,Delivery Area
7255,EMITA,TAS,Delivery Area
7320,EMU HEIGHTS,TAS,Delivery Area
7211,EPPING FOREST,TAS,Delivery Area
7310,ERRIBA,TAS,Delivery Area
7310,EUGENANA,TAS,Delivery Area
7212,EVANDALE,TAS,Delivery Area
7275,EXETER,TAS,Delivery Area
7303,EXTON,TAS,Delivery Area
7215,FALMOUTH,TAS,Delivery Area
7140,FENTONBURY,TAS,Delivery Area
7054,FERN TREE,TAS,Delivery Area
7214,FINGAL,TAS,Delivery Area
7140,FITZGERALD,TAS,Delivery Area
7030,FLINTSTONE,TAS,Delivery Area
7140,FLORENTINE,TAS,Delivery Area
7325,FLOWERDALE,TAS,Delivery Area
7163,FLOWERPOT,TAS,Delivery Area
7270,FLOWERY GULLY,TAS,Delivery Area
7173,FORCETT,TAS,Delivery Area
7330,FOREST,TAS,Delivery Area
7260,FORESTER,TAS,Delivery Area
7182,FORTESCUE,TAS,Delivery Area
7310,FORTH,TAS,Delivery Area
7310,FORTHSIDE,TAS,Delivery Area
7215,FOUR MILE CREEK,TAS,Delivery Area
7275,FRANKFORD,TAS,Delivery Area
7113,FRANKLIN,TAS,Delivery Area
7215,FREYCINET,TAS,Delivery Area
7215,FRIENDLY BEACHES,TAS,Delivery Area
7030,GAGEBROOK,TAS,Delivery Area
7112,GARDEN ISLAND CREEK,TAS,Delivery Area
7112,GARDNERS BAY,TAS,Delivery Area
7315,GAWLER,TAS,Delivery Area
7116,GEEVESTON,TAS,Delivery Area
7015,GEILSTON BAY,TAS,Delivery Area
7253,GEORGE TOWN,TAS,Delivery Area
7264,GLADSTONE,TAS,Delivery Area
7109,GLAZIERS BAY,TAS,Delivery Area
7000,GLEBE,TAS,Delivery Area
7109,GLEN HUON,TAS,Delivery Area
7109,GLENDEVIE,TAS,Delivery Area
7140,GLENFERN,TAS,Delivery Area
7275,GLENGARRY,TAS,Delivery Area
7012,GLENLUSK,TAS,Delivery Area
7140,GLENORA,TAS,Delivery Area
7010,GLENORCHY,TAS,Delivery Area
7254,GOLCONDA,TAS,Delivery Area
7304,GOLDEN VALLEY,TAS,Delivery Area
7010,GOODWOOD,TAS,Delivery Area
7150,GORDON,TAS,Delivery Area
7466,GORMANSTON,TAS,Delivery Area
7216,GOSHEN,TAS,Delivery Area
7216,GOULDS COUNTRY,TAS,Delivery Area
7306,GOWRIE PARK,TAS,Delivery Area
7030,GRANTON,TAS,Delivery Area
7469,GRANVILLE HARBOUR,TAS,Delivery Area
7017,GRASSTREE HILL,TAS,Delivery Area
7256,GRASSY,TAS,Delivery Area
7276,GRAVELLY BEACH,TAS,Delivery Area
7215,GRAY,TAS,Delivery Area
7150,GREAT BAY,TAS,Delivery Area
7270,GREENS BEACH,TAS,Delivery Area
7140,GRETNA,TAS,Delivery Area
7277,GRINDELWALD,TAS,Delivery Area
7109,GROVE,TAS,Delivery Area
7321,GUILDFORD,TAS,Delivery Area
7315,GUNNS PLAINS,TAS,Delivery Area
7290,HADSPEN,TAS,Delivery Area
7292,HAGLEY,TAS,Delivery Area
7140,HAMILTON,TAS,Delivery Area
7321,HAMPSHIRE,TAS,Delivery Area
7307,HARFORD,TAS,Delivery Area
7109,HASTINGS,TAS,Delivery Area
7320,HAVENVIEW,TAS,Delivery Area
7307,HAWLEY BEACH,TAS,Delivery Area
7140,HAYES,TAS,Delivery Area
7151,HEARD ISLAND,TAS,Delivery Area
7321,HELLYER,TAS,Delivery Area
7325,HENRIETTA,TAS,Delivery Area
7030,HERDSMANS COVE,TAS,Delivery Area
7030,HERMITAGE,TAS,Delivery Area
7264,HERRICK,TAS,Delivery Area
7316,HEYBRIDGE,TAS,Delivery Area
7321,HIGHCLERE,TAS,Delivery Area
7183,HIGHCROFT,TAS,Delivery Area
7320,HILLCREST,TAS,Delivery Area
7252,HILLWOOD,TAS,Delivery Area
7000,HOBART,TAS,Delivery Area
7001,HOBART,TAS,Post Office Boxes
7140,HOLLOW TREE,TAS,Delivery Area
7275,HOLWELL,TAS,Delivery Area
7017,HONEYWOOD,TAS,Delivery Area
7054,HOWDEN,TAS,Delivery Area
7018,HOWRAH,TAS,Delivery Area
7316,HOWTH,TAS,Delivery Area
7055,HUNTINGFIELD,TAS,Delivery Area
7112,HUON ISLAND,TAS,Delivery Area
7109,HUONVILLE,TAS,Delivery Area
7109,IDA BAY,TAS,Delivery Area
7030,INTERLAKEN,TAS,Delivery Area
7248,INVERMAY,TAS,Delivery Area
7330,IRISHTOWN,TAS,Delivery Area
7304,JACKEYS MARSH,TAS,Delivery Area
7030,JERICHO,TAS,Delivery Area
7260,JETSONVILLE,TAS,Delivery Area
7109,JUDBURY,TAS,Delivery Area
7260,KAMONA,TAS,Delivery Area
7150,KAOOTA,TAS,Delivery Area
7140,KARANJA,TAS,Delivery Area
7267,KAROOLA,TAS,Delivery Area
7270,KAYENA,TAS,Delivery Area
7176,KELLEVIE,TAS,Delivery Area
7270,KELSO,TAS,Delivery Area
7030,KEMPTON,TAS,Delivery Area
7155,KETTERING,TAS,Delivery Area
7255,KILLIECRANKIE,TAS,Delivery Area
7150,KILLORA,TAS,Delivery Area
7304,KIMBERLEY,TAS,Delivery Area
7310,KINDRED,TAS,Delivery Area
7249,KINGS MEADOWS,TAS,Delivery Area
7050,KINGSTON,TAS,Delivery Area
7051,KINGSTON,TAS,Post Office Boxes
7050,KINGSTON BEACH,TAS,Delivery Area
7187,KOONYA,TAS,Delivery Area
7140,LACHLAN,TAS,Delivery Area
7255,LACKRANA,TAS,Delivery Area
7255,LADY BARRON,TAS,Delivery Area
7210,LAKE LEAKE,TAS,Delivery Area
7467,LAKE MARGARET,TAS,Delivery Area
7030,LAKE SORELL,TAS,Delivery Area
7140,LAKE ST CLAIR,TAS,Delivery Area
7267,LALLA,TAS,Delivery Area
7275,LANENA,TAS,Delivery Area
7325,LAPOINYA,TAS,Delivery Area
7307,LATROBE,TAS,Delivery Area
7021,LAUDERDALE,TAS,Delivery Area
7250,LAUNCESTON,TAS,Delivery Area
7140,LAWITTA,TAS,Delivery Area
7254,LEBRINA,TAS,Delivery Area
7255,LEEKA,TAS,Delivery Area
7252,LEFROY,TAS,Delivery Area
7277,LEGANA,TAS,Delivery Area
7263,LEGERWOOD,TAS,Delivery Area
7315,LEITH,TAS,Delivery Area
7120,LEMONT,TAS,Delivery Area
7008,LENAH VALLEY,TAS,Delivery Area
7054,LESLIE VALE,TAS,Delivery Area
7120,LEVENDALE,TAS,Delivery Area
7173,LEWISHAM,TAS,Delivery Area
7030,LIAWENEE,TAS,Delivery Area
7304,LIENA,TAS,Delivery Area
7260,LIETINNA,TAS,Delivery Area
7301,LIFFEY,TAS,Delivery Area
7330,LILEAH,TAS,Delivery Area
7310,LILLICO,TAS,Delivery Area
7268,LILYDALE,TAS,Delivery Area
7015,LINDISFARNE,TAS,Delivery Area
7260,LISLE,TAS,Delivery Area
7140,LITTLE PINE LAGOON,TAS,Delivery Area
7190,LITTLE SWANPORT,TAS,Delivery Area
7255,LOCCOTA,TAS,Delivery Area
7275,LOIRA,TAS,Delivery Area
7140,LONDON LAKES,TAS,Delivery Area
7253,LONG REACH,TAS,Delivery Area
7301,LONGFORD,TAS,Delivery Area
7150,LONGLEY,TAS,Delivery Area
7109,LONNAVALE,TAS,Delivery Area
7315,LOONGANA,TAS,Delivery Area
7256,LOORANA,TAS,Delivery Area
7306,LORINNA,TAS,Delivery Area
7216,LOTTAH,TAS,Delivery Area
7253,LOW HEAD,TAS,Delivery Area
7306,LOWER BARRINGTON,TAS,Delivery Area
7306,LOWER BEULAH,TAS,Delivery Area
7109,LOWER LONGLEY,TAS,Delivery Area
7030,LOWER MARSHES,TAS,Delivery Area
7005,LOWER SANDY BAY,TAS,Delivery Area
7054,LOWER SNUG,TAS,Delivery Area
7267,LOWER TURNERS MARSH,TAS,Delivery Area
7109,LOWER WATTLE GROVE,TAS,Delivery Area
7310,LOWER WILMOT,TAS,Delivery Area
7316,LOYETEA,TAS,Delivery Area
7109,LUCASTON,TAS,Delivery Area
7255,LUGHRATA,TAS,Delivery Area
7321,LUINA,TAS,Delivery Area
7252,LULWORTH,TAS,Delivery Area
7150,LUNAWANNA,TAS,Delivery Area
7109,LUNE RIVER,TAS,Delivery Area
7009,LUTANA,TAS,Delivery Area
7109,LYMINGTON,TAS,Delivery Area
7256,LYMWOOD,TAS,Delivery Area
7468,MACQUARIE HEADS,TAS,Delivery Area
7151,MACQUARIE ISLAND,TAS,Delivery Area
7140,MACQUARIE PLAINS,TAS,Delivery Area
7140,MAGRA,TAS,Delivery Area
7140,MALBINA,TAS,Delivery Area
7030,MANGALORE,TAS,Delivery Area
7214,MANGANA,TAS,Delivery Area
7054,MARGATE,TAS,Delivery Area
7175,MARION BAY,TAS,Delivery Area
7330,MARRAWAH,TAS,Delivery Area
7214,MATHINNA,TAS,Delivery Area
7321,MAWBANNA,TAS,Delivery Area
7151,MAWSON,TAS,Delivery Area
7304,MAYBERRY,TAS,Delivery Area
7140,MAYDENA,TAS,Delivery Area
7248,MAYFIELD,TAS,Delivery Area
7151,MCDONALD ISLANDS,TAS,Delivery Area
7140,MEADOWBANK,TAS,Delivery Area
7304,MEANDER,TAS,Delivery Area
7330,MELLA,TAS,Delivery Area
7310,MELROSE,TAS,Delivery Area
7030,MELTON MOWBRAY,TAS,Delivery Area
7255,MEMANA,TAS,Delivery Area
7330,MENGHA,TAS,Delivery Area
7304,MERSEY FOREST,TAS,Delivery Area
7305,MERSEYLEA,TAS,Delivery Area
7325,MEUNNA,TAS,Delivery Area
7310,MIANDETTA,TAS,Delivery Area
7306,MIDDLESEX,TAS,Delivery Area
7163,MIDDLETON,TAS,Delivery Area
7171,MIDWAY POINT,TAS,Delivery Area
7030,MIENA,TAS,Delivery Area
7325,MILABENA,TAS,Delivery Area
7030,MILLERS BLUFF,TAS,Delivery Area
7310,MOINA,TAS,Delivery Area
7304,MOLE CREEK,TAS,Delivery Area
7140,MOLESWORTH,TAS,Delivery Area
7304,MOLTEMA,TAS,Delivery Area
7330,MONTAGU,TAS,Delivery Area
7018,MONTAGU BAY,TAS,Delivery Area
7304,MONTANA,TAS,Delivery Area
7320,MONTELLO,TAS,Delivery Area
7010,MONTROSE,TAS,Delivery Area
7321,MONTUMANA,TAS,Delivery Area
7140,MOOGARA,TAS,Delivery Area
7009,MOONAH,TAS,Delivery Area
7321,MOOREVILLE,TAS,Delivery Area
7264,MOORINA,TAS,Delivery Area
7325,MOORLEAH,TAS,Delivery Area
7030,MORASS BAY,TAS,Delivery Area
7307,MORIARTY,TAS,Delivery Area
7018,MORNINGTON,TAS,Delivery Area
7252,MOUNT DIRECTION,TAS,Delivery Area
7140,MOUNT FIELD,TAS,Delivery Area
7325,MOUNT HICKS,TAS,Delivery Area
7140,MOUNT LLOYD,TAS,Delivery Area
7007,MOUNT NELSON,TAS,Delivery Area
7306,MOUNT ROLAND,TAS,Delivery Area
7170,MOUNT RUMNEY,TAS,Delivery Area
7120,MOUNT SEYMOUR,TAS,Delivery Area
7000,MOUNT STUART,TAS,Delivery Area
7264,MOUNT WILLIAM,TAS,Delivery Area
7109,MOUNTAIN RIVER,TAS,Delivery Area
7248,MOWBRAY,TAS,Delivery Area
7178,MURDUNNA,TAS,Delivery Area
7264,MUSSELROE BAY,TAS,Delivery Area
7325,MYALLA,TAS,Delivery Area
7259,MYRTLE BANK,TAS,Delivery Area
7330,NABAGEENA,TAS,Delivery Area
7260,NABOWLA,TAS,Delivery Area
7256,NARACOOPA,TAS,Delivery Area
7140,NATIONAL PARK,TAS,Delivery Area
7321,NATONE,TAS,Delivery Area
7304,NEEDLES,TAS,Delivery Area
7054,NEIKA,TAS,Delivery Area
7330,NELSON BAY,TAS,Delivery Area
7140,NEW NORFOLK,TAS,Delivery Area
7008,NEW TOWN,TAS,Delivery Area
7248,NEWNHAM,TAS,Delivery Area
7250,NEWSTEAD,TAS,Delivery Area
7112,NICHOLLS RIVULET,TAS,Delivery Area
7315,NIETTA,TAS,Delivery Area
7212,NILE,TAS,Delivery Area
7306,NOOK,TAS,Delivery Area
7150,NORTH BRUNY,TAS,Delivery Area
7000,NORTH HOBART,TAS,Delivery Area
7002,NORTH HOBART,TAS,Post Office Boxes
7268,NORTH LILYDALE,TAS,Delivery Area
7315,NORTH MOTTON,TAS,Delivery Area
7260,NORTH SCOTTSDALE,TAS,Delivery Area
7307,NORTHDOWN,TAS,Delivery Area
7250,NORWOOD,TAS,Delivery Area
7275,NOTLEY HILLS,TAS,Delivery Area
7306,NOWHERE ELSE,TAS,Delivery Area
7184,NUBEENA,TAS,Delivery Area
7256,NUGARA,TAS,Delivery Area
7172,NUGENT,TAS,Delivery Area
7259,NUNAMARA,TAS,Delivery Area
7019,OAKDOWNS,TAS,Delivery Area
7303,OAKS,TAS,Delivery Area
7120,OATLANDS,TAS,Delivery Area
7320,OCEAN VISTA,TAS,Delivery Area
7017,OLD BEACH,TAS,Delivery Area
7325,OLDINA,TAS,Delivery Area
7325,OONAH,TAS,Delivery Area
7023,OPOSSUM BAY,TAS,Delivery Area
7190,ORFORD,TAS,Delivery Area
7172,ORIELTON,TAS,Delivery Area
7303,OSMASTON,TAS,Delivery Area
7140,OSTERLEY,TAS,Delivery Area
7017,OTAGO,TAS,Delivery Area
7140,OUSE,TAS,Delivery Area
7150,OYSTER COVE,TAS,Delivery Area
7255,PALANA,TAS,Delivery Area
7310,PALOONA,TAS,Delivery Area
7306,PARADISE,TAS,Delivery Area
7120,PARATTAH,TAS,Delivery Area
7320,PARK GROVE,TAS,Delivery Area
7304,PARKHAM,TAS,Delivery Area
7320,PARKLANDS,TAS,Delivery Area
7321,PARRAWE,TAS,Delivery Area
7259,PATERSONIA,TAS,Delivery Area
7172,PAWLEENA,TAS,Delivery Area
7120,PAWTELLA,TAS,Delivery Area
7256,PEARSHAPE,TAS,Delivery Area
7256,PEGARAH,TAS,Delivery Area
7030,PELHAM,TAS,Delivery Area
7150,PELVERATA,TAS,Delivery Area
7316,PENGUIN,TAS,Delivery Area
7171,PENNA,TAS,Delivery Area
7300,PERTH,TAS,Delivery Area
7109,PETCHEYS BAY,TAS,Delivery Area
7264,PIONEER,TAS,Delivery Area
7254,PIPERS BROOK,TAS,Delivery Area
7252,PIPERS RIVER,TAS,Delivery Area
7140,PLENTY,TAS,Delivery Area
7302,POATINA,TAS,Delivery Area
7116,POLICE POINT,TAS,Delivery Area
7030,PONTVILLE,TAS,Delivery Area
7190,PONTYPOOL,TAS,Delivery Area
7182,PORT ARTHUR,TAS,Delivery Area
7116,PORT HUON,TAS,Delivery Area
7321,PORT LATTA,TAS,Delivery Area
7307,PORT SORELL,TAS,Delivery Area
7300,POWRANNA,TAS,Delivery Area
7185,PREMAYDENA,TAS,Delivery Area
7325,PREOLENNA,TAS,Delivery Area
7316,PRESERVATION BAY,TAS,Delivery Area
7315,PRESTON,TAS,Delivery Area
7173,PRIMROSE SANDS,TAS,Delivery Area
7306,PROMISED LAND,TAS,Delivery Area
7250,PROSPECT,TAS,Delivery Area
7250,PROSPECT VALE,TAS,Delivery Area
7249,PUNCHBOWL,TAS,Delivery Area
7216,PYENGANA,TAS,Delivery Area
7292,QUAMBY BEND,TAS,Delivery Area
7304,QUAMBY BROOK,TAS,Delivery Area
7000,QUEENS DOMAIN,TAS,Delivery Area
7467,QUEENSTOWN,TAS,Delivery Area
7310,QUOIBA,TAS,Delivery Area
7305,RAILTON,TAS,Delivery Area
7109,RAMINEA,TAS,Delivery Area
7112,RANDALLS BAY,TAS,Delivery Area
7109,RANELAGH,TAS,Delivery Area
7255,RANGA,TAS,Delivery Area
7250,RAVENSWOOD,TAS,Delivery Area
7109,RECHERCHE,TAS,Delivery Area
7304,RED HILLS,TAS,Delivery Area
7330,REDPA,TAS,Delivery Area
7304,REEDY MARSH,TAS,Delivery Area
7256,REEKARA,TAS,Delivery Area
7258,RELBIA,TAS,Delivery Area
7469,RENISON BELL,TAS,Delivery Area
7254,RETREAT,TAS,Delivery Area
7304,REYNOLDS NECK,TAS,Delivery Area
7190,RHEBAN,TAS,Delivery Area
7120,RHYNDASTON,TAS,Delivery Area
7316,RIANA,TAS,Delivery Area
7025,RICHMOND,TAS,Delivery Area
7054,RIDGEWAY,TAS,Delivery Area
7321,RIDGLEY,TAS,Delivery Area
7263,RINGAROOMA,TAS,Delivery Area
7017,RISDON,TAS,Delivery Area
7016,RISDON VALE,TAS,Delivery Area
7250,RIVERSIDE,TAS,Delivery Area
7275,ROBIGANA,TAS,Delivery Area
7248,ROCHERLEA,TAS,Delivery Area
7170,ROCHES BEACH,TAS,Delivery Area
7321,ROCKY CAPE,TAS,Delivery Area
7190,ROCKY HILLS,TAS,Delivery Area
7330,ROGER RIVER,TAS,Delivery Area
7019,ROKEBY,TAS,Delivery Area
7306,ROLAND,TAS,Delivery Area
7320,ROMAINE,TAS,Delivery Area
7015,ROSE BAY,TAS,Delivery Area
7470,ROSEBERY,TAS,Delivery Area
7140,ROSEGARLAND,TAS,Delivery Area
7010,ROSETTA,TAS,Delivery Area
7292,ROSEVALE,TAS,Delivery Area
7277,ROSEVEARS,TAS,Delivery Area
7018,ROSNY,TAS,Delivery Area
7018,ROSNY PARK,TAS,Delivery Area
7209,ROSS,TAS,Delivery Area
7213,ROSSARDEN,TAS,Delivery Area
7320,ROUND HILL,TAS,Delivery Area
7270,ROWELLA,TAS,Delivery Area
7213,ROYAL GEORGE,TAS,Delivery Area
7190,RUNNYMEDE,TAS,Delivery Area
7264,RUSHY LAGOON,TAS,Delivery Area
7186,SALTWATER RIVER,TAS,Delivery Area
7150,SANDFLY,TAS,Delivery Area
7020,SANDFORD,TAS,Delivery Area
7005,SANDY BAY,TAS,Delivery Area
7006,SANDY BAY,TAS,Post Office Boxes
7307,SASSAFRAS,TAS,Delivery Area
7321,SAVAGE RIVER,TAS,Delivery Area
7215,SCAMANDER,TAS,Delivery Area
7330,SCOPUS,TAS,Delivery Area
7330,SCOTCHTOWN,TAS,Delivery Area
7260,SCOTTSDALE,TAS,Delivery Area
7256,SEA ELEPHANT,TAS,Delivery Area
7292,SELBOURNE,TAS,Delivery Area
7170,SEVEN MILE BEACH,TAS,Delivery Area
7215,SEYMOUR,TAS,Delivery Area
7030,SHANNON,TAS,Delivery Area
7307,SHEARWATER,TAS,Delivery Area
7306,SHEFFIELD,TAS,Delivery Area
7320,SHOREWELL PARK,TAS,Delivery Area
7270,SIDMOUTH,TAS,Delivery Area
7150,SIMPSONS BAY,TAS,Delivery Area
7321,SISTERS BEACH,TAS,Delivery Area
7325,SISTERS CREEK,TAS,Delivery Area
7186,SLOPING MAIN,TAS,Delivery Area
7330,SMITHTON,TAS,Delivery Area
7054,SNUG,TAS,Delivery Area
7322,SOMERSET,TAS,Delivery Area
7172,SORELL,TAS,Delivery Area
7140,SORELL CREEK,TAS,Delivery Area
7022,SOUTH ARM,TAS,Delivery Area
7150,SOUTH BRUNY,TAS,Delivery Area
7320,SOUTH BURNIE,TAS,Delivery Area
7330,SOUTH FOREST,TAS,Delivery Area
7004,SOUTH HOBART,TAS,Delivery Area
7249,SOUTH LAUNCESTON,TAS,Delivery Area
7264,SOUTH MOUNT CAMERON,TAS,Delivery Area
7315,SOUTH NIETTA,TAS,Delivery Area
7315,SOUTH PRESTON,TAS,Delivery Area
7316,SOUTH RIANA,TAS,Delivery Area
7310,SOUTH SPREYTON,TAS,Delivery Area
7260,SOUTH SPRINGFIELD,TAS,Delivery Area
7109,SOUTHPORT,TAS,Delivery Area
7109,SOUTHPORT LAGOON,TAS,Delivery Area
7315,SPALFORD,TAS,Delivery Area
7315,SPRENT,TAS,Delivery Area
7310,SPREYTON,TAS,Delivery Area
7190,SPRING BEACH,TAS,Delivery Area
7260,SPRINGFIELD,TAS,Delivery Area
7307,SQUEAKING POINT,TAS,Delivery Area
7216,ST HELENS,TAS,Delivery Area
7250,ST LEONARDS,TAS,Delivery Area
7215,ST MARYS,TAS,Delivery Area
7331,STANLEY,TAS,Delivery Area
7306,STAVERTON,TAS,Delivery Area
7030,STEPPES,TAS,Delivery Area
7216,STIEGLITZ,TAS,Delivery Area
7120,STONEHENGE,TAS,Delivery Area
7119,STONOR,TAS,Delivery Area
7252,STONY HEAD,TAS,Delivery Area
7310,STONY RISE,TAS,Delivery Area
7306,STOODLEY,TAS,Delivery Area
7184,STORMLEA,TAS,Delivery Area
7213,STORYS CREEK,TAS,Delivery Area
7321,STOWPORT,TAS,Delivery Area
7468,STRAHAN,TAS,Delivery Area
7109,STRATHBLANE,TAS,Delivery Area
7139,STRATHGORDON,TAS,Delivery Area
7140,STRICKLAND,TAS,Delivery Area
7255,STRZELECKI,TAS,Delivery Area
7140,STYX,TAS,Delivery Area
7316,SULPHUR CREEK,TAS,Delivery Area
7250,SUMMERHILL,TAS,Delivery Area
7305,SUNNYSIDE,TAS,Delivery Area
7116,SURGES BAY,TAS,Delivery Area
7256,SURPRISE BAY,TAS,Delivery Area
7116,SURVEYORS BAY,TAS,Delivery Area
7252,SWAN BAY,TAS,Delivery Area
7275,SWAN POINT,TAS,Delivery Area
7190,SWANSEA,TAS,Delivery Area
7120,SWANSTON,TAS,Delivery Area
7325,TABLE CAPE,TAS,Delivery Area
7325,TAKONE,TAS,Delivery Area
7263,TALAWA,TAS,Delivery Area
7180,TARANNA,TAS,Delivery Area
7259,TARGA,TAS,Delivery Area
7310,TARLETON,TAS,Delivery Area
7053,TAROONA,TAS,Delivery Area
7140,TARRALEAH,TAS,Delivery Area
7259,TAYENE,TAS,Delivery Area
7017,TEA TREE,TAS,Delivery Area
7264,TELITA,TAS,Delivery Area
7330,TEMMA,TAS,Delivery Area
7321,TEWKESBURY,TAS,Delivery Area
7216,THE GARDENS,TAS,Delivery Area
7307,THIRLSTANE,TAS,Delivery Area
7120,TIBERIAS,TAS,Delivery Area
7054,TINDERBOX,TAS,Delivery Area
7030,TODS CORNER,TAS,Delivery Area
7330,TOGARI,TAS,Delivery Area
7301,TOIBERRY,TAS,Delivery Area
7007,TOLMANS HILL,TAS,Delivery Area
7262,TOMAHAWK,TAS,Delivery Area
7260,TONGANAH,TAS,Delivery Area
7209,TOOMS LAKE,TAS,Delivery Area
7018,TRANMERE,TAS,Delivery Area
7250,TRAVELLERS REST,TAS,Delivery Area
7263,TRENAH,TAS,Delivery Area
7250,TREVALLYN,TAS,Delivery Area
7190,TRIABUNNA,TAS,Delivery Area
7469,TRIAL HARBOUR,TAS,Delivery Area
7330,TROWUTTA,TAS,Delivery Area
7310,TUGRAH,TAS,Delivery Area
7260,TULENDEENA,TAS,Delivery Area
7321,TULLAH,TAS,Delivery Area
7120,TUNBRIDGE,TAS,Delivery Area
7120,TUNNACK,TAS,Delivery Area
7254,TUNNEL,TAS,Delivery Area
7315,TURNERS BEACH,TAS,Delivery Area
7267,TURNERS MARSH,TAS,Delivery Area
7140,TYENNA,TAS,Delivery Area
7315,ULVERSTONE,TAS,Delivery Area
7268,UNDERWOOD,TAS,Delivery Area
7212,UPPER BLESSINGTON,TAS,Delivery Area
7320,UPPER BURNIE,TAS,Delivery Area
7315,UPPER CASTRA,TAS,Delivery Area
7214,UPPER ESK,TAS,Delivery Area
7321,UPPER NATONE,TAS,Delivery Area
7215,UPPER SCAMANDER,TAS,Delivery Area
7321,UPPER STOWPORT,TAS,Delivery Area
7150,UPPER WOODSTOCK,TAS,Delivery Area
7140,UXBRIDGE,TAS,Delivery Area
7112,VERONA SANDS,TAS,Delivery Area
7140,VICTORIA VALLEY,TAS,Delivery Area
7030,WADDAMANA,TAS,Delivery Area
7304,WALLS OF JERUSALEM,TAS,Delivery Area
7321,WARATAH,TAS,Delivery Area
7018,WARRANE,TAS,Delivery Area
7261,WARRENTINNA,TAS,Delivery Area
7262,WATERHOUSE,TAS,Delivery Area
7109,WATERLOO,TAS,Delivery Area
7109,WATTLE GROVE,TAS,Delivery Area
7172,WATTLE HILL,TAS,Delivery Area
7250,WAVERLEY,TAS,Delivery Area
7140,WAYATINAH,TAS,Delivery Area
7304,WEEGENA,TAS,Delivery Area
7304,WEETAH,TAS,Delivery Area
7264,WELDBOROUGH,TAS,Delivery Area
7054,WELLINGTON PARK,TAS,Delivery Area
7307,WESLEY VALE,TAS,Delivery Area
7000,WEST HOBART,TAS,Delivery Area
7306,WEST KENTISH,TAS,Delivery Area
7250,WEST LAUNCESTON,TAS,Delivery Area
7330,WEST MONTAGU,TAS,Delivery Area
7009,WEST MOONAH,TAS,Delivery Area
7321,WEST MOOREVILLE,TAS,Delivery Area
7316,WEST PINE,TAS,Delivery Area
7321,WEST RIDGLEY,TAS,Delivery Area
7260,WEST SCOTTSDALE,TAS,Delivery Area
7325,WEST TAKONE,TAS,Delivery Area
7315,WEST ULVERSTONE,TAS,Delivery Area
7303,WESTBURY,TAS,Delivery Area
7304,WESTERN CREEK,TAS,Delivery Area
7212,WESTERN JUNCTION,TAS,Delivery Area
7140,WESTERWAY,TAS,Delivery Area
7292,WESTWOOD,TAS,Delivery Area
7252,WEYMOUTH,TAS,Delivery Area
7184,WHITE BEACH,TAS,Delivery Area
7258,WHITE HILLS,TAS,Delivery Area
7120,WHITEFOORD,TAS,Delivery Area
7255,WHITEMARK,TAS,Delivery Area
7303,WHITEMORE,TAS,Delivery Area
7256,WICKHAM,TAS,Delivery Area
7030,WILBURVILLE,TAS,Delivery Area
7310,WILMOT,TAS,Delivery Area
7321,WILTSHIRE,TAS,Delivery Area
7252,WINDERMERE,TAS,Delivery Area
7255,WINGAROO,TAS,Delivery Area
7275,WINKLEIGH,TAS,Delivery Area
7265,WINNALEAH,TAS,Delivery Area
7320,WIVENHOE,TAS,Delivery Area
7162,WOODBRIDGE,TAS,Delivery Area
7120,WOODBURY,TAS,Delivery Area
7120,WOODSDALE,TAS,Delivery Area
7109,WOODSTOCK,TAS,Delivery Area
7330,WOOLNORTH,TAS,Delivery Area
7254,WYENA,TAS,Delivery Area
7325,WYNYARD,TAS,Delivery Area
7256,YAMBACOONA,TAS,Delivery Area
7256,YARRA CREEK,TAS,Delivery Area
7325,YOLLA,TAS,Delivery Area
7120,YORK PLAINS,TAS,Delivery Area
7270,YORK TOWN,TAS,Delivery Area
7249,YOUNGTOWN,TAS,Delivery Area
7469,ZEEHAN,TAS,Delivery Area
3737,ABBEYARD,VIC,Delivery Area
3067,ABBOTSFORD,VIC,Delivery Area
8006,ABECKETT STREET,VIC,Post Office Boxes
3040,ABERFELDIE,VIC,Delivery Area
3825,ABERFELDY,VIC,Delivery Area
3714,ACHERON,VIC,Delivery Area
3833,ADA,VIC,Delivery Area
3984,ADAMS ESTATE,VIC,Delivery Area
3352,ADDINGTON,VIC,Delivery Area
3465,ADELAIDE LEAD,VIC,Delivery Area
3962,AGNES,VIC,Delivery Area
3336,AINTREE,VIC,Delivery Area
3237,AIRE VALLEY,VIC,Delivery Area
3231,AIREYS INLET,VIC,Delivery Area
3851,AIRLY,VIC,Delivery Area
3042,AIRPORT WEST,VIC,Delivery Area
3424,ALBACUTYA,VIC,Delivery Area
3021,ALBANVALE,VIC,Delivery Area
3206,ALBERT PARK,VIC,Delivery Area
3971,ALBERTON,VIC,Delivery Area
3971,ALBERTON WEST,VIC,Delivery Area
3020,ALBION,VIC,Delivery Area
3714,ALEXANDRA,VIC,Delivery Area
3350,ALFREDTON,VIC,Delivery Area
3823,ALLAMBEE,VIC,Delivery Area
3871,ALLAMBEE RESERVE,VIC,Delivery Area
3871,ALLAMBEE SOUTH,VIC,Delivery Area
3691,ALLANS FLAT,VIC,Delivery Area
3277,ALLANSFORD,VIC,Delivery Area
3364,ALLENDALE,VIC,Delivery Area
3305,ALLESTREE,VIC,Delivery Area
3465,ALMA,VIC,Delivery Area
3727,ALMONDS,VIC,Delivery Area
3979,ALMURTA,VIC,Delivery Area
3078,ALPHINGTON,VIC,Delivery Area
3018,ALTONA,VIC,Delivery Area
3025,ALTONA EAST,VIC,Delivery Area
3025,ALTONA GATE,VIC,Delivery Area
3028,ALTONA MEADOWS,VIC,Delivery Area
3025,ALTONA NORTH,VIC,Delivery Area
3249,ALVIE,VIC,Delivery Area
3371,AMHERST,VIC,Delivery Area
3825,AMOR,VIC,Delivery Area
3468,AMPHITHEATRE,VIC,Delivery Area
3213,ANAKIE,VIC,Delivery Area
3715,ANCONA,VIC,Delivery Area
3995,ANDERSON,VIC,Delivery Area
3898,ANGLERS REST,VIC,Delivery Area
3230,ANGLESEA,VIC,Delivery Area
3549,ANNUELLO,VIC,Delivery Area
3414,ANTWERP,VIC,Delivery Area
3233,APOLLO BAY,VIC,Delivery Area
3579,APPIN,VIC,Delivery Area
3579,APPIN SOUTH,VIC,Delivery Area
3319,APSLEY,VIC,Delivery Area
3409,ARAPILES,VIC,Delivery Area
3377,ARARAT,VIC,Delivery Area
3951,ARAWATA,VIC,Delivery Area
3858,ARBUCKLE,VIC,Delivery Area
3631,ARCADIA,VIC,Delivery Area
3631,ARCADIA SOUTH,VIC,Delivery Area
3475,ARCHDALE,VIC,Delivery Area
3475,ARCHDALE JUNCTION,VIC,Delivery Area
3723,ARCHERTON,VIC,Delivery Area
3995,ARCHIES CREEK,VIC,Delivery Area
3022,ARDEER,VIC,Delivery Area
3629,ARDMONA,VIC,Delivery Area
3480,AREEGRA,VIC,Delivery Area
3523,ARGYLE,VIC,Delivery Area
3143,ARMADALE,VIC,Delivery Area
3143,ARMADALE NORTH,VIC,Delivery Area
3377,ARMSTRONG,VIC,Delivery Area
3217,ARMSTRONG CREEK,VIC,Delivery Area
3551,ARNOLD,VIC,Delivery Area
3551,ARNOLD WEST,VIC,Delivery Area
3099,ARTHURS CREEK,VIC,Delivery Area
3936,ARTHURS SEAT,VIC,Delivery Area
3364,ASCOT,VIC,Delivery Area
3551,ASCOT,VIC,Delivery Area
3032,ASCOT VALE,VIC,Delivery Area
3442,ASHBOURNE,VIC,Delivery Area
3147,ASHBURTON,VIC,Delivery Area
3147,ASHWOOD,VIC,Delivery Area
3195,ASPENDALE,VIC,Delivery Area
3195,ASPENDALE GARDENS,VIC,Delivery Area
3818,ATHLONE,VIC,Delivery Area
3049,ATTWOOD,VIC,Delivery Area
3393,AUBREY,VIC,Delivery Area
3123,AUBURN,VIC,Delivery Area
3122,AUBURN SOUTH,VIC,Delivery Area
3570,AUCHMORE,VIC,Delivery Area
3212,AVALON,VIC,Delivery Area
3664,AVENEL,VIC,Delivery Area
3467,AVOCA,VIC,Delivery Area
3477,AVON PLAINS,VIC,Delivery Area
3034,AVONDALE HEIGHTS,VIC,Delivery Area
3559,AVONMORE,VIC,Delivery Area
3782,AVONSLEIGH,VIC,Delivery Area
3551,AXE CREEK,VIC,Delivery Area
3551,AXEDALE,VIC,Delivery Area
3268,AYRFORD,VIC,Delivery Area
3340,BACCHUS MARSH,VIC,Delivery Area
3670,BADDAGINNIE,VIC,Delivery Area
3777,BADGER CREEK,VIC,Delivery Area
3579,BAEL BAEL,VIC,Delivery Area
3551,BAGSHOT,VIC,Delivery Area
3551,BAGSHOT NORTH,VIC,Delivery Area
3312,BAHGALLAH,VIC,Delivery Area
3608,BAILIESTON,VIC,Delivery Area
3875,BAIRNSDALE,VIC,Delivery Area
3350,BAKERY HILL,VIC,Delivery Area
3354,BAKERY HILL,VIC,Post Office Boxes
3183,BALACLAVA,VIC,Delivery Area
3364,BALD HILLS,VIC,Delivery Area
3249,BALINTORE,VIC,Delivery Area
3342,BALLAN,VIC,Delivery Area
3279,BALLANGEICH,VIC,Delivery Area
3483,BALLAPUR,VIC,Delivery Area
3350,BALLARAT,VIC,Delivery Area
3353,BALLARAT,VIC,Post Office Boxes
3350,BALLARAT CENTRAL,VIC,Delivery Area
3350,BALLARAT EAST,VIC,Delivery Area
3354,BALLARAT MC,VIC,Post Office Boxes
3350,BALLARAT NORTH,VIC,Delivery Area
3350,BALLARAT WEST,VIC,Delivery Area
3561,BALLENDELLA,VIC,Delivery Area
3340,BALLIANG,VIC,Delivery Area
3340,BALLIANG EAST,VIC,Delivery Area
3375,BALLYROGAN,VIC,Delivery Area
3666,BALMATTUM,VIC,Delivery Area
3407,BALMORAL,VIC,Delivery Area
3926,BALNARRING,VIC,Delivery Area
3926,BALNARRING BEACH,VIC,Delivery Area
3971,BALOOK,VIC,Delivery Area
3103,BALWYN,VIC,Delivery Area
3103,BALWYN EAST,VIC,Delivery Area
3104,BALWYN NORTH,VIC,Delivery Area
3561,BAMAWM,VIC,Delivery Area
3564,BAMAWM EXTENSION,VIC,Delivery Area
3241,BAMBRA,VIC,Delivery Area
3333,BAMGANIE,VIC,Delivery Area
3691,BANDIANA,VIC,Delivery Area
3694,BANDIANA MILPO,VIC,Post Office Boxes
3393,BANGERANG,VIC,Delivery Area
3175,BANGHOLME,VIC,Delivery Area
3875,BANKSIA PENINSULA,VIC,Delivery Area
3549,BANNERTON,VIC,Delivery Area
3331,BANNOCKBURN,VIC,Delivery Area
3485,BANYAN,VIC,Delivery Area
3388,BANYENA,VIC,Delivery Area
3084,BANYULE,VIC,Delivery Area
3691,BARANDUDA,VIC,Delivery Area
3220,BAREENA,VIC,Delivery Area
3444,BARFOLD,VIC,Delivery Area
3463,BARINGHUP,VIC,Delivery Area
3463,BARINGHUP WEST,VIC,Delivery Area
3723,BARJARG,VIC,Delivery Area
3451,BARKERS CREEK,VIC,Delivery Area
3384,BARKLY,VIC,Delivery Area
3364,BARKSTEAD,VIC,Delivery Area
3639,BARMAH,VIC,Delivery Area
3557,BARNADOWN,VIC,Delivery Area
3688,BARNAWARTHA,VIC,Delivery Area
3691,BARNAWARTHA NORTH,VIC,Delivery Area
3871,BAROMI,VIC,Delivery Area
3249,BARONGAROOK,VIC,Delivery Area
3249,BARONGAROOK WEST,VIC,Delivery Area
3221,BARRABOOL,VIC,Delivery Area
3525,BARRAKEE,VIC,Delivery Area
3249,BARRAMUNGA,VIC,Delivery Area
3537,BARRAPORT,VIC,Delivery Area
3537,BARRAPORT WEST,VIC,Delivery Area
3458,BARRYS REEF,VIC,Delivery Area
3329,BARUNAH PARK,VIC,Delivery Area
3329,BARUNAH PLAINS,VIC,Delivery Area
3737,BARWIDGEE,VIC,Delivery Area
3722,BARWITE,VIC,Delivery Area
3243,BARWON DOWNS,VIC,Delivery Area
3227,BARWON HEADS,VIC,Delivery Area
3460,BASALT,VIC,Delivery Area
3991,BASS,VIC,Delivery Area
3213,BATESFORD,VIC,Delivery Area
3730,BATHUMI,VIC,Delivery Area
3058,BATMAN,VIC,Delivery Area
3833,BAW BAW,VIC,Delivery Area
3833,BAW BAW VILLAGE,VIC,Delivery Area
3911,BAXTER,VIC,Delivery Area
3375,BAYINDEEN,VIC,Delivery Area
3981,BAYLES,VIC,Delivery Area
3444,BAYNTON,VIC,Delivery Area
3444,BAYNTON EAST,VIC,Delivery Area
3153,BAYSWATER,VIC,Delivery Area
8784,BAYSWATER,VIC,Post Office Boxes
3153,BAYSWATER NORTH,VIC,Delivery Area
3807,BEACONSFIELD,VIC,Delivery Area
3808,BEACONSFIELD UPPER,VIC,Delivery Area
3475,BEALIBA,VIC,Delivery Area
3641,BEARII,VIC,Delivery Area
3517,BEARS LAGOON,VIC,Delivery Area
3579,BEAUCHAMP,VIC,Delivery Area
3373,BEAUFORT,VIC,Delivery Area
3193,BEAUMARIS,VIC,Delivery Area
3477,BEAZLEYS BRIDGE,VIC,Delivery Area
3135,BEDFORD ROAD,VIC,Delivery Area
3251,BEEAC,VIC,Delivery Area
3237,BEECH FOREST,VIC,Delivery Area
3747,BEECHWORTH,VIC,Delivery Area
3139,BEENAK,VIC,Delivery Area
3160,BELGRAVE,VIC,Delivery Area
3160,BELGRAVE HEIGHTS,VIC,Delivery Area
3160,BELGRAVE SOUTH,VIC,Delivery Area
3215,BELL PARK,VIC,Delivery Area
3215,BELL POST HILL,VIC,Delivery Area
3223,BELLARINE,VIC,Delivery Area
3889,BELLBIRD CREEK,VIC,Delivery Area
3228,BELLBRAE,VIC,Delivery Area
3691,BELLBRIDGE,VIC,Delivery Area
3381,BELLELLEN,VIC,Delivery Area
3081,BELLFIELD,VIC,Delivery Area
3381,BELLFIELD,VIC,Delivery Area
3228,BELLS BEACH,VIC,Delivery Area
3216,BELMONT,VIC,Delivery Area
3889,BEMM RIVER,VIC,Delivery Area
3946,BENA,VIC,Delivery Area
3671,BENALLA,VIC,Post Office Boxes
3672,BENALLA,VIC,Delivery Area
3900,BENAMBRA,VIC,Delivery Area
3319,BENAYEO,VIC,Delivery Area
3097,BEND OF ISLANDS,VIC,Delivery Area
3550,BENDIGO,VIC,Delivery Area
3552,BENDIGO,VIC,Post Office Boxes
3554,BENDIGO DC,VIC,Post Office Boxes
3551,BENDIGO FORWARD,VIC,Delivery Area
3550,BENDIGO SOUTH,VIC,Delivery Area
3888,BENDOC,VIC,Delivery Area
3875,BENGWORDEN,VIC,Delivery Area
3579,BENJEROOP,VIC,Delivery Area
3435,BENLOCH,VIC,Delivery Area
3125,BENNETTSWOOD,VIC,Delivery Area
3960,BENNISON,VIC,Delivery Area
3204,BENTLEIGH,VIC,Delivery Area
3165,BENTLEIGH EAST,VIC,Delivery Area
3235,BENWERRIN,VIC,Delivery Area
3342,BEREMBOKE,VIC,Delivery Area
3518,BERRIMAL,VIC,Delivery Area
3351,BERRINGA,VIC,Delivery Area
3691,BERRINGAMA,VIC,Delivery Area
3531,BERRIWILLOCK,VIC,Delivery Area
3323,BERRYBANK,VIC,Delivery Area
3953,BERRYS CREEK,VIC,Delivery Area
3806,BERWICK,VIC,Delivery Area
3304,BESSIEBELLE,VIC,Delivery Area
3472,BET BET,VIC,Delivery Area
3888,BETE BOLONG,VIC,Delivery Area
3888,BETE BOLONG NORTH,VIC,Delivery Area
3691,BETHANGA,VIC,Delivery Area
3472,BETLEY,VIC,Delivery Area
3395,BEULAH,VIC,Delivery Area
3590,BEVERFORD,VIC,Delivery Area
3753,BEVERIDGE,VIC,Delivery Area
3490,BIG DESERT,VIC,Delivery Area
3231,BIG HILL,VIC,Delivery Area
3555,BIG HILL,VIC,Delivery Area
3799,BIG PATS CREEK,VIC,Delivery Area
3707,BIGGARA,VIC,Delivery Area
3858,BILLABONG,VIC,Delivery Area
3533,BIMBOURIE,VIC,Delivery Area
3896,BINDI,VIC,Delivery Area
3966,BINGINWARRI,VIC,Delivery Area
3898,BINGO MUNJIE,VIC,Delivery Area
3483,BIRCHIP,VIC,Delivery Area
3483,BIRCHIP WEST,VIC,Delivery Area
3505,BIRDWOODTON,VIC,Delivery Area
3242,BIRREGURRA,VIC,Delivery Area
3918,BITTERN,VIC,Delivery Area
3350,BLACK HILL,VIC,Delivery Area
3381,BLACK RANGE,VIC,Delivery Area
3193,BLACK ROCK,VIC,Delivery Area
3193,BLACK ROCK NORTH,VIC,Delivery Area
3130,BLACKBURN,VIC,Delivery Area
3130,BLACKBURN NORTH,VIC,Delivery Area
3130,BLACKBURN SOUTH,VIC,Delivery Area
3401,BLACKHEATH,VIC,Delivery Area
3844,BLACKWARRY,VIC,Delivery Area
3458,BLACKWOOD,VIC,Delivery Area
3992,BLACKWOOD FOREST,VIC,Delivery Area
3942,BLAIRGOWRIE,VIC,Delivery Area
3342,BLAKEVILLE,VIC,Delivery Area
3364,BLAMPIED,VIC,Delivery Area
3980,BLIND BIGHT,VIC,Delivery Area
3352,BLOWHARD,VIC,Delivery Area
3351,BO PEEP,VIC,Delivery Area
3678,BOBINAWARRAH,VIC,Delivery Area
3301,BOCHARA,VIC,Delivery Area
3699,BOGONG,VIC,Delivery Area
3669,BOHO,VIC,Delivery Area
3669,BOHO SOUTH,VIC,Delivery Area
3531,BOIGBEAT,VIC,Delivery Area
3490,BOINKA,VIC,Delivery Area
3860,BOISDALE,VIC,Delivery Area
3387,BOLANGUM,VIC,Delivery Area
3432,BOLINDA,VIC,Delivery Area
3546,BOLTON,VIC,Delivery Area
3305,BOLWARRA,VIC,Delivery Area
3352,BOLWARRAH,VIC,Delivery Area
3820,BONA VISTA,VIC,Delivery Area
3888,BONANG,VIC,Delivery Area
3196,BONBEACH,VIC,Delivery Area
3691,BONEGILLA,VIC,Delivery Area
3939,BONEO,VIC,Delivery Area
3561,BONN,VIC,Delivery Area
3335,BONNIE BROOK,VIC,Delivery Area
3720,BONNIE DOON,VIC,Delivery Area
3352,BONSHAW,VIC,Delivery Area
3260,BOOKAAR,VIC,Delivery Area
3825,BOOLA,VIC,Delivery Area
3960,BOOLARONG,VIC,Delivery Area
3870,BOOLARRA,VIC,Delivery Area
3870,BOOLARRA SOUTH,VIC,Delivery Area
3880,BOOLE POOLE,VIC,Delivery Area
3392,BOOLITE,VIC,Delivery Area
3728,BOOMAHNOOMOONAH,VIC,Delivery Area
3235,BOONAH,VIC,Delivery Area
3163,BOORAN ROAD PO,VIC,Delivery Area
3265,BOORCAN,VIC,Delivery Area
3678,BOORHAMAN,VIC,Delivery Area
3678,BOORHAMAN EAST,VIC,Delivery Area
3685,BOORHAMAN NORTH,VIC,Delivery Area
3723,BOOROLITE,VIC,Delivery Area
3953,BOOROOL,VIC,Delivery Area
3537,BOORT,VIC,Delivery Area
3730,BOOSEY,VIC,Delivery Area
3682,BORALMA,VIC,Delivery Area
3379,BORNES HILL,VIC,Delivery Area
3155,BORONIA,VIC,Delivery Area
3518,BORUNG,VIC,Delivery Area
3260,BOSTOCKS CREEK,VIC,Delivery Area
3977,BOTANIC RIDGE,VIC,Delivery Area
3599,BOUNDARY BEND,VIC,Delivery Area
3465,BOWENVALE,VIC,Delivery Area
3675,BOWEYA,VIC,Delivery Area
3675,BOWEYA NORTH,VIC,Delivery Area
3735,BOWMANS FOREST,VIC,Delivery Area
3678,BOWSER,VIC,Delivery Area
3128,BOX HILL,VIC,Delivery Area
3129,BOX HILL NORTH,VIC,Delivery Area
3128,BOX HILL SOUTH,VIC,Delivery Area
3725,BOXWOOD,VIC,Delivery Area
3463,BRADFORD,VIC,Delivery Area
3361,BRADVALE,VIC,Delivery Area
3195,BRAESIDE,VIC,Delivery Area
3631,BRANDITT,VIC,Delivery Area
3150,BRANDON PARK,VIC,Delivery Area
3821,BRANDY CREEK,VIC,Delivery Area
3302,BRANXHOLME,VIC,Delivery Area
3821,BRAVINGTON,VIC,Delivery Area
3019,BRAYBROOK,VIC,Delivery Area
3303,BREAKAWAY CREEK,VIC,Delivery Area
3219,BREAKWATER,VIC,Delivery Area
3227,BREAMLEA,VIC,Delivery Area
3517,BRENANAH,VIC,Delivery Area
3131,BRENTFORD SQUARE,VIC,Delivery Area
3352,BREWSTER,VIC,Delivery Area
3860,BRIAGOLONG,VIC,Delivery Area
3088,BRIAR HILL,VIC,Delivery Area
3723,BRIDGE CREEK,VIC,Delivery Area
3516,BRIDGEWATER,VIC,Delivery Area
3516,BRIDGEWATER NORTH,VIC,Delivery Area
3516,BRIDGEWATER ON LODDON,VIC,Delivery Area
3741,BRIGHT,VIC,Delivery Area
3186,BRIGHTON,VIC,Delivery Area
3187,BRIGHTON EAST,VIC,Delivery Area
3186,BRIGHTON NORTH,VIC,Delivery Area
3184,BRIGHTON ROAD,VIC,Delivery Area
3391,BRIM,VIC,Delivery Area
3312,BRIMBOAL,VIC,Delivery Area
3685,BRIMIN,VIC,Delivery Area
3401,BRIMPAEN,VIC,Delivery Area
3319,BRINGALBERT,VIC,Delivery Area
3315,BRIT BRIT,VIC,Delivery Area
3658,BROADFORD,VIC,Delivery Area
3875,BROADLANDS,VIC,Delivery Area
3047,BROADMEADOWS,VIC,Delivery Area
3301,BROADWATER,VIC,Delivery Area
3888,BRODRIBB RIVER,VIC,Delivery Area
3673,BROKEN CREEK,VIC,Delivery Area
3472,BROMLEY,VIC,Delivery Area
3338,BROOKFIELD,VIC,Delivery Area
3012,BROOKLYN,VIC,Delivery Area
3896,BROOKVILLE,VIC,Delivery Area
3364,BROOMFIELD,VIC,Delivery Area
3418,BROUGHTON,VIC,Delivery Area
3350,BROWN HILL,VIC,Delivery Area
3685,BROWNS PLAINS,VIC,Delivery Area
3749,BRUARONG,VIC,Delivery Area
3268,BRUCKNELL,VIC,Delivery Area
3885,BRUMBY,VIC,Delivery Area
3056,BRUNSWICK,VIC,Delivery Area
3057,BRUNSWICK EAST,VIC,Delivery Area
3056,BRUNSWICK LOWER,VIC,Delivery Area
3056,BRUNSWICK NORTH,VIC,Delivery Area
3055,BRUNSWICK SOUTH,VIC,Delivery Area
3055,BRUNSWICK WEST,VIC,Delivery Area
3885,BRUTHEN,VIC,Delivery Area
3375,BUANGOR,VIC,Delivery Area
3885,BUCHAN,VIC,Delivery Area
3885,BUCHAN SOUTH,VIC,Delivery Area
3740,BUCKLAND,VIC,Delivery Area
3240,BUCKLEY,VIC,Delivery Area
3301,BUCKLEY SWAMP,VIC,Delivery Area
3525,BUCKRABANYULE,VIC,Delivery Area
3862,BUDGEE BUDGEE,VIC,Delivery Area
3870,BUDGEREE,VIC,Delivery Area
3579,BUDGERUM EAST,VIC,Delivery Area
3958,BUFFALO,VIC,Delivery Area
3737,BUFFALO RIVER,VIC,Delivery Area
3314,BULART,VIC,Delivery Area
3890,BULDAH,VIC,Delivery Area
3586,BULGA,VIC,Delivery Area
3377,BULGANA,VIC,Delivery Area
3428,BULLA,VIC,Delivery Area
3266,BULLAHARRE,VIC,Delivery Area
3352,BULLAROOK,VIC,Delivery Area
3461,BULLARTO,VIC,Delivery Area
3461,BULLARTO SOUTH,VIC,Delivery Area
3105,BULLEEN,VIC,Delivery Area
3437,BULLENGAROOK,VIC,Delivery Area
3700,BULLIOH,VIC,Delivery Area
3875,BULLUMWAAL,VIC,Delivery Area
3821,BULN BULN,VIC,Delivery Area
3821,BULN BULN EAST,VIC,Delivery Area
3902,BUMBERRAH,VIC,Delivery Area
3634,BUNBARTHA,VIC,Delivery Area
3851,BUNDALAGUAH,VIC,Delivery Area
3730,BUNDALONG,VIC,Delivery Area
3730,BUNDALONG SOUTH,VIC,Delivery Area
3898,BUNDARA,VIC,Delivery Area
3342,BUNDING,VIC,Delivery Area
3083,BUNDOORA,VIC,Delivery Area
3465,BUNG BONG,VIC,Delivery Area
3260,BUNGADOR,VIC,Delivery Area
3334,BUNGAL,VIC,Delivery Area
3401,BUNGALALLY,VIC,Delivery Area
3352,BUNGAREE,VIC,Delivery Area
3726,BUNGEET,VIC,Delivery Area
3726,BUNGEET WEST,VIC,Delivery Area
3691,BUNGIL,VIC,Delivery Area
3527,BUNGULUKE,VIC,Delivery Area
3357,BUNINYONG,VIC,Delivery Area
3352,BUNKERS HILL,VIC,Delivery Area
3815,BUNYIP,VIC,Delivery Area
3815,BUNYIP NORTH,VIC,Delivery Area
3858,BURAGWONDUC,VIC,Delivery Area
3568,BURKES BRIDGE,VIC,Delivery Area
3475,BURKES FLAT,VIC,Delivery Area
3371,BURNBANK,VIC,Delivery Area
3558,BURNEWANG,VIC,Delivery Area
3121,BURNLEY,VIC,Delivery Area
3121,BURNLEY NORTH,VIC,Delivery Area
3023,BURNSIDE,VIC,Delivery Area
3023,BURNSIDE HEIGHTS,VIC,Delivery Area
3559,BURRAMBOOT,VIC,Delivery Area
3730,BURRAMINE,VIC,Delivery Area
3730,BURRAMINE SOUTH,VIC,Delivery Area
3709,BURROWYE,VIC,Delivery Area
3352,BURRUMBEET,VIC,Delivery Area
3125,BURWOOD,VIC,Delivery Area
3151,BURWOOD EAST,VIC,Delivery Area
3151,BURWOOD HEIGHTS,VIC,Delivery Area
3281,BUSHFIELD,VIC,Delivery Area
3860,BUSHY PARK,VIC,Delivery Area
3885,BUTCHERS RIDGE,VIC,Delivery Area
3711,BUXTON,VIC,Delivery Area
3301,BYADUK,VIC,Delivery Area
3300,BYADUK NORTH,VIC,Delivery Area
3678,BYAWATHA,VIC,Delivery Area
3762,BYLANDS,VIC,Delivery Area
3617,BYRNESIDE,VIC,Delivery Area
3505,CABARITA,VIC,Delivery Area
3364,CABBAGE TREE,VIC,Delivery Area
3889,CABBAGE TREE CREEK,VIC,Delivery Area
3442,CADELLO,VIC,Delivery Area
3023,CAIRNLEA,VIC,Delivery Area
3037,CALDER PARK,VIC,Delivery Area
3984,CALDERMEADE,VIC,Delivery Area
3556,CALIFORNIA GULLY,VIC,Delivery Area
3573,CALIVIL,VIC,Delivery Area
3387,CALLAWADDA,VIC,Delivery Area
3844,CALLIGNEE,VIC,Delivery Area
3844,CALLIGNEE NORTH,VIC,Delivery Area
3844,CALLIGNEE SOUTH,VIC,Delivery Area
3971,CALROSSIE,VIC,Delivery Area
3875,CALULU,VIC,Delivery Area
3779,CAMBARVILLE,VIC,Delivery Area
3124,CAMBERWELL,VIC,Delivery Area
3126,CAMBERWELL EAST,VIC,Delivery Area
3124,CAMBERWELL NORTH,VIC,Delivery Area
3124,CAMBERWELL SOUTH,VIC,Delivery Area
3124,CAMBERWELL WEST,VIC,Delivery Area
3352,CAMBRIAN HILL,VIC,Delivery Area
3061,CAMPBELLFIELD,VIC,Delivery Area
3387,CAMPBELLS BRIDGE,VIC,Delivery Area
3451,CAMPBELLS CREEK,VIC,Delivery Area
3556,CAMPBELLS FOREST,VIC,Delivery Area
3364,CAMPBELLTOWN,VIC,Delivery Area
3260,CAMPERDOWN,VIC,Delivery Area
3350,CANADIAN,VIC,Delivery Area
3537,CANARY ISLAND,VIC,Delivery Area
3630,CANIAMBO,VIC,Delivery Area
3890,CANN RIVER,VIC,Delivery Area
3540,CANNIE,VIC,Delivery Area
3977,CANNONS CREEK,VIC,Delivery Area
3393,CANNUM,VIC,Delivery Area
3126,CANTERBURY,VIC,Delivery Area
3305,CAPE BRIDGEWATER,VIC,Delivery Area
3351,CAPE CLEAR,VIC,Delivery Area
3888,CAPE CONRAN,VIC,Delivery Area
3233,CAPE OTWAY,VIC,Delivery Area
3995,CAPE PATERSON,VIC,Delivery Area
3939,CAPE SCHANCK,VIC,Delivery Area
3925,CAPE WOOLAMAI,VIC,Delivery Area
3940,CAPEL SOUND,VIC,Delivery Area
3579,CAPELS CROSSING,VIC,Delivery Area
3623,CARAG CARAG,VIC,Delivery Area
3371,CARALULUP,VIC,Delivery Area
3274,CARAMUT,VIC,Delivery Area
3477,CARAPOOEE,VIC,Delivery Area
3477,CARAPOOEE WEST,VIC,Delivery Area
3312,CARAPOOK,VIC,Delivery Area
3678,CARBOOR,VIC,Delivery Area
3352,CARDIGAN,VIC,Delivery Area
3352,CARDIGAN VILLAGE,VIC,Delivery Area
3978,CARDINIA,VIC,Delivery Area
3496,CARDROSS,VIC,Delivery Area
3334,CARGERIE,VIC,Delivery Area
3512,CARINA,VIC,Delivery Area
3825,CARINGAL,VIC,Delivery Area
3464,CARISBROOK,VIC,Delivery Area
3239,CARLISLE RIVER,VIC,Delivery Area
3442,CARLSRUHE,VIC,Delivery Area
3053,CARLTON,VIC,Delivery Area
3054,CARLTON NORTH,VIC,Delivery Area
3053,CARLTON SOUTH,VIC,Delivery Area
3685,CARLYLE,VIC,Delivery Area
3163,CARNEGIE,VIC,Delivery Area
3351,CARNGHAM,VIC,Delivery Area
3023,CAROLINE SPRINGS,VIC,Delivery Area
3260,CARPENDEIT,VIC,Delivery Area
3844,CARRAJUNG,VIC,Delivery Area
3844,CARRAJUNG LOWER,VIC,Delivery Area
3844,CARRAJUNG SOUTH,VIC,Delivery Area
3361,CARRANBALLAC,VIC,Delivery Area
3480,CARRON,VIC,Delivery Area
3197,CARRUM,VIC,Delivery Area
3201,CARRUM DOWNS,VIC,Delivery Area
3494,CARWARP,VIC,Delivery Area
3305,CASHMORE,VIC,Delivery Area
3898,CASSILIS,VIC,Delivery Area
3777,CASTELLA,VIC,Delivery Area
3311,CASTERTON,VIC,Delivery Area
3691,CASTLE CREEK,VIC,Delivery Area
3585,CASTLE DONNINGTON,VIC,Delivery Area
3450,CASTLEMAINE,VIC,Delivery Area
3981,CATANI,VIC,Delivery Area
3377,CATHCART,VIC,Delivery Area
3714,CATHKIN,VIC,Delivery Area
3537,CATUMNAL,VIC,Delivery Area
3162,CAULFIELD,VIC,Delivery Area
3145,CAULFIELD EAST,VIC,Delivery Area
3161,CAULFIELD JUNCTION,VIC,Delivery Area
3161,CAULFIELD NORTH,VIC,Delivery Area
3162,CAULFIELD SOUTH,VIC,Delivery Area
3660,CAVEAT,VIC,Delivery Area
3314,CAVENDISH,VIC,Delivery Area
3145,CENTRAL PARK,VIC,Delivery Area
3221,CERES,VIC,Delivery Area
3148,CHADSTONE,VIC,Delivery Area
3148,CHADSTONE CENTRE,VIC,Delivery Area
3890,CHANDLERS CREEK,VIC,Delivery Area
3352,CHAPEL FLAT,VIC,Delivery Area
3239,CHAPPLE VALE,VIC,Delivery Area
3318,CHARAM,VIC,Delivery Area
3217,CHARLEMONT,VIC,Delivery Area
3695,CHARLEROI,VIC,Delivery Area
3525,CHARLTON,VIC,Delivery Area
3379,CHATSWORTH,VIC,Delivery Area
3196,CHELSEA,VIC,Delivery Area
3196,CHELSEA HEIGHTS,VIC,Delivery Area
3192,CHELTENHAM,VIC,Delivery Area
3192,CHELTENHAM EAST,VIC,Delivery Area
3351,CHEPSTOWE,VIC,Delivery Area
3434,CHEROKEE,VIC,Delivery Area
3401,CHERRYPOOL,VIC,Delivery Area
3678,CHESHUNT,VIC,Delivery Area
3678,CHESHUNT SOUTH,VIC,Delivery Area
3725,CHESNEY VALE,VIC,Delivery Area
3312,CHETWYND,VIC,Delivery Area
3451,CHEWTON,VIC,Delivery Area
3451,CHEWTON BUSHLANDS,VIC,Delivery Area
3824,CHILDERS,VIC,Delivery Area
3585,CHILLINGOLLAH,VIC,Delivery Area
3683,CHILTERN,VIC,Delivery Area
3683,CHILTERN VALLEY,VIC,Delivery Area
3544,CHINANGIN,VIC,Delivery Area
3546,CHINKAPOOK,VIC,Delivery Area
3756,CHINTIN,VIC,Delivery Area
3116,CHIRNSIDE PARK,VIC,Delivery Area
3525,CHIRRIP,VIC,Delivery Area
3260,CHOCOLYN,VIC,Delivery Area
3775,CHRISTMAS HILLS,VIC,Delivery Area
3777,CHUM CREEK,VIC,Delivery Area
3842,CHURCHILL,VIC,Delivery Area
3925,CHURCHILL ISLAND,VIC,Delivery Area
3373,CHUTE,VIC,Delivery Area
3352,CLARENDON,VIC,Delivery Area
3352,CLARETOWN,VIC,Delivery Area
3169,CLARINDA,VIC,Delivery Area
3430,CLARKEFIELD,VIC,Delivery Area
3352,CLARKES HILL,VIC,Delivery Area
3168,CLAYTON,VIC,Delivery Area
3169,CLAYTON SOUTH,VIC,Delivery Area
3409,CLEAR LAKE,VIC,Delivery Area
3782,CLEMATIS,VIC,Delivery Area
3875,CLIFTON CREEK,VIC,Delivery Area
3068,CLIFTON HILL,VIC,Delivery Area
3222,CLIFTON SPRINGS,VIC,Delivery Area
3658,CLONBINANE,VIC,Delivery Area
3315,CLOVER FLAT,VIC,Delivery Area
3822,CLOVERLEA,VIC,Delivery Area
3889,CLUB TERRACE,VIC,Delivery Area
3370,CLUNES,VIC,Delivery Area
3978,CLYDE,VIC,Delivery Area
3978,CLYDE NORTH,VIC,Delivery Area
3851,CLYDEBANK,VIC,Delivery Area
3461,CLYDESDALE,VIC,Delivery Area
3825,COALVILLE,VIC,Delivery Area
3851,COBAINS,VIC,Delivery Area
3442,COBAW,VIC,Delivery Area
3862,COBBANNAH,VIC,Delivery Area
3900,COBBERAS,VIC,Delivery Area
3338,COBBLEBANK,VIC,Delivery Area
3266,COBDEN,VIC,Delivery Area
3643,COBRAM,VIC,Post Office Boxes
3644,COBRAM,VIC,Delivery Area
3644,COBRAM EAST,VIC,Delivery Area
3266,COBRICO,VIC,Delivery Area
3898,COBUNGRA,VIC,Delivery Area
3058,COBURG,VIC,Delivery Area
3058,COBURG NORTH,VIC,Delivery Area
3546,COCAMBA,VIC,Delivery Area
3475,COCHRANES CREEK,VIC,Delivery Area
3781,COCKATOO,VIC,Delivery Area
3030,COCOROC,VIC,Delivery Area
3285,CODRINGTON,VIC,Delivery Area
3364,COGHILLS CREEK,VIC,Delivery Area
3568,COHUNA,VIC,Delivery Area
3340,COIMADAI,VIC,Delivery Area
3542,COKUM,VIC,Delivery Area
3250,COLAC,VIC,Delivery Area
3707,COLAC COLAC,VIC,Delivery Area
3250,COLAC EAST,VIC,Delivery Area
3250,COLAC WEST,VIC,Delivery Area
3559,COLBINABBIN,VIC,Delivery Area
3342,COLBROOK,VIC,Delivery Area
3770,COLDSTREAM,VIC,Delivery Area
3315,COLERAINE,VIC,Delivery Area
3494,COLIGNAN,VIC,Delivery Area
3066,COLLINGWOOD,VIC,Delivery Area
3066,COLLINGWOOD NORTH,VIC,Delivery Area
8003,COLLINS STREET EAST,VIC,Post Office Boxes
8007,COLLINS STREET WEST,VIC,Post Office Boxes
3630,COLLIVER,VIC,Delivery Area
3889,COMBIENBAR,VIC,Delivery Area
3384,CONCONGELLA,VIC,Delivery Area
3303,CONDAH,VIC,Delivery Area
3286,CONDAH SWAMP,VIC,Delivery Area
3633,CONGUPNA,VIC,Delivery Area
3227,CONNEWARRE,VIC,Delivery Area
3318,CONNEWIRRICOO,VIC,Delivery Area
3315,COOJAR,VIC,Delivery Area
3048,COOLAROO,VIC,Delivery Area
3616,COOMA,VIC,Delivery Area
3629,COOMBOONA,VIC,Delivery Area
3461,COOMOORA,VIC,Delivery Area
3860,COONGULLA,VIC,Delivery Area
3477,COONOOER BRIDGE,VIC,Delivery Area
3477,COONOOER WEST,VIC,Delivery Area
3825,COOPERS CREEK,VIC,Delivery Area
3268,COORIEMUNGLE,VIC,Delivery Area
3480,COPE COPE,VIC,Delivery Area
3814,CORA LYNN,VIC,Delivery Area
3480,CORACK,VIC,Delivery Area
3480,CORACK EAST,VIC,Delivery Area
3249,CORAGULAC,VIC,Delivery Area
3691,CORAL BANK,VIC,Delivery Area
3352,CORINDHAP,VIC,Delivery Area
3984,CORINELLA,VIC,Delivery Area
3214,CORIO,VIC,Delivery Area
3311,CORNDALE,VIC,Delivery Area
3551,CORNELLA,VIC,Delivery Area
3683,CORNISHTOWN,VIC,Delivery Area
3984,CORONET BAY,VIC,Delivery Area
3559,COROP,VIC,Delivery Area
3558,COROP WEST,VIC,Delivery Area
3254,COROROOKE,VIC,Delivery Area
3888,CORRINGLE,VIC,Delivery Area
3707,CORRYONG,VIC,Delivery Area
3249,CORUNNUN,VIC,Delivery Area
3631,COSGROVE,VIC,Delivery Area
3631,COSGROVE SOUTH,VIC,Delivery Area
3523,COSTERFIELD,VIC,Delivery Area
3101,COTHAM,VIC,Delivery Area
3465,COTSWOLD,VIC,Delivery Area
3099,COTTLES BRIDGE,VIC,Delivery Area
3862,COWA,VIC,Delivery Area
3506,COWANGIE,VIC,Delivery Area
3922,COWES,VIC,Delivery Area
3268,COWLEYS CREEK,VIC,Delivery Area
3857,COWWARR,VIC,Delivery Area
3465,CRAIGIE,VIC,Delivery Area
3064,CRAIGIEBURN,VIC,Delivery Area
3977,CRANBOURNE,VIC,Delivery Area
3977,CRANBOURNE EAST,VIC,Delivery Area
3977,CRANBOURNE NORTH,VIC,Delivery Area
3977,CRANBOURNE SOUTH,VIC,Delivery Area
3977,CRANBOURNE WEST,VIC,Delivery Area
3669,CREEK JUNCTION,VIC,Delivery Area
3551,CREEK VIEW,VIC,Delivery Area
3666,CREIGHTONS CREEK,VIC,Delivery Area
3121,CREMORNE,VIC,Delivery Area
3322,CRESSY,VIC,Delivery Area
3363,CRESWICK,VIC,Delivery Area
3363,CRESWICK NORTH,VIC,Delivery Area
3919,CRIB POINT,VIC,Delivery Area
3193,CROMER,VIC,Delivery Area
3858,CROOKAYAN,VIC,Delivery Area
3862,CROOKED RIVER,VIC,Delivery Area
3041,CROSS KEYS,VIC,Delivery Area
3373,CROSS ROADS,VIC,Delivery Area
3283,CROSSLEY,VIC,Delivery Area
3821,CROSSOVER,VIC,Delivery Area
3377,CROWLANDS,VIC,Delivery Area
3301,CROXTON EAST,VIC,Delivery Area
3136,CROYDON,VIC,Delivery Area
3136,CROYDON HILLS,VIC,Delivery Area
3136,CROYDON NORTH,VIC,Delivery Area
3136,CROYDON SOUTH,VIC,Delivery Area
3393,CRYMELON,VIC,Delivery Area
3714,CRYSTAL CREEK,VIC,Delivery Area
3265,CUDGEE,VIC,Delivery Area
3705,CUDGEWA,VIC,Delivery Area
3530,CULGOA,VIC,Delivery Area
3315,CULLA,VIC,Delivery Area
3568,CULLEN,VIC,Delivery Area
3496,CULLULLERAINE,VIC,Delivery Area
3251,CUNDARE,VIC,Delivery Area
3251,CUNDARE NORTH,VIC,Delivery Area
3268,CURDIES RIVER,VIC,Delivery Area
3268,CURDIEVALE,VIC,Delivery Area
3222,CURLEWIS,VIC,Delivery Area
3483,CURYO,VIC,Delivery Area
3385,DADSWELLS BRIDGE,VIC,Delivery Area
3465,DAISY HILL,VIC,Delivery Area
3341,DALES CREEK,VIC,Delivery Area
3047,DALLAS,VIC,Delivery Area
3981,DALMORE,VIC,Delivery Area
3568,DALTONS BRIDGE,VIC,Delivery Area
3477,DALYENONG,VIC,Delivery Area
3992,DALYSTON,VIC,Delivery Area
3175,DANDENONG,VIC,Delivery Area
3175,DANDENONG EAST,VIC,Delivery Area
3175,DANDENONG NORTH,VIC,Delivery Area
3164,DANDENONG SOUTH,VIC,Post Office Boxes
3175,DANDENONG SOUTH,VIC,Delivery Area
3737,DANDONGADALE,VIC,Delivery Area
3862,DARGO,VIC,Delivery Area
3340,DARLEY,VIC,Delivery Area
3871,DARLIMURLA,VIC,Delivery Area
3145,DARLING,VIC,Delivery Area
3145,DARLING SOUTH,VIC,Delivery Area
3271,DARLINGTON,VIC,Delivery Area
3822,DARNUM,VIC,Delivery Area
3756,DARRAWEIT GUIM,VIC,Delivery Area
3851,DARRIMAN,VIC,Delivery Area
3304,DARTMOOR,VIC,Delivery Area
3701,DARTMOUTH,VIC,Delivery Area
3858,DAWSON,VIC,Delivery Area
3460,DAYLESFORD,VIC,Delivery Area
3363,DEAN,VIC,Delivery Area
3235,DEANS MARSH,VIC,Delivery Area
3336,DEANSIDE,VIC,Delivery Area
3888,DEDDICK VALLEY,VIC,Delivery Area
3691,DEDERANG,VIC,Delivery Area
3385,DEEP LEAD,VIC,Delivery Area
3103,DEEPDENE,VIC,Delivery Area
3023,DEER PARK,VIC,Delivery Area
3022,DEER PARK EAST,VIC,Delivery Area
3023,DEER PARK NORTH,VIC,Delivery Area
3356,DELACOMBE,VIC,Delivery Area
3037,DELAHEY,VIC,Delivery Area
3723,DELATITE,VIC,Delivery Area
3871,DELBURN,VIC,Delivery Area
3888,DELEGATE RIVER,VIC,Delivery Area
3186,DENDY,VIC,Delivery Area
3377,DENICULL CREEK,VIC,Delivery Area
3858,DENISON,VIC,Delivery Area
3280,DENNINGTON,VIC,Delivery Area
3461,DENVER,VIC,Delivery Area
3875,DEPTFORD,VIC,Delivery Area
3516,DERBY,VIC,Delivery Area
3352,DEREEL,VIC,Delivery Area
3312,DERGHOLM,VIC,Delivery Area
3026,DERRIMUT,VIC,Delivery Area
3523,DERRINAL,VIC,Delivery Area
3325,DERRINALLUM,VIC,Delivery Area
3726,DEVENISH,VIC,Delivery Area
3714,DEVILS RIVER,VIC,Delivery Area
3977,DEVON MEADOWS,VIC,Delivery Area
3971,DEVON NORTH,VIC,Delivery Area
3808,DEWHURST,VIC,Delivery Area
3610,DHURRINGILE,VIC,Delivery Area
3089,DIAMOND CREEK,VIC,Delivery Area
3309,DIGBY,VIC,Delivery Area
3427,DIGGERS REST,VIC,Delivery Area
3561,DIGGORA,VIC,Delivery Area
3414,DIMBOOLA,VIC,Delivery Area
3571,DINGEE,VIC,Delivery Area
3172,DINGLEY VILLAGE,VIC,Delivery Area
3579,DINGWALL,VIC,Delivery Area
3898,DINNER PLAIN,VIC,Delivery Area
3265,DIXIE,VIC,Delivery Area
3775,DIXONS CREEK,VIC,Delivery Area
3377,DOBIE,VIC,Delivery Area
3678,DOCKER,VIC,Delivery Area
3678,DOCKERS PLAINS,VIC,Delivery Area
3008,DOCKLANDS,VIC,Delivery Area
8012,DOCKLANDS,VIC,Post Office Boxes
3895,DOCTORS FLAT,VIC,Delivery Area
3871,DOLLAR,VIC,Delivery Area
3139,DON VALLEY,VIC,Delivery Area
3480,DONALD,VIC,Delivery Area
3108,DONCASTER,VIC,Delivery Area
3109,DONCASTER EAST,VIC,Delivery Area
3109,DONCASTER HEIGHTS,VIC,Delivery Area
3064,DONNYBROOK,VIC,Delivery Area
3111,DONVALE,VIC,Delivery Area
3478,DOOBOOBETIC,VIC,Delivery Area
3401,DOOEN,VIC,Delivery Area
3646,DOOKIE,VIC,Delivery Area
3647,DOOKIE COLLEGE,VIC,Delivery Area
3754,DOREEN,VIC,Delivery Area
3312,DORODONG,VIC,Delivery Area
3893,DOUBLE BRIDGES,VIC,Delivery Area
3409,DOUGLAS,VIC,Delivery Area
3177,DOVETON,VIC,Delivery Area
3249,DREEITE,VIC,Delivery Area
3249,DREEITE SOUTH,VIC,Delivery Area
3840,DRIFFIELD,VIC,Delivery Area
3304,DRIK DRIK,VIC,Delivery Area
3936,DROMANA,VIC,Delivery Area
3660,DROPMORE,VIC,Delivery Area
3818,DROUIN,VIC,Delivery Area
3818,DROUIN EAST,VIC,Delivery Area
3818,DROUIN SOUTH,VIC,Delivery Area
3818,DROUIN WEST,VIC,Delivery Area
3636,DRUMANURE,VIC,Delivery Area
3304,DRUMBORG,VIC,Delivery Area
3215,DRUMCONDRA,VIC,Delivery Area
3570,DRUMMARTIN,VIC,Delivery Area
3461,DRUMMOND,VIC,Delivery Area
3446,DRUMMOND NORTH,VIC,Delivery Area
3401,DRUNG,VIC,Delivery Area
3461,DRY DIGGINGS,VIC,Delivery Area
3222,DRYSDALE,VIC,Delivery Area
3409,DUCHEMBEGARRA,VIC,Delivery Area
3956,DUMBALK,VIC,Delivery Area
3956,DUMBALK NORTH,VIC,Delivery Area
3527,DUMOSA,VIC,Delivery Area
3371,DUNACH,VIC,Delivery Area
3271,DUNDONNELL,VIC,Delivery Area
3175,DUNEARN,VIC,Delivery Area
3294,DUNKELD,VIC,Delivery Area
3630,DUNKIRK,VIC,Delivery Area
3472,DUNLUCE,VIC,Delivery Area
3377,DUNNEWORTHY,VIC,Delivery Area
3352,DUNNSTOWN,VIC,Delivery Area
3472,DUNOLLY,VIC,Delivery Area
3312,DUNROBIN,VIC,Delivery Area
3342,DURDIDWARRAH,VIC,Delivery Area
3352,DURHAM LEAD,VIC,Delivery Area
3576,DURHAM OX,VIC,Delivery Area
3851,DUTSON,VIC,Delivery Area
3851,DUTSON DOWNS,VIC,Delivery Area
3305,DUTTON WAY,VIC,Delivery Area
3323,DUVERNEY,VIC,Delivery Area
3878,EAGLE POINT,VIC,Delivery Area
3556,EAGLEHAWK,VIC,Delivery Area
3556,EAGLEHAWK NORTH,VIC,Delivery Area
3084,EAGLEMONT,VIC,Delivery Area
3669,EARLSTON,VIC,Delivery Area
3875,EAST BAIRNSDALE,VIC,Delivery Area
3550,EAST BENDIGO,VIC,Delivery Area
3219,EAST GEELONG,VIC,Delivery Area
3002,EAST MELBOURNE,VIC,Delivery Area
8002,EAST MELBOURNE,VIC,Post Office Boxes
3852,EAST SALE,VIC,Delivery Area
3678,EAST WANGARATTA,VIC,Delivery Area
3799,EAST WARBURTON,VIC,Delivery Area
3231,EASTERN VIEW,VIC,Delivery Area
3463,EASTVILLE,VIC,Delivery Area
3875,EASTWOOD,VIC,Delivery Area
3691,EBDEN,VIC,Delivery Area
3564,ECHUCA,VIC,Delivery Area
3564,ECHUCA SOUTH,VIC,Delivery Area
3564,ECHUCA VILLAGE,VIC,Delivery Area
3564,ECHUCA WEST,VIC,Delivery Area
3265,ECKLIN SOUTH,VIC,Delivery Area
3472,EDDINGTON,VIC,Delivery Area
3757,EDEN PARK,VIC,Delivery Area
3318,EDENHOPE,VIC,Delivery Area
3444,EDGECOMBE,VIC,Delivery Area
3678,EDI,VIC,Delivery Area
3678,EDI UPPER,VIC,Delivery Area
3196,EDITHVALE,VIC,Delivery Area
3461,EGANSTOWN,VIC,Delivery Area
3713,EILDON,VIC,Delivery Area
3334,ELAINE,VIC,Delivery Area
3746,ELDORADO,VIC,Delivery Area
3461,ELEVATED PLAINS,VIC,Delivery Area
3266,ELINGAMITE,VIC,Delivery Area
3266,ELINGAMITE NORTH,VIC,Delivery Area
3921,ELIZABETH ISLAND,VIC,Delivery Area
3875,ELLASWOOD,VIC,Delivery Area
3265,ELLERSLIE,VIC,Delivery Area
3250,ELLIMINYT,VIC,Delivery Area
3821,ELLINBANK,VIC,Delivery Area
3469,ELMHURST,VIC,Delivery Area
3558,ELMORE,VIC,Delivery Area
3448,ELPHINSTONE,VIC,Delivery Area
3185,ELSTERNWICK,VIC,Delivery Area
3095,ELTHAM,VIC,Delivery Area
3095,ELTHAM NORTH,VIC,Delivery Area
3184,ELWOOD,VIC,Delivery Area
3782,EMERALD,VIC,Delivery Area
3475,EMU,VIC,Delivery Area
3551,EMU CREEK,VIC,Delivery Area
3802,ENDEAVOUR HILLS,VIC,Delivery Area
3352,ENFIELD,VIC,Delivery Area
3407,ENGLEFIELD,VIC,Delivery Area
3723,ENOCHS POINT,VIC,Delivery Area
3895,ENSAY,VIC,Delivery Area
3895,ENSAY NORTH,VIC,Delivery Area
3551,EPPALOCK,VIC,Delivery Area
3076,EPPING,VIC,Delivery Area
3551,EPSOM,VIC,Delivery Area
3352,ERCILDOUNE,VIC,Delivery Area
3825,ERICA,VIC,Delivery Area
3889,ERRINUNDRA,VIC,Delivery Area
3701,ESKDALE,VIC,Delivery Area
3730,ESMOND,VIC,Delivery Area
3040,ESSENDON,VIC,Delivery Area
3041,ESSENDON FIELDS,VIC,Delivery Area
3041,ESSENDON NORTH,VIC,Delivery Area
3040,ESSENDON WEST,VIC,Delivery Area
3177,EUMEMMERRING,VIC,Delivery Area
3251,EURACK,VIC,Delivery Area
3350,EUREKA,VIC,Delivery Area
3666,EUROA,VIC,Delivery Area
3739,EUROBIN,VIC,Delivery Area
3371,EVANSFORD,VIC,Delivery Area
3377,EVERSLEY,VIC,Delivery Area
3678,EVERTON,VIC,Delivery Area
3678,EVERTON UPPER,VIC,Delivery Area
3338,EXFORD,VIC,Delivery Area
3338,EYNESBURY,VIC,Delivery Area
3951,FAIRBANK,VIC,Delivery Area
3078,FAIRFIELD,VIC,Delivery Area
3231,FAIRHAVEN,VIC,Delivery Area
3579,FAIRLEY,VIC,Delivery Area
3561,FAIRY DELL,VIC,Delivery Area
3875,FAIRY DELL,VIC,Delivery Area
3699,FALLS CREEK,VIC,Delivery Area
3451,FARADAY,VIC,Delivery Area
3714,FAWCETT,VIC,Delivery Area
3060,FAWKNER,VIC,Delivery Area
3518,FENTONS CREEK,VIC,Delivery Area
3237,FERGUSON,VIC,Delivery Area
3458,FERN HILL,VIC,Delivery Area
3864,FERNBANK,VIC,Delivery Area
3821,FERNDALE,VIC,Delivery Area
3518,FERNIHURST,VIC,Delivery Area
3778,FERNSHAW,VIC,Delivery Area
3156,FERNTREE GULLY,VIC,Delivery Area
3786,FERNY CREEK,VIC,Delivery Area
3024,FIELDSTONE,VIC,Delivery Area
3518,FIERY FLAT,VIC,Delivery Area
3939,FINGAL,VIC,Delivery Area
3959,FISH CREEK,VIC,Delivery Area
3585,FISH POINT,VIC,Delivery Area
3342,FISKVILLE,VIC,Delivery Area
3065,FITZROY,VIC,Delivery Area
3068,FITZROY NORTH,VIC,Delivery Area
3875,FLAGGY CREEK,VIC,Delivery Area
3465,FLAGSTAFF,VIC,Delivery Area
3851,FLAMINGO BEACH,VIC,Delivery Area
3031,FLEMINGTON,VIC,Delivery Area
3929,FLINDERS,VIC,Delivery Area
8009,FLINDERS LANE,VIC,Post Office Boxes
3550,FLORA HILL,VIC,Delivery Area
3717,FLOWERDALE,VIC,Delivery Area
3844,FLYNN,VIC,Delivery Area
3844,FLYNNS CREEK,VIC,Delivery Area
3011,FOOTSCRAY,VIC,Delivery Area
3764,FORBES,VIC,Delivery Area
3131,FOREST HILL,VIC,Delivery Area
3875,FORGE CREEK,VIC,Delivery Area
3236,FORREST,VIC,Delivery Area
3960,FOSTER,VIC,Delivery Area
3960,FOSTER NORTH,VIC,Delivery Area
3557,FOSTERVILLE,VIC,Delivery Area
3805,FOUNTAIN GATE,VIC,Delivery Area
3323,FOXHOW,VIC,Delivery Area
3265,FRAMLINGHAM,VIC,Delivery Area
3265,FRAMLINGHAM EAST,VIC,Delivery Area
3461,FRANKLINFORD,VIC,Delivery Area
3199,FRANKSTON,VIC,Delivery Area
3199,FRANKSTON EAST,VIC,Delivery Area
3199,FRANKSTON HEIGHTS,VIC,Delivery Area
3200,FRANKSTON NORTH,VIC,Delivery Area
3199,FRANKSTON SOUTH,VIC,Delivery Area
3336,FRASER RISE,VIC,Delivery Area
3741,FREEBURGH,VIC,Delivery Area
3921,FRENCH ISLAND,VIC,Delivery Area
3384,FRENCHMANS,VIC,Delivery Area
3217,FRESHWATER CREEK,VIC,Delivery Area
3451,FRYERSTOWN,VIC,Delivery Area
3851,FULHAM,VIC,Delivery Area
3825,FUMINA,VIC,Delivery Area
3825,FUMINA SOUTH,VIC,Delivery Area
3381,FYANS CREEK,VIC,Delivery Area
3218,FYANSFORD,VIC,Delivery Area
3723,GAFFNEYS CREEK,VIC,Delivery Area
3822,GAINSBOROUGH,VIC,Delivery Area
3568,GANNAWARRA,VIC,Delivery Area
3737,GAPSTED,VIC,Delivery Area
3207,GARDEN CITY,VIC,Delivery Area
3185,GARDENVALE,VIC,Delivery Area
3814,GARFIELD,VIC,Delivery Area
3814,GARFIELD NORTH,VIC,Delivery Area
3352,GARIBALDI,VIC,Delivery Area
3265,GARVOC,VIC,Delivery Area
3691,GATEWAY ISLAND,VIC,Delivery Area
3407,GATUM,VIC,Delivery Area
3289,GAZETTE,VIC,Delivery Area
3220,GEELONG,VIC,Delivery Area
3221,GEELONG MC,VIC,Delivery Area
3215,GEELONG NORTH,VIC,Delivery Area
3218,GEELONG WEST,VIC,Delivery Area
3885,GELANTIPY,VIC,Delivery Area
3239,GELLIBRAND,VIC,Delivery Area
3237,GELLIBRAND LOWER,VIC,Delivery Area
3971,GELLIONDALE,VIC,Delivery Area
3783,GEMBROOK,VIC,Delivery Area
3891,GENOA,VIC,Delivery Area
3833,GENTLE ANNIE,VIC,Delivery Area
3700,GEORGES CREEK,VIC,Delivery Area
3546,GERAHMIN,VIC,Delivery Area
3418,GERANG GERUNG,VIC,Delivery Area
3249,GERANGAMETE,VIC,Delivery Area
3387,GERMANIA,VIC,Delivery Area
3741,GERMANTOWN,VIC,Delivery Area
3289,GERRIGERRUP,VIC,Delivery Area
3240,GHERANG,VIC,Delivery Area
3331,GHERINGHAP,VIC,Delivery Area
3717,GHIN GHIN,VIC,Delivery Area
3851,GIFFARD,VIC,Delivery Area
3851,GIFFARD WEST,VIC,Delivery Area
3480,GIL GIL,VIC,Delivery Area
3072,GILBERTON,VIC,Delivery Area
3797,GILDEROY,VIC,Delivery Area
3616,GILLIESTON,VIC,Delivery Area
3858,GILLUM,VIC,Delivery Area
3841,GIPPSLAND MC,VIC,Post Office Boxes
3891,GIPSY POINT,VIC,Delivery Area
3624,GIRGARRE,VIC,Delivery Area
3616,GIRGARRE EAST,VIC,Delivery Area
3437,GISBORNE,VIC,Delivery Area
3437,GISBORNE SOUTH,VIC,Delivery Area
3575,GLADFIELD,VIC,Delivery Area
3043,GLADSTONE PARK,VIC,Delivery Area
3797,GLADYSDALE,VIC,Delivery Area
3979,GLEN ALVIE,VIC,Delivery Area
3691,GLEN CREEK,VIC,Delivery Area
3990,GLEN FORBES,VIC,Delivery Area
3163,GLEN HUNTLY,VIC,Delivery Area
3146,GLEN IRIS,VIC,Delivery Area
3352,GLEN PARK,VIC,Delivery Area
3898,GLEN VALLEY,VIC,Delivery Area
3150,GLEN WAVERLEY,VIC,Delivery Area
3898,GLEN WILLS,VIC,Delivery Area
3238,GLENAIRE,VIC,Delivery Area
3864,GLENALADALE,VIC,Delivery Area
3517,GLENALBYN,VIC,Delivery Area
3764,GLENAROUA,VIC,Delivery Area
3352,GLENBRAE,VIC,Delivery Area
3717,GLENBURN,VIC,Delivery Area
3363,GLENDARUEL,VIC,Delivery Area
3364,GLENDONALD,VIC,Delivery Area
3858,GLENFALLOCH,VIC,Delivery Area
3122,GLENFERRIE SOUTH,VIC,Delivery Area
3266,GLENFYNE,VIC,Delivery Area
3020,GLENGALA,VIC,Delivery Area
3854,GLENGARRY,VIC,Delivery Area
3854,GLENGARRY NORTH,VIC,Delivery Area
3854,GLENGARRY WEST,VIC,Delivery Area
3370,GLENGOWER,VIC,Delivery Area
3444,GLENHOPE,VIC,Delivery Area
3522,GLENHOPE EAST,VIC,Delivery Area
3314,GLENISLA,VIC,Delivery Area
3418,GLENLEE,VIC,Delivery Area
3469,GLENLOFTY,VIC,Delivery Area
3469,GLENLOGIE,VIC,Delivery Area
3527,GLENLOTH,VIC,Delivery Area
3527,GLENLOTH EAST,VIC,Delivery Area
3451,GLENLUCE,VIC,Delivery Area
3461,GLENLYON,VIC,Delivery Area
3858,GLENMAGGIE,VIC,Delivery Area
3340,GLENMORE,VIC,Delivery Area
3385,GLENORCHY,VIC,Delivery Area
3265,GLENORMISTON,VIC,Delivery Area
3265,GLENORMISTON NORTH,VIC,Delivery Area
3265,GLENORMISTON SOUTH,VIC,Delivery Area
3469,GLENPATRICK,VIC,Delivery Area
3675,GLENROWAN,VIC,Delivery Area
3675,GLENROWAN WEST,VIC,Delivery Area
3046,GLENROY,VIC,Delivery Area
3293,GLENTHOMPSON,VIC,Delivery Area
3851,GLOMAR BEACH,VIC,Delivery Area
3221,GNARWARRE,VIC,Delivery Area
3260,GNOTUK,VIC,Delivery Area
3559,GOBARUP,VIC,Delivery Area
3719,GOBUR,VIC,Delivery Area
3851,GOLDEN BEACH,VIC,Delivery Area
3555,GOLDEN GULLY,VIC,Delivery Area
3350,GOLDEN POINT,VIC,Delivery Area
3451,GOLDEN POINT,VIC,Delivery Area
3465,GOLDEN POINT,VIC,Delivery Area
3555,GOLDEN SQUARE,VIC,Delivery Area
3435,GOLDIE,VIC,Delivery Area
3472,GOLDSBOROUGH,VIC,Delivery Area
3352,GONG GONG,VIC,Delivery Area
3579,GONN CROSSING,VIC,Delivery Area
3673,GOOMALIBEE,VIC,Delivery Area
3875,GOON NURE,VIC,Delivery Area
3888,GOONGERAH,VIC,Delivery Area
3666,GOORAM,VIC,Delivery Area
3685,GOORAMADDA,VIC,Delivery Area
3725,GOORAMBAT,VIC,Delivery Area
3557,GOORNONG,VIC,Delivery Area
3477,GOOROC,VIC,Delivery Area
3305,GORAE,VIC,Delivery Area
3305,GORAE WEST,VIC,Delivery Area
3345,GORDON,VIC,Delivery Area
3873,GORMANDALE,VIC,Delivery Area
3412,GOROKE,VIC,Delivery Area
3585,GOSCHEN,VIC,Delivery Area
3723,GOUGHS BAY,VIC,Delivery Area
3608,GOULBURN WEIR,VIC,Delivery Area
3043,GOWANBRAE,VIC,Delivery Area
3544,GOWANFORD,VIC,Delivery Area
3669,GOWANGARDIE,VIC,Delivery Area
3477,GOWAR EAST,VIC,Delivery Area
3463,GOWER,VIC,Delivery Area
3631,GRAHAMVALE,VIC,Delivery Area
3314,GRAMPIANS,VIC,Delivery Area
3870,GRAND RIDGE,VIC,Delivery Area
3335,GRANGEFIELDS,VIC,Delivery Area
3525,GRANITE FLAT,VIC,Delivery Area
3875,GRANITE ROCK,VIC,Delivery Area
3984,GRANTVILLE,VIC,Delivery Area
3701,GRANYA,VIC,Delivery Area
3409,GRASS FLAT,VIC,Delivery Area
3302,GRASSDALE,VIC,Delivery Area
3281,GRASSMERE,VIC,Delivery Area
3477,GRAYS BRIDGE,VIC,Delivery Area
3608,GRAYTOWN,VIC,Delivery Area
3477,GRE GRE,VIC,Delivery Area
3477,GRE GRE NORTH,VIC,Delivery Area
3477,GRE GRE SOUTH,VIC,Delivery Area
3685,GREAT SOUTHERN,VIC,Delivery Area
3374,GREAT WESTERN,VIC,Delivery Area
3537,GREDGWIN,VIC,Delivery Area
3462,GREEN GULLY,VIC,Delivery Area
3341,GREENDALE,VIC,Delivery Area
3444,GREENHILL,VIC,Delivery Area
3387,GREENS CREEK,VIC,Delivery Area
3088,GREENSBOROUGH,VIC,Delivery Area
3059,GREENVALE,VIC,Delivery Area
3304,GREENWALD,VIC,Delivery Area
3352,GRENVILLE,VIC,Delivery Area
3675,GRETA,VIC,Delivery Area
3675,GRETA SOUTH,VIC,Delivery Area
3675,GRETA WEST,VIC,Delivery Area
3234,GREY RIVER,VIC,Delivery Area
3104,GREYTHORN,VIC,Delivery Area
3315,GRINGEGALGONA,VIC,Delivery Area
3315,GRITJURK,VIC,Delivery Area
3216,GROVEDALE,VIC,Delivery Area
3216,GROVEDALE EAST,VIC,Delivery Area
3770,GRUYERE,VIC,Delivery Area
3451,GUILDFORD,VIC,Delivery Area
3566,GUNBOWER,VIC,Delivery Area
3691,GUNDOWRING,VIC,Delivery Area
3960,GUNYAH,VIC,Delivery Area
3709,GUYS FOREST,VIC,Delivery Area
3807,GUYS HILL,VIC,Delivery Area
3401,GYMBOWEN,VIC,Delivery Area
3351,HADDON,VIC,Delivery Area
3046,HADFIELD,VIC,Delivery Area
3803,HALLAM,VIC,Delivery Area
3818,HALLORA,VIC,Delivery Area
3381,HALLS GAP,VIC,Delivery Area
3953,HALLSTON,VIC,Delivery Area
3300,HAMILTON,VIC,Delivery Area
3215,HAMLYN HEIGHTS,VIC,Delivery Area
3188,HAMPTON,VIC,Delivery Area
3188,HAMPTON EAST,VIC,Delivery Area
3188,HAMPTON NORTH,VIC,Delivery Area
3976,HAMPTON PARK,VIC,Delivery Area
3675,HANSONVILLE,VIC,Delivery Area
3360,HAPPY VALLEY,VIC,Delivery Area
3549,HAPPY VALLEY,VIC,Delivery Area
3453,HARCOURT,VIC,Delivery Area
3453,HARCOURT NORTH,VIC,Delivery Area
3806,HARKAWAY,VIC,Delivery Area
3337,HARKNESS,VIC,Delivery Area
3995,HARMERS HAVEN,VIC,Delivery Area
3741,HARRIETVILLE,VIC,Delivery Area
3317,HARROW,VIC,Delivery Area
3616,HARSTON,VIC,Delivery Area
3124,HARTWELL,VIC,Delivery Area
3915,HASTINGS,VIC,Delivery Area
3501,HATTAH,VIC,Delivery Area
3465,HAVELOCK,VIC,Delivery Area
3401,HAVEN,VIC,Delivery Area
3737,HAVILAH,VIC,Delivery Area
3287,HAWKESDALE,VIC,Delivery Area
3862,HAWKHURST,VIC,Delivery Area
3142,HAWKSBURN,VIC,Delivery Area
3122,HAWTHORN,VIC,Delivery Area
3123,HAWTHORN EAST,VIC,Delivery Area
3122,HAWTHORN NORTH,VIC,Delivery Area
3122,HAWTHORN WEST,VIC,Delivery Area
3888,HAYDENS BOG,VIC,Delivery Area
3966,HAZEL PARK,VIC,Delivery Area
3658,HAZELDENE,VIC,Delivery Area
3840,HAZELWOOD,VIC,Delivery Area
3840,HAZELWOOD NORTH,VIC,Delivery Area
3840,HAZELWOOD SOUTH,VIC,Delivery Area
3777,HEALESVILLE,VIC,Delivery Area
3777,HEALESVILLE MAIN STREET,VIC,Delivery Area
3981,HEATH HILL,VIC,Delivery Area
3523,HEATHCOTE,VIC,Delivery Area
3758,HEATHCOTE JUNCTION,VIC,Delivery Area
3523,HEATHCOTE SOUTH,VIC,Delivery Area
3202,HEATHERTON,VIC,Delivery Area
3305,HEATHMERE,VIC,Delivery Area
3135,HEATHMONT,VIC,Delivery Area
3134,HEATHWOOD,VIC,Delivery Area
3967,HEDLEY,VIC,Delivery Area
3084,HEIDELBERG,VIC,Delivery Area
3081,HEIDELBERG HEIGHTS,VIC,Delivery Area
3081,HEIDELBERG RGH,VIC,Delivery Area
3081,HEIDELBERG WEST,VIC,Delivery Area
3301,HENSLEY PARK,VIC,Delivery Area
3312,HENTY,VIC,Delivery Area
3461,HEPBURN,VIC,Delivery Area
3461,HEPBURN SPRINGS,VIC,Delivery Area
3218,HERNE HILL,VIC,Delivery Area
3825,HERNES OAK,VIC,Delivery Area
3442,HESKET,VIC,Delivery Area
3321,HESSE,VIC,Delivery Area
3273,HEXHAM,VIC,Delivery Area
3858,HEYFIELD,VIC,Delivery Area
3268,HEYTESBURY LOWER,VIC,Delivery Area
3304,HEYWOOD,VIC,Delivery Area
3847,HIAMDALE,VIC,Delivery Area
3971,HIAWATHA,VIC,Delivery Area
3764,HIGH CAMP,VIC,Delivery Area
3190,HIGHETT,VIC,Delivery Area
3660,HIGHLANDS,VIC,Delivery Area
3032,HIGHPOINT CITY,VIC,Delivery Area
3216,HIGHTON,VIC,Delivery Area
3315,HILGAY,VIC,Delivery Area
3825,HILL END,VIC,Delivery Area
3351,HILLCREST,VIC,Delivery Area
3660,HILLDENE,VIC,Delivery Area
3037,HILLSIDE,VIC,Delivery Area
3875,HILLSIDE,VIC,Delivery Area
3898,HINNOMUNJIE,VIC,Delivery Area
3920,HMAS CERBERUS,VIC,Delivery Area
3139,HODDLES CREEK,VIC,Delivery Area
3862,HOLLANDS LANDING,VIC,Delivery Area
3148,HOLMESGLEN,VIC,Delivery Area
3465,HOMEBUSH,VIC,Delivery Area
3304,HOMERTON,VIC,Delivery Area
3717,HOMEWOOD,VIC,Delivery Area
3396,HOPETOUN,VIC,Delivery Area
3162,HOPETOUN GARDENS,VIC,Delivery Area
3340,HOPETOUN PARK,VIC,Delivery Area
3029,HOPPERS CROSSING,VIC,Delivery Area
3238,HORDERN VALE,VIC,Delivery Area
3567,HORFIELD,VIC,Delivery Area
3400,HORSHAM,VIC,Delivery Area
3402,HORSHAM,VIC,Post Office Boxes
3741,HOTHAM HEIGHTS,VIC,Delivery Area
3051,HOTHAM HILL,VIC,Delivery Area
3303,HOTSPUR,VIC,Delivery Area
3128,HOUSTON,VIC,Delivery Area
3723,HOWES CREEK,VIC,Delivery Area
3858,HOWITT PLAINS,VIC,Delivery Area
3723,HOWQUA,VIC,Delivery Area
3723,HOWQUA HILLS,VIC,Delivery Area
3723,HOWQUA INLET,VIC,Delivery Area
3166,HUGHESDALE,VIC,Delivery Area
3757,HUMEVALE,VIC,Delivery Area
3558,HUNTER,VIC,Delivery Area
3971,HUNTERSTON,VIC,Delivery Area
3166,HUNTINGDALE,VIC,Delivery Area
3551,HUNTLY,VIC,Delivery Area
3551,HUNTLY NORTH,VIC,Delivery Area
3695,HUON,VIC,Delivery Area
3691,HUON CREEK,VIC,Delivery Area
3099,HURSTBRIDGE,VIC,Delivery Area
3833,ICY CREEK,VIC,Delivery Area
3875,IGUANA CREEK,VIC,Delivery Area
3351,ILLABAROOK,VIC,Delivery Area
3381,ILLAWARRA,VIC,Delivery Area
3282,ILLOWA,VIC,Delivery Area
3223,INDENTED HEAD,VIC,Delivery Area
3688,INDIGO VALLEY,VIC,Delivery Area
3517,INGLEWOOD,VIC,Delivery Area
3342,INGLISTON,VIC,Delivery Area
3472,INKERMAN,VIC,Delivery Area
3636,INVERGORDON,VIC,Delivery Area
3321,INVERLEIGH,VIC,Delivery Area
3996,INVERLOCH,VIC,Delivery Area
3352,INVERMAY,VIC,Delivery Area
3350,INVERMAY PARK,VIC,Delivery Area
3815,IONA,VIC,Delivery Area
3494,IRAAK,VIC,Delivery Area
3451,IRISHTOWN,VIC,Delivery Area
3550,IRONBARK,VIC,Delivery Area
3249,IRREWARRA,VIC,Delivery Area
3249,IRREWILLIPE,VIC,Delivery Area
3249,IRREWILLIPE EAST,VIC,Delivery Area
3498,IRYMPLE,VIC,Delivery Area
3079,IVANHOE,VIC,Delivery Area
3079,IVANHOE EAST,VIC,Delivery Area
3079,IVANHOE NORTH,VIC,Delivery Area
3047,JACANA,VIC,Delivery Area
3971,JACK RIVER,VIC,Delivery Area
3556,JACKASS FLAT,VIC,Delivery Area
3825,JACOB CREEK,VIC,Delivery Area
3984,JAM JERRUP,VIC,Delivery Area
3723,JAMIESON,VIC,Delivery Area
3228,JAN JUC,VIC,Delivery Area
3266,JANCOURT,VIC,Delivery Area
3266,JANCOURT EAST,VIC,Delivery Area
3517,JARKLIN,VIC,Delivery Area
3888,JARRAHMOND,VIC,Delivery Area
3700,JARVIS CREEK,VIC,Delivery Area
3840,JEERALANG,VIC,Delivery Area
3840,JEERALANG JUNCTION,VIC,Delivery Area
3945,JEETHO,VIC,Delivery Area
3480,JEFFCOTT,VIC,Delivery Area
3480,JEFFCOTT NORTH,VIC,Delivery Area
3423,JEPARIT,VIC,Delivery Area
3825,JERICHO,VIC,Delivery Area
3527,JERUK,VIC,Delivery Area
3483,JIL JIL,VIC,Delivery Area
3409,JILPANGER,VIC,Delivery Area
3818,JINDIVICK,VIC,Delivery Area
3384,JOEL JOEL,VIC,Delivery Area
3384,JOEL SOUTH,VIC,Delivery Area
3238,JOHANNA,VIC,Delivery Area
3902,JOHNSONVILLE,VIC,Delivery Area
3870,JOHNSTONES HILL,VIC,Delivery Area
3148,JORDANVILLE,VIC,Delivery Area
3364,JOYCES CREEK,VIC,Delivery Area
3869,JUMBUK,VIC,Delivery Area
3951,JUMBUNNA,VIC,Delivery Area
3977,JUNCTION VILLAGE,VIC,Delivery Area
3401,JUNG,VIC,Delivery Area
3575,JUNGABURRA,VIC,Delivery Area
3551,JUNORTOUN,VIC,Delivery Area
3635,KAARIMBA,VIC,Delivery Area
3318,KADNOOK,VIC,Delivery Area
3909,KALIMNA,VIC,Delivery Area
3909,KALIMNA WEST,VIC,Delivery Area
3064,KALKALLO,VIC,Delivery Area
3401,KALKEE,VIC,Delivery Area
3791,KALLISTA,VIC,Delivery Area
3766,KALORAMA,VIC,Delivery Area
3529,KALPIENUNG,VIC,Delivery Area
3570,KAMAROOKA,VIC,Delivery Area
3571,KAMAROOKA NORTH,VIC,Delivery Area
3401,KANAGULK,VIC,Delivery Area
3691,KANCOONA,VIC,Delivery Area
3555,KANGAROO FLAT,VIC,Delivery Area
3097,KANGAROO GROUND,VIC,Delivery Area
3419,KANIVA,VIC,Delivery Area
3719,KANUMBRA,VIC,Delivery Area
3387,KANYA,VIC,Delivery Area
3564,KANYAPELLA,VIC,Delivery Area
3294,KARABEAL,VIC,Delivery Area
3951,KARDELLA,VIC,Delivery Area
3950,KARDELLA SOUTH,VIC,Delivery Area
3260,KARIAH,VIC,Delivery Area
3199,KARINGAL,VIC,Delivery Area
3199,KARINGAL CENTRE,VIC,Delivery Area
3401,KARNAK,VIC,Delivery Area
3631,KARRAMOMUS,VIC,Delivery Area
3483,KARYRIE,VIC,Delivery Area
3649,KATAMATITE,VIC,Delivery Area
3649,KATAMATITE EAST,VIC,Delivery Area
3634,KATANDRA,VIC,Delivery Area
3634,KATANDRA WEST,VIC,Delivery Area
3640,KATUNGA,VIC,Delivery Area
3249,KAWARREN,VIC,Delivery Area
3021,KEALBA,VIC,Delivery Area
3568,KEELY,VIC,Delivery Area
3036,KEILOR,VIC,Delivery Area
3038,KEILOR DOWNS,VIC,Delivery Area
3033,KEILOR EAST,VIC,Delivery Area
3038,KEILOR LODGE,VIC,Delivery Area
3036,KEILOR NORTH,VIC,Delivery Area
3042,KEILOR PARK,VIC,Delivery Area
3393,KELLALAC,VIC,Delivery Area
3666,KELVIN VIEW,VIC,Delivery Area
3597,KENLEY,VIC,Delivery Area
3395,KENMARE,VIC,Delivery Area
3239,KENNEDYS CREEK,VIC,Delivery Area
3234,KENNETT RIVER,VIC,Delivery Area
3550,KENNINGTON,VIC,Delivery Area
3031,KENSINGTON,VIC,Delivery Area
3579,KERANG,VIC,Delivery Area
3579,KERANG EAST,VIC,Delivery Area
3691,KERGUNYAH,VIC,Delivery Area
3691,KERGUNYAH SOUTH,VIC,Delivery Area
3979,KERNOT,VIC,Delivery Area
3434,KERRIE,VIC,Delivery Area
3129,KERRIMUIR,VIC,Delivery Area
3660,KERRISDALE,VIC,Delivery Area
3723,KEVINGTON,VIC,Delivery Area
3101,KEW,VIC,Delivery Area
3102,KEW EAST,VIC,Delivery Area
3390,KEWELL,VIC,Delivery Area
3173,KEYSBOROUGH,VIC,Delivery Area
3631,KIALLA,VIC,Delivery Area
3631,KIALLA EAST,VIC,Delivery Area
3631,KIALLA WEST,VIC,Delivery Area
3418,KIATA,VIC,Delivery Area
3691,KIEWA,VIC,Delivery Area
3995,KILCUNDA,VIC,Delivery Area
3312,KILLARA,VIC,Delivery Area
3691,KILLARA,VIC,Delivery Area
3283,KILLARNEY,VIC,Delivery Area
3678,KILLAWARRA,VIC,Delivery Area
3717,KILLINGWORTH,VIC,Delivery Area
3851,KILMANY,VIC,Delivery Area
3764,KILMORE,VIC,Delivery Area
3764,KILMORE EAST,VIC,Delivery Area
3137,KILSYTH,VIC,Delivery Area
3137,KILSYTH SOUTH,VIC,Delivery Area
3551,KIMBOLTON,VIC,Delivery Area
3678,KING VALLEY,VIC,Delivery Area
3763,KINGLAKE,VIC,Delivery Area
3757,KINGLAKE CENTRAL,VIC,Delivery Area
3757,KINGLAKE WEST,VIC,Delivery Area
3517,KINGOWER,VIC,Delivery Area
3021,KINGS PARK,VIC,Delivery Area
3083,KINGSBURY,VIC,Delivery Area
3364,KINGSTON,VIC,Delivery Area
3012,KINGSVILLE,VIC,Delivery Area
3483,KINNABULLA,VIC,Delivery Area
3520,KINYPANIAL,VIC,Delivery Area
3283,KIRKSTALL,VIC,Delivery Area
3608,KIRWANS BRIDGE,VIC,Delivery Area
3666,KITHBROOK,VIC,Delivery Area
3286,KNEBSWORTH,VIC,Delivery Area
3723,KNOCKWOOD,VIC,Delivery Area
3523,KNOWSLEY,VIC,Delivery Area
3152,KNOX CITY CENTRE,VIC,Delivery Area
3180,KNOXFIELD,VIC,Delivery Area
3260,KOALLAH,VIC,Delivery Area
3704,KOETONG,VIC,Delivery Area
3265,KOLORA,VIC,Delivery Area
3951,KONGWAK,VIC,Delivery Area
3315,KONONGWOOTONG,VIC,Delivery Area
3981,KOO WEE RUP,VIC,Delivery Area
3981,KOO WEE RUP NORTH,VIC,Delivery Area
3597,KOOLOONONG,VIC,Delivery Area
3669,KOONDA,VIC,Delivery Area
3580,KOONDROOK,VIC,Delivery Area
3644,KOONOOMOO,VIC,Delivery Area
3954,KOONWARRA,VIC,Delivery Area
3477,KOOREH,VIC,Delivery Area
3501,KOORLONG,VIC,Delivery Area
3844,KOORNALLA,VIC,Delivery Area
3364,KOOROOCHEANG,VIC,Delivery Area
3860,KOOROOL,VIC,Delivery Area
3953,KOOROOMAN,VIC,Delivery Area
3144,KOOYONG,VIC,Delivery Area
3714,KORIELLA,VIC,Delivery Area
3341,KOROBEIT,VIC,Delivery Area
3282,KOROIT,VIC,Delivery Area
3520,KORONG VALE,VIC,Delivery Area
3579,KOROOP,VIC,Delivery Area
3950,KORUMBURRA,VIC,Delivery Area
3950,KORUMBURRA SOUTH,VIC,Delivery Area
3461,KORWEINGUBOORA,VIC,Delivery Area
3565,KOTTA,VIC,Delivery Area
3638,KOTUPNA,VIC,Delivery Area
3622,KOYUGA,VIC,Delivery Area
3945,KROWERA,VIC,Delivery Area
3490,KULWIN,VIC,Delivery Area
3585,KUNAT,VIC,Delivery Area
3930,KUNYUNG,VIC,Delivery Area
3518,KURRACA,VIC,Delivery Area
3518,KURRACA WEST,VIC,Delivery Area
3517,KURTING,VIC,Delivery Area
3337,KURUNJANG,VIC,Delivery Area
3619,KYABRAM,VIC,Post Office Boxes
3620,KYABRAM,VIC,Delivery Area
3620,KYABRAM SOUTH,VIC,Delivery Area
3444,KYNETON,VIC,Delivery Area
3444,KYNETON SOUTH,VIC,Delivery Area
3621,KYVALLEY,VIC,Delivery Area
3083,LA TROBE UNIVERSITY,VIC,Delivery Area
3086,LA TROBE UNIVERSITY,VIC,Post Office Boxes
3463,LAANECOORIE,VIC,Delivery Area
3265,LAANG,VIC,Delivery Area
3816,LABERTOUCHE,VIC,Delivery Area
3130,LABURNUM,VIC,Delivery Area
3678,LACEBY,VIC,Delivery Area
3523,LADYS PASS,VIC,Delivery Area
3480,LAEN,VIC,Delivery Area
3480,LAEN EAST,VIC,Delivery Area
3480,LAEN NORTH,VIC,Delivery Area
3393,LAH,VIC,Delivery Area
3401,LAHARUM,VIC,Delivery Area
3584,LAKE BOGA,VIC,Delivery Area
3351,LAKE BOLAC,VIC,Delivery Area
3909,LAKE BUNGA,VIC,Delivery Area
3581,LAKE CHARM,VIC,Delivery Area
3303,LAKE CONDAH,VIC,Delivery Area
3713,LAKE EILDON,VIC,Delivery Area
3551,LAKE EPPALOCK,VIC,Delivery Area
3381,LAKE FYANS,VIC,Delivery Area
3355,LAKE GARDENS,VIC,Delivery Area
3373,LAKE GOLDSMITH,VIC,Delivery Area
3381,LAKE LONSDALE,VIC,Delivery Area
3525,LAKE MARMAL,VIC,Delivery Area
3579,LAKE MERAN,VIC,Delivery Area
3312,LAKE MUNDI,VIC,Delivery Area
3597,LAKE POWELL,VIC,Delivery Area
3727,LAKE ROWAN,VIC,Delivery Area
3887,LAKE TYERS,VIC,Delivery Area
3909,LAKE TYERS BEACH,VIC,Delivery Area
3533,LAKE TYRRELL,VIC,Delivery Area
3851,LAKE WELLINGTON,VIC,Delivery Area
3350,LAKE WENDOUREE,VIC,Delivery Area
3373,LAKE WONGAN,VIC,Delivery Area
3909,LAKES ENTRANCE,VIC,Delivery Area
3352,LAL LAL,VIC,Delivery Area
3542,LALBERT,VIC,Delivery Area
3075,LALOR,VIC,Delivery Area
3352,LAMPLOUGH,VIC,Delivery Area
3620,LANCASTER,VIC,Delivery Area
3995,LANCE CREEK,VIC,Delivery Area
3435,LANCEFIELD,VIC,Delivery Area
3384,LANDSBOROUGH,VIC,Delivery Area
3384,LANDSBOROUGH WEST,VIC,Delivery Area
3984,LANG LANG,VIC,Delivery Area
3984,LANG LANG EAST,VIC,Delivery Area
3363,LANGDONS HILL,VIC,Delivery Area
3352,LANGI KAL KAL,VIC,Delivery Area
3377,LANGI LOGAN,VIC,Delivery Area
3318,LANGKOOP,VIC,Delivery Area
3444,LANGLEY,VIC,Delivery Area
3971,LANGSBOROUGH,VIC,Delivery Area
3910,LANGWARRIN,VIC,Delivery Area
3911,LANGWARRIN SOUTH,VIC,Delivery Area
3555,LANSELL PLAZA,VIC,Delivery Area
3212,LARA,VIC,Delivery Area
3821,LARDNER,VIC,Delivery Area
3249,LARPENT,VIC,Delivery Area
3325,LARRALEA,VIC,Delivery Area
3487,LASCELLES,VIC,Delivery Area
3139,LAUNCHING PLACE,VIC,Delivery Area
3444,LAURISTON,VIC,Delivery Area
3238,LAVERS HILL,VIC,Delivery Area
3028,LAVERTON,VIC,Delivery Area
3026,LAVERTON NORTH,VIC,Delivery Area
8010,LAW COURTS,VIC,Post Office Boxes
3480,LAWLER,VIC,Delivery Area
3418,LAWLOIT,VIC,Delivery Area
3364,LAWRENCE,VIC,Delivery Area
3537,LEAGHUR,VIC,Delivery Area
3352,LEARMONTH,VIC,Delivery Area
3385,LEDCOURT,VIC,Delivery Area
3516,LEICHARDT,VIC,Delivery Area
3352,LEIGH CREEK,VIC,Delivery Area
3567,LEITCHVILLE,VIC,Delivery Area
3631,LEMNOS,VIC,Delivery Area
3691,LENEVA,VIC,Delivery Area
3461,LEONARDS HILL,VIC,Delivery Area
3953,LEONGATHA,VIC,Delivery Area
3953,LEONGATHA NORTH,VIC,Delivery Area
3953,LEONGATHA SOUTH,VIC,Delivery Area
3224,LEOPOLD,VIC,Delivery Area
3458,LERDERDERG,VIC,Delivery Area
3260,LESLIE MANOR,VIC,Delivery Area
3332,LETHBRIDGE,VIC,Delivery Area
3352,LEXTON,VIC,Delivery Area
3858,LICOLA,VIC,Delivery Area
3858,LICOLA NORTH,VIC,Delivery Area
3820,LILLICO,VIC,Delivery Area
3371,LILLICUR,VIC,Delivery Area
3420,LILLIMUR,VIC,Delivery Area
3682,LILLIPUT,VIC,Delivery Area
3140,LILYDALE,VIC,Delivery Area
3673,LIMA,VIC,Delivery Area
3673,LIMA EAST,VIC,Delivery Area
3673,LIMA SOUTH,VIC,Delivery Area
3717,LIMESTONE,VIC,Delivery Area
3865,LINDENOW,VIC,Delivery Area
3875,LINDENOW SOUTH,VIC,Delivery Area
3312,LINDSAY,VIC,Delivery Area
3496,LINDSAY POINT,VIC,Delivery Area
3509,LINGA,VIC,Delivery Area
3360,LINTON,VIC,Delivery Area
3549,LIPAROO,VIC,Delivery Area
3324,LISMORE,VIC,Delivery Area
3480,LITCHFIELD,VIC,Delivery Area
3418,LITTLE DESERT,VIC,Delivery Area
3458,LITTLE HAMPTON,VIC,Delivery Area
8011,LITTLE LONSDALE STREET,VIC,Post Office Boxes
3211,LITTLE RIVER,VIC,Delivery Area
3551,LLANELLY,VIC,Delivery Area
3862,LLOWALONG,VIC,Delivery Area
3945,LOCH,VIC,Delivery Area
3851,LOCH SPORT,VIC,Delivery Area
3833,LOCH VALLEY,VIC,Delivery Area
3563,LOCKINGTON,VIC,Delivery Area
3665,LOCKSLEY,VIC,Delivery Area
3551,LOCKWOOD,VIC,Delivery Area
3551,LOCKWOOD SOUTH,VIC,Delivery Area
3575,LODDON VALE,VIC,Delivery Area
3475,LOGAN,VIC,Delivery Area
3678,LONDRIGAN,VIC,Delivery Area
3340,LONG FOREST,VIC,Delivery Area
3550,LONG GULLY,VIC,Delivery Area
3401,LONGERENONG,VIC,Delivery Area
3851,LONGFORD,VIC,Delivery Area
3551,LONGLEA,VIC,Delivery Area
3816,LONGWARRY,VIC,Delivery Area
3816,LONGWARRY NORTH,VIC,Delivery Area
3665,LONGWOOD,VIC,Delivery Area
3666,LONGWOOD EAST,VIC,Delivery Area
3232,LORNE,VIC,Delivery Area
3418,LORQUON,VIC,Delivery Area
3213,LOVELY BANKS,VIC,Delivery Area
3639,LOWER MOIRA,VIC,Delivery Area
3401,LOWER NORTON,VIC,Delivery Area
3093,LOWER PLENTY,VIC,Delivery Area
3844,LOY YANG,VIC,Delivery Area
3385,LUBECK,VIC,Delivery Area
3350,LUCAS,VIC,Delivery Area
3875,LUCKNOW,VIC,Delivery Area
3691,LUCYVALE,VIC,Delivery Area
3673,LURG,VIC,Delivery Area
3444,LYAL,VIC,Delivery Area
3975,LYNBROOK,VIC,Delivery Area
3975,LYNDHURST,VIC,Delivery Area
3304,LYONS,VIC,Delivery Area
3461,LYONVILLE,VIC,Delivery Area
3156,LYSTERFIELD,VIC,Delivery Area
3156,LYSTERFIELD SOUTH,VIC,Delivery Area
3286,MACARTHUR,VIC,Delivery Area
3782,MACCLESFIELD,VIC,Delivery Area
3440,MACEDON,VIC,Delivery Area
3971,MACKS CREEK,VIC,Delivery Area
3085,MACLEOD,VIC,Delivery Area
3085,MACLEOD WEST,VIC,Delivery Area
3579,MACORNA,VIC,Delivery Area
3568,MACORNA NORTH,VIC,Delivery Area
3723,MACS COVE,VIC,Delivery Area
3971,MADALYA,VIC,Delivery Area
3340,MADDINGLEY,VIC,Delivery Area
3379,MAFEKING,VIC,Delivery Area
3860,MAFFRA,VIC,Delivery Area
3859,MAFFRA WEST UPPER,VIC,Delivery Area
3352,MAGPIE,VIC,Delivery Area
3551,MAIDEN GULLY,VIC,Delivery Area
3012,MAIDSTONE,VIC,Delivery Area
3275,MAILORS FLAT,VIC,Delivery Area
3373,MAIN LEAD,VIC,Delivery Area
3928,MAIN RIDGE,VIC,Delivery Area
3723,MAINDAMPLE,VIC,Delivery Area
3714,MAINTONGOON,VIC,Delivery Area
3725,MAJOR PLAINS,VIC,Delivery Area
3465,MAJORCA,VIC,Delivery Area
3463,MALDON,VIC,Delivery Area
3892,MALLACOOTA,VIC,Delivery Area
3446,MALMSBURY,VIC,Delivery Area
3144,MALVERN,VIC,Delivery Area
3145,MALVERN EAST,VIC,Delivery Area
3144,MALVERN NORTH,VIC,Delivery Area
3024,MAMBOURIN,VIC,Delivery Area
3546,MANANGATANG,VIC,Delivery Area
3551,MANDURANG,VIC,Delivery Area
3551,MANDURANG SOUTH,VIC,Delivery Area
3663,MANGALORE,VIC,Delivery Area
3218,MANIFOLD HEIGHTS,VIC,Delivery Area
3222,MANNERIM,VIC,Delivery Area
3360,MANNIBADAR,VIC,Delivery Area
3971,MANNS BEACH,VIC,Delivery Area
3024,MANOR LAKES,VIC,Delivery Area
3889,MANORINA,VIC,Delivery Area
3722,MANSFIELD,VIC,Delivery Area
3724,MANSFIELD,VIC,Post Office Boxes
3891,MARAMINGO CREEK,VIC,Delivery Area
3222,MARCUS HILL,VIC,Delivery Area
3953,MARDAN,VIC,Delivery Area
3233,MARENGO,VIC,Delivery Area
3032,MARIBYRNONG,VIC,Delivery Area
3634,MARIONVALE,VIC,Delivery Area
3678,MARKWOOD,VIC,Delivery Area
3483,MARLBED,VIC,Delivery Area
3888,MARLO,VIC,Delivery Area
3387,MARNOO,VIC,Delivery Area
3477,MARNOO EAST,VIC,Delivery Area
3387,MARNOO WEST,VIC,Delivery Area
3515,MARONG,VIC,Delivery Area
3377,MAROONA,VIC,Delivery Area
3669,MARRAWEENEY,VIC,Delivery Area
3216,MARSHALL,VIC,Delivery Area
3875,MARTHAVALE,VIC,Delivery Area
3634,MARUNGI,VIC,Delivery Area
3465,MARYBOROUGH,VIC,Delivery Area
3812,MARYKNOLL,VIC,Delivery Area
3779,MARYSVILLE,VIC,Delivery Area
3840,MARYVALE,VIC,Delivery Area
3482,MASSEY,VIC,Delivery Area
3723,MATLOCK,VIC,Delivery Area
3331,MAUDE,VIC,Delivery Area
3938,MCCRAE,VIC,Delivery Area
3472,MCINTYRE,VIC,Delivery Area
3401,MCKENZIE CREEK,VIC,Delivery Area
3451,MCKENZIE HILL,VIC,Delivery Area
3204,MCKINNON,VIC,Delivery Area
3874,MCLOUGHLINS BEACH,VIC,Delivery Area
3799,MCMAHONS CREEK,VIC,Delivery Area
3568,MCMILLANS,VIC,Delivery Area
3568,MEAD,VIC,Delivery Area
3678,MEADOW CREEK,VIC,Delivery Area
3048,MEADOW HEIGHTS,VIC,Delivery Area
3585,MEATIAN,VIC,Delivery Area
3478,MEDLYN,VIC,Delivery Area
3956,MEENIYAN,VIC,Delivery Area
3579,MEERING WEST,VIC,Delivery Area
3862,MEERLIEU,VIC,Delivery Area
3000,MELBOURNE,VIC,Delivery Area
3001,MELBOURNE,VIC,Post Office Boxes
3004,MELBOURNE,VIC,Delivery Area
8001,MELBOURNE,VIC,Post Office Boxes
3045,MELBOURNE AIRPORT,VIC,Delivery Area
8783,MELBOURNE AIRPORT,VIC,Post Office Boxes
3052,MELBOURNE UNIVERSITY,VIC,Delivery Area
3337,MELTON,VIC,Delivery Area
3338,MELTON SOUTH,VIC,Delivery Area
3337,MELTON WEST,VIC,Delivery Area
3315,MELVILLE FOREST,VIC,Delivery Area
3875,MELWOOD,VIC,Delivery Area
3373,MENA PARK,VIC,Delivery Area
3194,MENTONE,VIC,Delivery Area
3194,MENTONE EAST,VIC,Delivery Area
3159,MENZIES CREEK,VIC,Delivery Area
3277,MEPUNGA,VIC,Delivery Area
3277,MEPUNGA EAST,VIC,Delivery Area
3277,MEPUNGA WEST,VIC,Delivery Area
3505,MERBEIN,VIC,Delivery Area
3505,MERBEIN SOUTH,VIC,Delivery Area
3505,MERBEIN WEST,VIC,Delivery Area
3333,MEREDITH,VIC,Delivery Area
3496,MERINGUR,VIC,Delivery Area
3310,MERINO,VIC,Delivery Area
3058,MERLYNSTON,VIC,Delivery Area
3754,MERNDA,VIC,Delivery Area
3737,MERRIANG,VIC,Delivery Area
3737,MERRIANG SOUTH,VIC,Delivery Area
3916,MERRICKS,VIC,Delivery Area
3926,MERRICKS BEACH,VIC,Delivery Area
3926,MERRICKS NORTH,VIC,Delivery Area
3618,MERRIGUM,VIC,Delivery Area
3723,MERRIJIG,VIC,Delivery Area
3875,MERRIJIG,VIC,Delivery Area
3340,MERRIMU,VIC,Delivery Area
3496,MERRINEE,VIC,Delivery Area
3715,MERTON,VIC,Delivery Area
3448,METCALFE,VIC,Delivery Area
3444,METCALFE EAST,VIC,Delivery Area
3904,METUNG,VIC,Delivery Area
3444,MIA MIA,VIC,Delivery Area
3064,MICKLEHAM,VIC,Delivery Area
3124,MIDDLE CAMBERWELL,VIC,Delivery Area
3375,MIDDLE CREEK,VIC,Delivery Area
3206,MIDDLE PARK,VIC,Delivery Area
3956,MIDDLE TARWIN,VIC,Delivery Area
3666,MIEPOLL,VIC,Delivery Area
3409,MIGA LAKE,VIC,Delivery Area
3678,MILAWA,VIC,Delivery Area
3500,MILDURA,VIC,Delivery Area
3502,MILDURA,VIC,Post Office Boxes
3501,MILDURA CENTRE PLAZA,VIC,Delivery Area
3501,MILDURA SOUTH,VIC,Delivery Area
3500,MILDURA WEST,VIC,Delivery Area
3082,MILL PARK,VIC,Delivery Area
3352,MILLBROOK,VIC,Delivery Area
3799,MILLGROVE,VIC,Delivery Area
3572,MILLOO,VIC,Delivery Area
3304,MILLTOWN,VIC,Delivery Area
3579,MILNES BRIDGE,VIC,Delivery Area
3575,MINCHA,VIC,Delivery Area
3568,MINCHA WEST,VIC,Delivery Area
3352,MINERS REST,VIC,Delivery Area
3324,MINGAY,VIC,Delivery Area
3287,MINHAMITE,VIC,Delivery Area
3413,MINIMAY,VIC,Delivery Area
3351,MININERA,VIC,Delivery Area
3276,MINJAH,VIC,Delivery Area
3537,MINMINDIE,VIC,Delivery Area
3392,MINYIP,VIC,Delivery Area
3862,MIOWERA,VIC,Delivery Area
3596,MIRALIE,VIC,Delivery Area
3415,MIRAM,VIC,Delivery Area
3871,MIRBOO,VIC,Delivery Area
3871,MIRBOO NORTH,VIC,Delivery Area
3722,MIRIMBAH,VIC,Delivery Area
3294,MIRRANATWA,VIC,Delivery Area
3132,MITCHAM,VIC,Delivery Area
3132,MITCHAM NORTH,VIC,Delivery Area
3355,MITCHELL PARK,VIC,Delivery Area
3608,MITCHELLSTOWN,VIC,Delivery Area
3573,MITIAMO,VIC,Delivery Area
3409,MITRE,VIC,Delivery Area
3701,MITTA MITTA,VIC,Delivery Area
3490,MITTYACK,VIC,Delivery Area
3401,MOCKINYA,VIC,Delivery Area
3816,MODELLA,VIC,Delivery Area
3240,MODEWARRE,VIC,Delivery Area
3825,MOE,VIC,Delivery Area
3825,MOE SOUTH,VIC,Delivery Area
3231,MOGGS CREEK,VIC,Delivery Area
3666,MOGLONEMBY,VIC,Delivery Area
3381,MOKEPILLY,VIC,Delivery Area
3718,MOLESWORTH,VIC,Delivery Area
3472,MOLIAGUL,VIC,Delivery Area
3666,MOLKA,VIC,Delivery Area
3352,MOLLONGGHIP,VIC,Delivery Area
3575,MOLOGA,VIC,Delivery Area
3673,MOLYULLAH,VIC,Delivery Area
3800,MONASH UNIVERSITY,VIC,Post Office Boxes
3793,MONBULK,VIC,Delivery Area
3433,MONEGEETTA,VIC,Delivery Area
3691,MONGANS BRIDGE,VIC,Delivery Area
3860,MONOMAK,VIC,Delivery Area
3984,MONOMEITH,VIC,Delivery Area
3127,MONT ALBERT,VIC,Delivery Area
3129,MONT ALBERT NORTH,VIC,Delivery Area
3851,MONTGOMERY,VIC,Delivery Area
3094,MONTMORENCY,VIC,Delivery Area
3765,MONTROSE,VIC,Delivery Area
3224,MOOLAP,VIC,Delivery Area
3477,MOOLERR,VIC,Delivery Area
3465,MOOLORT,VIC,Delivery Area
3478,MOONAMBEL,VIC,Delivery Area
3825,MOONDARRA,VIC,Delivery Area
3039,MOONEE PONDS,VIC,Delivery Area
3055,MOONEE VALE,VIC,Delivery Area
3450,MOONLIGHT FLAT,VIC,Delivery Area
3465,MOONLIGHT FLAT,VIC,Delivery Area
3612,MOORA,VIC,Delivery Area
3189,MOORABBIN,VIC,Delivery Area
3194,MOORABBIN AIRPORT,VIC,Delivery Area
3189,MOORABBIN EAST,VIC,Delivery Area
3213,MOORABOOL,VIC,Delivery Area
3314,MOORALLA,VIC,Delivery Area
3610,MOORILIM,VIC,Delivery Area
3523,MOORMBOOL WEST,VIC,Delivery Area
3862,MOORNAPA,VIC,Delivery Area
3673,MOORNGAG,VIC,Delivery Area
3933,MOOROODUC,VIC,Delivery Area
3138,MOOROOLBARK,VIC,Delivery Area
3629,MOOROOPNA,VIC,Delivery Area
3629,MOOROOPNA NORTH,VIC,Delivery Area
3616,MOOROOPNA NORTH WEST,VIC,Delivery Area
3764,MORANDING,VIC,Delivery Area
3195,MORDIALLOC,VIC,Delivery Area
3058,MORELAND,VIC,Delivery Area
3055,MORELAND WEST,VIC,Delivery Area
3301,MORGIANA,VIC,Delivery Area
3240,MORIAC,VIC,Delivery Area
3931,MORNINGTON,VIC,Delivery Area
3860,MOROKA,VIC,Delivery Area
3334,MORRISONS,VIC,Delivery Area
3387,MORRL MORRL,VIC,Delivery Area
3272,MORTLAKE,VIC,Delivery Area
3482,MORTON PLAINS,VIC,Delivery Area
3840,MORWELL,VIC,Delivery Area
3885,MOSSIFACE,VIC,Delivery Area
3709,MOUNT ALFRED,VIC,Delivery Area
3699,MOUNT BEAUTY,VIC,Delivery Area
3363,MOUNT BECKWORTH,VIC,Delivery Area
3960,MOUNT BEST,VIC,Delivery Area
3352,MOUNT BOLTON,VIC,Delivery Area
3675,MOUNT BRUNO,VIC,Delivery Area
3740,MOUNT BUFFALO,VIC,Delivery Area
3723,MOUNT BULLER,VIC,Delivery Area
3781,MOUNT BURNETT,VIC,Delivery Area
3324,MOUNT BUTE,VIC,Delivery Area
3523,MOUNT CAMEL,VIC,Delivery Area
3370,MOUNT CAMERON,VIC,Delivery Area
3350,MOUNT CLEAR,VIC,Delivery Area
3377,MOUNT COLE,VIC,Delivery Area
3377,MOUNT COLE CREEK,VIC,Delivery Area
3024,MOUNT COTTRELL,VIC,Delivery Area
3767,MOUNT DANDENONG,VIC,Delivery Area
3334,MOUNT DORAN,VIC,Delivery Area
3381,MOUNT DRYDEN,VIC,Delivery Area
3217,MOUNT DUNEED,VIC,Delivery Area
3953,MOUNT ECCLES,VIC,Delivery Area
3953,MOUNT ECCLES SOUTH,VIC,Delivery Area
3352,MOUNT EGERTON,VIC,Delivery Area
3930,MOUNT ELIZA,VIC,Delivery Area
3351,MOUNT EMU,VIC,Delivery Area
3796,MOUNT EVELYN,VIC,Delivery Area
3461,MOUNT FRANKLIN,VIC,Delivery Area
3371,MOUNT GLASGOW,VIC,Delivery Area
3350,MOUNT HELEN,VIC,Delivery Area
3472,MOUNT HOOGHLY,VIC,Delivery Area
3741,MOUNT HOTHAM,VIC,Delivery Area
3468,MOUNT LONARCH,VIC,Delivery Area
3441,MOUNT MACEDON,VIC,Delivery Area
3646,MOUNT MAJOR,VIC,Delivery Area
3934,MOUNT MARTHA,VIC,Delivery Area
3352,MOUNT MERCER,VIC,Delivery Area
3240,MOUNT MORIAC,VIC,Delivery Area
3301,MOUNT NAPIER,VIC,Delivery Area
3350,MOUNT PLEASANT,VIC,Delivery Area
3364,MOUNT PROSPECT,VIC,Delivery Area
3305,MOUNT RICHMOND,VIC,Delivery Area
3352,MOUNT ROWAN,VIC,Delivery Area
3236,MOUNT SABINE,VIC,Delivery Area
3844,MOUNT TASSIE,VIC,Delivery Area
3875,MOUNT TAYLOR,VIC,Delivery Area
3777,MOUNT TOOLEBEWONG,VIC,Delivery Area
3342,MOUNT WALLACE,VIC,Delivery Area
3149,MOUNT WAVERLEY,VIC,Delivery Area
3723,MOUNTAIN BAY,VIC,Delivery Area
3156,MOUNTAIN GATE,VIC,Delivery Area
3988,MOUNTAIN VIEW,VIC,Delivery Area
3294,MOUTAJUP,VIC,Delivery Area
3951,MOYARRA,VIC,Delivery Area
3732,MOYHU,VIC,Delivery Area
3477,MOYREISK,VIC,Delivery Area
3377,MOYSTON,VIC,Delivery Area
3644,MUCKATAH,VIC,Delivery Area
3451,MUCKLEFORD,VIC,Delivery Area
3462,MUCKLEFORD SOUTH,VIC,Delivery Area
3737,MUDGEGONGA,VIC,Delivery Area
3170,MULGRAVE,VIC,Delivery Area
3304,MUMBANNAR,VIC,Delivery Area
3635,MUNDOONA,VIC,Delivery Area
3862,MUNRO,VIC,Delivery Area
3315,MUNTHAM,VIC,Delivery Area
3610,MURCHISON,VIC,Delivery Area
3610,MURCHISON EAST,VIC,Delivery Area
3610,MURCHISON NORTH,VIC,Delivery Area
3218,MURGHEBOLUC,VIC,Delivery Area
3747,MURMUNGEE,VIC,Delivery Area
3544,MURNUNGIN,VIC,Delivery Area
3551,MURPHYS CREEK,VIC,Delivery Area
3401,MURRA WARRA,VIC,Delivery Area
3579,MURRABIT,VIC,Delivery Area
3579,MURRABIT WEST,VIC,Delivery Area
3586,MURRAWEE,VIC,Delivery Area
3490,MURRAY-SUNSET,VIC,Delivery Area
3586,MURRAYDALE,VIC,Delivery Area
3512,MURRAYVILLE,VIC,Delivery Area
3885,MURRINDAL,VIC,Delivery Area
3717,MURRINDINDI,VIC,Delivery Area
3243,MURROON,VIC,Delivery Area
3163,MURRUMBEENA,VIC,Delivery Area
3390,MURTOA,VIC,Delivery Area
3461,MUSK,VIC,Delivery Area
3461,MUSK VALE,VIC,Delivery Area
3557,MUSKERRY,VIC,Delivery Area
3533,MYALL,VIC,Delivery Area
3579,MYALL,VIC,Delivery Area
3304,MYAMYN,VIC,Delivery Area
3556,MYERS FLAT,VIC,Delivery Area
3551,MYOLA,VIC,Delivery Area
3341,MYRNIONG,VIC,Delivery Area
3732,MYRRHEE,VIC,Delivery Area
3551,MYRTLE CREEK,VIC,Delivery Area
3851,MYRTLEBANK,VIC,Delivery Area
3736,MYRTLEFORD,VIC,Post Office Boxes
3737,MYRTLEFORD,VIC,Delivery Area
3518,MYSIA,VIC,Delivery Area
3579,MYSTIC PARK,VIC,Delivery Area
3641,MYWEE,VIC,Delivery Area
3608,NAGAMBIE,VIC,Delivery Area
3249,NALANGIL,VIC,Delivery Area
3646,NALINGA,VIC,Delivery Area
3847,NAMBROK,VIC,Delivery Area
3533,NANDALY,VIC,Delivery Area
3781,NANGANA,VIC,Delivery Area
3312,NANGEELA,VIC,Delivery Area
3494,NANGILOC,VIC,Delivery Area
3561,NANNEELLA,VIC,Delivery Area
3860,NAP NAP MARRA,VIC,Delivery Area
3352,NAPOLEONS,VIC,Delivery Area
3812,NAR NAR GOON,VIC,Delivery Area
3812,NAR NAR GOON NORTH,VIC,Delivery Area
3778,NARBETHONG,VIC,Delivery Area
3293,NAREEB,VIC,Delivery Area
3315,NAREEN,VIC,Delivery Area
3525,NAREEWILLOCK,VIC,Delivery Area
3707,NARIEL VALLEY,VIC,Delivery Area
3636,NARING,VIC,Delivery Area
3277,NARINGAL,VIC,Delivery Area
3277,NARINGAL EAST,VIC,Delivery Area
3266,NAROGHID,VIC,Delivery Area
3824,NARRACAN,VIC,Delivery Area
3483,NARRAPORT,VIC,Delivery Area
3293,NARRAPUMELAP SOUTH,VIC,Delivery Area
3285,NARRAWONG,VIC,Delivery Area
3805,NARRE WARREN,VIC,Delivery Area
3804,NARRE WARREN EAST,VIC,Delivery Area
3804,NARRE WARREN NORTH,VIC,Delivery Area
3805,NARRE WARREN SOUTH,VIC,Delivery Area
3597,NARRUNG,VIC,Delivery Area
3638,NATHALIA,VIC,Delivery Area
3409,NATIMUK,VIC,Delivery Area
3465,NATTE YALLOCK,VIC,Delivery Area
3597,NATYA,VIC,Delivery Area
3384,NAVARRE,VIC,Delivery Area
3352,NAVIGATORS,VIC,Delivery Area
3832,NAYOOK,VIC,Delivery Area
3496,NEDS CORNER,VIC,Delivery Area
3463,NEEREMAN,VIC,Delivery Area
3831,NEERIM,VIC,Delivery Area
3831,NEERIM EAST,VIC,Delivery Area
3832,NEERIM JUNCTION,VIC,Delivery Area
3832,NEERIM NORTH,VIC,Delivery Area
3831,NEERIM SOUTH,VIC,Delivery Area
3570,NEILBOROUGH,VIC,Delivery Area
3699,NELSE,VIC,Delivery Area
3292,NELSON,VIC,Delivery Area
3953,NERRENA,VIC,Delivery Area
3351,NERRIN NERRIN,VIC,Delivery Area
3350,NERRINA,VIC,Delivery Area
3373,NERRING,VIC,Delivery Area
3418,NETHERBY,VIC,Delivery Area
3413,NEUARPURR,VIC,Delivery Area
3438,NEW GISBORNE,VIC,Delivery Area
3825,NEWBOROUGH,VIC,Delivery Area
3551,NEWBRIDGE,VIC,Delivery Area
3458,NEWBURY,VIC,Delivery Area
3219,NEWCOMB,VIC,Delivery Area
3268,NEWFIELD,VIC,Delivery Area
3442,NEWHAM,VIC,Delivery Area
3925,NEWHAVEN,VIC,Delivery Area
3350,NEWINGTON,VIC,Delivery Area
3875,NEWLANDS ARM,VIC,Delivery Area
3364,NEWLYN,VIC,Delivery Area
3364,NEWLYN NORTH,VIC,Delivery Area
3886,NEWMERELLA,VIC,Delivery Area
3015,NEWPORT,VIC,Delivery Area
3859,NEWRY,VIC,Delivery Area
3462,NEWSTEAD,VIC,Delivery Area
3220,NEWTOWN,VIC,Delivery Area
3351,NEWTOWN,VIC,Delivery Area
3418,NHILL,VIC,Delivery Area
3501,NICHOLS POINT,VIC,Delivery Area
3882,NICHOLSON,VIC,Delivery Area
3042,NIDDRIE,VIC,Delivery Area
3042,NIDDRIE NORTH,VIC,Delivery Area
3821,NILMA,VIC,Delivery Area
3821,NILMA NORTH,VIC,Delivery Area
3533,NINDA,VIC,Delivery Area
3518,NINE MILE,VIC,Delivery Area
3351,NINTINGBOOL,VIC,Delivery Area
3527,NINYEUNOOK,VIC,Delivery Area
3268,NIRRANDA,VIC,Delivery Area
3268,NIRRANDA EAST,VIC,Delivery Area
3268,NIRRANDA SOUTH,VIC,Delivery Area
3174,NOBLE PARK,VIC,Delivery Area
3174,NOBLE PARK NORTH,VIC,Delivery Area
3833,NOOJEE,VIC,Delivery Area
3265,NOORAT,VIC,Delivery Area
3265,NOORAT EAST,VIC,Delivery Area
3890,NOORINBEE,VIC,Delivery Area
3890,NOORINBEE NORTH,VIC,Delivery Area
3409,NORADJUHA,VIC,Delivery Area
3214,NORLANE,VIC,Delivery Area
3579,NORMANVILLE,VIC,Delivery Area
3682,NORONG,VIC,Delivery Area
3550,NORTH BENDIGO,VIC,Delivery Area
3458,NORTH BLACKWOOD,VIC,Delivery Area
3215,NORTH GEELONG,VIC,Delivery Area
3051,NORTH MELBOURNE,VIC,Delivery Area
9999,NORTH POLE,VIC,Delivery Area
3187,NORTH ROAD,VIC,Delivery Area
3214,NORTH SHORE,VIC,Delivery Area
3678,NORTH WANGARATTA,VIC,Delivery Area
3113,NORTH WARRANDYTE,VIC,Delivery Area
3995,NORTH WONTHAGGI,VIC,Delivery Area
3070,NORTHCOTE,VIC,Delivery Area
3070,NORTHCOTE SOUTH,VIC,Delivery Area
3072,NORTHLAND CENTRE,VIC,Delivery Area
3660,NORTHWOOD,VIC,Delivery Area
3377,NORVAL,VIC,Delivery Area
3168,NOTTING HILL,VIC,Delivery Area
3887,NOWA NOWA,VIC,Delivery Area
3469,NOWHERE CREEK,VIC,Delivery Area
3585,NOWIE,VIC,Delivery Area
3737,NUG NUG,VIC,Delivery Area
3463,NUGGETTY,VIC,Delivery Area
3435,NULLA VALE,VIC,Delivery Area
3268,NULLAWARRE,VIC,Delivery Area
3268,NULLAWARRE NORTH,VIC,Delivery Area
3529,NULLAWIL,VIC,Delivery Area
3636,NUMURKAH,VIC,Delivery Area
3131,NUNAWADING,VIC,Delivery Area
3909,NUNGURNER,VIC,Delivery Area
3896,NUNNIONG,VIC,Delivery Area
3401,NURCOUNG,VIC,Delivery Area
3401,NURRABIEL,VIC,Delivery Area
3888,NURRAN,VIC,Delivery Area
3099,NUTFIELD,VIC,Delivery Area
3594,NYAH,VIC,Delivery Area
3595,NYAH WEST,VIC,Delivery Area
3533,NYARRIN,VIC,Delivery Area
3909,NYERIMILANG,VIC,Delivery Area
3987,NYORA,VIC,Delivery Area
3585,NYRRABY,VIC,Delivery Area
3046,OAK PARK,VIC,Delivery Area
3063,OAKLANDS JUNCTION,VIC,Delivery Area
3166,OAKLEIGH,VIC,Delivery Area
3166,OAKLEIGH EAST,VIC,Delivery Area
3167,OAKLEIGH SOUTH,VIC,Delivery Area
3540,OAKVALE,VIC,Delivery Area
3880,OCEAN GRANGE,VIC,Delivery Area
3226,OCEAN GROVE,VIC,Delivery Area
3809,OFFICER,VIC,Delivery Area
3809,OFFICER SOUTH,VIC,Delivery Area
3701,OLD TALLANGATTA,VIC,Delivery Area
3788,OLINDA,VIC,Delivery Area
3241,OMBERSLEY,VIC,Delivery Area
3898,OMEO,VIC,Delivery Area
3898,OMEO VALLEY,VIC,Delivery Area
3249,ONDIT,VIC,Delivery Area
3888,ORBOST,VIC,Delivery Area
3284,ORFORD,VIC,Delivery Area
3204,ORMOND,VIC,Delivery Area
3631,ORRVALE,VIC,Delivery Area
3691,OSBORNES FLAT,VIC,Delivery Area
3951,OUTTRIM,VIC,Delivery Area
3490,OUYEN,VIC,Delivery Area
3738,OVENS,VIC,Delivery Area
3678,OXLEY,VIC,Delivery Area
3678,OXLEY FLATS,VIC,Delivery Area
3413,OZENKADNOOK,VIC,Delivery Area
3268,PAARATTE,VIC,Delivery Area
3551,PAINSWICK,VIC,Delivery Area
3810,PAKENHAM,VIC,Delivery Area
3810,PAKENHAM SOUTH,VIC,Delivery Area
3810,PAKENHAM UPPER,VIC,Delivery Area
3512,PANITYA,VIC,Delivery Area
3265,PANMURE,VIC,Delivery Area
3759,PANTON HILL,VIC,Delivery Area
3477,PARADISE,VIC,Delivery Area
3851,PARADISE BEACH,VIC,Delivery Area
3240,PARAPARAP,VIC,Delivery Area
3114,PARK ORCHARDS,VIC,Delivery Area
3195,PARKDALE,VIC,Delivery Area
3052,PARKVILLE,VIC,Delivery Area
3340,PARWAN,VIC,Delivery Area
3315,PASCHENDALE,VIC,Delivery Area
3044,PASCOE VALE,VIC,Delivery Area
3044,PASCOE VALE SOUTH,VIC,Delivery Area
3444,PASTORIA,VIC,Delivery Area
3444,PASTORIA EAST,VIC,Delivery Area
3491,PATCHEWOLLOCK,VIC,Delivery Area
3564,PATHO,VIC,Delivery Area
3204,PATTERSON,VIC,Delivery Area
3197,PATTERSON LAKES,VIC,Delivery Area
3318,PATYAH,VIC,Delivery Area
3880,PAYNESVILLE,VIC,Delivery Area
3912,PEARCEDALE,VIC,Delivery Area
3851,PEARSONDALE,VIC,Delivery Area
3678,PEECHELBA,VIC,Delivery Area
3678,PEECHELBA EAST,VIC,Delivery Area
3727,PELLUEBLA,VIC,Delivery Area
3235,PENNYROYAL,VIC,Delivery Area
3289,PENSHURST,VIC,Delivery Area
3586,PENTAL ISLAND,VIC,Delivery Area
3341,PENTLAND HILLS,VIC,Delivery Area
3478,PERCYDALE,VIC,Delivery Area
3413,PERONNE,VIC,Delivery Area
3862,PERRY BRIDGE,VIC,Delivery Area
3270,PETERBOROUGH,VIC,Delivery Area
3233,PETTICOAT CREEK,VIC,Delivery Area
3757,PHEASANT CREEK,VIC,Delivery Area
3597,PIANGIL,VIC,Delivery Area
3572,PIAVELLA,VIC,Delivery Area
3639,PICOLA,VIC,Delivery Area
3639,PICOLA WEST,VIC,Delivery Area
3833,PIEDMONT,VIC,Delivery Area
3533,PIER MILAN,VIC,Delivery Area
3407,PIGEON PONDS,VIC,Delivery Area
3351,PIGGOREET,VIC,Delivery Area
3401,PIMPINIO,VIC,Delivery Area
3573,PINE GROVE,VIC,Delivery Area
3631,PINE LODGE,VIC,Delivery Area
3709,PINE MOUNTAIN,VIC,Delivery Area
3579,PINE VIEW,VIC,Delivery Area
3200,PINES FOREST,VIC,Delivery Area
3149,PINEWOOD,VIC,Delivery Area
3984,PIONEER BAY,VIC,Delivery Area
3444,PIPERS CREEK,VIC,Delivery Area
3585,PIRA,VIC,Delivery Area
3723,PIRIES,VIC,Delivery Area
3249,PIRRON YALLOCK,VIC,Delivery Area
3351,PITFIELD,VIC,Delivery Area
3360,PITTONG,VIC,Delivery Area
3090,PLENTY,VIC,Delivery Area
3335,PLUMPTON,VIC,Delivery Area
3030,POINT COOK,VIC,Delivery Area
3916,POINT LEO,VIC,Delivery Area
3225,POINT LONSDALE,VIC,Delivery Area
3212,POINT WILSON,VIC,Delivery Area
3585,POLISBET,VIC,Delivery Area
3260,POMBORNEIT,VIC,Delivery Area
3249,POMBORNEIT EAST,VIC,Delivery Area
3260,POMBORNEIT NORTH,VIC,Delivery Area
3381,POMONAL,VIC,Delivery Area
3571,POMPAPIEL,VIC,Delivery Area
3312,POOLAIJELO,VIC,Delivery Area
3352,POOTILLA,VIC,Delivery Area
3988,POOWONG,VIC,Delivery Area
3988,POOWONG EAST,VIC,Delivery Area
3988,POOWONG NORTH,VIC,Delivery Area
3461,PORCUPINE RIDGE,VIC,Delivery Area
3740,POREPUNKAH,VIC,Delivery Area
3971,PORT ALBERT,VIC,Delivery Area
3269,PORT CAMPBELL,VIC,Delivery Area
3284,PORT FAIRY,VIC,Delivery Area
3964,PORT FRANKLIN,VIC,Delivery Area
3207,PORT MELBOURNE,VIC,Delivery Area
3965,PORT WELSHPOOL,VIC,Delivery Area
3223,PORTARLINGTON,VIC,Delivery Area
3305,PORTLAND,VIC,Delivery Area
3305,PORTLAND NORTH,VIC,Delivery Area
3305,PORTLAND WEST,VIC,Delivery Area
3944,PORTSEA,VIC,Delivery Area
3996,POUND CREEK,VIC,Delivery Area
3797,POWELLTOWN,VIC,Delivery Area
3312,POWERS CREEK,VIC,Delivery Area
3517,POWLETT PLAINS,VIC,Delivery Area
3181,PRAHRAN,VIC,Delivery Area
3181,PRAHRAN EAST,VIC,Delivery Area
3572,PRAIRIE,VIC,Delivery Area
3666,PRANJIP,VIC,Delivery Area
3685,PRENTICE NORTH,VIC,Delivery Area
3072,PRESTON,VIC,Delivery Area
3072,PRESTON LOWER,VIC,Delivery Area
3072,PRESTON SOUTH,VIC,Delivery Area
3072,PRESTON WEST,VIC,Delivery Area
3054,PRINCES HILL,VIC,Delivery Area
3269,PRINCETOWN,VIC,Delivery Area
3662,PUCKAPUNYAL,VIC,Delivery Area
3271,PURA PURA,VIC,Delivery Area
3289,PURDEET,VIC,Delivery Area
3278,PURNIM,VIC,Delivery Area
3278,PURNIM WEST,VIC,Delivery Area
3521,PYALONG,VIC,Delivery Area
3575,PYRAMID HILL,VIC,Delivery Area
3540,QUAMBATOOK,VIC,Delivery Area
3030,QUANDONG,VIC,Delivery Area
3401,QUANTONG,VIC,Delivery Area
3550,QUARRY HILL,VIC,Delivery Area
3225,QUEENSCLIFF,VIC,Delivery Area
3984,QUEENSFERRY,VIC,Delivery Area
3373,RAGLAN,VIC,Delivery Area
3424,RAINBOW,VIC,Delivery Area
3951,RANCEBY,VIC,Delivery Area
3132,RANGEVIEW,VIC,Delivery Area
3465,RATHSCAR,VIC,Delivery Area
3465,RATHSCAR WEST,VIC,Delivery Area
3023,RAVENHALL,VIC,Delivery Area
3453,RAVENSWOOD,VIC,Delivery Area
3453,RAVENSWOOD SOUTH,VIC,Delivery Area
3825,RAWSON,VIC,Delivery Area
3880,RAYMOND ISLAND,VIC,Delivery Area
3570,RAYWOOD,VIC,Delivery Area
3496,RED CLIFFS,VIC,Delivery Area
3937,RED HILL,VIC,Delivery Area
3937,RED HILL SOUTH,VIC,Delivery Area
3371,RED LION,VIC,Delivery Area
3350,REDAN,VIC,Delivery Area
3477,REDBANK,VIC,Delivery Area
3523,REDCASTLE,VIC,Delivery Area
3444,REDESDALE,VIC,Delivery Area
3658,REEDY CREEK,VIC,Delivery Area
3395,REEDY DAM,VIC,Delivery Area
3895,REEDY FLAT,VIC,Delivery Area
3579,REEDY LAKE,VIC,Delivery Area
3799,REEFTON,VIC,Delivery Area
3072,REGENT WEST,VIC,Delivery Area
3095,RESEARCH,VIC,Delivery Area
3073,RESERVOIR,VIC,Delivery Area
3858,REYNARD,VIC,Delivery Area
3517,RHEOLA,VIC,Delivery Area
3923,RHYLL,VIC,Delivery Area
3377,RHYMNEY,VIC,Delivery Area
3385,RIACHELLA,VIC,Delivery Area
3480,RICH AVON,VIC,Delivery Area
3480,RICH AVON EAST,VIC,Delivery Area
3480,RICH AVON WEST,VIC,Delivery Area
3121,RICHMOND,VIC,Delivery Area
3121,RICHMOND EAST,VIC,Delivery Area
3121,RICHMOND NORTH,VIC,Delivery Area
3518,RICHMOND PLAINS,VIC,Delivery Area
3121,RICHMOND SOUTH,VIC,Delivery Area
3431,RIDDELLS CREEK,VIC,Delivery Area
3666,RIGGS CREEK,VIC,Delivery Area
3134,RINGWOOD,VIC,Delivery Area
3135,RINGWOOD EAST,VIC,Delivery Area
3134,RINGWOOD NORTH,VIC,Delivery Area
3818,RIPPLEBROOK,VIC,Delivery Area
3215,RIPPLESIDE,VIC,Delivery Area
3185,RIPPONLEA,VIC,Delivery Area
3401,RIVERSIDE,VIC,Delivery Area
3860,RIVERSLEA,VIC,Delivery Area
3971,ROBERTSONS BEACH,VIC,Delivery Area
3019,ROBINSON,VIC,Delivery Area
3549,ROBINVALE,VIC,Delivery Area
3549,ROBINVALE IRRIGATION DISTRICT SECTION B,VIC,Delivery Area
3549,ROBINVALE IRRIGATION DISTRICT SECTION C,VIC,Delivery Area
3549,ROBINVALE IRRIGATION DISTRICT SECTION D,VIC,Delivery Area
3549,ROBINVALE IRRIGATION DISTRICT SECTION E,VIC,Delivery Area
3561,ROCHESTER,VIC,Delivery Area
3442,ROCHFORD,VIC,Delivery Area
3335,ROCKBANK,VIC,Delivery Area
3401,ROCKLANDS,VIC,Delivery Area
3364,ROCKLYN,VIC,Delivery Area
3377,ROCKY POINT,VIC,Delivery Area
3821,ROKEBY,VIC,Delivery Area
3330,ROKEWOOD,VIC,Delivery Area
3351,ROKEWOOD JUNCTION,VIC,Delivery Area
3434,ROMSEY,VIC,Delivery Area
3084,ROSANNA,VIC,Delivery Area
3678,ROSE RIVER,VIC,Delivery Area
3395,ROSEBERY,VIC,Delivery Area
3285,ROSEBROOK,VIC,Delivery Area
3939,ROSEBUD,VIC,Delivery Area
3939,ROSEBUD PLAZA,VIC,Delivery Area
3847,ROSEDALE,VIC,Delivery Area
3385,ROSES GAP,VIC,Delivery Area
3737,ROSEWHITE,VIC,Delivery Area
3564,ROSLYNMEAD,VIC,Delivery Area
3351,ROSS CREEK,VIC,Delivery Area
3377,ROSSBRIDGE,VIC,Delivery Area
3477,ROSTRON,VIC,Delivery Area
3340,ROWSLEY,VIC,Delivery Area
3178,ROWVILLE,VIC,Delivery Area
3064,ROXBURGH PARK,VIC,Delivery Area
3050,ROYAL MELBOURNE HOSPITAL,VIC,Post Office Boxes
3712,RUBICON,VIC,Delivery Area
3953,RUBY,VIC,Delivery Area
3666,RUFFY,VIC,Delivery Area
3691,RUNNING CREEK,VIC,Delivery Area
3558,RUNNYMEDE,VIC,Delivery Area
3388,RUPANYUP,VIC,Delivery Area
3612,RUSHWORTH,VIC,Delivery Area
3331,RUSSELLS BRIDGE,VIC,Delivery Area
3685,RUTHERGLEN,VIC,Delivery Area
3875,RYANS,VIC,Delivery Area
3992,RYANSTON,VIC,Delivery Area
3941,RYE,VIC,Delivery Area
3810,RYTHDALE,VIC,Delivery Area
3936,SAFETY BEACH,VIC,Delivery Area
3461,SAILORS FALLS,VIC,Delivery Area
3556,SAILORS GULLY,VIC,Delivery Area
3461,SAILORS HILL,VIC,Delivery Area
3850,SALE,VIC,Delivery Area
3853,SALE,VIC,Post Office Boxes
3852,SALE EAST RAAF,VIC,Delivery Area
3517,SALISBURY WEST,VIC,Delivery Area
3673,SAMARIA,VIC,Delivery Area
3925,SAN REMO,VIC,Delivery Area
3312,SANDFORD,VIC,Delivery Area
3579,SANDHILL LAKE,VIC,Delivery Area
3977,SANDHURST,VIC,Delivery Area
3550,SANDHURST EAST,VIC,Delivery Area
3462,SANDON,VIC,Delivery Area
3171,SANDOWN VILLAGE,VIC,Delivery Area
3191,SANDRINGHAM,VIC,Delivery Area
3695,SANDY CREEK,VIC,Delivery Area
3959,SANDY POINT,VIC,Delivery Area
3858,SARGOOD,VIC,Delivery Area
3875,SARSFIELD,VIC,Delivery Area
3787,SASSAFRAS,VIC,Delivery Area
3787,SASSAFRAS GULLY,VIC,Delivery Area
3723,SAWMILL SETTLEMENT,VIC,Delivery Area
3351,SCARSDALE,VIC,Delivery Area
3179,SCORESBY,VIC,Delivery Area
3176,SCORESBY BC,VIC,Post Office Boxes
3352,SCOTCHMANS LEAD,VIC,Delivery Area
3352,SCOTSBURN,VIC,Delivery Area
3267,SCOTTS CREEK,VIC,Delivery Area
3533,SEA LAKE,VIC,Delivery Area
3028,SEABROOK,VIC,Delivery Area
3851,SEACOMBE,VIC,Delivery Area
3198,SEAFORD,VIC,Delivery Area
3018,SEAHOLME,VIC,Delivery Area
3851,SEASPRAY,VIC,Delivery Area
3858,SEATON,VIC,Delivery Area
3821,SEAVIEW,VIC,Delivery Area
3556,SEBASTIAN,VIC,Delivery Area
3356,SEBASTOPOL,VIC,Delivery Area
3011,SEDDON,VIC,Delivery Area
3011,SEDDON WEST,VIC,Delivery Area
3551,SEDGWICK,VIC,Delivery Area
3159,SELBY,VIC,Delivery Area
3737,SELWYN,VIC,Delivery Area
3234,SEPARATION CREEK,VIC,Delivery Area
3517,SERPENTINE,VIC,Delivery Area
3420,SERVICETON,VIC,Delivery Area
3139,SEVILLE,VIC,Delivery Area
3139,SEVILLE EAST,VIC,Delivery Area
3660,SEYMOUR,VIC,Delivery Area
3661,SEYMOUR,VIC,Post Office Boxes
3660,SEYMOUR SOUTH,VIC,Delivery Area
3821,SHADY CREEK,VIC,Delivery Area
3960,SHALLOW INLET,VIC,Delivery Area
3898,SHANNONVALE,VIC,Delivery Area
3377,SHAYS FLAT,VIC,Delivery Area
3331,SHE OAKS,VIC,Delivery Area
3666,SHEANS CREEK,VIC,Delivery Area
3392,SHEEP HILLS,VIC,Delivery Area
3515,SHELBOURNE,VIC,Delivery Area
3329,SHELFORD,VIC,Delivery Area
3701,SHELLEY,VIC,Delivery Area
3461,SHEPHERDS FLAT,VIC,Delivery Area
3630,SHEPPARTON,VIC,Delivery Area
3632,SHEPPARTON,VIC,Post Office Boxes
3631,SHEPPARTON EAST,VIC,Delivery Area
3631,SHEPPARTON NORTH,VIC,Delivery Area
3630,SHEPPARTON SOUTH,VIC,Delivery Area
3789,SHERBROOKE,VIC,Delivery Area
3916,SHOREHAM,VIC,Delivery Area
3444,SIDONIA,VIC,Delivery Area
3795,SILVAN,VIC,Delivery Area
3922,SILVERLEAVES,VIC,Delivery Area
3266,SIMPSON,VIC,Delivery Area
3888,SIMPSONS CREEK,VIC,Delivery Area
3465,SIMSON,VIC,Delivery Area
3233,SKENES CREEK,VIC,Delivery Area
3233,SKENES CREEK NORTH,VIC,Delivery Area
3260,SKIBO,VIC,Delivery Area
3518,SKINNERS FLAT,VIC,Delivery Area
3361,SKIPTON,VIC,Delivery Area
3977,SKYE,VIC,Delivery Area
3477,SLATY CREEK,VIC,Delivery Area
3364,SMEATON,VIC,Delivery Area
3922,SMITHS BEACH,VIC,Delivery Area
3760,SMITHS GULLY,VIC,Delivery Area
3364,SMOKEYTOWN,VIC,Delivery Area
3741,SMOKO,VIC,Delivery Area
3351,SMYTHES CREEK,VIC,Delivery Area
3351,SMYTHESDALE,VIC,Delivery Area
3971,SNAKE ISLAND,VIC,Delivery Area
3351,SNAKE VALLEY,VIC,Delivery Area
3350,SOLDIERS HILL,VIC,Delivery Area
3927,SOMERS,VIC,Delivery Area
3062,SOMERTON,VIC,Delivery Area
3851,SOMERTON PARK,VIC,Delivery Area
3912,SOMERVILLE,VIC,Delivery Area
3943,SORRENTO,VIC,Delivery Area
3995,SOUTH DUDLEY,VIC,Delivery Area
3220,SOUTH GEELONG,VIC,Delivery Area
3015,SOUTH KINGSVILLE,VIC,Delivery Area
3205,SOUTH MELBOURNE,VIC,Delivery Area
3752,SOUTH MORANG,VIC,Delivery Area
3260,SOUTH PURRUMBETE,VIC,Delivery Area
3006,SOUTH WHARF,VIC,Delivery Area
3141,SOUTH YARRA,VIC,Delivery Area
3006,SOUTHBANK,VIC,Delivery Area
3283,SOUTHERN CROSS,VIC,Delivery Area
3192,SOUTHLAND CENTRE,VIC,Delivery Area
3461,SPARGO CREEK,VIC,Delivery Area
3488,SPEED,VIC,Delivery Area
3585,SPEEWA,VIC,Delivery Area
3015,SPOTSWOOD,VIC,Delivery Area
3550,SPRING GULLY,VIC,Delivery Area
3444,SPRING HILL,VIC,Delivery Area
3352,SPRINGBANK,VIC,Delivery Area
3351,SPRINGDALLAH,VIC,Delivery Area
3434,SPRINGFIELD,VIC,Delivery Area
3544,SPRINGFIELD,VIC,Delivery Area
3682,SPRINGHURST,VIC,Delivery Area
3364,SPRINGMOUNT,VIC,Delivery Area
3171,SPRINGVALE,VIC,Delivery Area
3172,SPRINGVALE SOUTH,VIC,Delivery Area
3021,ST ALBANS,VIC,Delivery Area
3219,ST ALBANS PARK,VIC,Delivery Area
3761,ST ANDREWS,VIC,Delivery Area
3941,ST ANDREWS BEACH,VIC,Delivery Area
3478,ST ARNAUD,VIC,Delivery Area
3477,ST ARNAUD EAST,VIC,Delivery Area
3477,ST ARNAUD NORTH,VIC,Delivery Area
3995,ST CLAIR,VIC,Delivery Area
3620,ST GERMAINS,VIC,Delivery Area
3088,ST HELENA,VIC,Delivery Area
3285,ST HELENS,VIC,Delivery Area
3401,ST HELENS PLAINS,VIC,Delivery Area
3727,ST JAMES,VIC,Delivery Area
3182,ST KILDA,VIC,Delivery Area
3183,ST KILDA EAST,VIC,Delivery Area
8004,ST KILDA ROAD,VIC,Post Office Boxes
3004,ST KILDA ROAD CENTRAL,VIC,Delivery Area
8008,ST KILDA ROAD CENTRAL,VIC,Post Office Boxes
3004,ST KILDA ROAD MELBOURNE,VIC,Delivery Area
3182,ST KILDA SOUTH,VIC,Delivery Area
3182,ST KILDA WEST,VIC,Delivery Area
3223,ST LEONARDS,VIC,Delivery Area
3971,STACEYS BRIDGE,VIC,Delivery Area
3351,STAFFORDSHIRE REEF,VIC,Delivery Area
3691,STAGHORN FLAT,VIC,Delivery Area
3623,STANHOPE,VIC,Delivery Area
3623,STANHOPE SOUTH,VIC,Delivery Area
3747,STANLEY,VIC,Delivery Area
3340,STAUGHTON VALE,VIC,Delivery Area
3379,STAVELY,VIC,Delivery Area
3380,STAWELL,VIC,Delivery Area
3380,STAWELL WEST,VIC,Delivery Area
3775,STEELS CREEK,VIC,Delivery Area
3331,STEIGLITZ,VIC,Delivery Area
3725,STEWARTON,VIC,Delivery Area
3893,STIRLING,VIC,Delivery Area
3862,STOCKDALE,VIC,Delivery Area
3373,STOCKYARD HILL,VIC,Delivery Area
3218,STONEHAVEN,VIC,Delivery Area
3373,STONELEIGH,VIC,Delivery Area
3371,STONY CREEK,VIC,Delivery Area
3957,STONY CREEK,VIC,Delivery Area
3260,STONYFORD,VIC,Delivery Area
3851,STRADBROKE,VIC,Delivery Area
3103,STRADBROKE PARK,VIC,Delivery Area
3461,STRANGWAYS,VIC,Delivery Area
3533,STRATEN,VIC,Delivery Area
3862,STRATFORD,VIC,Delivery Area
3658,STRATH CREEK,VIC,Delivery Area
3622,STRATHALLAN,VIC,Delivery Area
3666,STRATHBOGIE,VIC,Delivery Area
3550,STRATHDALE,VIC,Delivery Area
3312,STRATHDOWNIE,VIC,Delivery Area
3099,STRATHEWEN,VIC,Delivery Area
3551,STRATHFIELDSAYE,VIC,Delivery Area
3301,STRATHKELLAR,VIC,Delivery Area
3364,STRATHLEA,VIC,Delivery Area
3641,STRATHMERTON,VIC,Delivery Area
3041,STRATHMORE,VIC,Delivery Area
3041,STRATHMORE HEIGHTS,VIC,Delivery Area
3338,STRATHTULLOH,VIC,Delivery Area
3351,STREATHAM,VIC,Delivery Area
3950,STRZELECKI,VIC,Delivery Area
3477,STUART MILL,VIC,Delivery Area
3152,STUDFIELD,VIC,Delivery Area
3234,SUGARLOAF,VIC,Delivery Area
3658,SUGARLOAF CREEK,VIC,Delivery Area
3885,SUGGAN BUGGAN,VIC,Delivery Area
3352,SULKY,VIC,Delivery Area
3922,SUMMERLANDS,VIC,Delivery Area
3057,SUMNER,VIC,Delivery Area
3429,SUNBURY,VIC,Delivery Area
3658,SUNDAY CREEK,VIC,Delivery Area
3922,SUNDERLAND BAY,VIC,Delivery Area
3496,SUNNYCLIFFS,VIC,Delivery Area
3922,SUNSET STRIP,VIC,Delivery Area
3020,SUNSHINE,VIC,Delivery Area
3020,SUNSHINE NORTH,VIC,Delivery Area
3020,SUNSHINE WEST,VIC,Delivery Area
8438,SUNSHINE WEST,VIC,Post Office Boxes
8780,SUNSHINE WEST,VIC,Post Office Boxes
8781,SUNSHINE WEST,VIC,Post Office Boxes
3922,SURF BEACH,VIC,Delivery Area
3127,SURREY HILLS,VIC,Delivery Area
3127,SURREY HILLS NORTH,VIC,Delivery Area
3125,SURREY HILLS SOUTH,VIC,Delivery Area
3477,SUTHERLAND,VIC,Delivery Area
3331,SUTHERLANDS CREEK,VIC,Delivery Area
3530,SUTTON,VIC,Delivery Area
3448,SUTTON GRANGE,VIC,Delivery Area
3225,SWAN BAY,VIC,Delivery Area
3585,SWAN HILL,VIC,Delivery Area
3585,SWAN HILL WEST,VIC,Delivery Area
3225,SWAN ISLAND,VIC,Delivery Area
3249,SWAN MARSH,VIC,Delivery Area
3903,SWAN REACH,VIC,Delivery Area
3673,SWANPOOL,VIC,Delivery Area
3477,SWANWATER,VIC,Delivery Area
3480,SWANWATER WEST,VIC,Delivery Area
3896,SWIFTS CREEK,VIC,Delivery Area
3037,SYDENHAM,VIC,Delivery Area
3575,SYLVATERRE,VIC,Delivery Area
3149,SYNDAL,VIC,Delivery Area
3875,TABBERABBERA,VIC,Delivery Area
3607,TABILK,VIC,Delivery Area
3289,TABOR,VIC,Delivery Area
3714,TAGGERTY,VIC,Delivery Area
3301,TAHARA,VIC,Delivery Area
3315,TAHARA BRIDGE,VIC,Delivery Area
3310,TAHARA WEST,VIC,Delivery Area
3371,TALBOT,VIC,Delivery Area
3691,TALGARNO,VIC,Delivery Area
3701,TALLANDOON,VIC,Delivery Area
3700,TALLANGATTA,VIC,Delivery Area
3700,TALLANGATTA EAST,VIC,Delivery Area
3701,TALLANGATTA SOUTH,VIC,Delivery Area
3701,TALLANGATTA VALLEY,VIC,Delivery Area
3659,TALLAROOK,VIC,Delivery Area
3634,TALLYGAROOPNA,VIC,Delivery Area
3893,TAMBO CROSSING,VIC,Delivery Area
3885,TAMBO UPPER,VIC,Delivery Area
3890,TAMBOON,VIC,Delivery Area
3858,TAMBORITHA,VIC,Delivery Area
3675,TAMINICK,VIC,Delivery Area
3669,TAMLEUGH,VIC,Delivery Area
3669,TAMLEUGH NORTH,VIC,Delivery Area
3260,TANDAROOK,VIC,Delivery Area
3571,TANDARRA,VIC,Delivery Area
3691,TANGAMBALANGA,VIC,Delivery Area
3825,TANJIL,VIC,Delivery Area
3833,TANJIL BREN,VIC,Delivery Area
3825,TANJIL SOUTH,VIC,Delivery Area
3764,TANTARABOO,VIC,Delivery Area
3478,TANWOOD,VIC,Delivery Area
3249,TANYBRYN,VIC,Delivery Area
3447,TARADALE,VIC,Delivery Area
3666,TARCOMBE,VIC,Delivery Area
3451,TARILTA,VIC,Delivery Area
3551,TARNAGULLA,VIC,Delivery Area
3029,TARNEIT,VIC,Delivery Area
3670,TARNOOK,VIC,Delivery Area
3265,TAROON,VIC,Delivery Area
3971,TARRA VALLEY,VIC,Delivery Area
3414,TARRANYURK,VIC,Delivery Area
3971,TARRAVILLE,VIC,Delivery Area
3775,TARRAWARRA,VIC,Delivery Area
3678,TARRAWINGEE,VIC,Delivery Area
3315,TARRAYOUKYAN,VIC,Delivery Area
3463,TARRENGOWER,VIC,Delivery Area
3315,TARRENLEA,VIC,Delivery Area
3301,TARRINGTON,VIC,Delivery Area
3283,TARRONE,VIC,Delivery Area
3956,TARWIN,VIC,Delivery Area
3956,TARWIN LOWER,VIC,Delivery Area
3673,TATONG,VIC,Delivery Area
3616,TATURA,VIC,Delivery Area
3616,TATURA EAST,VIC,Delivery Area
3378,TATYOON,VIC,Delivery Area
3697,TAWONGA,VIC,Delivery Area
3698,TAWONGA SOUTH,VIC,Delivery Area
3713,TAYLOR BAY,VIC,Delivery Area
3037,TAYLORS HILL,VIC,Delivery Area
3038,TAYLORS LAKES,VIC,Delivery Area
3579,TEAL POINT,VIC,Delivery Area
3160,TECOMA,VIC,Delivery Area
3527,TEDDYWADDY,VIC,Delivery Area
3527,TEDDYWADDY WEST,VIC,Delivery Area
3328,TEESDALE,VIC,Delivery Area
3401,TELANGATUK EAST,VIC,Delivery Area
3730,TELFORD,VIC,Delivery Area
3420,TELOPEA DOWNS,VIC,Delivery Area
3106,TEMPLESTOWE,VIC,Delivery Area
3107,TEMPLESTOWE LOWER,VIC,Delivery Area
3489,TEMPY,VIC,Delivery Area
3984,TENBY POINT,VIC,Delivery Area
3572,TENNYSON,VIC,Delivery Area
3264,TERANG,VIC,Delivery Area
3719,TERIP TERIP,VIC,Delivery Area
3525,TERRAPPEE,VIC,Delivery Area
3575,TERRICK TERRICK,VIC,Delivery Area
3573,TERRICK TERRICK EAST,VIC,Delivery Area
3260,TESBURY,VIC,Delivery Area
3821,TETOORA ROAD,VIC,Delivery Area
3527,THALIA,VIC,Delivery Area
3825,THALLOO,VIC,Delivery Area
3154,THE BASIN,VIC,Delivery Area
3268,THE COVE,VIC,Delivery Area
3984,THE GURDIES,VIC,Delivery Area
3851,THE HEART,VIC,Delivery Area
3851,THE HONEYSUCKLES,VIC,Delivery Area
3792,THE PATCH,VIC,Delivery Area
3265,THE SISTERS,VIC,Delivery Area
3691,THOLOGOLONG,VIC,Delivery Area
3074,THOMASTOWN,VIC,Delivery Area
3219,THOMSON,VIC,Delivery Area
3825,THOMSON,VIC,Delivery Area
3726,THOONA,VIC,Delivery Area
3071,THORNBURY,VIC,Delivery Area
3335,THORNHILL PARK,VIC,Delivery Area
3712,THORNTON,VIC,Delivery Area
3835,THORPDALE,VIC,Delivery Area
3824,THORPDALE SOUTH,VIC,Delivery Area
3707,THOWGLA VALLEY,VIC,Delivery Area
3797,THREE BRIDGES,VIC,Delivery Area
3960,TIDAL RIVER,VIC,Delivery Area
3885,TIMBARRA,VIC,Delivery Area
3268,TIMBOON,VIC,Delivery Area
3268,TIMBOON WEST,VIC,Delivery Area
3561,TIMMERING,VIC,Delivery Area
3465,TIMOR,VIC,Delivery Area
3465,TIMOR WEST,VIC,Delivery Area
3859,TINAMBA,VIC,Delivery Area
3859,TINAMBA WEST,VIC,Delivery Area
3708,TINTALDRA,VIC,Delivery Area
3542,TITTYBONG,VIC,Delivery Area
3549,TOL TOL,VIC,Delivery Area
3723,TOLMIE,VIC,Delivery Area
3707,TOM GROGGIN,VIC,Delivery Area
3621,TONGALA,VIC,Delivery Area
3890,TONGHI CREEK,VIC,Delivery Area
3896,TONGIO,VIC,Delivery Area
3815,TONIMBUK,VIC,Delivery Area
3409,TOOAN,VIC,Delivery Area
3522,TOOBORAC,VIC,Delivery Area
3614,TOOLAMBA,VIC,Delivery Area
3614,TOOLAMBA WEST,VIC,Delivery Area
3777,TOOLANGI,VIC,Delivery Area
3337,TOOLERN VALE,VIC,Delivery Area
3551,TOOLLEEN,VIC,Delivery Area
3860,TOOLOME,VIC,Delivery Area
3401,TOOLONDO,VIC,Delivery Area
3285,TOOLONG,VIC,Delivery Area
3825,TOOMBON,VIC,Delivery Area
3856,TOONGABBIE,VIC,Delivery Area
3962,TOORA,VIC,Delivery Area
3962,TOORA NORTH,VIC,Delivery Area
3980,TOORADIN,VIC,Delivery Area
3142,TOORAK,VIC,Delivery Area
3909,TOORLOO ARM,VIC,Delivery Area
3146,TOORONGA,VIC,Delivery Area
3833,TOORONGO,VIC,Delivery Area
3941,TOOTGAROOK,VIC,Delivery Area
3228,TORQUAY,VIC,Delivery Area
3490,TORRITA,VIC,Delivery Area
3562,TORRUMBARRY,VIC,Delivery Area
3821,TORWOOD,VIC,Delivery Area
3888,TOSTAREE,VIC,Delivery Area
3012,TOTTENHAM,VIC,Delivery Area
3477,TOTTINGTON,VIC,Delivery Area
3363,TOURELLO,VIC,Delivery Area
3596,TOWAN,VIC,Delivery Area
3527,TOWANINNY,VIC,Delivery Area
3527,TOWANINNY SOUTH,VIC,Delivery Area
3283,TOWER HILL,VIC,Delivery Area
3707,TOWONG,VIC,Delivery Area
3707,TOWONG UPPER,VIC,Delivery Area
3824,TRAFALGAR,VIC,Delivery Area
3824,TRAFALGAR EAST,VIC,Delivery Area
3824,TRAFALGAR SOUTH,VIC,Delivery Area
3579,TRAGOWEL,VIC,Delivery Area
3844,TRARALGON,VIC,Delivery Area
3844,TRARALGON EAST,VIC,Delivery Area
3844,TRARALGON SOUTH,VIC,Delivery Area
3032,TRAVANCORE,VIC,Delivery Area
3373,TRAWALLA,VIC,Delivery Area
3660,TRAWOOL,VIC,Delivery Area
3477,TRAYNORS LAGOON,VIC,Delivery Area
3785,TREMONT,VIC,Delivery Area
3458,TRENTHAM,VIC,Delivery Area
3458,TRENTHAM EAST,VIC,Delivery Area
3583,TRESCO,VIC,Delivery Area
3584,TRESCO WEST,VIC,Delivery Area
3953,TRIDA,VIC,Delivery Area
3029,TRUGANINA,VIC,Delivery Area
3888,TUBBUT,VIC,Delivery Area
3915,TUERONG,VIC,Delivery Area
3384,TULKARA,VIC,Delivery Area
3043,TULLAMARINE,VIC,Delivery Area
3728,TUNGAMAH,VIC,Delivery Area
3546,TUROAR,VIC,Delivery Area
3488,TURRIFF,VIC,Delivery Area
3488,TURRIFF EAST,VIC,Delivery Area
3960,TURTONS CREEK,VIC,Delivery Area
3490,TUTYE,VIC,Delivery Area
3658,TYAAK,VIC,Delivery Area
3913,TYABB,VIC,Delivery Area
3533,TYENNA,VIC,Delivery Area
3844,TYERS,VIC,Delivery Area
3444,TYLDEN,VIC,Delivery Area
3444,TYLDEN SOUTH,VIC,Delivery Area
3813,TYNONG,VIC,Delivery Area
3813,TYNONG NORTH,VIC,Delivery Area
3586,TYNTYNDER,VIC,Delivery Area
3586,TYNTYNDER SOUTH,VIC,Delivery Area
3285,TYRENDARRA,VIC,Delivery Area
3285,TYRENDARRA EAST,VIC,Delivery Area
3533,TYRRELL,VIC,Delivery Area
3533,TYRRELL DOWNS,VIC,Delivery Area
3370,ULLINA,VIC,Delivery Area
3318,ULLSWATER,VIC,Delivery Area
3544,ULTIMA,VIC,Delivery Area
3544,ULTIMA EAST,VIC,Delivery Area
3641,ULUPNA,VIC,Delivery Area
3629,UNDERA,VIC,Delivery Area
3509,UNDERBOOL,VIC,Delivery Area
3010,UNIVERSITY OF MELBOURNE,VIC,Delivery Area
3669,UPOTIPOTPON,VIC,Delivery Area
3156,UPPER FERNTREE GULLY,VIC,Delivery Area
3691,UPPER GUNDOWRING,VIC,Delivery Area
3673,UPPER LURG,VIC,Delivery Area
3756,UPPER PLENTY,VIC,Delivery Area
3673,UPPER RYANS CREEK,VIC,Delivery Area
3664,UPTON HILL,VIC,Delivery Area
3158,UPWEY,VIC,Delivery Area
3860,VALENCIA CREEK,VIC,Delivery Area
3407,VASEY,VIC,Delivery Area
3451,VAUGHAN,VIC,Delivery Area
3401,VECTIS,VIC,Delivery Area
3922,VENTNOR,VIC,Delivery Area
3956,VENUS BAY,VIC,Delivery Area
3133,VERMONT,VIC,Delivery Area
3133,VERMONT SOUTH,VIC,Delivery Area
3814,VERVALE,VIC,Delivery Area
3833,VESPER,VIC,Delivery Area
3294,VICTORIA POINT,VIC,Delivery Area
3294,VICTORIA VALLEY,VIC,Delivery Area
3084,VIEWBANK,VIC,Delivery Area
3591,VINIFERA,VIC,Delivery Area
3669,VIOLET TOWN,VIC,Delivery Area
3325,VITE VITE,VIC,Delivery Area
3325,VITE VITE NORTH,VIC,Delivery Area
3885,W TREE,VIC,Delivery Area
3637,WAAIA,VIC,Delivery Area
3551,WAANYARRA,VIC,Delivery Area
3269,WAARRE,VIC,Delivery Area
3678,WABONGA,VIC,Delivery Area
3646,WAGGARANDALL,VIC,Delivery Area
3687,WAHGUNYAH,VIC,Delivery Area
3608,WAHRING,VIC,Delivery Area
3401,WAIL,VIC,Delivery Area
3887,WAIREWA,VIC,Delivery Area
3544,WAITCHIE,VIC,Delivery Area
3385,WAL WAL,VIC,Delivery Area
3678,WALDARA,VIC,Delivery Area
3825,WALHALLA,VIC,Delivery Area
3825,WALHALLA EAST,VIC,Delivery Area
3956,WALKERVILLE,VIC,Delivery Area
3956,WALKERVILLE NORTH,VIC,Delivery Area
3956,WALKERVILLE SOUTH,VIC,Delivery Area
3352,WALLACE,VIC,Delivery Area
3303,WALLACEDALE,VIC,Delivery Area
3891,WALLAGARAUGH,VIC,Delivery Area
3387,WALLALOO,VIC,Delivery Area
3387,WALLALOO EAST,VIC,Delivery Area
3756,WALLAN,VIC,Delivery Area
3351,WALLINDUC,VIC,Delivery Area
3222,WALLINGTON,VIC,Delivery Area
3401,WALLUP,VIC,Delivery Area
3463,WALMER,VIC,Delivery Area
3875,WALPA,VIC,Delivery Area
3507,WALPEUP,VIC,Delivery Area
3709,WALWA,VIC,Delivery Area
3612,WANALTA,VIC,Delivery Area
3216,WANDANA HEIGHTS,VIC,Delivery Area
3579,WANDELLA,VIC,Delivery Area
3744,WANDILIGONG,VIC,Delivery Area
3139,WANDIN EAST,VIC,Delivery Area
3139,WANDIN NORTH,VIC,Delivery Area
3312,WANDO BRIDGE,VIC,Delivery Area
3312,WANDO VALE,VIC,Delivery Area
3758,WANDONG,VIC,Delivery Area
3549,WANDOWN,VIC,Delivery Area
3678,WANGANDARY,VIC,Delivery Area
3891,WANGARABELL,VIC,Delivery Area
3676,WANGARATTA,VIC,Post Office Boxes
3677,WANGARATTA,VIC,Delivery Area
3678,WANGARATTA FORWARD,VIC,Delivery Area
3678,WANGARATTA SOUTH,VIC,Delivery Area
3530,WANGIE,VIC,Delivery Area
3279,WANGOOM,VIC,Delivery Area
3301,WANNON,VIC,Delivery Area
3152,WANTIRNA,VIC,Delivery Area
3152,WANTIRNA SOUTH,VIC,Delivery Area
3616,WARANGA,VIC,Delivery Area
3612,WARANGA SHORES,VIC,Delivery Area
3959,WARATAH BAY,VIC,Delivery Area
3799,WARBURTON,VIC,Delivery Area
3465,WAREEK,VIC,Delivery Area
3505,WARGAN,VIC,Delivery Area
3482,WARMUR,VIC,Delivery Area
3243,WARNCOORT,VIC,Delivery Area
3530,WARNE,VIC,Delivery Area
3980,WARNEET,VIC,Delivery Area
3286,WARRABKOOK,VIC,Delivery Area
3393,WARRACKNABEAL,VIC,Delivery Area
3820,WARRAGUL,VIC,Delivery Area
3821,WARRAGUL SOUTH,VIC,Delivery Area
3821,WARRAGUL WEST,VIC,Delivery Area
3377,WARRAK,VIC,Delivery Area
3113,WARRANDYTE,VIC,Delivery Area
3134,WARRANDYTE SOUTH,VIC,Delivery Area
3134,WARRANWOOD,VIC,Delivery Area
3301,WARRAYURE,VIC,Delivery Area
3670,WARRENBAYNE,VIC,Delivery Area
3352,WARRENHEIP,VIC,Delivery Area
3478,WARRENMANG,VIC,Delivery Area
3249,WARRION,VIC,Delivery Area
3280,WARRNAMBOOL,VIC,Delivery Area
3312,WARROCK,VIC,Delivery Area
3283,WARRONG,VIC,Delivery Area
3401,WARTOOK,VIC,Delivery Area
3482,WATCHEM,VIC,Delivery Area
3482,WATCHEM WEST,VIC,Delivery Area
3485,WATCHUPGA,VIC,Delivery Area
3862,WATERFORD,VIC,Delivery Area
3658,WATERFORD PARK,VIC,Delivery Area
3038,WATERGARDENS,VIC,Delivery Area
3875,WATERHOLES,VIC,Delivery Area
3373,WATERLOO,VIC,Delivery Area
3195,WATERWAYS,VIC,Delivery Area
3087,WATSONIA,VIC,Delivery Area
3087,WATSONIA NORTH,VIC,Delivery Area
3097,WATSONS CREEK,VIC,Delivery Area
3995,WATTLE BANK,VIC,Delivery Area
3384,WATTLE CREEK,VIC,Delivery Area
3352,WATTLE FLAT,VIC,Delivery Area
3096,WATTLE GLEN,VIC,Delivery Area
3237,WATTLE HILL,VIC,Delivery Area
3128,WATTLE PARK,VIC,Delivery Area
3145,WATTLETREE ROAD PO,VIC,Delivery Area
3352,WAUBRA,VIC,Delivery Area
3216,WAURN PONDS,VIC,Delivery Area
3170,WAVERLEY GARDENS,VIC,Delivery Area
3888,WAYGARA,VIC,Delivery Area
3352,WEATHERBOARD,VIC,Delivery Area
3518,WEDDERBURN,VIC,Delivery Area
3518,WEDDERBURN JUNCTION,VIC,Delivery Area
3568,WEE WEE RUP,VIC,Delivery Area
3237,WEEAPROINAH,VIC,Delivery Area
3251,WEERING,VIC,Delivery Area
3260,WEERITE,VIC,Delivery Area
3518,WEHLA,VIC,Delivery Area
3338,WEIR VIEWS,VIC,Delivery Area
3551,WELLSFORD,VIC,Delivery Area
3462,WELSHMANS REEF,VIC,Delivery Area
3966,WELSHPOOL,VIC,Delivery Area
3549,WEMEN,VIC,Delivery Area
3355,WENDOUREE,VIC,Delivery Area
3355,WENDOUREE VILLAGE,VIC,Delivery Area
3241,WENSLEYDALE,VIC,Delivery Area
3875,WENTWORTH,VIC,Delivery Area
3186,WERE STREET PO,VIC,Delivery Area
3352,WERNETH,VIC,Delivery Area
3364,WERONA,VIC,Delivery Area
3030,WERRIBEE,VIC,Delivery Area
3029,WERRIBEE PLAZA,VIC,Delivery Area
3030,WERRIBEE SOUTH,VIC,Delivery Area
3496,WERRIMULL,VIC,Delivery Area
3799,WESBURN,VIC,Delivery Area
3550,WEST BENDIGO,VIC,Delivery Area
3992,WEST CREEK,VIC,Delivery Area
3012,WEST FOOTSCRAY,VIC,Delivery Area
3003,WEST MELBOURNE,VIC,Delivery Area
3690,WEST WODONGA,VIC,Delivery Area
3825,WESTBURY,VIC,Delivery Area
3579,WESTBY,VIC,Delivery Area
3049,WESTMEADOWS,VIC,Delivery Area
3351,WESTMERE,VIC,Delivery Area
3714,WHANREGARWEN,VIC,Delivery Area
3564,WHARPARILLA,VIC,Delivery Area
3461,WHEATSHEAF,VIC,Delivery Area
3150,WHEELERS HILL,VIC,Delivery Area
3556,WHIPSTICK,VIC,Delivery Area
3483,WHIRILY,VIC,Delivery Area
3550,WHITE HILLS,VIC,Delivery Area
3660,WHITEHEADS CREEK,VIC,Delivery Area
3950,WHITELAW,VIC,Delivery Area
3733,WHITFIELD,VIC,Delivery Area
3678,WHITLANDS,VIC,Delivery Area
3219,WHITTINGTON,VIC,Delivery Area
3757,WHITTLESEA,VIC,Delivery Area
3243,WHOOREL,VIC,Delivery Area
3735,WHOROULY,VIC,Delivery Area
3735,WHOROULY EAST,VIC,Delivery Area
3735,WHOROULY SOUTH,VIC,Delivery Area
3612,WHROO,VIC,Delivery Area
3379,WICKLIFFE,VIC,Delivery Area
3728,WILBY,VIC,Delivery Area
3953,WILD DOG VALLEY,VIC,Delivery Area
3429,WILDWOOD,VIC,Delivery Area
3393,WILKUR,VIC,Delivery Area
3485,WILLANGIE,VIC,Delivery Area
3283,WILLATOOK,VIC,Delivery Area
3379,WILLAURA,VIC,Delivery Area
3379,WILLAURA NORTH,VIC,Delivery Area
3393,WILLENABRINA,VIC,Delivery Area
3027,WILLIAMS LANDING,VIC,Delivery Area
3016,WILLIAMSTOWN,VIC,Delivery Area
3016,WILLIAMSTOWN NORTH,VIC,Delivery Area
3825,WILLOW GROVE,VIC,Delivery Area
3764,WILLOWMAVIN,VIC,Delivery Area
3360,WILLOWVALE,VIC,Delivery Area
3847,WILLUNG,VIC,Delivery Area
3847,WILLUNG SOUTH,VIC,Delivery Area
3515,WILSONS HILL,VIC,Delivery Area
3960,WILSONS PROMONTORY,VIC,Delivery Area
3922,WIMBLEDON HEIGHTS,VIC,Delivery Area
3241,WINCHELSEA,VIC,Delivery Area
3241,WINCHELSEA SOUTH,VIC,Delivery Area
3352,WINDERMERE,VIC,Delivery Area
3181,WINDSOR,VIC,Delivery Area
3891,WINGAN RIVER,VIC,Delivery Area
3321,WINGEEL,VIC,Delivery Area
3477,WINJALLOK,VIC,Delivery Area
3585,WINLATON,VIC,Delivery Area
3546,WINNAMBOOL,VIC,Delivery Area
3304,WINNAP,VIC,Delivery Area
3858,WINNINDOO,VIC,Delivery Area
3281,WINSLOW,VIC,Delivery Area
3358,WINTER VALLEY,VIC,Delivery Area
3673,WINTON,VIC,Delivery Area
3673,WINTON NORTH,VIC,Delivery Area
3608,WIRRATE,VIC,Delivery Area
3885,WISELEIGH,VIC,Delivery Area
3189,WISHART,VIC,Delivery Area
3689,WODONGA,VIC,Post Office Boxes
3690,WODONGA,VIC,Delivery Area
3691,WODONGA FORWARD,VIC,Delivery Area
3690,WODONGA PLAZA,VIC,Delivery Area
3750,WOLLERT,VIC,Delivery Area
3888,WOMBAT CREEK,VIC,Delivery Area
3409,WOMBELANO,VIC,Delivery Area
3971,WON WRON,VIC,Delivery Area
3960,WONGA,VIC,Delivery Area
3115,WONGA PARK,VIC,Delivery Area
3234,WONGARRA,VIC,Delivery Area
3862,WONGUNGARRA,VIC,Delivery Area
3737,WONNANGATTA,VIC,Delivery Area
3995,WONTHAGGI,VIC,Delivery Area
3401,WONWONDAH,VIC,Delivery Area
3962,WONYIP,VIC,Delivery Area
3596,WOOD WOOD,VIC,Delivery Area
3442,WOODEND,VIC,Delivery Area
3442,WOODEND NORTH,VIC,Delivery Area
3715,WOODFIELD,VIC,Delivery Area
3281,WOODFORD,VIC,Delivery Area
3875,WOODGLEN,VIC,Delivery Area
3294,WOODHOUSE,VIC,Delivery Area
3945,WOODLEIGH,VIC,Delivery Area
3723,WOODS POINT,VIC,Delivery Area
3874,WOODSIDE,VIC,Delivery Area
3874,WOODSIDE BEACH,VIC,Delivery Area
3874,WOODSIDE NORTH,VIC,Delivery Area
3751,WOODSTOCK,VIC,Delivery Area
3551,WOODSTOCK ON LODDON,VIC,Delivery Area
3463,WOODSTOCK WEST,VIC,Delivery Area
3556,WOODVALE,VIC,Delivery Area
3249,WOOL WOOL,VIC,Delivery Area
3995,WOOLAMAI,VIC,Delivery Area
3860,WOOLENOOK,VIC,Delivery Area
3518,WOOLSHED FLAT,VIC,Delivery Area
3276,WOOLSTHORPE,VIC,Delivery Area
3485,WOOMELANG,VIC,Delivery Area
3747,WOORAGEE,VIC,Delivery Area
3962,WOORARRA EAST,VIC,Delivery Area
3960,WOORARRA WEST,VIC,Delivery Area
3953,WOOREEN,VIC,Delivery Area
3139,WOORI YALLOCK,VIC,Delivery Area
3589,WOORINEN,VIC,Delivery Area
3589,WOORINEN NORTH,VIC,Delivery Area
3588,WOORINEN SOUTH,VIC,Delivery Area
3272,WOORNDOO,VIC,Delivery Area
3525,WOOROONOOK,VIC,Delivery Area
3518,WOOSANG,VIC,Delivery Area
3315,WOOTONG VALE,VIC,Delivery Area
3858,WORROWING,VIC,Delivery Area
3860,WRATHUNG,VIC,Delivery Area
3860,WRIXON,VIC,Delivery Area
3891,WROXHAM,VIC,Delivery Area
3875,WUK WUK,VIC,Delivery Area
3885,WULGULMERANG,VIC,Delivery Area
3885,WULGULMERANG EAST,VIC,Delivery Area
3885,WULGULMERANG WEST,VIC,Delivery Area
3635,WUNGHNU,VIC,Delivery Area
3241,WURDIBOLUC,VIC,Delivery Area
3850,WURRUK,VIC,Delivery Area
3875,WY YUNG,VIC,Delivery Area
3527,WYCHEPROOF,VIC,Delivery Area
3527,WYCHEPROOF SOUTH,VIC,Delivery Area
3525,WYCHITELLA,VIC,Delivery Area
3525,WYCHITELLA NORTH,VIC,Delivery Area
3234,WYE RIVER,VIC,Delivery Area
3237,WYELANGTA,VIC,Delivery Area
3024,WYNDHAM VALE,VIC,Delivery Area
3620,WYUNA,VIC,Delivery Area
3620,WYUNA EAST,VIC,Delivery Area
3424,YAAPEET,VIC,Delivery Area
3646,YABBA NORTH,VIC,Delivery Area
3646,YABBA SOUTH,VIC,Delivery Area
3749,YACKANDANDAH,VIC,Delivery Area
3637,YALCA,VIC,Delivery Area
3378,YALLA-Y-POORA,VIC,Delivery Area
3085,YALLAMBIE,VIC,Delivery Area
3825,YALLOURN,VIC,Delivery Area
3825,YALLOURN NORTH,VIC,Delivery Area
3885,YALMY,VIC,Delivery Area
3285,YAMBUK,VIC,Delivery Area
3621,YAMBUNA,VIC,Delivery Area
3755,YAN YEAN,VIC,Delivery Area
3418,YANAC,VIC,Delivery Area
3960,YANAKIE,VIC,Delivery Area
3537,YANDO,VIC,Delivery Area
3461,YANDOIT,VIC,Delivery Area
3461,YANDOIT HILLS,VIC,Delivery Area
3283,YANGERY,VIC,Delivery Area
3858,YANGOURA,VIC,Delivery Area
3981,YANNATHAN,VIC,Delivery Area
3451,YAPEEN,VIC,Delivery Area
3719,YARCK,VIC,Delivery Area
3283,YARPTURK,VIC,Delivery Area
3775,YARRA GLEN,VIC,Delivery Area
3797,YARRA JUNCTION,VIC,Delivery Area
3516,YARRABERB,VIC,Delivery Area
3823,YARRAGON,VIC,Delivery Area
3823,YARRAGON SOUTH,VIC,Delivery Area
3971,YARRAM,VIC,Delivery Area
3091,YARRAMBAT,VIC,Delivery Area
3013,YARRAVILLE,VIC,Delivery Area
3013,YARRAVILLE WEST,VIC,Delivery Area
3575,YARRAWALLA,VIC,Delivery Area
3730,YARRAWONGA,VIC,Delivery Area
3730,YARRAWONGA SOUTH,VIC,Delivery Area
3644,YARROWEYAH,VIC,Delivery Area
3677,YARRUNGA,VIC,Delivery Area
3301,YATCHAW,VIC,Delivery Area
3478,YAWONG HILLS,VIC,Delivery Area
3717,YEA,VIC,Delivery Area
3139,YELLINGBO,VIC,Delivery Area
3505,YELTA,VIC,Delivery Area
3352,YENDON,VIC,Delivery Area
3249,YEO,VIC,Delivery Area
3249,YEODENE,VIC,Delivery Area
3770,YERING,VIC,Delivery Area
3525,YEUNGROON,VIC,Delivery Area
3525,YEUNGROON EAST,VIC,Delivery Area
3638,YIELIMA,VIC,Delivery Area
3869,YINNAR,VIC,Delivery Area
3869,YINNAR SOUTH,VIC,Delivery Area
3477,YORK PLAINS,VIC,Delivery Area
3646,YOUANMITE,VIC,Delivery Area
3728,YOUARANG,VIC,Delivery Area
3301,YULECART,VIC,Delivery Area
3727,YUNDOOL,VIC,Delivery Area
3063,YUROKE,VIC,Delivery Area
3237,YUULONG,VIC,Delivery Area
3634,ZEERUST,VIC,Delivery Area
3401,ZUMSTEINS,VIC,Delivery Area
6280,ABBA RIVER,WA,Delivery Area
6280,ABBEY,WA,Delivery Area
6280,ACTON PARK,WA,Delivery Area
6375,ADAMSVALE,WA,Delivery Area
6532,AJANA,WA,Delivery Area
6330,ALBANY,WA,Delivery Area
6331,ALBANY DC,WA,Post Office Boxes
6332,ALBANY PO,WA,Post Office Boxes
6306,ALDERSYDE,WA,Delivery Area
6064,ALEXANDER HEIGHTS,WA,Delivery Area
6288,ALEXANDRA BRIDGE,WA,Delivery Area
6154,ALFRED COVE,WA,Delivery Area
6038,ALKIMOS,WA,Delivery Area
6525,ALLANOOKA,WA,Delivery Area
6225,ALLANSON,WA,Delivery Area
6535,ALMA,WA,Delivery Area
6632,AMBANIA,WA,Delivery Area
6280,AMBERGATE,WA,Delivery Area
6338,AMELUP,WA,Delivery Area
6642,ANGELO RIVER,WA,Delivery Area
6167,ANKETELL,WA,Delivery Area
6280,ANNIEBROOK,WA,Delivery Area
6714,ANTONYMYRE,WA,Delivery Area
6153,APPLECROSS,WA,Delivery Area
6953,APPLECROSS,WA,Post Office Boxes
6153,APPLECROSS NORTH,WA,Delivery Area
6419,ARDATH,WA,Delivery Area
6153,ARDROSS,WA,Delivery Area
6239,ARGYLE,WA,Delivery Area
6112,ARMADALE,WA,Delivery Area
6992,ARMADALE,WA,Post Office Boxes
6519,ARRINO,WA,Delivery Area
6525,ARROWSMITH,WA,Delivery Area
6519,ARROWSMITH EAST,WA,Delivery Area
6315,ARTHUR RIVER,WA,Delivery Area
6104,ASCOT,WA,Delivery Area
6065,ASHBY,WA,Delivery Area
6111,ASHENDON,WA,Delivery Area
6054,ASHFIELD,WA,Delivery Area
6156,ATTADALE,WA,Delivery Area
6164,ATWELL,WA,Delivery Area
6164,AUBIN GROVE,WA,Delivery Area
6290,AUGUSTA,WA,Delivery Area
6233,AUSTRALIND,WA,Delivery Area
6069,AVELEY,WA,Delivery Area
6084,AVON VALLEY NATIONAL PARK,WA,Delivery Area
6412,BAANDEE,WA,Delivery Area
6428,BABAKIN,WA,Delivery Area
6701,BABBAGE ISLAND,WA,Delivery Area
6317,BADGEBUP,WA,Delivery Area
6475,BADGERIN ROCK,WA,Delivery Area
6302,BADGIN,WA,Delivery Area
6521,BADGINGARRA,WA,Delivery Area
6383,BADJALING,WA,Delivery Area
6082,BAILUP,WA,Delivery Area
6562,BAKERS HILL,WA,Delivery Area
6258,BALBARRUP,WA,Delivery Area
6021,BALCATTA,WA,Delivery Area
6914,BALCATTA,WA,Post Office Boxes
6171,BALDIVIS,WA,Delivery Area
6061,BALGA,WA,Delivery Area
6253,BALINGUP,WA,Delivery Area
6383,BALKULING,WA,Delivery Area
6714,BALLA BALLA,WA,Delivery Area
6302,BALLADONG,WA,Delivery Area
6443,BALLADONIA,WA,Delivery Area
6066,BALLAJURA,WA,Delivery Area
6315,BALLAYING,WA,Delivery Area
6606,BALLIDU,WA,Delivery Area
6304,BALLY BALLY,WA,Delivery Area
6503,BAMBUN,WA,Delivery Area
6450,BANDY CREEK,WA,Delivery Area
6440,BANDYA,WA,Delivery Area
6164,BANJUP,WA,Delivery Area
6031,BANKSIA GROVE,WA,Delivery Area
6213,BANKSIADALE,WA,Delivery Area
6390,BANNISTER,WA,Delivery Area
6479,BARBALIN,WA,Delivery Area
6510,BARBERTON,WA,Delivery Area
6275,BARRABUP,WA,Delivery Area
6209,BARRAGUP,WA,Delivery Area
6712,BARROW ISLAND,WA,Delivery Area
6056,BASKERVILLE,WA,Delivery Area
6054,BASSENDEAN,WA,Delivery Area
6934,BASSENDEAN,WA,Post Office Boxes
6942,BASSENDEAN DC,WA,Post Office Boxes
6150,BATEMAN,WA,Delivery Area
6284,BAUDIN,WA,Delivery Area
6714,BAYNTON,WA,Delivery Area
6330,BAYONET HEAD,WA,Delivery Area
6053,BAYSWATER,WA,Delivery Area
6933,BAYSWATER,WA,Post Office Boxes
6530,BEACHLANDS,WA,Delivery Area
6472,BEACON,WA,Delivery Area
6162,BEACONSFIELD,WA,Delivery Area
6440,BEADELL,WA,Delivery Area
6394,BEAUFORT RIVER,WA,Delivery Area
6450,BEAUMONT,WA,Delivery Area
6107,BECKENHAM,WA,Delivery Area
6052,BEDFORD,WA,Delivery Area
6112,BEDFORDALE,WA,Delivery Area
6063,BEECHBORO,WA,Delivery Area
6556,BEECHINA,WA,Delivery Area
6260,BEEDELUP,WA,Delivery Area
6224,BEELA,WA,Delivery Area
6239,BEELERUP,WA,Delivery Area
6164,BEELIAR,WA,Delivery Area
6353,BEENONG,WA,Delivery Area
6503,BEERMULLAH,WA,Delivery Area
6566,BEJOORDING,WA,Delivery Area
6027,BELDON,WA,Delivery Area
6069,BELHUS,WA,Delivery Area
6056,BELLEVUE,WA,Delivery Area
6104,BELMONT,WA,Delivery Area
6984,BELMONT,WA,Post Office Boxes
6477,BENCUBBIN,WA,Delivery Area
6223,BENGER,WA,Delivery Area
6463,BENJABERRING,WA,Delivery Area
6255,BENJINUP,WA,Delivery Area
6063,BENNETT SPRINGS,WA,Delivery Area
6102,BENTLEY,WA,Delivery Area
6982,BENTLEY,WA,Post Office Boxes
6102,BENTLEY DC,WA,Delivery Area
6983,BENTLEY DC,WA,Post Office Boxes
6102,BENTLEY SOUTH,WA,Delivery Area
6530,BERESFORD,WA,Delivery Area
6510,BERKSHIRE VALLEY,WA,Delivery Area
6701,BERNIER ISLAND,WA,Delivery Area
6167,BERTRAM,WA,Delivery Area
6304,BEVERLEY,WA,Delivery Area
6163,BIBRA LAKE,WA,Delivery Area
6965,BIBRA LAKE,WA,Post Office Boxes
6076,BICKLEY,WA,Delivery Area
6157,BICTON,WA,Delivery Area
6260,BIDDELIA,WA,Delivery Area
6330,BIG GROVE,WA,Delivery Area
6375,BILBARIN,WA,Delivery Area
6725,BILINGURR,WA,Delivery Area
6472,BIMBIJY,WA,Delivery Area
6574,BINDI BINDI,WA,Delivery Area
6502,BINDOON,WA,Delivery Area
6502,BINDOON TRAINING AREA,WA,Delivery Area
6430,BINDULI,WA,Delivery Area
6233,BINNINGUP,WA,Delivery Area
6532,BINNU,WA,Delivery Area
6214,BIRCHMONT,WA,Delivery Area
6530,BLUFF POINT,WA,Delivery Area
6208,BLYTHEWOOD,WA,Delivery Area
6280,BOALLIA,WA,Delivery Area
6320,BOBALONG,WA,Delivery Area
6424,BODALLIN,WA,Delivery Area
6390,BODDINGTON,WA,Delivery Area
6394,BOILUP,WA,Delivery Area
6392,BOKAL,WA,Delivery Area
6568,BOLGART,WA,Delivery Area
6479,BONNIE ROCK,WA,Delivery Area
6525,BONNIEFIELD,WA,Delivery Area
6722,BOODARIE,WA,Delivery Area
6423,BOODAROCKIN,WA,Delivery Area
6525,BOOKARA,WA,Delivery Area
6503,BOONANARRING,WA,Delivery Area
6429,BOORABBIN,WA,Delivery Area
6154,BOORAGOON,WA,Delivery Area
6954,BOORAGOON,WA,Post Office Boxes
6475,BOORALAMING,WA,Delivery Area
6431,BOORARA,WA,Delivery Area
6262,BOORARA BROOK,WA,Delivery Area
6532,BOOTENAL,WA,Delivery Area
6521,BOOTHENDARRA,WA,Delivery Area
6286,BORANUP,WA,Delivery Area
6338,BORDEN,WA,Delivery Area
6320,BORDERDALE,WA,Delivery Area
6330,BORNHOLM,WA,Delivery Area
6394,BOSCABEL,WA,Delivery Area
6432,BOULDER,WA,Delivery Area
6312,BOUNDAIN,WA,Delivery Area
6211,BOUVARD,WA,Delivery Area
6280,BOVELL,WA,Delivery Area
6333,BOW BRIDGE,WA,Delivery Area
6225,BOWELLING,WA,Delivery Area
6535,BOWES,WA,Delivery Area
6623,BOWGADA,WA,Delivery Area
6338,BOXWOOD HILL,WA,Delivery Area
6056,BOYA,WA,Delivery Area
6237,BOYANUP,WA,Delivery Area
6450,BOYATUP,WA,Delivery Area
6316,BOYERINE,WA,Delivery Area
6244,BOYUP BROOK,WA,Delivery Area
6055,BRABHAM,WA,Delivery Area
6285,BRAMLEY,WA,Delivery Area
6251,BRAZIER,WA,Delivery Area
6503,BREERA,WA,Delivery Area
6338,BREMER BAY,WA,Delivery Area
6153,BRENTWOOD,WA,Delivery Area
6043,BRETON BAY,WA,Delivery Area
6255,BRIDGETOWN,WA,Delivery Area
6069,BRIGADOON,WA,Delivery Area
6532,BRINGO,WA,Delivery Area
6280,BROADWATER,WA,Delivery Area
6009,BROADWAY NEDLANDS,WA,Delivery Area
6430,BROADWOOD,WA,Delivery Area
6701,BROCKMAN,WA,Delivery Area
6398,BROKE,WA,Delivery Area
6112,BROOKDALE,WA,Delivery Area
6239,BROOKHAMPTON,WA,Delivery Area
6306,BROOKTON,WA,Delivery Area
6725,BROOME,WA,Delivery Area
6318,BROOMEHILL,WA,Delivery Area
6318,BROOMEHILL EAST,WA,Delivery Area
6318,BROOMEHILL VILLAGE,WA,Delivery Area
6318,BROOMEHILL WEST,WA,Delivery Area
6431,BROWN HILL,WA,Delivery Area
6701,BROWN RANGE,WA,Delivery Area
6418,BRUCE ROCK,WA,Delivery Area
6224,BRUNSWICK,WA,Delivery Area
6225,BUCKINGHAM,WA,Delivery Area
6401,BUCKLAND,WA,Delivery Area
6714,BULGARRA,WA,Delivery Area
6149,BULL CREEK,WA,Delivery Area
6429,BULLABULLING,WA,Delivery Area
6373,BULLARING,WA,Delivery Area
6532,BULLER,WA,Delivery Area
6484,BULLFINCH,WA,Delivery Area
6350,BULLOCK HILLS,WA,Delivery Area
6084,BULLSBROOK,WA,Delivery Area
6431,BULONG,WA,Delivery Area
6306,BULYEE,WA,Delivery Area
6230,BUNBURY,WA,Delivery Area
6231,BUNBURY,WA,Post Office Boxes
6522,BUNDANOON,WA,Delivery Area
6353,BUNICHE,WA,Delivery Area
6620,BUNJIL,WA,Delivery Area
6613,BUNTINE,WA,Delivery Area
6467,BURAKIN,WA,Delivery Area
6452,BURAMINYA,WA,Delivery Area
6227,BUREKUP,WA,Delivery Area
6302,BURGES,WA,Delivery Area
6401,BURLONG,WA,Delivery Area
6532,BURMA ROAD,WA,Delivery Area
6028,BURNS BEACH,WA,Delivery Area
6285,BURNSIDE,WA,Delivery Area
6421,BURRACOPPIN,WA,Delivery Area
6490,BURRAN ROCK,WA,Delivery Area
6714,BURRUP,WA,Delivery Area
6100,BURSWOOD,WA,Delivery Area
6055,BUSHMEAD,WA,Delivery Area
6280,BUSSELTON,WA,Delivery Area
6036,BUTLER,WA,Delivery Area
6122,BYFORD,WA,Delivery Area
6726,CABLE BEACH,WA,Delivery Area
6466,CADOUX,WA,Delivery Area
6443,CAIGUNA,WA,Delivery Area
6569,CALINGIRI,WA,Delivery Area
6167,CALISTA,WA,Delivery Area
6302,CALJIE,WA,Delivery Area
6260,CALLCUP,WA,Delivery Area
6728,CAMBALLIN,WA,Delivery Area
6743,CAMBRIDGE GULF,WA,Delivery Area
6111,CAMILLO,WA,Delivery Area
6315,CANCANNING,WA,Delivery Area
6710,CANE,WA,Delivery Area
6627,CANNA,WA,Delivery Area
6153,CANNING BRIDGE APPLECROSS,WA,Delivery Area
6111,CANNING MILLS,WA,Delivery Area
6155,CANNING VALE,WA,Delivery Area
6155,CANNING VALE DC,WA,Delivery Area
6970,CANNING VALE DC,WA,Post Office Boxes
6155,CANNING VALE SOUTH,WA,Delivery Area
6107,CANNINGTON,WA,Delivery Area
6987,CANNINGTON,WA,Post Office Boxes
6452,CAPE ARID,WA,Delivery Area
6532,CAPE BURNEY,WA,Delivery Area
6450,CAPE LE GRAND,WA,Delivery Area
6707,CAPE RANGE NATIONAL PARK,WA,Delivery Area
6271,CAPEL,WA,Delivery Area
6271,CAPEL RIVER,WA,Delivery Area
6642,CAPRICORN,WA,Delivery Area
6041,CARABAN,WA,Delivery Area
6033,CARABOODA,WA,Delivery Area
6569,CARANI,WA,Delivery Area
6701,CARBLA,WA,Delivery Area
6280,CARBUNUP RIVER,WA,Delivery Area
6225,CARDIFF,WA,Delivery Area
6122,CARDUP,WA,Delivery Area
6230,CAREY PARK,WA,Delivery Area
6020,CARINE,WA,Delivery Area
6101,CARLISLE,WA,Delivery Area
6101,CARLISLE NORTH,WA,Delivery Area
6275,CARLOTTA,WA,Delivery Area
6076,CARMEL,WA,Delivery Area
6517,CARNAMAH,WA,Delivery Area
6701,CARNARVON,WA,Delivery Area
6423,CARRABIN,WA,Delivery Area
6031,CARRAMAR,WA,Delivery Area
6532,CARRARANG,WA,Delivery Area
6317,CARROLUP,WA,Delivery Area
6316,CARTMETICUP,WA,Delivery Area
6450,CASCADE,WA,Delivery Area
6450,CASTLETOWN,WA,Delivery Area
6167,CASUARINA,WA,Delivery Area
6507,CATABY,WA,Delivery Area
6255,CATTERICK,WA,Delivery Area
6055,CAVERSHAM,WA,Delivery Area
6330,CENTENNIAL PARK,WA,Delivery Area
6511,CERVANTES,WA,Delivery Area
6450,CHADWICK,WA,Delivery Area
6111,CHAMPION LAKES,WA,Delivery Area
6490,CHANDLER,WA,Delivery Area
6394,CHANGERUP,WA,Delivery Area
6260,CHANNYBEARUP,WA,Delivery Area
6280,CHAPMAN HILL,WA,Delivery Area
6239,CHARLEY CREEK,WA,Delivery Area
6395,CHERRY TREE POOL,WA,Delivery Area
6328,CHEYNES,WA,Delivery Area
6751,CHICHESTER,WA,Delivery Area
6556,CHIDLOW,WA,Delivery Area
6084,CHITTERING,WA,Delivery Area
6244,CHOWERUP,WA,Delivery Area
6798,CHRISTMAS ISLAND,WA,Delivery Area
6018,CHURCHLANDS,WA,Delivery Area
6015,CITY BEACH,WA,Delivery Area
6000,CITY DELIVERY CENTRE,WA,Delivery Area
6564,CLACKLINE,WA,Delivery Area
6010,CLAREMONT,WA,Delivery Area
6910,CLAREMONT,WA,Post Office Boxes
6010,CLAREMONT NORTH,WA,Delivery Area
6030,CLARKSON,WA,Delivery Area
6472,CLEARY,WA,Delivery Area
6714,CLEAVERVILLE,WA,Delivery Area
6211,CLIFTON,WA,Delivery Area
6850,CLOISTERS SQUARE PO,WA,Post Office Boxes
6105,CLOVERDALE,WA,Delivery Area
6985,CLOVERDALE,WA,Post Office Boxes
6317,COBLININE,WA,Delivery Area
6532,COBURN,WA,Delivery Area
6731,COCKATOO ISLAND,WA,Post Office Boxes
6164,COCKBURN CENTRAL,WA,Delivery Area
6443,COCKLEBIDDY,WA,Delivery Area
6308,CODJATOTINE,WA,Delivery Area
6302,COLD HARBOUR,WA,Delivery Area
6315,COLLANILLING,WA,Delivery Area
6230,COLLEGE GROVE,WA,Delivery Area
6225,COLLIE,WA,Delivery Area
6225,COLLIE BURN,WA,Delivery Area
6330,COLLINGWOOD HEIGHTS,WA,Delivery Area
6330,COLLINGWOOD PARK,WA,Delivery Area
6260,COLLINS,WA,Delivery Area
6311,COMMODINE,WA,Delivery Area
6152,COMO,WA,Delivery Area
6952,COMO,WA,Post Office Boxes
6450,CONDINGUP,WA,Delivery Area
6027,CONNOLLY,WA,Delivery Area
6311,CONTINE,WA,Delivery Area
6210,COODANUP,WA,Delivery Area
6166,COOGEE,WA,Delivery Area
6219,COOKERNUP,WA,Delivery Area
6638,COOLADAR HILL,WA,Delivery Area
6163,COOLBELLUP,WA,Delivery Area
6050,COOLBINIA,WA,Delivery Area
6532,COOLCALALAYA,WA,Delivery Area
6429,COOLGARDIE,WA,Delivery Area
6507,COOLJARLOO,WA,Delivery Area
6168,COOLOONGUP,WA,Delivery Area
6214,COOLUP,WA,Delivery Area
6450,COOMALBIDGUP,WA,Delivery Area
6512,COOMBERDALE,WA,Delivery Area
6503,COONABIDGEE,WA,Delivery Area
6566,COONDLE,WA,Delivery Area
6515,COOROW,WA,Delivery Area
6714,COOYA POOYA,WA,Delivery Area
6562,COPLEY,WA,Delivery Area
6701,CORAL BAY,WA,Delivery Area
6426,CORINTHIA,WA,Delivery Area
6375,CORRIGIN,WA,Delivery Area
6440,COSMO NEWBERY,WA,Delivery Area
6720,COSSACK,WA,Delivery Area
6011,COTTESLOE,WA,Delivery Area
6911,COTTESLOE,WA,Post Office Boxes
6288,COURTENAY,WA,Delivery Area
6336,COWALELLUP,WA,Delivery Area
6503,COWALLA,WA,Delivery Area
6284,COWARAMUP,WA,Delivery Area
6485,COWCOWING,WA,Delivery Area
6317,COYRECUP,WA,Delivery Area
6025,CRAIGIE,WA,Delivery Area
6420,CRAMPHORNE,WA,Delivery Area
6321,CRANBROOK,WA,Delivery Area
6009,CRAWLEY,WA,Delivery Area
6236,CROOKED BROOK,WA,Delivery Area
6390,CROSSMAN,WA,Delivery Area
6262,CROWEA,WA,Delivery Area
6311,CUBALLING,WA,Delivery Area
6383,CUBBINE,WA,Delivery Area
6640,CUE,WA,Delivery Area
6566,CULHAM,WA,Delivery Area
6067,CULLACABARDEE,WA,Delivery Area
6503,CULLALLA,WA,Delivery Area
6434,CUNDEELEE,WA,Delivery Area
6407,CUNDERDIN,WA,Delivery Area
6275,CUNDINUP,WA,Delivery Area
6401,CUNJARDINE,WA,Delivery Area
6028,CURRAMBINE,WA,Delivery Area
6330,CUTHBERT,WA,Delivery Area
6410,DAADENNING CREEK,WA,Delivery Area
6638,DAGGAR HILLS,WA,Delivery Area
6008,DAGLISH,WA,Delivery Area
6304,DALE,WA,Delivery Area
6302,DALIAK,WA,Delivery Area
6009,DALKEITH,WA,Delivery Area
6609,DALWALLINU,WA,Delivery Area
6230,DALYELLUP,WA,Delivery Area
6450,DALYUP,WA,Delivery Area
6713,DAMPIER,WA,Delivery Area
6713,DAMPIER ARCHIPELAGO,WA,Delivery Area
6725,DAMPIER PENINSULA,WA,Delivery Area
6479,DANDANNING,WA,Delivery Area
6507,DANDARAGAN,WA,Delivery Area
6383,DANGIN,WA,Delivery Area
6065,DARCH,WA,Delivery Area
6392,DARDADINE,WA,Delivery Area
6236,DARDANUP,WA,Delivery Area
6236,DARDANUP WEST,WA,Delivery Area
6392,DARKAN,WA,Delivery Area
6122,DARLING DOWNS,WA,Delivery Area
6070,DARLINGTON,WA,Delivery Area
6275,DARRADUP,WA,Delivery Area
6532,DARTMOOR,WA,Delivery Area
6320,DARTNALL,WA,Delivery Area
6317,DATATINE,WA,Delivery Area
6230,DAVENPORT,WA,Delivery Area
6211,DAWESVILLE,WA,Delivery Area
6055,DAYTON,WA,Delivery Area
6722,DE GREY,WA,Delivery Area
6258,DEANMILL,WA,Delivery Area
6532,DEEPDALE,WA,Delivery Area
6290,DEEPDENE,WA,Delivery Area
6324,DENBARKER,WA,Delivery Area
6537,DENHAM,WA,Delivery Area
6333,DENMARK,WA,Delivery Area
6728,DERBY,WA,Delivery Area
6630,DEVILS CREEK,WA,Delivery Area
6567,DEWARS POOL,WA,Delivery Area
6258,DIAMOND TREE,WA,Delivery Area
6059,DIANELLA,WA,Delivery Area
6532,DINDILOA,WA,Delivery Area
6258,DINGUP,WA,Delivery Area
6244,DINNINUP,WA,Delivery Area
6537,DIRK HARTOG ISLAND,WA,Delivery Area
6258,DIXVALE,WA,Delivery Area
6725,DJUGUN,WA,Delivery Area
6525,DONGARA,WA,Delivery Area
6315,DONGOLOCKING,WA,Delivery Area
6258,DONNELLY RIVER,WA,Delivery Area
6239,DONNYBROOK,WA,Delivery Area
6112,DOOBARDA,WA,Delivery Area
6383,DOODENANNING,WA,Delivery Area
6411,DOODLAKINE,WA,Delivery Area
6701,DORRE ISLAND,WA,Delivery Area
6018,DOUBLEVIEW,WA,Delivery Area
6461,DOWERIN,WA,Delivery Area
6330,DROME,WA,Delivery Area
6532,DRUMMOND COVE,WA,Delivery Area
6311,DRYANDRA,WA,Delivery Area
6740,DRYSDALE RIVER,WA,Delivery Area
6519,DUDAWA,WA,Delivery Area
6363,DUDININ,WA,Delivery Area
6210,DUDLEY PARK,WA,Delivery Area
6475,DUKIN,WA,Delivery Area
6383,DULBELLING,WA,Delivery Area
6425,DULYALBIN,WA,Delivery Area
6566,DUMBARTON,WA,Delivery Area
6312,DUMBERNING,WA,Delivery Area
6350,DUMBLEYUNG,WA,Delivery Area
6023,DUNCRAIG,WA,Delivery Area
6443,DUNDAS,WA,Delivery Area
6355,DUNN ROCK,WA,Delivery Area
6281,DUNSBOROUGH,WA,Delivery Area
6743,DURACK,WA,Delivery Area
6393,DURANILLIN,WA,Delivery Area
6532,DURAWAH,WA,Delivery Area
6308,DWARDA,WA,Delivery Area
6213,DWELLINGUP,WA,Delivery Area
6281,EAGLE BAY,WA,Delivery Area
6290,EAST AUGUSTA,WA,Delivery Area
6606,EAST BALLIDU,WA,Delivery Area
6304,EAST BEVERLEY,WA,Delivery Area
6535,EAST BOWES,WA,Delivery Area
6230,EAST BUNBURY,WA,Delivery Area
6107,EAST CANNINGTON,WA,Delivery Area
6701,EAST CARNARVON,WA,Delivery Area
6532,EAST CHAPMAN,WA,Delivery Area
6606,EAST DAMBORING,WA,Delivery Area
6158,EAST FREMANTLE,WA,Delivery Area
6705,EAST LYONS RIVER,WA,Delivery Area
6450,EAST MUNGLINUP,WA,Delivery Area
6640,EAST MURCHISON,WA,Delivery Area
6532,EAST NABAWA,WA,Delivery Area
6275,EAST NANNUP,WA,Delivery Area
6355,EAST NEWDEGATE,WA,Delivery Area
6004,EAST PERTH,WA,Delivery Area
6892,EAST PERTH,WA,Post Office Boxes
6308,EAST PINGELLY,WA,Delivery Area
6309,EAST POPANYINNING,WA,Delivery Area
6168,EAST ROCKINGHAM,WA,Delivery Area
6101,EAST VICTORIA PARK,WA,Delivery Area
6981,EAST VICTORIA PARK,WA,Post Office Boxes
6370,EAST WICKEPIN,WA,Delivery Area
6532,EAST YUNA,WA,Delivery Area
6260,EASTBROOK,WA,Delivery Area
6232,EATON,WA,Delivery Area
6054,EDEN HILL,WA,Delivery Area
6027,EDGEWATER,WA,Delivery Area
6515,EGANU,WA,Delivery Area
6034,EGLINTON,WA,Delivery Area
6725,EIGHTY MILE BEACH,WA,Delivery Area
6490,ELABBIN,WA,Delivery Area
6479,ELACHBUTTING,WA,Delivery Area
6237,ELGIN,WA,Delivery Area
6330,ELLEKER,WA,Delivery Area
6069,ELLENBROOK,WA,Delivery Area
6532,ELLENDALE,WA,Delivery Area
6062,EMBLETON,WA,Delivery Area
6431,EMU FLAT,WA,Delivery Area
6330,EMU POINT,WA,Delivery Area
6518,ENEABBA,WA,Delivery Area
6484,ENNUIN,WA,Delivery Area
6532,ERADU,WA,Delivery Area
6532,ERADU SOUTH,WA,Delivery Area
6210,ERSKINE,WA,Delivery Area
6450,ESPERANCE,WA,Delivery Area
6213,ETMILYN,WA,Delivery Area
6443,EUCLA,WA,Delivery Area
6532,EURARDY,WA,Delivery Area
6317,EWLYAMARTUP,WA,Delivery Area
6707,EXMOUTH,WA,Delivery Area
6707,EXMOUTH GULF,WA,Delivery Area
6208,FAIRBRIDGE,WA,Delivery Area
6210,FALCON,WA,Delivery Area
6236,FERGUSON,WA,Delivery Area
6148,FERNDALE,WA,Delivery Area
6431,FEYSVILLE,WA,Delivery Area
6432,FIMISTON,WA,Delivery Area
6722,FINUCANE,WA,Delivery Area
6337,FITZGERALD,WA,Delivery Area
6346,FITZGERALD RIVER NATIONAL PARK,WA,Delivery Area
6765,FITZROY CROSSING,WA,Delivery Area
6302,FLINT,WA,Delivery Area
6014,FLOREAT,WA,Delivery Area
6302,FLYNN,WA,Delivery Area
6286,FOREST GROVE,WA,Delivery Area
6324,FOREST HILL,WA,Delivery Area
6434,FORREST,WA,Delivery Area
6271,FORREST BEACH,WA,Delivery Area
6359,FORRESTANIA,WA,Delivery Area
6112,FORRESTDALE,WA,Delivery Area
6058,FORRESTFIELD,WA,Delivery Area
6716,FORTESCUE,WA,Delivery Area
6537,FRANCOIS PERON NATIONAL PARK,WA,Delivery Area
6396,FRANKLAND RIVER,WA,Delivery Area
6443,FRASER RANGE,WA,Delivery Area
6160,FREMANTLE,WA,Delivery Area
6959,FREMANTLE,WA,Post Office Boxes
6330,FRENCHMAN BAY,WA,Delivery Area
6209,FURNISSDALE,WA,Delivery Area
6574,GABALONG,WA,Delivery Area
6041,GABBADAH,WA,Delivery Area
6476,GABBIN,WA,Delivery Area
6337,GAIRDNER,WA,Delivery Area
6714,GAP RIDGE,WA,Delivery Area
6168,GARDEN ISLAND,WA,Delivery Area
6705,GASCOYNE JUNCTION,WA,Delivery Area
6705,GASCOYNE RIVER,WA,Delivery Area
6728,GEEGULLY CREEK,WA,Delivery Area
6230,GELORUP,WA,Delivery Area
6280,GEOGRAPHE,WA,Delivery Area
6532,GEORGINA,WA,Delivery Area
6530,GERALDTON,WA,Delivery Area
6531,GERALDTON PO,WA,Post Office Boxes
6426,GHOOLI,WA,Delivery Area
6743,GIBB,WA,Delivery Area
6448,GIBSON,WA,Delivery Area
0872,GIBSON DESERT NORTH,WA,Delivery Area
0872,GIBSON DESERT SOUTH,WA,Delivery Area
6083,GIDGEGANNUP,WA,Delivery Area
6302,GILGERING,WA,Delivery Area
6370,GILLIMANNING,WA,Delivery Area
6510,GILLINGARRA,WA,Delivery Area
6701,GILROYD,WA,Delivery Area
6725,GINGERAH,WA,Delivery Area
6503,GINGIN,WA,Delivery Area
6503,GINGINUP,WA,Delivery Area
6064,GIRRAWHEEN,WA,Delivery Area
6330,GLEDHOW,WA,Delivery Area
6071,GLEN FORREST,WA,Delivery Area
6230,GLEN IRIS,WA,Delivery Area
6239,GLEN MERVYN,WA,Delivery Area
6316,GLENCOE,WA,Delivery Area
6016,GLENDALOUGH,WA,Delivery Area
6532,GLENFIELD,WA,Delivery Area
6256,GLENLYNN,WA,Delivery Area
6258,GLENORAN,WA,Delivery Area
6509,GLENTROMIE,WA,Delivery Area
6077,GNANGARA,WA,Delivery Area
6285,GNARABUP,WA,Delivery Area
6714,GNOOREA,WA,Delivery Area
6335,GNOWANGERUP,WA,Delivery Area
6328,GNOWELLEN,WA,Delivery Area
6174,GOLDEN BAY,WA,Delivery Area
6330,GOODE BEACH,WA,Delivery Area
6468,GOODLANDS,WA,Delivery Area
6460,GOOMALLING,WA,Delivery Area
6415,GOOMARIN,WA,Delivery Area
6076,GOOSEBERRY HILL,WA,Delivery Area
6375,GORGE ROCK,WA,Delivery Area
6556,GORRIE,WA,Delivery Area
6110,GOSNELLS,WA,Delivery Area
6990,GOSNELLS,WA,Post Office Boxes
6284,GRACETOWN,WA,Delivery Area
6503,GRANVILLE,WA,Delivery Area
6446,GRASS PATCH,WA,Delivery Area
6403,GRASS VALLEY,WA,Delivery Area
6514,GREEN HEAD,WA,Delivery Area
6328,GREEN RANGE,WA,Delivery Area
6330,GREEN VALLEY,WA,Delivery Area
6254,GREENBUSHES,WA,Delivery Area
6210,GREENFIELDS,WA,Delivery Area
6302,GREENHILLS,WA,Delivery Area
6056,GREENMOUNT,WA,Delivery Area
6532,GREENOUGH,WA,Delivery Area
6024,GREENWOOD,WA,Delivery Area
6924,GREENWOOD,WA,Post Office Boxes
6405,GREENWOODS VALLEY,WA,Delivery Area
6535,GREGORY,WA,Delivery Area
6521,GREY,WA,Delivery Area
6701,GREYS PLAIN,WA,Delivery Area
6253,GRIMWADE,WA,Delivery Area
6041,GUILDERTON,WA,Delivery Area
6055,GUILDFORD,WA,Delivery Area
6935,GUILDFORD,WA,Post Office Boxes
6315,GUNDARING,WA,Delivery Area
6513,GUNYIDI,WA,Delivery Area
6623,GUTHA,WA,Delivery Area
6302,GWAMBYGINE,WA,Delivery Area
6018,GWELUP,WA,Delivery Area
6018,GWELUP DC,WA,Delivery Area
6237,GWINDINUP,WA,Delivery Area
6076,HACKETTS GULLY,WA,Delivery Area
6770,HALLS CREEK,WA,Delivery Area
6210,HALLS HEAD,WA,Delivery Area
6215,HAMEL,WA,Delivery Area
6288,HAMELIN BAY,WA,Delivery Area
6532,HAMELIN POOL,WA,Delivery Area
6022,HAMERSLEY,WA,Delivery Area
6716,HAMERSLEY RANGE,WA,Delivery Area
6163,HAMILTON HILL,WA,Delivery Area
6963,HAMILTON HILL,WA,Post Office Boxes
6164,HAMMOND PARK,WA,Delivery Area
6430,HANNANS,WA,Delivery Area
6433,HANNANS PO,WA,Post Office Boxes
6225,HARRIS RIVER,WA,Delivery Area
6112,HARRISDALE,WA,Delivery Area
6361,HARRISMITH,WA,Delivery Area
6220,HARVEY,WA,Delivery Area
6308,HASTINGS,WA,Delivery Area
6356,HATTER HILL,WA,Delivery Area
6333,HAY,WA,Delivery Area
6112,HAYNES,WA,Delivery Area
6055,HAZELMERE,WA,Delivery Area
6333,HAZELVALE,WA,Delivery Area
6027,HEATHRIDGE,WA,Delivery Area
6056,HELENA VALLEY,WA,Delivery Area
6166,HENDERSON,WA,Delivery Area
6055,HENLEY BROOK,WA,Delivery Area
6236,HENTY,WA,Delivery Area
6017,HERDSMAN,WA,Delivery Area
6056,HERNE HILL,WA,Delivery Area
6211,HERRON,WA,Delivery Area
6255,HESTER,WA,Delivery Area
6255,HESTER BROOK,WA,Delivery Area
6532,HICKETY,WA,Delivery Area
6443,HIGGINSVILLE,WA,Delivery Area
6057,HIGH WYCOMBE,WA,Delivery Area
6313,HIGHBURY,WA,Delivery Area
6003,HIGHGATE,WA,Delivery Area
6112,HILBERT,WA,Delivery Area
6521,HILL RIVER,WA,Delivery Area
6025,HILLARYS,WA,Delivery Area
6923,HILLARYS,WA,Post Office Boxes
6168,HILLMAN,WA,Delivery Area
6312,HILLSIDE,WA,Delivery Area
6163,HILTON,WA,Delivery Area
6462,HINDMARSH,WA,Delivery Area
6413,HINES HILL,WA,Delivery Area
6280,HITHERGREEN,WA,Delivery Area
6065,HOCKING,WA,Delivery Area
6566,HODDYS WELL,WA,Delivery Area
6220,HOFFMAN,WA,Delivery Area
6426,HOLLETON,WA,Delivery Area
6522,HOLMWOOD,WA,Delivery Area
6355,HOLT ROCK,WA,Delivery Area
6213,HOLYOAKE,WA,Delivery Area
6799,HOME ISLAND COCOS (KEELING) ISLANDS,WA,Post Office Boxes
6165,HOPE VALLEY,WA,Delivery Area
6125,HOPELAND,WA,Delivery Area
6348,HOPETOUN,WA,Delivery Area
6535,HORROCKS,WA,Delivery Area
6530,HOUTMAN ABROLHOS,WA,Delivery Area
6071,HOVEA,WA,Delivery Area
6532,HOWATHARRA,WA,Delivery Area
6450,HOWICK,WA,Delivery Area
6460,HULONGINE,WA,Delivery Area
6110,HUNTINGDALE,WA,Delivery Area
6359,HYDEN,WA,Delivery Area
6522,IKEWA,WA,Delivery Area
6028,ILUKA,WA,Delivery Area
6721,INDEE,WA,Delivery Area
6701,INGGARDA,WA,Delivery Area
6213,INGLEHOPE,WA,Delivery Area
6052,INGLEWOOD,WA,Delivery Area
6932,INGLEWOOD,WA,Post Office Boxes
6302,INKPEN,WA,Delivery Area
6018,INNALOO,WA,Delivery Area
6918,INNALOO,WA,Post Office Boxes
6751,INNAWANGA,WA,Delivery Area
6401,IRISHTOWN,WA,Delivery Area
0872,IRRUNYTJU,WA,Delivery Area
6525,IRWIN,WA,Delivery Area
6452,ISRAELITE BAY,WA,Delivery Area
6535,ISSEKA,WA,Delivery Area
6335,JACKITUP,WA,Delivery Area
6337,JACUP,WA,Delivery Area
6275,JALBARRAGUP,WA,Delivery Area
6315,JALORAN,WA,Delivery Area
6077,JANDABUP,WA,Delivery Area
6164,JANDAKOT,WA,Delivery Area
6056,JANE BROOK,WA,Delivery Area
6258,JARDEE,WA,Delivery Area
6728,JARLMADANGAH BURRU,WA,Delivery Area
6124,JARRAHDALE,WA,Delivery Area
6275,JARRAHWOOD,WA,Delivery Area
6306,JELCOBINE,WA,Delivery Area
6401,JENNACUBBINE,WA,Delivery Area
6401,JENNAPULLIN,WA,Delivery Area
6346,JERDACUTTUP,WA,Delivery Area
6337,JERRAMUNGUP,WA,Delivery Area
6612,JIBBERDING,WA,Delivery Area
6753,JIGALONG,WA,Delivery Area
6365,JILAKIN,WA,Delivery Area
6036,JINDALEE,WA,Delivery Area
6280,JINDONG,WA,Delivery Area
6395,JINGALUP,WA,Delivery Area
6365,JITARNING,WA,Delivery Area
6014,JOLIMONT,WA,Delivery Area
6027,JOONDALUP,WA,Delivery Area
6027,JOONDALUP DC,WA,Delivery Area
6919,JOONDALUP DC,WA,Post Office Boxes
6060,JOONDANNA,WA,Delivery Area
6567,JULIMAR,WA,Delivery Area
6751,JUNA DOWNS,WA,Delivery Area
6516,JURIEN BAY,WA,Delivery Area
6519,KADATHINNI,WA,Delivery Area
6076,KALAMUNDA,WA,Delivery Area
6926,KALAMUNDA,WA,Post Office Boxes
6468,KALANNIE,WA,Delivery Area
6536,KALBARRI,WA,Delivery Area
6536,KALBARRI NATIONAL PARK,WA,Delivery Area
6330,KALGAN,WA,Delivery Area
6430,KALGOORLIE,WA,Delivery Area
6433,KALGOORLIE DC,WA,Post Office Boxes
6433,KALGOORLIE PO,WA,Post Office Boxes
6280,KALGUP,WA,Delivery Area
6025,KALLAROO,WA,Delivery Area
6280,KALOORUP,WA,Delivery Area
6740,KALUMBURU,WA,Delivery Area
6442,KAMBALDA EAST,WA,Delivery Area
6442,KAMBALDA WEST,WA,Delivery Area
6255,KANGAROO GULLY,WA,Delivery Area
6431,KANOWNA,WA,Delivery Area
0872,KANPA,WA,Delivery Area
6044,KARAKIN,WA,Delivery Area
6642,KARALUNDI,WA,Delivery Area
6152,KARAWARA,WA,Delivery Area
6163,KARDINYA,WA,Delivery Area
6751,KARIJINI,WA,Delivery Area
6358,KARLGARIN,WA,Delivery Area
6430,KARLKURLA,WA,Delivery Area
6479,KARLONING,WA,Delivery Area
6530,KARLOO,WA,Delivery Area
6176,KARNUP,WA,Delivery Area
6111,KARRAGULLEN,WA,Delivery Area
6010,KARRAKATTA,WA,Delivery Area
6122,KARRAKUP,WA,Delivery Area
6429,KARRAMINDIE,WA,Delivery Area
6460,KARRANADGIN,WA,Delivery Area
6714,KARRATHA,WA,Delivery Area
6714,KARRATHA INDUSTRIAL ESTATE,WA,Delivery Area
6288,KARRIDALE,WA,Delivery Area
6018,KARRINYUP,WA,Delivery Area
6921,KARRINYUP,WA,Post Office Boxes
6472,KARROUN HILL,WA,Delivery Area
6317,KATANNING,WA,Delivery Area
6401,KATRINE,WA,Delivery Area
6302,KAURING,WA,Delivery Area
6280,KEALY,WA,Delivery Area
6335,KEBARINGUP,WA,Delivery Area
6410,KELLERBERRIN,WA,Delivery Area
6111,KELMSCOTT,WA,Delivery Area
6991,KELMSCOTT,WA,Post Office Boxes
6111,KELMSCOTT DC,WA,Delivery Area
6997,KELMSCOTT DC,WA,Post Office Boxes
6323,KENDENUP,WA,Delivery Area
6316,KENMARE,WA,Delivery Area
6701,KENNEDY RANGE,WA,Delivery Area
6151,KENSINGTON,WA,Delivery Area
6333,KENTDALE,WA,Delivery Area
6107,KENWICK,WA,Delivery Area
6182,KERALUP,WA,Delivery Area
6105,KEWDALE,WA,Delivery Area
6126,KEYSBROOK,WA,Delivery Area
6054,KIARA,WA,Delivery Area
6728,KIMBOLTON,WA,Delivery Area
6330,KING RIVER,WA,Delivery Area
6005,KINGS PARK,WA,Delivery Area
6701,KINGSFORD,WA,Delivery Area
6026,KINGSLEY,WA,Delivery Area
6256,KINGSTON,WA,Delivery Area
6065,KINGSWAY,WA,Delivery Area
6028,KINROSS,WA,Delivery Area
6372,KIRK ROCK,WA,Delivery Area
6251,KIRUP,WA,Delivery Area
0872,KIWIRRKURRA,WA,Delivery Area
6328,KOJANEERUP SOUTH,WA,Delivery Area
6532,KOJARENA,WA,Delivery Area
6395,KOJONUP,WA,Delivery Area
6304,KOKEBY,WA,Delivery Area
6367,KONDININ,WA,Delivery Area
6605,KONDUT,WA,Delivery Area
6603,KONNONGORRING,WA,Delivery Area
6510,KOOJAN,WA,Delivery Area
6431,KOOKYNIE,WA,Delivery Area
6733,KOOLAN ISLAND,WA,Delivery Area
6623,KOOLANOOKA,WA,Delivery Area
6427,KOOLYANOBBING,WA,Delivery Area
6461,KOOMBERKINE,WA,Delivery Area
6064,KOONDOOLA,WA,Delivery Area
6056,KOONGAMIA,WA,Delivery Area
6475,KOORDA,WA,Delivery Area
6415,KORBEL,WA,Delivery Area
6333,KORDABUP,WA,Delivery Area
6485,KORRELOCKING,WA,Delivery Area
6330,KRONKUP,WA,Delivery Area
6290,KUDARDUP,WA,Delivery Area
6353,KUENDER,WA,Delivery Area
6352,KUKERIN,WA,Delivery Area
6244,KULIKUP,WA,Delivery Area
6365,KULIN,WA,Delivery Area
6365,KULIN WEST,WA,Delivery Area
6470,KULJA,WA,Delivery Area
6642,KUMARINA,WA,Delivery Area
6770,KUNDAT DJARU,WA,Delivery Area
6375,KUNJIN,WA,Delivery Area
6489,KUNUNOPPIN,WA,Delivery Area
6743,KUNUNURRA,WA,Delivery Area
6770,KUPARTIYA,WA,Delivery Area
6431,KURNALPI,WA,Delivery Area
6375,KURRENKUTTEN,WA,Delivery Area
6306,KWEDA,WA,Delivery Area
6490,KWELKAN,WA,Delivery Area
6966,KWINANA,WA,Post Office Boxes
6167,KWINANA BEACH,WA,Delivery Area
6167,KWINANA TOWN CENTRE,WA,Delivery Area
6385,KWOLYIN,WA,Delivery Area
6725,LAGRANGE,WA,Delivery Area
6743,LAKE ARGYLE,WA,Delivery Area
6640,LAKE AUSTIN,WA,Delivery Area
6355,LAKE BIDDY,WA,Delivery Area
6479,LAKE BROWN,WA,Delivery Area
6355,LAKE CAMM,WA,Delivery Area
6646,LAKE CARNEGIE,WA,Delivery Area
6215,LAKE CLIFTON,WA,Delivery Area
6166,LAKE COOGEE,WA,Delivery Area
6438,LAKE DARLOT,WA,Delivery Area
6484,LAKE DEBORAH,WA,Delivery Area
6353,LAKE GRACE,WA,Delivery Area
6603,LAKE HINDS,WA,Delivery Area
6260,LAKE JASPER,WA,Delivery Area
6356,LAKE KING,WA,Delivery Area
6475,LAKE MARGARETTE,WA,Delivery Area
6258,LAKE MUIR,WA,Delivery Area
6603,LAKE NINAN,WA,Delivery Area
6320,LAKE TOOLBRUNUP,WA,Delivery Area
6440,LAKE WELLS,WA,Delivery Area
6180,LAKELANDS,WA,Delivery Area
6431,LAKEWOOD,WA,Delivery Area
6430,LAMINGTON,WA,Delivery Area
6044,LANCELIN,WA,Delivery Area
6065,LANDSDALE,WA,Delivery Area
6330,LANGE,WA,Delivery Area
6147,LANGFORD,WA,Delivery Area
6616,LATHAM,WA,Delivery Area
6100,LATHLAIN,WA,Delivery Area
6440,LAVERTON,WA,Delivery Area
6707,LEARMONTH,WA,Delivery Area
6170,LEDA,WA,Delivery Area
6043,LEDGE POINT,WA,Delivery Area
6007,LEEDERVILLE,WA,Delivery Area
6902,LEEDERVILLE,WA,Post Office Boxes
6903,LEEDERVILLE,WA,Post Office Boxes
6514,LEEMAN,WA,Delivery Area
6149,LEEMING,WA,Delivery Area
6290,LEEUWIN,WA,Delivery Area
6437,LEINSTER,WA,Delivery Area
6503,LENNARD BROOK,WA,Delivery Area
6438,LEONORA,WA,Delivery Area
6233,LESCHENAULT,WA,Delivery Area
6111,LESLEY,WA,Delivery Area
6076,LESMURDIE,WA,Delivery Area
6079,LEXIA,WA,Delivery Area
6315,LIME LAKE,WA,Delivery Area
6258,LINFARNE,WA,Delivery Area
6330,LITTLE GROVE,WA,Delivery Area
6359,LITTLE ITALY,WA,Delivery Area
6646,LITTLE SANDY DESERT,WA,Delivery Area
6522,LOCKIER,WA,Delivery Area
6054,LOCKRIDGE,WA,Delivery Area
6330,LOCKYER,WA,Delivery Area
6311,LOL GRAY,WA,Delivery Area
6429,LONDONDERRY,WA,Delivery Area
6447,LORT RIVER,WA,Delivery Area
6240,LOWDEN,WA,Delivery Area
6084,LOWER CHITTERING,WA,Delivery Area
6390,LOWER HOTHAM,WA,Delivery Area
6330,LOWER KING,WA,Delivery Area
6330,LOWLANDS,WA,Delivery Area
6280,LUDLOW,WA,Delivery Area
6395,LUMEAH,WA,Delivery Area
6225,LYALLS MILL,WA,Delivery Area
6701,LYNDON,WA,Delivery Area
6147,LYNWOOD,WA,Delivery Area
6701,MACLEOD,WA,Delivery Area
6109,MADDINGTON,WA,Delivery Area
6989,MADDINGTON,WA,Post Office Boxes
6065,MADELEY,WA,Delivery Area
6210,MADORA BAY,WA,Delivery Area
6443,MADURA,WA,Delivery Area
6355,MAGENTA,WA,Delivery Area
6338,MAGITUP,WA,Delivery Area
6072,MAHOGANY CREEK,WA,Delivery Area
6530,MAHOMETS FLATS,WA,Delivery Area
6057,MAIDA VALE,WA,Delivery Area
6714,MAITLAND,WA,Delivery Area
6401,MALABAINE,WA,Delivery Area
6090,MALAGA,WA,Delivery Area
6944,MALAGA,WA,Post Office Boxes
6302,MALEBELLING,WA,Delivery Area
6353,MALLEE HILL,WA,Delivery Area
6556,MALMALLING,WA,Delivery Area
6370,MALYALLING,WA,Delivery Area
6167,MANDOGALUP,WA,Delivery Area
6210,MANDURAH,WA,Delivery Area
6210,MANDURAH DC,WA,Delivery Area
6210,MANDURAH EAST,WA,Delivery Area
6210,MANDURAH NORTH,WA,Delivery Area
6258,MANJIMUP,WA,Delivery Area
6465,MANMANNING,WA,Delivery Area
6152,MANNING,WA,Delivery Area
0872,MANTAMARU,WA,Delivery Area
6328,MANYPEAKS,WA,Delivery Area
6064,MARANGAROO,WA,Delivery Area
6256,MARANUP,WA,Delivery Area
6330,MARBELUP,WA,Delivery Area
6760,MARBLE BAR,WA,Delivery Area
6515,MARCHAGEE,WA,Delivery Area
6125,MARDELLA,WA,Delivery Area
6714,MARDIE,WA,Delivery Area
6285,MARGARET RIVER,WA,Delivery Area
6078,MARIGINIUP,WA,Delivery Area
6020,MARMION,WA,Delivery Area
6608,MARNE,WA,Delivery Area
6317,MARRACOONDA,WA,Delivery Area
6390,MARRADONG,WA,Delivery Area
6532,MARRAH,WA,Delivery Area
6213,MARRINUP,WA,Delivery Area
6110,MARTIN,WA,Delivery Area
6426,MARVEL LOCH,WA,Delivery Area
6280,MARYBROOK,WA,Delivery Area
6701,MASSEY BAY,WA,Delivery Area
6614,MAYA,WA,Delivery Area
6244,MAYANUP,WA,Delivery Area
6051,MAYLANDS,WA,Delivery Area
6931,MAYLANDS,WA,Post Office Boxes
6225,MCALINDEN,WA,Delivery Area
6770,MCBEATH,WA,Delivery Area
6330,MCKAIL,WA,Delivery Area
6532,MEADOW,WA,Delivery Area
6210,MEADOW SPRINGS,WA,Delivery Area
6405,MECKERING,WA,Delivery Area
6728,MEDA,WA,Delivery Area
6167,MEDINA,WA,Delivery Area
6642,MEEKATHARRA,WA,Delivery Area
6392,MEEKING,WA,Delivery Area
6208,MEELON,WA,Delivery Area
6401,MEENAAR,WA,Delivery Area
6262,MEERUP,WA,Delivery Area
6079,MELALEUCA,WA,Delivery Area
6156,MELVILLE,WA,Delivery Area
6956,MELVILLE,WA,Post Office Boxes
6050,MENORA,WA,Delivery Area
6436,MENZIES,WA,Delivery Area
6352,MERILUP,WA,Delivery Area
6450,MERIVALE,WA,Delivery Area
6625,MERKANOOKA,WA,Delivery Area
6415,MERREDIN,WA,Delivery Area
6030,MERRIWA,WA,Delivery Area
6530,MERU,WA,Delivery Area
6280,METRICUP,WA,Delivery Area
6328,METTLER,WA,Delivery Area
6612,MIAMOON,WA,Delivery Area
6056,MIDDLE SWAN,WA,Delivery Area
6258,MIDDLESEX,WA,Delivery Area
6330,MIDDLETON BEACH,WA,Delivery Area
6056,MIDLAND,WA,Delivery Area
6936,MIDLAND DC,WA,Post Office Boxes
6056,MIDVALE,WA,Delivery Area
6575,MILING,WA,Delivery Area
6714,MILLARS WELL,WA,Delivery Area
6232,MILLBRIDGE,WA,Delivery Area
6330,MILLBROOK,WA,Delivery Area
6056,MILLENDON,WA,Delivery Area
6336,MILLS LAKE,WA,Delivery Area
6716,MILLSTREAM,WA,Delivery Area
6525,MILO,WA,Delivery Area
6330,MILPARA,WA,Delivery Area
6507,MIMEGARRA,WA,Delivery Area
6336,MINDARABIN,WA,Delivery Area
6030,MINDARIE,WA,Delivery Area
6503,MINDARRA,WA,Delivery Area
6315,MINDING,WA,Delivery Area
6522,MINGENEW,WA,Delivery Area
6312,MINIGIN,WA,Delivery Area
6701,MINILYA,WA,Delivery Area
6532,MINNENOOKA,WA,Delivery Area
6462,MINNIVALE,WA,Delivery Area
6725,MINYIRR,WA,Delivery Area
6330,MIRA MAR,WA,Delivery Area
6061,MIRRABOOKA,WA,Delivery Area
6941,MIRRABOOKA,WA,Post Office Boxes
6740,MITCHELL PLATEAU,WA,Delivery Area
6395,MOBRUP,WA,Delivery Area
6603,MOCARDY,WA,Delivery Area
6506,MOGUMBER,WA,Delivery Area
6401,MOKINE,WA,Delivery Area
6394,MOKUP,WA,Delivery Area
6475,MOLLERIN,WA,Delivery Area
6290,MOLLOY ISLAND,WA,Delivery Area
6338,MONJEBUP,WA,Delivery Area
6450,MONJINGUP,WA,Delivery Area
6537,MONKEY MIA,WA,Delivery Area
6393,MOODIARRUP,WA,Delivery Area
6317,MOOJEBING,WA,Delivery Area
6504,MOOLIABEENEE,WA,Delivery Area
6503,MOONDAH,WA,Delivery Area
6567,MOONDYNE,WA,Delivery Area
6320,MOONIES HILL,WA,Delivery Area
6532,MOONYOONOOKA,WA,Delivery Area
6510,MOORA,WA,Delivery Area
6503,MOORE RIVER NATIONAL PARK,WA,Delivery Area
6522,MOORIARY,WA,Delivery Area
6425,MOORINE ROCK,WA,Delivery Area
6083,MORANGUP,WA,Delivery Area
6623,MORAWA,WA,Delivery Area
6304,MORBINNING,WA,Delivery Area
6258,MORDALUP,WA,Delivery Area
6530,MORESBY,WA,Delivery Area
6701,MORGANTOWN,WA,Delivery Area
6062,MORLEY,WA,Delivery Area
6943,MORLEY,WA,Post Office Boxes
6221,MORNINGTON,WA,Delivery Area
6012,MOSMAN PARK,WA,Delivery Area
6912,MOSMAN PARK,WA,Post Office Boxes
6351,MOULYINNING,WA,Delivery Area
6525,MOUNT ADAMS,WA,Delivery Area
6714,MOUNT ANKETELL,WA,Delivery Area
6324,MOUNT BARKER,WA,Delivery Area
6522,MOUNT BUDD,WA,Delivery Area
6429,MOUNT BURGES,WA,Delivery Area
6410,MOUNT CAROLINE,WA,Delivery Area
6010,MOUNT CLAREMONT,WA,Delivery Area
6330,MOUNT CLARENCE,WA,Delivery Area
6390,MOUNT COOKE,WA,Delivery Area
6330,MOUNT ELPHINSTONE,WA,Delivery Area
6532,MOUNT ERIN,WA,Delivery Area
6426,MOUNT HAMPTON,WA,Delivery Area
6302,MOUNT HARDEY,WA,Delivery Area
6765,MOUNT HARDMAN,WA,Delivery Area
6016,MOUNT HAWTHORN,WA,Delivery Area
6915,MOUNT HAWTHORN,WA,Post Office Boxes
6082,MOUNT HELENA,WA,Delivery Area
6528,MOUNT HILL,WA,Delivery Area
6426,MOUNT HOLLAND,WA,Delivery Area
6525,MOUNT HORNER,WA,Delivery Area
6426,MOUNT JACKSON,WA,Delivery Area
6050,MOUNT LAWLEY,WA,Delivery Area
6929,MOUNT LAWLEY,WA,Post Office Boxes
6333,MOUNT LINDESAY,WA,Delivery Area
6356,MOUNT MADDEN,WA,Delivery Area
6638,MOUNT MAGNET,WA,Delivery Area
6330,MOUNT MELVILLE,WA,Delivery Area
6112,MOUNT NASURA,WA,Delivery Area
6447,MOUNT NEY,WA,Delivery Area
6302,MOUNT OBSERVATION,WA,Delivery Area
6426,MOUNT PALMER,WA,Delivery Area
6153,MOUNT PLEASANT,WA,Delivery Area
6112,MOUNT RICHON,WA,Delivery Area
6333,MOUNT ROMANCE,WA,Delivery Area
6751,MOUNT SHEILA,WA,Delivery Area
6355,MOUNT SHERIDAN,WA,Delivery Area
6383,MOUNT STIRLING,WA,Delivery Area
6530,MOUNT TARCOOLA,WA,Delivery Area
6369,MOUNT WALKER,WA,Delivery Area
6390,MOUNT WELLS,WA,Delivery Area
6472,MOUROUBRA,WA,Delivery Area
6501,MUCHEA,WA,Delivery Area
6503,MUCKENBURRA,WA,Delivery Area
6770,MUELLER RANGES,WA,Delivery Area
6225,MUJA,WA,Delivery Area
6479,MUKINBUDIN,WA,Delivery Area
6714,MULATAGA,WA,Delivery Area
6751,MULGA DOWNS,WA,Delivery Area
6027,MULLALOO,WA,Delivery Area
6252,MULLALYUP,WA,Delivery Area
6630,MULLEWA,WA,Delivery Area
6430,MULLINGAR,WA,Delivery Area
6401,MULUCKINE,WA,Delivery Area
6225,MUMBALLUP,WA,Delivery Area
6401,MUMBERKINE,WA,Delivery Area
6721,MUNDABULLANGANA,WA,Delivery Area
6073,MUNDARING,WA,Delivery Area
6123,MUNDIJONG,WA,Delivery Area
6443,MUNDRABILLA,WA,Delivery Area
6225,MUNGALUP,WA,Delivery Area
6450,MUNGLINUP,WA,Delivery Area
6166,MUNSTER,WA,Delivery Area
6420,MUNTADGIN,WA,Delivery Area
6394,MURADUP,WA,Delivery Area
6630,MURCHISON,WA,Delivery Area
6150,MURDOCH,WA,Delivery Area
6317,MURDONG,WA,Delivery Area
6401,MURESK,WA,Delivery Area
6220,MYALUP,WA,Delivery Area
6207,MYARA,WA,Delivery Area
6154,MYAREE,WA,Delivery Area
6960,MYAREE,WA,Post Office Boxes
6450,MYRUP,WA,Delivery Area
6532,NABAWA,WA,Delivery Area
6350,NAIRIBIN,WA,Delivery Area
6485,NALKAIN,WA,Delivery Area
6338,NALYERLUP,WA,Delivery Area
6512,NAMBAN,WA,Delivery Area
6207,NAMBEELUP,WA,Delivery Area
6521,NAMBUNG,WA,Delivery Area
6330,NANARUP,WA,Delivery Area
6537,NANGA,WA,Delivery Area
6215,NANGA BROOK,WA,Delivery Area
6414,NANGEENAN,WA,Delivery Area
6522,NANGETTY,WA,Delivery Area
6275,NANNUP,WA,Delivery Area
6532,NANSON,WA,Delivery Area
6751,NANUTARRA,WA,Delivery Area
6330,NAPIER,WA,Delivery Area
6532,NARALING,WA,Delivery Area
6369,NAREMBEEN,WA,Delivery Area
6532,NARNGULU,WA,Delivery Area
6532,NARRA TARRA,WA,Delivery Area
6302,NARRALOGGAN,WA,Delivery Area
6326,NARRIKUP,WA,Delivery Area
6312,NARROGIN,WA,Delivery Area
6312,NARROGIN VALLEY,WA,Delivery Area
6281,NATURALISTE,WA,Delivery Area
6165,NAVAL BASE,WA,Delivery Area
6440,NEALE,WA,Delivery Area
6009,NEDLANDS,WA,Delivery Area
6909,NEDLANDS,WA,Post Office Boxes
6009,NEDLANDS DC,WA,Delivery Area
6336,NEEDILUP,WA,Delivery Area
6353,NEENDALING,WA,Delivery Area
6031,NEERABUP,WA,Delivery Area
6503,NEERGABBY,WA,Delivery Area
6485,NEMBUDDING,WA,Delivery Area
6450,NERIDUP,WA,Delivery Area
6630,NERRAMYNE,WA,Delivery Area
6532,NERREN NERREN,WA,Delivery Area
6509,NEW NORCIA,WA,Delivery Area
6475,NEWCARLBEON,WA,Delivery Area
6355,NEWDEGATE,WA,Delivery Area
6251,NEWLANDS,WA,Delivery Area
6753,NEWMAN,WA,Delivery Area
0872,NGAANYATJARRA-GILES,WA,Delivery Area
6714,NICKOL,WA,Delivery Area
6044,NILGEN,WA,Delivery Area
6288,NILLUP,WA,Delivery Area
6701,NINGALOO,WA,Delivery Area
6350,NIPPERING,WA,Delivery Area
6208,NIRIMBA,WA,Delivery Area
6225,NOGGERUP,WA,Delivery Area
6415,NOKANING,WA,Delivery Area
6532,NOLBA,WA,Delivery Area
6061,NOLLAMARA,WA,Delivery Area
6312,NOMANS LAKE,WA,Delivery Area
6062,NORANDA,WA,Delivery Area
6333,NORNALUP,WA,Delivery Area
6415,NORPA,WA,Delivery Area
6443,NORSEMAN,WA,Delivery Area
6412,NORTH BAANDEE,WA,Delivery Area
6390,NORTH BANNISTER,WA,Delivery Area
6020,NORTH BEACH,WA,Delivery Area
6920,NORTH BEACH,WA,Post Office Boxes
6424,NORTH BODALLIN,WA,Delivery Area
6237,NORTH BOYANUP,WA,Delivery Area
6353,NORTH BURNGUP,WA,Delivery Area
6445,NORTH CASCADE,WA,Delivery Area
6163,NORTH COOGEE,WA,Delivery Area
6207,NORTH DANDALUP,WA,Delivery Area
6532,NORTH ERADU,WA,Delivery Area
6159,NORTH FREMANTLE,WA,Delivery Area
6254,NORTH GREENBUSHES,WA,Delivery Area
6280,NORTH JINDONG,WA,Delivery Area
6410,NORTH KELLERBERRIN,WA,Delivery Area
6352,NORTH KUKERIN,WA,Delivery Area
6489,NORTH KUNUNOPPIN,WA,Delivery Area
6163,NORTH LAKE,WA,Delivery Area
6353,NORTH LAKE GRACE,WA,Delivery Area
6351,NORTH MOULYINNING,WA,Delivery Area
6006,NORTH PERTH,WA,Delivery Area
6906,NORTH PERTH,WA,Post Office Boxes
6701,NORTH PLANTATIONS,WA,Delivery Area
6338,NORTH STIRLINGS,WA,Delivery Area
6409,NORTH TAMMIN,WA,Delivery Area
6488,NORTH TRAYNING,WA,Delivery Area
6398,NORTH WALPOLE,WA,Delivery Area
6707,NORTH WEST CAPE,WA,Delivery Area
6473,NORTH WIALKI,WA,Delivery Area
6487,NORTH YELBENI,WA,Delivery Area
6208,NORTH YUNDERUP,WA,Delivery Area
6401,NORTHAM,WA,Delivery Area
6535,NORTHAMPTON,WA,Delivery Area
6003,NORTHBRIDGE,WA,Delivery Area
6865,NORTHBRIDGE,WA,Post Office Boxes
6262,NORTHCLIFFE,WA,Delivery Area
6532,NORTHERN GULLY,WA,Delivery Area
6905,NORTHLANDS PO,WA,Post Office Boxes
6032,NOWERGUP,WA,Delivery Area
6609,NUGADONG,WA,Delivery Area
6480,NUKARNI,WA,Delivery Area
6758,NULLAGINE,WA,Delivery Area
6330,NULLAKI,WA,Delivery Area
6450,NULSEN,WA,Delivery Area
6490,NUNGARIN,WA,Delivery Area
6630,NUNIERRA,WA,Delivery Area
6566,NUNILE,WA,Delivery Area
6341,NYABING,WA,Delivery Area
6532,OAKAJEE,WA,Delivery Area
6121,OAKFORD,WA,Delivery Area
6208,OAKLEY,WA,Delivery Area
6333,OCEAN BEACH,WA,Delivery Area
6027,OCEAN REEF,WA,Delivery Area
6535,OGILVIE,WA,Delivery Area
6569,OLD PLAINS,WA,Delivery Area
6121,OLDBURY,WA,Delivery Area
6336,ONGERUP,WA,Delivery Area
6710,ONSLOW,WA,Delivery Area
6740,OOMBULGURRI,WA,Delivery Area
6431,ORA BANDA,WA,Delivery Area
6330,ORANA,WA,Delivery Area
6109,ORANGE GROVE,WA,Delivery Area
6503,ORANGE SPRINGS,WA,Delivery Area
6394,ORCHID VALLEY,WA,Delivery Area
6770,ORD RIVER,WA,Delivery Area
6167,ORELIA,WA,Delivery Area
6017,OSBORNE PARK,WA,Delivery Area
6916,OSBORNE PARK,WA,Post Office Boxes
6917,OSBORNE PARK,WA,Post Office Boxes
6017,OSBORNE PARK DC,WA,Delivery Area
6916,OSBORNE PARK DC,WA,Post Office Boxes
6285,OSMINGTON,WA,Delivery Area
6025,PADBURY,WA,Delivery Area
6258,PALGARUP,WA,Delivery Area
6335,PALLINUP,WA,Delivery Area
6328,PALMDALE,WA,Delivery Area
6225,PALMER,WA,Delivery Area
6157,PALMYRA,WA,Delivery Area
6957,PALMYRA,WA,Post Office Boxes
6157,PALMYRA DC,WA,Delivery Area
6961,PALMYRA DC,WA,Post Office Boxes
6716,PANNAWONICA,WA,Delivery Area
6384,PANTAPIN,WA,Delivery Area
0872,PAPULANKUTJA,WA,Delivery Area
6754,PARABURDOO,WA,Delivery Area
6236,PARADISE,WA,Delivery Area
6721,PARDOO,WA,Delivery Area
6426,PARKER RANGE,WA,Delivery Area
6081,PARKERVILLE,WA,Delivery Area
6434,PARKESTON,WA,Delivery Area
6233,PARKFIELD,WA,Delivery Area
6180,PARKLANDS,WA,Delivery Area
6147,PARKWOOD,WA,Delivery Area
6167,PARMELIA,WA,Delivery Area
6333,PARRYVILLE,WA,Delivery Area
0872,PATJARR,WA,Delivery Area
6076,PAULLS VALLEY,WA,Delivery Area
6239,PAYNEDALE,WA,Delivery Area
6612,PAYNES FIND,WA,Delivery Area
6638,PAYNESVILLE,WA,Delivery Area
6333,PEACEFUL BAY,WA,Delivery Area
6642,PEAK HILL,WA,Delivery Area
6065,PEARSALL,WA,Delivery Area
6710,PEEDAMULLA,WA,Delivery Area
6260,PEERABEELUP,WA,Delivery Area
6714,PEGS CREEK,WA,Delivery Area
6230,PELICAN POINT,WA,Delivery Area
6260,PEMBERTON,WA,Delivery Area
6011,PEPPERMINT GROVE,WA,Delivery Area
6271,PEPPERMINT GROVE BEACH,WA,Delivery Area
6620,PERENJORI,WA,Delivery Area
6324,PERILLUP,WA,Delivery Area
6168,PERON,WA,Delivery Area
6000,PERTH,WA,Delivery Area
6001,PERTH,WA,Post Office Boxes
6800,PERTH,WA,Post Office Boxes
6837,PERTH,WA,Post Office Boxes
6838,PERTH,WA,Post Office Boxes
6839,PERTH,WA,Post Office Boxes
6840,PERTH,WA,Post Office Boxes
6841,PERTH,WA,Post Office Boxes
6842,PERTH,WA,Post Office Boxes
6843,PERTH,WA,Post Office Boxes
6844,PERTH,WA,Post Office Boxes
6845,PERTH,WA,Post Office Boxes
6846,PERTH,WA,Post Office Boxes
6847,PERTH,WA,Post Office Boxes
6848,PERTH,WA,Post Office Boxes
6105,PERTH AIRPORT,WA,Delivery Area
6849,PERTH BC,WA,Post Office Boxes
6000,PERTH GPO,WA,Delivery Area
6831,PERTH ST GEORGES TCE,WA,Post Office Boxes
6258,PERUP,WA,Delivery Area
6468,PETRUDOR,WA,Delivery Area
6112,PIARA WATERS,WA,Delivery Area
6572,PIAWANING,WA,Delivery Area
6430,PICCADILLY,WA,Delivery Area
6076,PICKERING BROOK,WA,Delivery Area
6229,PICTON,WA,Delivery Area
6229,PICTON EAST,WA,Delivery Area
6076,PIESSE BROOK,WA,Delivery Area
6315,PIESSEVILLE,WA,Delivery Area
6631,PINDAR,WA,Delivery Area
6357,PINGARING,WA,Delivery Area
6308,PINGELLY,WA,Delivery Area
6343,PINGRUP,WA,Delivery Area
6078,PINJAR,WA,Delivery Area
6208,PINJARRA,WA,Delivery Area
6450,PINK LAKE,WA,Delivery Area
6623,PINTHARUKA,WA,Delivery Area
6317,PINWERNYING,WA,Delivery Area
6722,PIPPINGARRA,WA,Delivery Area
6608,PITHARA,WA,Delivery Area
6431,PLUMRIDGE LAKES,WA,Delivery Area
6208,POINT GREY,WA,Delivery Area
6720,POINT SAMSON,WA,Delivery Area
6309,POPANYINNING,WA,Delivery Area
6324,PORONGURUP,WA,Delivery Area
6330,PORT ALBANY,WA,Delivery Area
6525,PORT DENISON,WA,Delivery Area
6721,PORT HEDLAND,WA,Delivery Area
6172,PORT KENNEDY,WA,Delivery Area
6167,POSTANS,WA,Delivery Area
6215,PRESTON BEACH,WA,Delivery Area
6225,PRESTON SETTLEMENT,WA,Delivery Area
6285,PREVELLY,WA,Delivery Area
6740,PRINCE REGENT RIVER,WA,Delivery Area
6308,PUMPHREYS BRIDGE,WA,Delivery Area
6770,PURNULULU,WA,Delivery Area
6383,QUAIRADING,WA,Delivery Area
6394,QUALEUP,WA,Delivery Area
6281,QUEDJINUP,WA,Delivery Area
6107,QUEENS PARK,WA,Delivery Area
6239,QUEENWOOD,WA,Delivery Area
6405,QUELAGETTING,WA,Delivery Area
6302,QUELLINGTON,WA,Delivery Area
6281,QUINDALUP,WA,Delivery Area
6391,QUINDANNING,WA,Delivery Area
6258,QUINNINUP,WA,Delivery Area
6030,QUINNS ROCKS,WA,Delivery Area
6390,RANFORD,WA,Delivery Area
6530,RANGEWAY,WA,Delivery Area
6346,RAVENSTHORPE,WA,Delivery Area
6208,RAVENSWOOD,WA,Delivery Area
6434,RAWLINNA,WA,Delivery Area
6503,RED GULLY,WA,Delivery Area
6056,RED HILL,WA,Delivery Area
6721,REDBANK,WA,Delivery Area
6104,REDCLIFFE,WA,Delivery Area
6286,REDGATE,WA,Delivery Area
6327,REDMOND,WA,Delivery Area
6327,REDMOND WEST,WA,Delivery Area
6640,REEDY,WA,Delivery Area
6507,REGANS FORD,WA,Delivery Area
6280,REINSCOURT,WA,Delivery Area
6472,REMLAP,WA,Delivery Area
6076,RESERVOIR,WA,Delivery Area
6030,RIDGEWOOD,WA,Delivery Area
6258,RINGBARK,WA,Delivery Area
6148,RIVERTON,WA,Delivery Area
6103,RIVERVALE,WA,Delivery Area
6330,ROBINSON,WA,Delivery Area
6168,ROCKINGHAM,WA,Delivery Area
6968,ROCKINGHAM,WA,Post Office Boxes
6168,ROCKINGHAM BEACH,WA,Delivery Area
6969,ROCKINGHAM BEACH,WA,Post Office Boxes
6168,ROCKINGHAM DC,WA,Delivery Area
6967,ROCKINGHAM DC,WA,Post Office Boxes
6751,ROCKLEA,WA,Delivery Area
6532,ROCKWELL,WA,Delivery Area
6397,ROCKY GULLY,WA,Delivery Area
6718,ROEBOURNE,WA,Delivery Area
6725,ROEBUCK,WA,Delivery Area
6226,ROELANDS,WA,Delivery Area
6111,ROLEYSTONE,WA,Delivery Area
6285,ROSA BROOK,WA,Delivery Area
6285,ROSA GLEN,WA,Delivery Area
6401,ROSSMORE,WA,Delivery Area
6148,ROSSMOYNE,WA,Delivery Area
6620,ROTHSAY,WA,Delivery Area
6161,ROTTNEST ISLAND,WA,Delivery Area
6280,RUABON,WA,Delivery Area
6532,RUDDS GULLY,WA,Delivery Area
6395,RYANSBROOK,WA,Delivery Area
6280,SABINA RIVER,WA,Delivery Area
6169,SAFETY BAY,WA,Delivery Area
6445,SALMON GUMS,WA,Delivery Area
6152,SALTER POINT,WA,Delivery Area
6163,SAMSON,WA,Delivery Area
6210,SAN REMO,WA,Delivery Area
6330,SANDPATCH,WA,Delivery Area
6532,SANDSPRINGS,WA,Delivery Area
6639,SANDSTONE,WA,Delivery Area
6535,SANDY GULLY,WA,Delivery Area
6074,SAWYERS VALLEY,WA,Delivery Area
6447,SCADDAN,WA,Delivery Area
6019,SCARBOROUGH,WA,Delivery Area
6922,SCARBOROUGH,WA,Post Office Boxes
6285,SCHROEDER,WA,Delivery Area
6333,SCOTSDALE,WA,Delivery Area
6288,SCOTT RIVER,WA,Delivery Area
6275,SCOTT RIVER EAST,WA,Delivery Area
6244,SCOTTS BROOK,WA,Delivery Area
6042,SEABIRD,WA,Delivery Area
6173,SECRET HARBOUR,WA,Delivery Area
6330,SEPPINGS,WA,Delivery Area
6125,SERPENTINE,WA,Delivery Area
6112,SEVILLE GROVE,WA,Delivery Area
6386,SHACKLETON,WA,Delivery Area
6333,SHADFORTH,WA,Delivery Area
6262,SHANNON,WA,Delivery Area
6537,SHARK BAY,WA,Delivery Area
6148,SHELLEY,WA,Delivery Area
6008,SHENTON PARK,WA,Delivery Area
6714,SHERLOCK,WA,Delivery Area
6169,SHOALWATER,WA,Delivery Area
6225,SHOTTS,WA,Delivery Area
6280,SIESTA PARK,WA,Delivery Area
6210,SILVER SANDS,WA,Delivery Area
6065,SINAGRA,WA,Delivery Area
6450,SINCLAIR,WA,Delivery Area
6175,SINGLETON,WA,Delivery Area
6437,SIR SAMUEL,WA,Delivery Area
6426,SKELETON ROCK,WA,Delivery Area
6258,SMITH BROOK,WA,Delivery Area
6207,SOLUS,WA,Delivery Area
6430,SOMERVILLE,WA,Delivery Area
6020,SORRENTO,WA,Delivery Area
6424,SOUTH BODALLIN,WA,Delivery Area
6432,SOUTH BOULDER,WA,Delivery Area
6230,SOUTH BUNBURY,WA,Delivery Area
6421,SOUTH BURRACOPPIN,WA,Delivery Area
6701,SOUTH CARNARVON,WA,Delivery Area
6317,SOUTH DATATINE,WA,Delivery Area
6411,SOUTH DOODLAKINE,WA,Delivery Area
6162,SOUTH FREMANTLE,WA,Delivery Area
6317,SOUTH GLENCOE,WA,Delivery Area
6528,SOUTH GREENOUGH,WA,Delivery Area
6055,SOUTH GUILDFORD,WA,Delivery Area
6722,SOUTH HEDLAND,WA,Delivery Area
6430,SOUTH KALGOORLIE,WA,Delivery Area
6352,SOUTH KUKERIN,WA,Delivery Area
6368,SOUTH KUMMININ,WA,Delivery Area
6489,SOUTH KUNUNOPPIN,WA,Delivery Area
6164,SOUTH LAKE,WA,Delivery Area
6353,SOUTH LAKE GRACE,WA,Delivery Area
6635,SOUTH MURCHISON,WA,Delivery Area
6355,SOUTH NEWDEGATE,WA,Delivery Area
6151,SOUTH PERTH,WA,Delivery Area
6951,SOUTH PERTH,WA,Post Office Boxes
6151,SOUTH PERTH ANGELO ST,WA,Delivery Area
6701,SOUTH PLANTATIONS,WA,Delivery Area
6383,SOUTH QUAIRADING,WA,Delivery Area
6324,SOUTH STIRLING,WA,Delivery Area
6409,SOUTH TAMMIN,WA,Delivery Area
6488,SOUTH TRAYNING,WA,Delivery Area
6487,SOUTH YELBENI,WA,Delivery Area
6426,SOUTH YILGARN,WA,Delivery Area
6532,SOUTH YUNA,WA,Delivery Area
6208,SOUTH YUNDERUP,WA,Delivery Area
6253,SOUTHAMPTON,WA,Delivery Area
6401,SOUTHERN BROOK,WA,Delivery Area
6426,SOUTHERN CROSS,WA,Delivery Area
6110,SOUTHERN RIVER,WA,Delivery Area
6530,SPALDING,WA,Delivery Area
6163,SPEARWOOD,WA,Delivery Area
6330,SPENCER PARK,WA,Delivery Area
6401,SPENCERS BROOK,WA,Delivery Area
6525,SPRINGFIELD,WA,Delivery Area
6308,SPRINGS,WA,Delivery Area
6728,ST GEORGE RANGES,WA,Delivery Area
6102,ST JAMES,WA,Delivery Area
6302,ST RONANS,WA,Delivery Area
6181,STAKE HILL,WA,Delivery Area
6021,STIRLING,WA,Delivery Area
6271,STIRLING ESTATE,WA,Delivery Area
6338,STIRLING RANGE NATIONAL PARK,WA,Delivery Area
6081,STONEVILLE,WA,Delivery Area
6714,STOVE HILL,WA,Delivery Area
6530,STRATHALBYN,WA,Delivery Area
6237,STRATHAM,WA,Delivery Area
6309,STRATHERNE,WA,Delivery Area
6056,STRATTON,WA,Delivery Area
6721,STRELLEY,WA,Delivery Area
6770,STURT CREEK,WA,Delivery Area
6008,SUBIACO,WA,Delivery Area
6008,SUBIACO EAST,WA,Delivery Area
6904,SUBIACO PO,WA,Post Office Boxes
6164,SUCCESS,WA,Delivery Area
6964,SUCCESS,WA,Post Office Boxes
6256,SUNNYSIDE,WA,Delivery Area
6530,SUNSET BEACH,WA,Delivery Area
6056,SWAN VIEW,WA,Delivery Area
6010,SWANBOURNE,WA,Delivery Area
6324,TAKALARUP,WA,Delivery Area
6710,TALANDJI,WA,Delivery Area
6302,TALBOT,WA,Delivery Area
6302,TALBOT WEST,WA,Delivery Area
6490,TALGOMINE,WA,Delivery Area
6701,TALISKER,WA,Delivery Area
6532,TAMALA,WA,Delivery Area
6030,TAMALA PARK,WA,Delivery Area
6320,TAMBELLUP,WA,Delivery Area
6409,TAMMIN,WA,Delivery Area
6472,TAMPU,WA,Delivery Area
6770,TANAMI,WA,Delivery Area
6415,TANDEGIN,WA,Delivery Area
6065,TAPPING,WA,Delivery Area
6530,TARCOOLA BEACH,WA,Delivery Area
6628,TARDUN,WA,Delivery Area
6353,TARIN ROCK,WA,Delivery Area
6213,TEESDALE,WA,Delivery Area
6762,TELFER,WA,Delivery Area
6632,TENINDEWA,WA,Delivery Area
6322,TENTERDEN,WA,Delivery Area
6556,THE LAKES,WA,Delivery Area
6237,THE PLAINS,WA,Delivery Area
6167,THE SPECTACLES,WA,Delivery Area
6069,THE VINES,WA,Delivery Area
6711,THEVENARD ISLAND,WA,Delivery Area
6239,THOMSON BROOK,WA,Delivery Area
6108,THORNLIE,WA,Delivery Area
6988,THORNLIE,WA,Post Office Boxes
6519,THREE SPRINGS,WA,Delivery Area
6401,THROSSELL,WA,Delivery Area
6532,TIBRADDEN,WA,Delivery Area
6361,TINCURRIN,WA,Delivery Area
6333,TINGLEDALE,WA,Delivery Area
0872,TJIRRKARLI,WA,Delivery Area
0872,TJUKURLA,WA,Delivery Area
6751,TOM PRICE,WA,Delivery Area
6244,TONEBRIDGE,WA,Delivery Area
6566,TOODYAY,WA,Delivery Area
6312,TOOLIBIN,WA,Delivery Area
6532,TOOLONGA,WA,Delivery Area
6336,TOOMPUP,WA,Delivery Area
6330,TORBAY,WA,Delivery Area
6330,TORNDIRRUP,WA,Delivery Area
6311,TOWNSENDALE,WA,Delivery Area
6431,TRAFALGAR,WA,Delivery Area
6488,TRAYNING,WA,Delivery Area
6164,TREEBY,WA,Delivery Area
6284,TREETON,WA,Delivery Area
6333,TRENT,WA,Delivery Area
6029,TRIGG,WA,Delivery Area
6244,TRIGWELL,WA,Delivery Area
6060,TUART HILL,WA,Delivery Area
6939,TUART HILL,WA,Post Office Boxes
6426,TURKEY HILL,WA,Delivery Area
6280,TUTUNUP,WA,Delivery Area
6037,TWO ROCKS,WA,Delivery Area
6462,UCARTY,WA,Delivery Area
6460,UCARTY WEST,WA,Delivery Area
6220,UDUC,WA,Delivery Area
6436,ULARRING,WA,Delivery Area
6239,UPPER CAPEL,WA,Delivery Area
6390,UPPER MURRAY,WA,Delivery Area
6069,UPPER SWAN,WA,Delivery Area
6258,UPPER WARREN,WA,Delivery Area
6537,USELESS LOOP,WA,Delivery Area
6230,USHER,WA,Delivery Area
6530,UTAKARRA,WA,Delivery Area
6532,VALENTINE,WA,Delivery Area
6330,VANCOUVER PENINSULA,WA,Delivery Area
6355,VARLEY,WA,Delivery Area
6280,VASSE,WA,Delivery Area
6100,VICTORIA PARK,WA,Delivery Area
6979,VICTORIA PARK,WA,Post Office Boxes
6429,VICTORIA ROCK,WA,Delivery Area
6432,VICTORY HEIGHTS,WA,Delivery Area
6230,VITTORIA,WA,Delivery Area
6056,VIVEASH,WA,Delivery Area
6369,WADDERIN,WA,Delivery Area
6509,WADDINGTON,WA,Delivery Area
6515,WADDY FOREST,WA,Delivery Area
6407,WAEEL,WA,Delivery Area
6215,WAGERUP,WA,Delivery Area
6530,WAGGRAKINE,WA,Delivery Area
6315,WAGIN,WA,Delivery Area
6169,WAIKIKI,WA,Delivery Area
6510,WALEBING,WA,Delivery Area
6422,WALGOOLAN,WA,Delivery Area
6528,WALKAWAY,WA,Delivery Area
6721,WALLAREENYA,WA,Delivery Area
6429,WALLAROO,WA,Delivery Area
6076,WALLISTON,WA,Delivery Area
6925,WALLISTON DC,WA,Post Office Boxes
6330,WALMSLEY,WA,Delivery Area
6398,WALPOLE,WA,Delivery Area
6280,WALSALL,WA,Delivery Area
6460,WALYORMOURING,WA,Delivery Area
6084,WALYUNGA NATIONAL PARK,WA,Delivery Area
6363,WALYURIN,WA,Delivery Area
6383,WAMENUSKING,WA,Delivery Area
0872,WANARN,WA,Delivery Area
6532,WANDANA,WA,Delivery Area
6308,WANDERING,WA,Delivery Area
6167,WANDI,WA,Delivery Area
6256,WANDILLUP,WA,Delivery Area
6530,WANDINA,WA,Delivery Area
6503,WANERIE,WA,Delivery Area
6065,WANGARA,WA,Delivery Area
6947,WANGARA,WA,Post Office Boxes
6505,WANNAMAL,WA,Delivery Area
6210,WANNANUP,WA,Delivery Area
6065,WANNEROO,WA,Delivery Area
6946,WANNEROO,WA,Post Office Boxes
6320,WANSBROUGH,WA,Delivery Area
0872,WARAKURNA,WA,Delivery Area
6220,WARAWARRUP,WA,Delivery Area
6431,WARBURTON,WA,Delivery Area
6311,WARDERING,WA,Delivery Area
6405,WARDING EAST,WA,Delivery Area
6743,WARMUN,WA,Delivery Area
6169,WARNBRO,WA,Delivery Area
6288,WARNER GLEN,WA,Delivery Area
6215,WAROONA,WA,Delivery Area
6423,WARRACHUPPIN,WA,Delivery Area
6518,WARRADARGE,WA,Delivery Area
6421,WARRALAKIN,WA,Delivery Area
6330,WARRENUP,WA,Delivery Area
6024,WARWICK,WA,Delivery Area
6725,WATERBANK,WA,Delivery Area
6407,WATERCARRIN,WA,Delivery Area
6152,WATERFORD,WA,Delivery Area
6228,WATERLOO,WA,Delivery Area
6020,WATERMANS BAY,WA,Delivery Area
6513,WATHEROO,WA,Delivery Area
6568,WATTENING,WA,Delivery Area
6107,WATTLE GROVE,WA,Delivery Area
6166,WATTLEUP,WA,Delivery Area
6479,WATTONING,WA,Delivery Area
6530,WEBBERTON,WA,Delivery Area
6044,WEDGE ISLAND,WA,Delivery Area
6315,WEDGECARRUP,WA,Delivery Area
6721,WEDGEFIELD,WA,Delivery Area
6477,WELBUNGIN,WA,Delivery Area
6640,WELD RANGE,WA,Delivery Area
6170,WELLARD,WA,Delivery Area
6233,WELLESLEY,WA,Delivery Area
6236,WELLINGTON FOREST,WA,Delivery Area
6236,WELLINGTON MILL,WA,Delivery Area
6328,WELLSTEAD,WA,Delivery Area
6106,WELSHPOOL,WA,Delivery Area
6780,WELSHPOOL,WA,Post Office Boxes
6986,WELSHPOOL DC,WA,Post Office Boxes
6014,WEMBLEY,WA,Delivery Area
6913,WEMBLEY,WA,Post Office Boxes
6019,WEMBLEY DOWNS,WA,Delivery Area
6606,WEST BALLIDU,WA,Delivery Area
6450,WEST BEACH,WA,Delivery Area
6532,WEST BINNU,WA,Delivery Area
6280,WEST BUSSELTON,WA,Delivery Area
6330,WEST CAPE HOWE,WA,Delivery Area
6630,WEST CASUARINAS,WA,Delivery Area
6214,WEST COOLUP,WA,Delivery Area
6530,WEST END,WA,Delivery Area
6337,WEST FITZGERALD,WA,Delivery Area
6369,WEST HOLLETON,WA,Delivery Area
6799,WEST ISLAND COCOS (KEELING) ISLANDS,WA,Post Office Boxes
6430,WEST KALGOORLIE,WA,Delivery Area
6430,WEST LAMINGTON,WA,Delivery Area
6007,WEST LEEDERVILLE,WA,Delivery Area
6901,WEST LEEDERVILLE,WA,Post Office Boxes
6705,WEST LYONS RIVER,WA,Delivery Area
6005,WEST PERTH,WA,Delivery Area
6872,WEST PERTH,WA,Post Office Boxes
6308,WEST PINGELLY,WA,Delivery Area
6208,WEST PINJARRA,WA,Delivery Area
6309,WEST POPANYINNING,WA,Delivery Area
6346,WEST RIVER,WA,Delivery Area
6055,WEST SWAN,WA,Delivery Area
6566,WEST TOODYAY,WA,Delivery Area
6304,WESTDALE,WA,Delivery Area
6061,WESTMINSTER,WA,Delivery Area
6423,WESTONIA,WA,Delivery Area
6316,WESTWOOD,WA,Delivery Area
6718,WHIM CREEK,WA,Delivery Area
6123,WHITBY,WA,Delivery Area
6162,WHITE GUM VALLEY,WA,Delivery Area
6532,WHITE PEAK,WA,Delivery Area
6068,WHITEMAN,WA,Delivery Area
6207,WHITTAKER,WA,Delivery Area
6473,WIALKI,WA,Delivery Area
6532,WICHERINA,WA,Delivery Area
6532,WICHERINA SOUTH,WA,Delivery Area
6370,WICKEPIN,WA,Delivery Area
6720,WICKHAM,WA,Delivery Area
6443,WIDGIEMOOLTHA,WA,Delivery Area
6743,WIJILAWARRIM,WA,Delivery Area
6302,WILBERFORCE,WA,Delivery Area
6041,WILBINGA,WA,Delivery Area
6243,WILGA,WA,Delivery Area
6243,WILGA WEST,WA,Delivery Area
6258,WILGARRUP,WA,Delivery Area
6479,WILGOYNE,WA,Delivery Area
6156,WILLAGEE,WA,Delivery Area
6156,WILLAGEE CENTRAL,WA,Delivery Area
6728,WILLARE,WA,Delivery Area
6155,WILLETTON,WA,Delivery Area
6955,WILLETTON,WA,Post Office Boxes
6333,WILLIAM BAY,WA,Delivery Area
6391,WILLIAMS,WA,Delivery Area
6430,WILLIAMSTOWN,WA,Delivery Area
6330,WILLYUNG,WA,Delivery Area
6107,WILSON,WA,Delivery Area
6646,WILUNA,WA,Delivery Area
6280,WILYABRUP,WA,Delivery Area
6450,WINDABOUT,WA,Delivery Area
6262,WINDY HARBOUR,WA,Delivery Area
0872,WINGELLINA,WA,Delivery Area
6255,WINNEJUP,WA,Delivery Area
6150,WINTHROP,WA,Delivery Area
6286,WITCHCLIFFE,WA,Delivery Area
6230,WITHERS,WA,Delivery Area
6751,WITTENOOM,WA,Delivery Area
6447,WITTENOOM HILLS,WA,Delivery Area
6370,WOGOLIN,WA,Delivery Area
6221,WOKALUP,WA,Delivery Area
6519,WOMARDEN,WA,Delivery Area
6401,WONGAMINE,WA,Delivery Area
6603,WONGAN HILLS,WA,Delivery Area
6630,WONGOONDY,WA,Delivery Area
6280,WONNERUP,WA,Delivery Area
6530,WONTHELLA,WA,Delivery Area
6316,WOODANILLING,WA,Delivery Area
6056,WOODBRIDGE,WA,Delivery Area
6018,WOODLANDS,WA,Delivery Area
6701,WOODLEIGH,WA,Delivery Area
6041,WOODRIDGE,WA,Delivery Area
6026,WOODVALE,WA,Delivery Area
6324,WOOGENELLUP,WA,Delivery Area
6630,WOOLGORONG,WA,Delivery Area
6369,WOOLOCUTTY,WA,Delivery Area
6701,WOORAMEL,WA,Delivery Area
6558,WOOROLOO,WA,Delivery Area
6530,WOORREE,WA,Delivery Area
6562,WOOTTATING,WA,Delivery Area
6225,WORSLEY,WA,Delivery Area
6612,WUBIN,WA,Delivery Area
6560,WUNDOWIE,WA,Delivery Area
6112,WUNGONG,WA,Delivery Area
6390,WURAMING,WA,Delivery Area
6485,WYALKATCHEM,WA,Delivery Area
6568,WYENING,WA,Delivery Area
6740,WYNDHAM,WA,Delivery Area
6407,WYOLA WEST,WA,Delivery Area
6609,XANTIPPE,WA,Delivery Area
6239,YABBERUP,WA,Delivery Area
6330,YAKAMIA,WA,Delivery Area
6701,YALARDY,WA,Delivery Area
6635,YALGOO,WA,Delivery Area
6535,YALLABATHARRA,WA,Delivery Area
6282,YALLINGUP,WA,Delivery Area
6282,YALLINGUP SIDING,WA,Delivery Area
6280,YALYALUP,WA,Delivery Area
6035,YANCHEP,WA,Delivery Area
6522,YANDANOOKA,WA,Delivery Area
6701,YANDOO CREEK,WA,Delivery Area
6164,YANGEBUP,WA,Delivery Area
6258,YANMAH,WA,Delivery Area
6710,YANNARIE,WA,Delivery Area
6509,YARAWINDAH,WA,Delivery Area
6525,YARDARINO,WA,Delivery Area
6218,YARLOOP,WA,Delivery Area
6522,YARRAGADEE,WA,Delivery Area
6507,YATHROO,WA,Delivery Area
6260,YEAGARUP,WA,Delivery Area
6503,YEAL,WA,Delivery Area
6372,YEALERING,WA,Delivery Area
6285,YEBBLE,WA,Delivery Area
6487,YELBENI,WA,Delivery Area
6426,YELLOWDINE,WA,Delivery Area
6280,YELVERTON,WA,Delivery Area
6571,YERECOIN,WA,Delivery Area
6532,YETNA,WA,Delivery Area
6430,YILKARI,WA,Delivery Area
6312,YILLIMINNING,WA,Delivery Area
6275,YOGANUP,WA,Delivery Area
6060,YOKINE,WA,Delivery Area
6060,YOKINE SOUTH,WA,Delivery Area
6280,YOONGARILLUP,WA,Delivery Area
6302,YORK,WA,Delivery Area
6311,YORNANING,WA,Delivery Area
6256,YORNUP,WA,Delivery Area
6383,YOTING,WA,Delivery Area
6407,YOUNDEGIN,WA,Delivery Area
6330,YOUNGS SIDING,WA,Delivery Area
6225,YOURDAMUNG LAKE,WA,Delivery Area
6532,YUNA,WA,Delivery Area
6434,ZANTHUS,WA,Delivery Area
6536,ZUYTDORP,WA,Delivery Area
