Postcode,Suburb,State,Lat,Lon,Category
2000,BARANGAROO,NSW,-33.860,151.210,Delivery Area
2000,DAWES POINT,NSW,-33.860,151.210,Delivery Area
2000,HAYMARKET,NSW,-33.860,151.210,Delivery Area
2000,MILLERS POINT,NSW,-33.860,151.210,Delivery Area
2000,PARLIAMENT HOUSE,NSW,-33.860,151.210,Delivery Area
2000,SYDNEY,NSW,-33.860,151.210,Delivery Area
2000,SYDNEY SOUTH,NSW,-33.860,151.210,Delivery Area
2000,THE ROCKS,NSW,-33.860,151.210,Delivery Area
2001,SYDNEY,NSW,-33.790,151.270,Post Office Boxes
2002,WORLD SQUARE,NSW,-35.970,146.410,Post Office Boxes
2004,EASTERN SUBURBS MC,NSW,0.000,0.000,Post Office Boxes
2006,THE UNIVERSITY OF SYDNEY,NSW,-33.890,151.190,Post Office Boxes
2007,BROADWAY,NSW,-33.880,151.200,Delivery Area
2007,ULTIMO,NSW,-33.880,151.200,Delivery Area
2008,CHIPPENDALE,NSW,-33.890,151.200,Delivery Area
2008,DARLINGTON,NSW,-33.890,151.200,Delivery Area
2009,PYRMONT,NSW,-33.870,151.190,Delivery Area
2010,DARLINGHURST,NSW,-33.880,151.220,Delivery Area
2010,SURRY HILLS,NSW,-33.880,151.220,Delivery Area
2011,ELIZABETH BAY,NSW,-33.870,151.230,Delivery Area
2011,POTTS POINT,NSW,-33.870,151.230,Delivery Area
2011,RUSHCUTTERS BAY,NSW,-33.870,151.230,Delivery Area
2011,WOOLLOOMOOLOO,NSW,-33.870,151.230,Delivery Area
2012,STRAWBERRY HILLS,NSW,-33.730,150.930,Post Office Boxes
2015,ALEXANDRIA,NSW,-33.900,151.200,Delivery Area
2015,BEACONSFIELD,NSW,-33.900,151.200,Delivery Area
2015,EVELEIGH,NSW,-33.900,151.200,Delivery Area
2016,REDFERN,NSW,-33.890,151.200,Delivery Area
2017,WATERLOO,NSW,-33.900,151.210,Delivery Area
2017,WATERLOO DC,NSW,,,Delivery Area
2017,ZETLAND,NSW,-33.900,151.210,Delivery Area
2018,EASTLAKES,NSW,-33.930,151.210,Delivery Area
2018,ROSEBERY,NSW,-33.930,151.210,Delivery Area
2019,BANKSMEADOW,NSW,-33.960,151.210,Delivery Area
2019,BOTANY,NSW,-33.960,151.210,Delivery Area
2020,MASCOT,NSW,-33.930,151.190,Delivery Area
2020,SYDNEY DOMESTIC AIRPORT,NSW,-33.930,151.190,Delivery Area
2020,SYDNEY INTERNATIONAL AIRPORT,NSW,-33.930,151.190,Delivery Area
2021,CENTENNIAL PARK,NSW,-33.890,151.220,Delivery Area
2021,MOORE PARK,NSW,-33.890,151.220,Delivery Area
2021,PADDINGTON,NSW,-33.890,151.220,Delivery Area
2022,BONDI JUNCTION,NSW,-33.890,151.250,Delivery Area
2022,QUEENS PARK,NSW,-33.890,151.250,Delivery Area
2023,BELLEVUE HILL,NSW,-33.890,151.260,Delivery Area
2024,BRONTE,NSW,-33.900,151.260,Delivery Area
2024,WAVERLEY,NSW,-33.900,151.260,Delivery Area
2025,WOOLLAHRA,NSW,-33.890,151.240,Delivery Area
2026,BONDI,NSW,-33.890,151.260,Delivery Area
2026,BONDI BEACH,NSW,-33.890,151.260,Delivery Area
2026,NORTH BONDI,NSW,-33.890,151.260,Delivery Area
2026,TAMARAMA,NSW,-33.890,151.260,Delivery Area
2027,DARLING POINT,NSW,-33.870,151.240,Delivery Area
2027,EDGECLIFF,NSW,-33.870,151.240,Delivery Area
2027,HMAS RUSHCUTTERS,NSW,-33.870,151.240,Delivery Area
2027,POINT PIPER,NSW,-33.870,151.240,Delivery Area
2028,DOUBLE BAY,NSW,-33.880,151.240,Delivery Area
2029,ROSE BAY,NSW,-33.870,151.280,Delivery Area
2030,DOVER HEIGHTS,NSW,-33.870,151.280,Delivery Area
2030,HMAS WATSON,NSW,-33.870,151.280,Delivery Area
2030,ROSE BAY NORTH,NSW,-33.870,151.280,Delivery Area
2030,VAUCLUSE,NSW,-33.870,151.280,Delivery Area
2030,WATSONS BAY,NSW,-33.870,151.280,Delivery Area
2031,CLOVELLY,NSW,-33.910,151.260,Delivery Area
2031,CLOVELLY WEST,NSW,-33.910,151.260,Delivery Area
2031,RANDWICK,NSW,-33.910,151.260,Delivery Area
2031,RANDWICK DC,NSW,,,Delivery Area
2031,ST PAULS,NSW,-33.910,151.260,Delivery Area
2032,DACEYVILLE,NSW,-33.930,151.230,Delivery Area
2032,KINGSFORD,NSW,-33.930,151.230,Delivery Area
2033,KENSINGTON,NSW,-33.910,151.220,Delivery Area
2034,COOGEE,NSW,-33.920,151.250,Delivery Area
2034,SOUTH COOGEE,NSW,-33.920,151.250,Delivery Area
2035,MAROUBRA,NSW,-33.950,151.240,Delivery Area
2035,MAROUBRA SOUTH,NSW,-33.950,151.240,Delivery Area
2035,PAGEWOOD,NSW,-33.950,151.240,Delivery Area
2036,CHIFLEY,NSW,-33.980,151.240,Delivery Area
2036,EASTGARDENS,NSW,-33.980,151.240,Delivery Area
2036,HILLSDALE,NSW,-33.980,151.240,Delivery Area
2036,LA PEROUSE,NSW,-33.980,151.240,Delivery Area
2036,LITTLE BAY,NSW,-33.980,151.240,Delivery Area
2036,MALABAR,NSW,-33.980,151.240,Delivery Area
2036,MATRAVILLE,NSW,-33.980,151.240,Delivery Area
2036,PHILLIP BAY,NSW,-33.980,151.240,Delivery Area
2036,PORT BOTANY,NSW,-33.980,151.240,Delivery Area
2037,FOREST LODGE,NSW,-33.880,151.180,Delivery Area
2037,GLEBE,NSW,-33.880,151.180,Delivery Area
2038,ANNANDALE,NSW,-33.880,151.170,Delivery Area
2039,ROZELLE,NSW,-33.860,151.170,Delivery Area
2040,LEICHHARDT,NSW,-33.880,151.160,Delivery Area
2040,LILYFIELD,NSW,-33.880,151.160,Delivery Area
2041,BALMAIN,NSW,-33.860,151.180,Delivery Area
2041,BALMAIN EAST,NSW,-33.860,151.180,Delivery Area
2041,BIRCHGROVE,NSW,-33.860,151.180,Delivery Area
2042,ENMORE,NSW,-33.900,151.170,Delivery Area
2042,NEWTOWN,NSW,-33.900,151.170,Delivery Area
2043,ERSKINEVILLE,NSW,-33.900,151.190,Delivery Area
2044,ST PETERS,NSW,-33.910,151.180,Delivery Area
2044,SYDENHAM,NSW,-33.910,151.180,Delivery Area
2044,TEMPE,NSW,-33.910,151.180,Delivery Area
2045,HABERFIELD,NSW,-33.880,151.140,Delivery Area
2046,ABBOTSFORD,NSW,-33.850,151.130,Delivery Area
2046,CANADA BAY,NSW,-33.850,151.130,Delivery Area
2046,CHISWICK,NSW,-33.850,151.130,Delivery Area
2046,FIVE DOCK,NSW,-33.850,151.130,Delivery Area
2046,RODD POINT,NSW,-33.850,151.130,Delivery Area
2046,RUSSELL LEA,NSW,-33.850,151.130,Delivery Area
2046,WAREEMBA,NSW,-33.850,151.130,Delivery Area
2047,DRUMMOYNE,NSW,-33.850,151.150,Delivery Area
2048,STANMORE,NSW,-33.900,151.170,Delivery Area
2048,WESTGATE,NSW,-33.900,151.170,Delivery Area
2049,LEWISHAM,NSW,-33.890,151.140,Delivery Area
2049,PETERSHAM,NSW,-33.890,151.140,Delivery Area
2050,CAMPERDOWN,NSW,-33.890,151.180,Delivery Area
2050,MISSENDEN ROAD,NSW,-33.890,151.180,Delivery Area
2055,NORTH SYDNEY,NSW,-33.800,151.100,Post Office Boxes
2057,CHATSWOOD,NSW,-33.790,151.190,Post Office Boxes
2059,NORTH SYDNEY,NSW,-33.800,151.100,Post Office Boxes
2060,HMAS PLATYPUS,NSW,-33.840,151.190,Delivery Area
2060,HMAS WATERHEN,NSW,-33.840,151.190,Delivery Area
2060,LAVENDER BAY,NSW,-33.840,151.190,Delivery Area
2060,MCMAHONS POINT,NSW,-33.840,151.190,Delivery Area
2060,NORTH SYDNEY,NSW,-33.840,151.190,Delivery Area
2060,NORTH SYDNEY SHOPPINGWORLD,NSW,-33.840,151.190,Delivery Area
2060,WAVERTON,NSW,-33.840,151.190,Delivery Area
2061,KIRRIBILLI,NSW,-33.850,151.210,Delivery Area
2061,MILSONS POINT,NSW,-33.850,151.210,Delivery Area
2062,CAMMERAY,NSW,-33.820,151.210,Delivery Area
2063,NORTHBRIDGE,NSW,-33.820,151.220,Delivery Area
2064,ARTARMON,NSW,-33.810,151.190,Delivery Area
2065,CROWS NEST,NSW,-33.830,151.200,Delivery Area
2065,CROWS NEST DC,NSW,,,Delivery Area
2065,GREENWICH,NSW,-33.830,151.200,Delivery Area
2065,NAREMBURN,NSW,-33.830,151.200,Delivery Area
2065,ROYAL NORTH SHORE HOSPITAL,NSW,-33.830,151.200,Delivery Area
2065,ST LEONARDS,NSW,-33.830,151.200,Delivery Area
2065,WOLLSTONECRAFT,NSW,-33.830,151.200,Delivery Area
2066,LANE COVE,NSW,-33.810,151.170,Delivery Area
2066,LANE COVE NORTH,NSW,-33.810,151.170,Delivery Area
2066,LANE COVE WEST,NSW,-33.810,151.170,Delivery Area
2066,LINLEY POINT,NSW,-33.810,151.170,Delivery Area
2066,LONGUEVILLE,NSW,-33.810,151.170,Delivery Area
2066,NORTHWOOD,NSW,-33.810,151.170,Delivery Area
2066,RIVERVIEW,NSW,-33.810,151.170,Delivery Area
2067,CHATSWOOD,NSW,-33.800,151.190,Delivery Area
2067,CHATSWOOD WEST,NSW,-33.800,151.190,Delivery Area
2068,CASTLECRAG,NSW,-33.800,151.210,Delivery Area
2068,MIDDLE COVE,NSW,-33.800,151.210,Delivery Area
2068,NORTH WILLOUGHBY,NSW,-33.800,151.210,Delivery Area
2068,WILLOUGHBY,NSW,-33.800,151.210,Delivery Area
2068,WILLOUGHBY EAST,NSW,-33.800,151.210,Delivery Area
2068,WILLOUGHBY NORTH,NSW,-33.800,151.210,Delivery Area
2069,CASTLE COVE,NSW,-33.780,151.200,Delivery Area
2069,ROSEVILLE,NSW,-33.780,151.200,Delivery Area
2069,ROSEVILLE CHASE,NSW,-33.780,151.200,Delivery Area
2070,EAST LINDFIELD,NSW,-33.770,151.190,Delivery Area
2070,LINDFIELD,NSW,-33.770,151.190,Delivery Area
2070,LINDFIELD WEST,NSW,-33.770,151.190,Delivery Area
2071,EAST KILLARA,NSW,-33.750,151.170,Delivery Area
2071,KILLARA,NSW,-33.750,151.170,Delivery Area
2072,GORDON,NSW,-33.760,151.160,Delivery Area
2073,PYMBLE,NSW,-33.740,151.140,Delivery Area
2073,WEST PYMBLE,NSW,-33.740,151.140,Delivery Area
2074,NORTH TURRAMURRA,NSW,-33.710,151.150,Delivery Area
2074,SOUTH TURRAMURRA,NSW,-33.710,151.150,Delivery Area
2074,TURRAMURRA,NSW,-33.710,151.150,Delivery Area
2074,WARRAWEE,NSW,-33.710,151.150,Delivery Area
2075,ST IVES,NSW,-33.730,151.160,Delivery Area
2075,ST IVES CHASE,NSW,-33.730,151.160,Delivery Area
2076,NORMANHURST,NSW,-33.720,151.100,Delivery Area
2076,NORTH WAHROONGA,NSW,-33.720,151.100,Delivery Area
2076,WAHROONGA,NSW,-33.720,151.100,Delivery Area
2077,ASQUITH,NSW,-33.690,151.110,Delivery Area
2077,HORNSBY,NSW,-33.690,151.110,Delivery Area
2077,HORNSBY HEIGHTS,NSW,-33.690,151.110,Delivery Area
2077,WAITARA,NSW,-33.690,151.110,Delivery Area
2079,MOUNT COLAH,NSW,-33.660,151.120,Delivery Area
2080,MOUNT KURING-GAI,NSW,-33.630,151.230,Delivery Area
2081,BEROWRA,NSW,-33.620,151.150,Delivery Area
2081,COWAN,NSW,-33.620,151.150,Delivery Area
2082,BEROWRA CREEK,NSW,-33.610,151.140,Delivery Area
2082,BEROWRA HEIGHTS,NSW,-33.610,151.140,Delivery Area
2082,BEROWRA WATERS,NSW,-33.610,151.140,Delivery Area
2083,BAR POINT,NSW,-33.510,151.160,Delivery Area
2083,BROOKLYN,NSW,-33.510,151.160,Delivery Area
2083,CHEERO POINT,NSW,-33.510,151.160,Delivery Area
2083,COGRA BAY,NSW,-33.510,151.160,Delivery Area
2083,DANGAR ISLAND,NSW,-33.510,151.160,Delivery Area
2083,MILSONS PASSAGE,NSW,-33.510,151.160,Delivery Area
2083,MOONEY MOONEY,NSW,-33.510,151.160,Delivery Area
2084,COTTAGE POINT,NSW,-33.620,151.200,Delivery Area
2084,DUFFYS FOREST,NSW,-33.620,151.200,Delivery Area
2084,TERREY HILLS,NSW,-33.620,151.200,Delivery Area
2085,BELROSE,NSW,-33.740,151.210,Delivery Area
2085,BELROSE WEST,NSW,-33.740,151.210,Delivery Area
2085,DAVIDSON,NSW,-33.740,151.210,Delivery Area
2086,FRENCHS FOREST,NSW,-33.750,151.230,Delivery Area
2086,FRENCHS FOREST EAST,NSW,-33.750,151.230,Delivery Area
2087,FORESTVILLE,NSW,-33.760,151.210,Delivery Area
2087,KILLARNEY HEIGHTS,NSW,-33.760,151.210,Delivery Area
2088,MOSMAN,NSW,-33.830,151.240,Delivery Area
2088,SPIT JUNCTION,NSW,-33.830,151.240,Delivery Area
2089,KURRABA POINT,NSW,,,Delivery Area
2089,NEUTRAL BAY,NSW,-33.830,151.220,Delivery Area
2089,NEUTRAL BAY JUNCTION,NSW,-33.830,151.220,Delivery Area
2090,CREMORNE,NSW,-33.830,151.230,Delivery Area
2090,CREMORNE JUNCTION,NSW,-33.830,151.230,Delivery Area
2090,CREMORNE POINT,NSW,-33.830,151.230,Delivery Area
2092,SEAFORTH,NSW,-33.800,151.250,Delivery Area
2093,BALGOWLAH,NSW,-33.790,151.260,Delivery Area
2093,BALGOWLAH HEIGHTS,NSW,-33.790,151.260,Delivery Area
2093,CLONTARF,NSW,-33.790,151.260,Delivery Area
2093,MANLY VALE,NSW,-33.790,151.260,Delivery Area
2093,NORTH BALGOWLAH,NSW,-33.790,151.260,Delivery Area
2094,FAIRLIGHT,NSW,-33.790,151.270,Delivery Area
2095,MANLY,NSW,-33.800,151.290,Delivery Area
2095,MANLY EAST,NSW,-33.800,151.290,Delivery Area
2096,CURL CURL,NSW,-33.770,151.290,Delivery Area
2096,FRESHWATER,NSW,-33.770,151.290,Delivery Area
2096,QUEENSCLIFF,NSW,-33.770,151.290,Delivery Area
2097,COLLAROY,NSW,-33.740,151.300,Delivery Area
2097,COLLAROY BEACH,NSW,-33.740,151.300,Delivery Area
2097,COLLAROY PLATEAU,NSW,,,Delivery Area
2097,WHEELER HEIGHTS,NSW,-33.740,151.300,Delivery Area
2099,CROMER,NSW,-33.740,151.280,Delivery Area
2099,DEE WHY,NSW,-33.740,151.280,Delivery Area
2099,NARRAWEENA,NSW,-33.740,151.280,Delivery Area
2099,NORTH CURL CURL,NSW,-33.740,151.280,Delivery Area
2100,ALLAMBIE HEIGHTS,NSW,-33.770,151.250,Delivery Area
2100,BEACON HILL,NSW,-33.770,151.250,Delivery Area
2100,BROOKVALE,NSW,-33.770,151.250,Delivery Area
2100,NORTH MANLY,NSW,-33.770,151.250,Delivery Area
2100,OXFORD FALLS,NSW,-33.770,151.250,Delivery Area
2100,WARRINGAH MALL,NSW,-33.770,151.250,Delivery Area
2101,ELANORA HEIGHTS,NSW,-33.700,151.280,Delivery Area
2101,INGLESIDE,NSW,-33.700,151.280,Delivery Area
2101,NARRABEEN,NSW,-33.700,151.280,Delivery Area
2101,NORTH NARRABEEN,NSW,-33.700,151.280,Delivery Area
2102,WARRIEWOOD,NSW,-33.690,151.300,Delivery Area
2102,WARRIEWOOD SHOPPING SQUARE,NSW,-33.690,151.300,Delivery Area
2103,MONA VALE,NSW,-33.680,151.300,Delivery Area
2104,BAYVIEW,NSW,-33.660,151.300,Delivery Area
2105,CHURCH POINT,NSW,-33.640,151.280,Delivery Area
2105,ELVINA BAY,NSW,-33.640,151.280,Delivery Area
2105,LOVETT BAY,NSW,-33.640,151.280,Delivery Area
2105,MCCARRS CREEK,NSW,,,Delivery Area
2105,MORNING BAY,NSW,-33.640,151.280,Delivery Area
2105,SCOTLAND ISLAND,NSW,-33.640,151.280,Delivery Area
2106,NEWPORT,NSW,-33.660,151.310,Delivery Area
2106,NEWPORT BEACH,NSW,-33.660,151.310,Delivery Area
2107,AVALON BEACH,NSW,-33.640,151.330,Delivery Area
2107,BILGOLA BEACH,NSW,,,Delivery Area
2107,BILGOLA PLATEAU,NSW,,,Delivery Area
2107,CLAREVILLE,NSW,-33.640,151.330,Delivery Area
2107,WHALE BEACH,NSW,-33.640,151.330,Delivery Area
2108,COASTERS RETREAT,NSW,-33.600,151.300,Delivery Area
2108,CURRAWONG BEACH,NSW,,,Delivery Area
2108,GREAT MACKEREL BEACH,NSW,-33.600,151.300,Delivery Area
2108,PALM BEACH,NSW,-33.600,151.300,Delivery Area
2110,HUNTERS HILL,NSW,-33.830,151.150,Delivery Area
2110,WOOLWICH,NSW,-33.830,151.150,Delivery Area
2111,GLADESVILLE,NSW,-33.820,151.140,Delivery Area
2111,HENLEY,NSW,-33.820,151.140,Delivery Area
2111,HUNTLEYS COVE,NSW,-33.820,151.140,Delivery Area
2111,HUNTLEYS POINT,NSW,-33.820,151.140,Delivery Area
2111,MONASH PARK,NSW,-33.820,151.140,Delivery Area
2111,TENNYSON POINT,NSW,-33.820,151.140,Delivery Area
2112,DENISTONE EAST,NSW,-33.800,151.100,Delivery Area
2112,PUTNEY,NSW,-33.800,151.100,Delivery Area
2112,RYDE,NSW,-33.800,151.100,Delivery Area
2113,BLENHEIM ROAD,NSW,-33.800,151.130,Delivery Area
2113,EAST RYDE,NSW,-33.800,151.130,Delivery Area
2113,MACQUARIE CENTRE,NSW,-33.800,151.130,Delivery Area
2113,MACQUARIE PARK,NSW,-33.800,151.130,Delivery Area
2113,NORTH RYDE,NSW,-33.800,151.130,Delivery Area
2114,DENISTONE,NSW,-33.800,151.080,Delivery Area
2114,DENISTONE WEST,NSW,-33.800,151.080,Delivery Area
2114,MEADOWBANK,NSW,-33.800,151.080,Delivery Area
2114,MELROSE PARK,NSW,-33.800,151.080,Delivery Area
2114,WEST RYDE,NSW,-33.800,151.080,Delivery Area
2115,ERMINGTON,NSW,-33.810,151.050,Delivery Area
2116,RYDALMERE,NSW,-33.810,151.030,Delivery Area
2117,DUNDAS,NSW,-33.800,151.040,Delivery Area
2117,DUNDAS VALLEY,NSW,-33.800,151.040,Delivery Area
2117,OATLANDS,NSW,-33.800,151.040,Delivery Area
2117,TELOPEA,NSW,-33.800,151.040,Delivery Area
2118,CARLINGFORD,NSW,-33.780,151.050,Delivery Area
2118,CARLINGFORD COURT,NSW,-33.780,151.050,Delivery Area
2118,CARLINGFORD NORTH,NSW,-33.780,151.050,Delivery Area
2118,KINGSDENE,NSW,-33.780,151.050,Delivery Area
2119,BEECROFT,NSW,-33.750,151.060,Delivery Area
2119,CHELTENHAM,NSW,-33.750,151.060,Delivery Area
2120,PENNANT HILLS,NSW,-33.740,151.070,Delivery Area
2120,THORNLEIGH,NSW,-33.740,151.070,Delivery Area
2120,WESTLEIGH,NSW,-33.740,151.070,Delivery Area
2121,EPPING,NSW,-33.770,151.080,Delivery Area
2121,NORTH EPPING,NSW,-33.770,151.080,Delivery Area
2122,EASTWOOD,NSW,-33.790,151.080,Delivery Area
2122,MARSFIELD,NSW,-33.790,151.080,Delivery Area
2124,PARRAMATTA,NSW,-33.890,151.140,Post Office Boxes
2125,WEST PENNANT HILLS,NSW,-33.750,151.040,Delivery Area
2126,CHERRYBROOK,NSW,-33.720,151.040,Delivery Area
2127,NEWINGTON,NSW,-33.850,151.080,Delivery Area
2127,SYDNEY OLYMPIC PARK,NSW,-33.850,151.080,Delivery Area
2127,WENTWORTH POINT,NSW,-33.850,151.080,Delivery Area
2128,SILVERWATER,NSW,-33.840,151.050,Delivery Area
2129,SYDNEY MARKETS,NSW,-33.870,151.190,Post Office Boxes
2130,SUMMER HILL,NSW,-33.890,151.140,Delivery Area
2131,ASHFIELD,NSW,-33.890,151.130,Delivery Area
2132,CROYDON,NSW,-33.880,151.110,Delivery Area
2133,CROYDON PARK,NSW,-33.900,151.110,Delivery Area
2133,ENFIELD SOUTH,NSW,-33.900,151.110,Delivery Area
2134,BURWOOD,NSW,-33.880,151.100,Delivery Area
2134,BURWOOD NORTH,NSW,-33.880,151.100,Delivery Area
2135,STRATHFIELD,NSW,-33.870,151.090,Delivery Area
2136,BURWOOD HEIGHTS,NSW,-33.890,151.100,Delivery Area
2136,ENFIELD,NSW,-33.890,151.100,Delivery Area
2136,STRATHFIELD SOUTH,NSW,-33.890,151.100,Delivery Area
2137,BREAKFAST POINT,NSW,-33.840,151.110,Delivery Area
2137,CABARITA,NSW,-33.840,151.110,Delivery Area
2137,CONCORD,NSW,-33.840,151.110,Delivery Area
2137,MORTLAKE,NSW,-33.840,151.110,Delivery Area
2137,NORTH STRATHFIELD,NSW,-33.840,151.110,Delivery Area
2138,CONCORD WEST,NSW,-33.850,151.090,Delivery Area
2138,CONCORD WEST DC,NSW,,,Delivery Area
2138,LIBERTY GROVE,NSW,-33.850,151.090,Delivery Area
2138,RHODES,NSW,-33.850,151.090,Delivery Area
2140,HOMEBUSH,NSW,-33.860,151.080,Delivery Area
2140,HOMEBUSH SOUTH,NSW,-33.860,151.080,Delivery Area
2140,HOMEBUSH WEST,NSW,-33.860,151.080,Delivery Area
2141,BERALA,NSW,-33.870,151.030,Delivery Area
2141,LIDCOMBE,NSW,-33.870,151.030,Delivery Area
2141,LIDCOMBE NORTH,NSW,-33.870,151.030,Delivery Area
2141,ROOKWOOD,NSW,-33.870,151.030,Delivery Area
2142,BLAXCELL,NSW,-33.850,151.010,Delivery Area
2142,CAMELLIA,NSW,-33.850,151.010,Delivery Area
2142,CLYDE,NSW,-33.850,151.010,Delivery Area
2142,GRANVILLE,NSW,-33.850,151.010,Delivery Area
2142,HOLROYD,NSW,-33.850,151.010,Delivery Area
2142,ROSEHILL,NSW,-33.850,151.010,Delivery Area
2142,SOUTH GRANVILLE,NSW,-33.850,151.010,Delivery Area
2143,BIRRONG,NSW,-33.890,151.020,Delivery Area
2143,POTTS HILL,NSW,-33.890,151.020,Delivery Area
2143,REGENTS PARK,NSW,-33.890,151.020,Delivery Area
2144,AUBURN,NSW,-33.850,151.030,Delivery Area
2145,CONSTITUTION HILL,NSW,-33.800,150.950,Delivery Area
2145,GIRRAWEEN,NSW,-33.800,150.950,Delivery Area
2145,GREYSTANES,NSW,-33.800,150.950,Delivery Area
2145,MAYS HILL,NSW,-33.800,150.950,Delivery Area
2145,PEMULWUY,NSW,-33.800,150.950,Delivery Area
2145,PENDLE HILL,NSW,-33.800,150.950,Delivery Area
2145,SOUTH WENTWORTHVILLE,NSW,-33.800,150.950,Delivery Area
2145,WENTWORTHVILLE,NSW,-33.800,150.950,Delivery Area
2145,WESTMEAD,NSW,-33.800,150.950,Delivery Area
2146,OLD TOONGABBIE,NSW,-33.790,150.970,Delivery Area
2146,TOONGABBIE,NSW,-33.790,150.970,Delivery Area
2146,TOONGABBIE EAST,NSW,-33.790,150.970,Delivery Area
2147,KINGS LANGLEY,NSW,-33.740,150.920,Delivery Area
2147,LALOR PARK,NSW,-33.740,150.920,Delivery Area
2147,SEVEN HILLS,NSW,-33.740,150.920,Delivery Area
2147,SEVEN HILLS WEST,NSW,-33.740,150.920,Delivery Area
2148,ARNDELL PARK,NSW,-33.790,150.870,Delivery Area
2148,BLACKTOWN,NSW,-33.790,150.870,Delivery Area
2148,BLACKTOWN WESTPOINT,NSW,-33.790,150.870,Delivery Area
2148,HUNTINGWOOD,NSW,-33.790,150.870,Delivery Area
2148,KINGS PARK,NSW,-33.790,150.870,Delivery Area
2148,MARAYONG,NSW,-33.790,150.870,Delivery Area
2148,PROSPECT,NSW,-33.790,150.870,Delivery Area
2150,HARRIS PARK,NSW,-33.820,151.010,Delivery Area
2150,PARRAMATTA,NSW,-33.820,151.010,Delivery Area
2150,PARRAMATTA WESTFIELD,NSW,-33.820,151.010,Delivery Area
2151,NORTH PARRAMATTA,NSW,-33.800,151.010,Delivery Area
2151,NORTH ROCKS,NSW,-33.800,151.010,Delivery Area
2152,NORTHMEAD,NSW,-33.780,150.990,Delivery Area
2153,BAULKHAM HILLS,NSW,-33.760,150.990,Delivery Area
2153,BELLA VISTA,NSW,-33.760,150.990,Delivery Area
2153,NORWEST,NSW,,,Delivery Area
2153,WINSTON HILLS,NSW,-33.760,150.990,Delivery Area
2154,CASTLE HILL,NSW,-33.730,151.010,Delivery Area
2155,BEAUMONT HILLS,NSW,-33.700,150.950,Delivery Area
2155,KELLYVILLE,NSW,-33.700,150.950,Delivery Area
2155,KELLYVILLE RIDGE,NSW,-33.700,150.950,Delivery Area
2155,NORTH KELLYVILLE,NSW,,,Delivery Area
2155,ROUSE HILL,NSW,-33.700,150.950,Delivery Area
2156,ANNANGROVE,NSW,-33.660,150.940,Delivery Area
2156,GLENHAVEN,NSW,-33.660,150.940,Delivery Area
2156,KENTHURST,NSW,-33.660,150.940,Delivery Area
2157,CANOELANDS,NSW,-33.510,151.060,Delivery Area
2157,FOREST GLEN,NSW,-33.510,151.060,Delivery Area
2157,GLENORIE,NSW,-33.510,151.060,Delivery Area
2158,DURAL,NSW,-33.680,151.030,Delivery Area
2158,DURAL DC,NSW,,,Delivery Area
2158,MIDDLE DURAL,NSW,-33.680,151.030,Delivery Area
2158,ROUND CORNER,NSW,-33.680,151.030,Delivery Area
2159,ARCADIA,NSW,-33.620,151.050,Delivery Area
2159,BERRILEE,NSW,-33.620,151.050,Delivery Area
2159,FIDDLETOWN,NSW,-33.620,151.050,Delivery Area
2159,GALSTON,NSW,-33.620,151.050,Delivery Area
2160,MERRYLANDS,NSW,-33.840,150.990,Delivery Area
2160,MERRYLANDS WEST,NSW,-33.840,150.990,Delivery Area
2161,GUILDFORD,NSW,-33.850,150.990,Delivery Area
2161,GUILDFORD WEST,NSW,-33.850,150.990,Delivery Area
2161,OLD GUILDFORD,NSW,-33.850,150.990,Delivery Area
2161,YENNORA,NSW,-33.850,150.990,Delivery Area
2162,CHESTER HILL,NSW,-33.880,151.000,Delivery Area
2162,SEFTON,NSW,-33.880,151.000,Delivery Area
2163,CARRAMAR,NSW,-33.880,150.960,Delivery Area
2163,LANSDOWNE,NSW,-33.880,150.960,Delivery Area
2163,VILLAWOOD,NSW,-33.880,150.960,Delivery Area
2164,SMITHFIELD,NSW,-33.850,150.940,Delivery Area
2164,SMITHFIELD WEST,NSW,-33.850,150.940,Delivery Area
2164,WETHERILL PARK,NSW,-33.850,150.940,Delivery Area
2164,WETHERILL PARK BC,NSW,,,Delivery Area
2164,WOODPARK,NSW,-33.850,150.940,Delivery Area
2165,FAIRFIELD,NSW,-33.870,150.960,Delivery Area
2165,FAIRFIELD EAST,NSW,-33.870,150.960,Delivery Area
2165,FAIRFIELD HEIGHTS,NSW,-33.870,150.960,Delivery Area
2165,FAIRFIELD WEST,NSW,-33.870,150.960,Delivery Area
2166,CABRAMATTA,NSW,-33.900,150.940,Delivery Area
2166,CABRAMATTA WEST,NSW,-33.900,150.940,Delivery Area
2166,CANLEY HEIGHTS,NSW,-33.900,150.940,Delivery Area
2166,CANLEY VALE,NSW,-33.900,150.940,Delivery Area
2166,LANSVALE,NSW,-33.900,150.940,Delivery Area
2167,GLENFIELD,NSW,-33.970,150.890,Delivery Area
2168,ASHCROFT,NSW,-33.920,150.900,Delivery Area
2168,BUSBY,NSW,-33.920,150.900,Delivery Area
2168,CARTWRIGHT,NSW,-33.920,150.900,Delivery Area
2168,GREEN VALLEY,NSW,-33.920,150.900,Delivery Area
2168,HECKENBERG,NSW,-33.920,150.900,Delivery Area
2168,HINCHINBROOK,NSW,-33.920,150.900,Delivery Area
2168,MILLER,NSW,-33.920,150.900,Delivery Area
2168,SADLEIR,NSW,-33.920,150.900,Delivery Area
2170,CASULA,NSW,-33.950,150.910,Delivery Area
2170,CASULA MALL,NSW,-33.950,150.910,Delivery Area
2170,CHIPPING NORTON,NSW,-33.950,150.910,Delivery Area
2170,HAMMONDVILLE,NSW,-33.950,150.910,Delivery Area
2170,LIVERPOOL,NSW,-33.950,150.910,Delivery Area
2170,LIVERPOOL SOUTH,NSW,-33.950,150.910,Delivery Area
2170,LIVERPOOL WESTFIELD,NSW,-33.950,150.910,Delivery Area
2170,LURNEA,NSW,-33.950,150.910,Delivery Area
2170,MOOREBANK,NSW,-33.950,150.910,Delivery Area
2170,MOUNT PRITCHARD,NSW,-33.950,150.910,Delivery Area
2170,PRESTONS,NSW,-33.950,150.910,Delivery Area
2170,WARWICK FARM,NSW,-33.950,150.910,Delivery Area
2171,CARNES HILL,NSW,,,Delivery Area
2171,CECIL HILLS,NSW,-33.880,150.850,Delivery Area
2171,ELIZABETH HILLS,NSW,-33.880,150.850,Delivery Area
2171,HORNINGSEA PARK,NSW,-33.880,150.850,Delivery Area
2171,HOXTON PARK,NSW,-33.880,150.850,Delivery Area
2171,LEN WATERS ESTATE,NSW,-33.880,150.850,Delivery Area
2171,MIDDLETON GRANGE,NSW,-33.880,150.850,Delivery Area
2171,WEST HOXTON,NSW,-33.880,150.850,Delivery Area
2172,PLEASURE POINT,NSW,-33.970,150.990,Delivery Area
2172,SANDY POINT,NSW,-33.970,150.990,Delivery Area
2172,VOYAGER POINT,NSW,-33.970,150.990,Delivery Area
2173,HOLSWORTHY,NSW,-33.950,150.950,Delivery Area
2173,WATTLE GROVE,NSW,-33.950,150.950,Delivery Area
2174,EDMONDSON PARK,NSW,0.000,0.000,Delivery Area
2175,HORSLEY PARK,NSW,-33.850,150.850,Delivery Area
2176,ABBOTSBURY,NSW,-33.880,150.870,Delivery Area
2176,BOSSLEY PARK,NSW,-33.880,150.870,Delivery Area
2176,EDENSOR PARK,NSW,-33.880,150.870,Delivery Area
2176,GREENFIELD PARK,NSW,-33.880,150.870,Delivery Area
2176,PRAIRIEWOOD,NSW,-33.880,150.870,Delivery Area
2176,ST JOHNS PARK,NSW,-33.880,150.870,Delivery Area
2176,WAKELEY,NSW,-33.880,150.870,Delivery Area
2177,BONNYRIGG,NSW,-33.890,150.890,Delivery Area
2177,BONNYRIGG HEIGHTS,NSW,-33.890,150.890,Delivery Area
2178,CECIL PARK,NSW,-33.870,150.840,Delivery Area
2178,KEMPS CREEK,NSW,-33.870,150.840,Delivery Area
2178,MOUNT VERNON,NSW,-33.870,150.840,Delivery Area
2179,AUSTRAL,NSW,-33.930,150.810,Delivery Area
2179,LEPPINGTON,NSW,-33.930,150.810,Delivery Area
2190,CHULLORA,NSW,-33.890,151.060,Delivery Area
2190,GREENACRE,NSW,-33.890,151.060,Delivery Area
2190,MOUNT LEWIS,NSW,-33.890,151.060,Delivery Area
2191,BELFIELD,NSW,-33.900,151.080,Delivery Area
2192,BELMORE,NSW,-33.920,151.090,Delivery Area
2193,ASHBURY,NSW,-33.900,151.120,Delivery Area
2193,CANTERBURY,NSW,-33.900,151.120,Delivery Area
2193,HURLSTONE PARK,NSW,-33.900,151.120,Delivery Area
2194,CAMPSIE,NSW,-33.910,151.100,Delivery Area
2195,LAKEMBA,NSW,-33.920,151.080,Delivery Area
2195,LAKEMBA DC,NSW,,,Delivery Area
2195,WILEY PARK,NSW,-33.920,151.080,Delivery Area
2196,PUNCHBOWL,NSW,-33.930,151.050,Delivery Area
2196,ROSELANDS,NSW,-33.930,151.050,Delivery Area
2197,BASS HILL,NSW,-33.900,150.990,Delivery Area
2198,GEORGES HALL,NSW,-33.910,150.980,Delivery Area
2199,YAGOONA,NSW,-33.910,151.030,Delivery Area
2200,BANKSTOWN,NSW,-33.920,151.030,Delivery Area
2200,BANKSTOWN AERODROME,NSW,-33.920,151.030,Delivery Area
2200,BANKSTOWN NORTH,NSW,-33.920,151.030,Delivery Area
2200,BANKSTOWN SQUARE,NSW,-33.920,151.030,Delivery Area
2200,CONDELL PARK,NSW,-33.920,151.030,Delivery Area
2200,MANAHAN,NSW,-33.920,151.030,Delivery Area
2200,MOUNT LEWIS,NSW,-33.920,151.030,Delivery Area
2203,DULWICH HILL,NSW,-33.900,151.140,Delivery Area
2204,MARRICKVILLE,NSW,-33.910,151.160,Delivery Area
2204,MARRICKVILLE METRO,NSW,-33.910,151.160,Delivery Area
2204,MARRICKVILLE SOUTH,NSW,-33.910,151.160,Delivery Area
2205,ARNCLIFFE,NSW,-33.940,151.150,Delivery Area
2205,TURRELLA,NSW,-33.940,151.150,Delivery Area
2205,WOLLI CREEK,NSW,-33.940,151.150,Delivery Area
2206,CLEMTON PARK,NSW,-33.930,151.100,Delivery Area
2206,EARLWOOD,NSW,-33.930,151.100,Delivery Area
2207,BARDWELL PARK,NSW,-33.930,151.130,Delivery Area
2207,BARDWELL VALLEY,NSW,-33.930,151.130,Delivery Area
2207,BEXLEY,NSW,-33.930,151.130,Delivery Area
2207,BEXLEY NORTH,NSW,-33.930,151.130,Delivery Area
2207,BEXLEY SOUTH,NSW,-33.930,151.130,Delivery Area
2208,KINGSGROVE,NSW,-33.940,151.100,Delivery Area
2208,KINGSWAY WEST,NSW,-33.940,151.100,Delivery Area
2209,BEVERLY HILLS,NSW,-33.950,151.080,Delivery Area
2209,NARWEE,NSW,-33.950,151.080,Delivery Area
2210,LUGARNO,NSW,-33.980,151.050,Delivery Area
2210,PEAKHURST,NSW,-33.980,151.050,Delivery Area
2210,PEAKHURST DC,NSW,,,Delivery Area
2210,PEAKHURST HEIGHTS,NSW,-33.980,151.050,Delivery Area
2210,RIVERWOOD,NSW,-33.980,151.050,Delivery Area
2211,PADSTOW,NSW,-33.950,151.040,Delivery Area
2211,PADSTOW HEIGHTS,NSW,-33.950,151.040,Delivery Area
2212,REVESBY,NSW,-33.950,151.020,Delivery Area
2212,REVESBY HEIGHTS,NSW,-33.950,151.020,Delivery Area
2212,REVESBY NORTH,NSW,-33.950,151.020,Delivery Area
2213,EAST HILLS,NSW,-33.960,150.990,Delivery Area
2213,PANANIA,NSW,-33.960,150.990,Delivery Area
2213,PICNIC POINT,NSW,-33.960,150.990,Delivery Area
2214,MILPERRA,NSW,-33.940,150.990,Delivery Area
2216,BANKSIA,NSW,-33.950,151.140,Delivery Area
2216,BRIGHTON-LE-SANDS,NSW,-33.950,151.140,Delivery Area
2216,KYEEMAGH,NSW,-33.950,151.140,Delivery Area
2216,ROCKDALE,NSW,-33.950,151.140,Delivery Area
2216,ROCKDALE DC,NSW,,,Delivery Area
2217,BEVERLEY PARK,NSW,-33.980,151.130,Delivery Area
2217,KOGARAH,NSW,-33.980,151.130,Delivery Area
2217,KOGARAH BAY,NSW,-33.980,151.130,Delivery Area
2217,MONTEREY,NSW,-33.980,151.130,Delivery Area
2217,RAMSGATE,NSW,-33.980,151.130,Delivery Area
2217,RAMSGATE BEACH,NSW,-33.980,151.130,Delivery Area
2218,ALLAWAH,NSW,-33.970,151.110,Delivery Area
2218,CARLTON,NSW,-33.970,151.110,Delivery Area
2219,DOLLS POINT,NSW,-33.990,151.150,Delivery Area
2219,SANDRINGHAM,NSW,-33.990,151.150,Delivery Area
2219,SANS SOUCI,NSW,-33.990,151.150,Delivery Area
2220,HURSTVILLE,NSW,-33.970,151.100,Delivery Area
2220,HURSTVILLE GROVE,NSW,-33.970,151.100,Delivery Area
2220,HURSTVILLE WESTFIELD,NSW,-33.970,151.100,Delivery Area
2221,BLAKEHURST,NSW,-33.990,151.110,Delivery Area
2221,CARSS PARK,NSW,-33.990,151.110,Delivery Area
2221,CONNELLS POINT,NSW,-33.990,151.110,Delivery Area
2221,KYLE BAY,NSW,-33.990,151.110,Delivery Area
2221,SOUTH HURSTVILLE,NSW,-33.990,151.110,Delivery Area
2222,PENSHURST,NSW,-33.960,151.090,Delivery Area
2223,MORTDALE,NSW,-33.970,151.080,Delivery Area
2223,OATLEY,NSW,-33.970,151.080,Delivery Area
2224,KANGAROO POINT,NSW,-34.000,151.100,Delivery Area
2224,SYLVANIA,NSW,-34.000,151.100,Delivery Area
2224,SYLVANIA SOUTHGATE,NSW,-34.000,151.100,Delivery Area
2224,SYLVANIA WATERS,NSW,-34.000,151.100,Delivery Area
2225,OYSTER BAY,NSW,-34.000,151.090,Delivery Area
2226,BONNET BAY,NSW,-34.010,151.050,Delivery Area
2226,COMO,NSW,-34.010,151.050,Delivery Area
2226,JANNALI,NSW,-34.010,151.050,Delivery Area
2227,GYMEA,NSW,-34.030,151.090,Delivery Area
2227,GYMEA BAY,NSW,-34.030,151.090,Delivery Area
2228,MIRANDA,NSW,-34.030,151.100,Delivery Area
2228,YOWIE BAY,NSW,-34.030,151.100,Delivery Area
2229,CARINGBAH,NSW,-34.040,151.120,Delivery Area
2229,CARINGBAH SOUTH,NSW,-34.040,151.120,Delivery Area
2229,DOLANS BAY,NSW,-34.040,151.120,Delivery Area
2229,LILLI PILLI,NSW,-34.040,151.120,Delivery Area
2229,PORT HACKING,NSW,-34.040,151.120,Delivery Area
2229,TAREN POINT,NSW,-34.040,151.120,Delivery Area
2230,BUNDEENA,NSW,-34.090,151.150,Delivery Area
2230,BURRANEER,NSW,-34.090,151.150,Delivery Area
2230,CRONULLA,NSW,-34.090,151.150,Delivery Area
2230,GREENHILLS BEACH,NSW,,,Delivery Area
2230,MAIANBAR,NSW,-34.090,151.150,Delivery Area
2230,WOOLOOWARE,NSW,-34.090,151.150,Delivery Area
2231,KURNELL,NSW,-34.010,151.200,Delivery Area
2232,AUDLEY,NSW,-34.080,151.060,Delivery Area
2232,BONNIE VALE,NSW,,,Delivery Area
2232,GARIE,NSW,-34.080,151.060,Delivery Area
2232,GOARRA,NSW,,,Delivery Area
2232,GRAYS POINT,NSW,-34.080,151.060,Delivery Area
2232,JIBBON,NSW,,,Delivery Area
2232,KAREELA,NSW,-34.080,151.060,Delivery Area
2232,KIRRAWEE,NSW,-34.080,151.060,Delivery Area
2232,KIRRAWEE DC,NSW,,,Delivery Area
2232,LOFTUS,NSW,-34.080,151.060,Delivery Area
2232,MARLEY,NSW,,,Delivery Area
2232,PALONA,NSW,,,Delivery Area
2232,SUTHERLAND,NSW,-34.080,151.060,Delivery Area
2232,ULOOLA,NSW,,,Delivery Area
2232,WARUMBUL,NSW,,,Delivery Area
2232,WATTAMOLLA,NSW,,,Delivery Area
2232,WORONORA,NSW,-34.080,151.060,Delivery Area
2232,YENABILLI,NSW,,,Delivery Area
2233,ENGADINE,NSW,-34.070,151.010,Delivery Area
2233,HEATHCOTE,NSW,-34.070,151.010,Delivery Area
2233,WATERFALL,NSW,-34.070,151.010,Delivery Area
2233,WORONORA HEIGHTS,NSW,-34.070,151.010,Delivery Area
2233,YARRAWARRAH,NSW,-34.070,151.010,Delivery Area
2234,ALFORDS POINT,NSW,-33.990,151.020,Delivery Area
2234,BANGOR,NSW,-33.990,151.020,Delivery Area
2234,BARDEN RIDGE,NSW,-33.990,151.020,Delivery Area
2234,ILLAWONG,NSW,-33.990,151.020,Delivery Area
2234,LUCAS HEIGHTS,NSW,-33.990,151.020,Delivery Area
2234,MENAI,NSW,-33.990,151.020,Delivery Area
2234,MENAI CENTRAL,NSW,-33.990,151.020,Delivery Area
2250,BUCKETTY,NSW,-33.110,151.140,Delivery Area
2250,CALGA,NSW,-33.110,151.140,Delivery Area
2250,CENTRAL MANGROVE,NSW,-33.110,151.140,Delivery Area
2250,EAST GOSFORD,NSW,-33.110,151.140,Delivery Area
2250,ERINA,NSW,-33.110,151.140,Delivery Area
2250,ERINA FAIR,NSW,-33.110,151.140,Delivery Area
2250,GLENWORTH VALLEY,NSW,-33.110,151.140,Delivery Area
2250,GOSFORD,NSW,-33.110,151.140,Delivery Area
2250,GREENGROVE,NSW,-33.110,151.140,Delivery Area
2250,HOLGATE,NSW,-33.110,151.140,Delivery Area
2250,KARIONG,NSW,-33.110,151.140,Delivery Area
2250,KULNURA,NSW,-33.110,151.140,Delivery Area
2250,LISAROW,NSW,-33.110,151.140,Delivery Area
2250,LOWER MANGROVE,NSW,-33.110,151.140,Delivery Area
2250,MANGROVE CREEK,NSW,-33.110,151.140,Delivery Area
2250,MANGROVE MOUNTAIN,NSW,-33.110,151.140,Delivery Area
2250,MATCHAM,NSW,-33.110,151.140,Delivery Area
2250,MOONEY MOONEY CREEK,NSW,-33.110,151.140,Delivery Area
2250,MOUNT ELLIOT,NSW,-33.110,151.140,Delivery Area
2250,MOUNT WHITE,NSW,-33.110,151.140,Delivery Area
2250,NARARA,NSW,-33.110,151.140,Delivery Area
2250,NIAGARA PARK,NSW,-33.110,151.140,Delivery Area
2250,NORTH GOSFORD,NSW,-33.110,151.140,Delivery Area
2250,PEATS RIDGE,NSW,-33.110,151.140,Delivery Area
2250,POINT CLARE,NSW,-33.110,151.140,Delivery Area
2250,POINT FREDERICK,NSW,-33.110,151.140,Delivery Area
2250,SOMERSBY,NSW,-33.110,151.140,Delivery Area
2250,SPRINGFIELD,NSW,-33.110,151.140,Delivery Area
2250,TASCOTT,NSW,-33.110,151.140,Delivery Area
2250,TEN MILE HOLLOW,NSW,-33.110,151.140,Delivery Area
2250,UPPER MANGROVE,NSW,-33.110,151.140,Delivery Area
2250,WENDOREE PARK,NSW,-33.110,151.140,Delivery Area
2250,WEST GOSFORD,NSW,-33.110,151.140,Delivery Area
2250,WYOMING,NSW,-33.110,151.140,Delivery Area
2251,AVOCA BEACH,NSW,-33.460,151.430,Delivery Area
2251,BENSVILLE,NSW,-33.460,151.430,Delivery Area
2251,BOUDDI,NSW,-33.460,151.430,Delivery Area
2251,COPACABANA,NSW,-33.460,151.430,Delivery Area
2251,DAVISTOWN,NSW,-33.460,151.430,Delivery Area
2251,GREEN POINT,NSW,-33.460,151.430,Delivery Area
2251,KINCUMBER,NSW,-33.460,151.430,Delivery Area
2251,KINCUMBER SOUTH,NSW,-33.460,151.430,Delivery Area
2251,MACMASTERS BEACH,NSW,-33.460,151.430,Delivery Area
2251,PICKETTS VALLEY,NSW,-33.460,151.430,Delivery Area
2251,SARATOGA,NSW,-33.460,151.430,Delivery Area
2251,YATTALUNGA,NSW,-33.460,151.430,Delivery Area
2252,CENTRAL COAST MC,NSW,0.000,0.000,Post Office Boxes
2256,BLACKWALL,NSW,-33.500,151.330,Delivery Area
2256,HORSFIELD BAY,NSW,-33.500,151.330,Delivery Area
2256,KOOLEWONG,NSW,-33.500,151.330,Delivery Area
2256,LITTLE WOBBY,NSW,-33.500,151.330,Delivery Area
2256,PATONGA,NSW,-33.500,151.330,Delivery Area
2256,PEARL BEACH,NSW,-33.500,151.330,Delivery Area
2256,PHEGANS BAY,NSW,-33.500,151.330,Delivery Area
2256,WONDABYNE,NSW,-33.500,151.330,Delivery Area
2256,WOY WOY,NSW,-33.500,151.330,Delivery Area
2256,WOY WOY BAY,NSW,-33.500,151.330,Delivery Area
2257,BOOKER BAY,NSW,-33.510,151.340,Delivery Area
2257,BOX HEAD,NSW,-33.510,151.340,Delivery Area
2257,DALEYS POINT,NSW,-33.510,151.340,Delivery Area
2257,EMPIRE BAY,NSW,-33.510,151.340,Delivery Area
2257,ETTALONG BEACH,NSW,-33.510,151.340,Delivery Area
2257,HARDYS BAY,NSW,-33.510,151.340,Delivery Area
2257,KILLCARE,NSW,-33.510,151.340,Delivery Area
2257,KILLCARE HEIGHTS,NSW,-33.510,151.340,Delivery Area
2257,PRETTY BEACH,NSW,-33.510,151.340,Delivery Area
2257,ST HUBERTS ISLAND,NSW,-33.510,151.340,Delivery Area
2257,UMINA BEACH,NSW,-33.510,151.340,Delivery Area
2257,WAGSTAFFE,NSW,-33.510,151.340,Delivery Area
2258,FOUNTAINDALE,NSW,-33.340,151.390,Delivery Area
2258,KANGY ANGY,NSW,-33.340,151.390,Delivery Area
2258,OURIMBAH,NSW,-33.340,151.390,Delivery Area
2258,PALM GROVE,NSW,-33.340,151.390,Delivery Area
2258,PALMDALE,NSW,-33.340,151.390,Delivery Area
2259,ALISON,NSW,-33.270,151.400,Delivery Area
2259,BUSHELLS RIDGE,NSW,-33.270,151.400,Delivery Area
2259,CEDAR BRUSH CREEK,NSW,-33.270,151.400,Delivery Area
2259,CHAIN VALLEY BAY,NSW,-33.270,151.400,Delivery Area
2259,CRANGAN BAY,NSW,-33.270,151.400,Delivery Area
2259,DOORALONG,NSW,-33.270,151.400,Delivery Area
2259,DURREN DURREN,NSW,-33.270,151.400,Delivery Area
2259,FRAZER PARK,NSW,-33.270,151.400,Delivery Area
2259,FREEMANS,NSW,-33.270,151.400,Delivery Area
2259,GWANDALAN,NSW,-33.270,151.400,Delivery Area
2259,HALLORAN,NSW,-33.270,151.400,Delivery Area
2259,HAMLYN TERRACE,NSW,-33.270,151.400,Delivery Area
2259,JILLIBY,NSW,-33.270,151.400,Delivery Area
2259,KANWAL,NSW,-33.270,151.400,Delivery Area
2259,KIAR,NSW,-33.270,151.400,Delivery Area
2259,KINGFISHER SHORES,NSW,-33.270,151.400,Delivery Area
2259,LAKE MUNMORAH,NSW,-33.270,151.400,Delivery Area
2259,LEMON TREE,NSW,-33.270,151.400,Delivery Area
2259,LITTLE JILLIBY,NSW,-33.270,151.400,Delivery Area
2259,MANNERING PARK,NSW,-33.270,151.400,Delivery Area
2259,MARDI,NSW,-33.270,151.400,Delivery Area
2259,MOONEE,NSW,-33.270,151.400,Delivery Area
2259,POINT WOLSTONCROFT,NSW,-33.270,151.400,Delivery Area
2259,RAVENSDALE,NSW,-33.270,151.400,Delivery Area
2259,ROCKY POINT,NSW,-33.270,151.400,Delivery Area
2259,SUMMERLAND POINT,NSW,-33.270,151.400,Delivery Area
2259,TACOMA,NSW,-33.270,151.400,Delivery Area
2259,TACOMA SOUTH,NSW,-33.270,151.400,Delivery Area
2259,TUGGERAH,NSW,-33.270,151.400,Delivery Area
2259,TUGGERAWONG,NSW,-33.270,151.400,Delivery Area
2259,WADALBA,NSW,-33.270,151.400,Delivery Area
2259,WALLARAH,NSW,-33.270,151.400,Delivery Area
2259,WARNERVALE,NSW,-33.270,151.400,Delivery Area
2259,WATANOBBI,NSW,-33.270,151.400,Delivery Area
2259,WOONGARRAH,NSW,-33.270,151.400,Delivery Area
2259,WYBUNG,NSW,-33.270,151.400,Delivery Area
2259,WYEE,NSW,-33.270,151.400,Delivery Area
2259,WYEE POINT,NSW,-33.270,151.400,Delivery Area
2259,WYONG,NSW,-33.270,151.400,Delivery Area
2259,WYONG CREEK,NSW,-33.270,151.400,Delivery Area
2259,WYONGAH,NSW,-33.270,151.400,Delivery Area
2259,YARRAMALONG,NSW,-33.270,151.400,Delivery Area
2260,ERINA HEIGHTS,NSW,-33.430,151.410,Delivery Area
2260,FORRESTERS BEACH,NSW,-33.430,151.410,Delivery Area
2260,NORTH AVOCA,NSW,-33.430,151.410,Delivery Area
2260,TERRIGAL,NSW,-33.430,151.410,Delivery Area
2260,WAMBERAL,NSW,-33.430,151.410,Delivery Area
2261,BATEAU BAY,NSW,-33.380,151.480,Delivery Area
2261,BAY VILLAGE,NSW,-33.380,151.480,Delivery Area
2261,BERKELEY VALE,NSW,-33.380,151.480,Delivery Area
2261,BLUE BAY,NSW,-33.380,151.480,Delivery Area
2261,CHITTAWAY BAY,NSW,-33.380,151.480,Delivery Area
2261,CHITTAWAY POINT,NSW,-33.380,151.480,Delivery Area
2261,GLENNING VALLEY,NSW,-33.380,151.480,Delivery Area
2261,KILLARNEY VALE,NSW,-33.380,151.480,Delivery Area
2261,LONG JETTY,NSW,-33.380,151.480,Delivery Area
2261,MAGENTA,NSW,-33.380,151.480,Delivery Area
2261,SHELLY BEACH,NSW,-33.380,151.480,Delivery Area
2261,THE ENTRANCE,NSW,-33.380,151.480,Delivery Area
2261,THE ENTRANCE NORTH,NSW,-33.380,151.480,Delivery Area
2261,TOOWOON BAY,NSW,-33.380,151.480,Delivery Area
2261,TUMBI UMBI,NSW,-33.380,151.480,Delivery Area
2262,BLUE HAVEN,NSW,-33.210,151.490,Delivery Area
2262,BUDGEWOI,NSW,-33.210,151.490,Delivery Area
2262,BUDGEWOI PENINSULA,NSW,-33.210,151.490,Delivery Area
2262,BUFF POINT,NSW,-33.210,151.490,Delivery Area
2262,COLONGRA,NSW,-33.210,151.490,Delivery Area
2262,DOYALSON,NSW,-33.210,151.490,Delivery Area
2262,DOYALSON NORTH,NSW,-33.210,151.490,Delivery Area
2262,HALEKULANI,NSW,-33.210,151.490,Delivery Area
2262,SAN REMO,NSW,-33.210,151.490,Delivery Area
2263,CANTON BEACH,NSW,-33.270,151.540,Delivery Area
2263,CHARMHAVEN,NSW,-33.270,151.540,Delivery Area
2263,GOROKAN,NSW,-33.270,151.540,Delivery Area
2263,LAKE HAVEN,NSW,-33.270,151.540,Delivery Area
2263,NORAH HEAD,NSW,-33.270,151.540,Delivery Area
2263,NORAVILLE,NSW,-33.270,151.540,Delivery Area
2263,TOUKLEY,NSW,-33.270,151.540,Delivery Area
2264,BALCOLYN,NSW,-33.100,151.550,Delivery Area
2264,BONNELLS BAY,NSW,-33.100,151.550,Delivery Area
2264,BRIGHTWATERS,NSW,-33.100,151.550,Delivery Area
2264,DORA CREEK,NSW,-33.100,151.550,Delivery Area
2264,ERARING,NSW,-33.100,151.550,Delivery Area
2264,MANDALONG,NSW,-33.100,151.550,Delivery Area
2264,MIRRABOOKA,NSW,-33.100,151.550,Delivery Area
2264,MORISSET,NSW,-33.100,151.550,Delivery Area
2264,MORISSET PARK,NSW,-33.100,151.550,Delivery Area
2264,MYUNA BAY,NSW,-33.100,151.550,Delivery Area
2264,SILVERWATER,NSW,-33.100,151.550,Delivery Area
2264,SUNSHINE,NSW,-33.100,151.550,Delivery Area
2264,WINDERMERE PARK,NSW,-33.100,151.550,Delivery Area
2264,YARRAWONGA PARK,NSW,-33.100,151.550,Delivery Area
2265,COORANBONG,NSW,-33.080,151.450,Delivery Area
2265,MARTINSVILLE,NSW,-33.080,151.450,Delivery Area
2267,WANGI WANGI,NSW,-33.070,151.580,Delivery Area
2278,BARNSLEY,NSW,-32.930,151.590,Delivery Area
2278,KILLINGWORTH,NSW,-32.930,151.590,Delivery Area
2278,WAKEFIELD,NSW,-32.930,151.590,Delivery Area
2280,BELMONT,NSW,-33.040,151.660,Delivery Area
2280,BELMONT NORTH,NSW,-33.040,151.660,Delivery Area
2280,BELMONT SOUTH,NSW,-33.040,151.660,Delivery Area
2280,CROUDACE BAY,NSW,-33.040,151.660,Delivery Area
2280,FLORAVILLE,NSW,-33.040,151.660,Delivery Area
2280,JEWELLS,NSW,-33.040,151.660,Delivery Area
2280,MARKS POINT,NSW,-33.040,151.660,Delivery Area
2280,VALENTINE,NSW,-33.040,151.660,Delivery Area
2281,BLACKSMITHS,NSW,-33.080,151.650,Delivery Area
2281,CAMS WHARF,NSW,-33.080,151.650,Delivery Area
2281,CATHERINE HILL BAY,NSW,-33.080,151.650,Delivery Area
2281,CAVES BEACH,NSW,-33.080,151.650,Delivery Area
2281,LITTLE PELICAN,NSW,-33.080,151.650,Delivery Area
2281,MURRAYS BEACH,NSW,-33.080,151.650,Delivery Area
2281,NORDS WHARF,NSW,-33.080,151.650,Delivery Area
2281,PELICAN,NSW,-33.080,151.650,Delivery Area
2281,PINNY BEACH,NSW,-33.080,151.650,Delivery Area
2281,SWANSEA,NSW,-33.080,151.650,Delivery Area
2281,SWANSEA HEADS,NSW,-33.080,151.650,Delivery Area
2282,ELEEBANA,NSW,-32.990,151.640,Delivery Area
2282,LAKELANDS,NSW,-32.990,151.640,Delivery Area
2282,WARNERS BAY,NSW,-32.990,151.640,Delivery Area
2283,ARCADIA VALE,NSW,-33.060,151.580,Delivery Area
2283,AWABA,NSW,-33.060,151.580,Delivery Area
2283,BALMORAL,NSW,-33.060,151.580,Delivery Area
2283,BLACKALLS PARK,NSW,-33.060,151.580,Delivery Area
2283,BOLTON POINT,NSW,-33.060,151.580,Delivery Area
2283,BUTTABA,NSW,-33.060,151.580,Delivery Area
2283,CAREY BAY,NSW,-33.060,151.580,Delivery Area
2283,COAL POINT,NSW,-33.060,151.580,Delivery Area
2283,FASSIFERN,NSW,-33.060,151.580,Delivery Area
2283,FENNELL BAY,NSW,-33.060,151.580,Delivery Area
2283,FISHING POINT,NSW,-33.060,151.580,Delivery Area
2283,KILABEN BAY,NSW,-33.060,151.580,Delivery Area
2283,RATHMINES,NSW,-33.060,151.580,Delivery Area
2283,RYHOPE,NSW,-33.060,151.580,Delivery Area
2283,TORONTO,NSW,-33.060,151.580,Delivery Area
2284,ARGENTON,NSW,-32.930,151.630,Delivery Area
2284,BOOLAROO,NSW,-32.930,151.630,Delivery Area
2284,BOORAGUL,NSW,-32.930,151.630,Delivery Area
2284,MARMONG POINT,NSW,-32.930,151.630,Delivery Area
2284,SPEERS POINT,NSW,-32.930,151.630,Delivery Area
2284,TERALBA,NSW,-32.930,151.630,Delivery Area
2284,WOODRISING,NSW,-32.930,151.630,Delivery Area
2285,CAMERON PARK,NSW,-32.930,151.660,Delivery Area
2285,CARDIFF,NSW,-32.930,151.660,Delivery Area
2285,CARDIFF HEIGHTS,NSW,-32.930,151.660,Delivery Area
2285,CARDIFF SOUTH,NSW,-32.930,151.660,Delivery Area
2285,EDGEWORTH,NSW,-32.930,151.660,Delivery Area
2285,GLENDALE,NSW,-32.930,151.660,Delivery Area
2285,MACQUARIE HILLS,NSW,-32.930,151.660,Delivery Area
2286,HOLMESVILLE,NSW,-32.910,151.580,Delivery Area
2286,SEAHAMPTON,NSW,-32.910,151.580,Delivery Area
2286,WEST WALLSEND,NSW,-32.910,151.580,Delivery Area
2287,BIRMINGHAM GARDENS,NSW,-32.890,151.690,Delivery Area
2287,ELERMORE VALE,NSW,-32.890,151.690,Delivery Area
2287,FLETCHER,NSW,-32.890,151.690,Delivery Area
2287,MARYLAND,NSW,-32.890,151.690,Delivery Area
2287,MINMI,NSW,-32.890,151.690,Delivery Area
2287,RANKIN PARK,NSW,-32.890,151.690,Delivery Area
2287,WALLSEND,NSW,-32.890,151.690,Delivery Area
2289,ADAMSTOWN,NSW,-32.930,151.730,Delivery Area
2289,ADAMSTOWN HEIGHTS,NSW,-32.930,151.730,Delivery Area
2289,GARDEN SUBURB,NSW,-32.930,151.730,Delivery Area
2289,HIGHFIELDS,NSW,-32.930,151.730,Delivery Area
2289,KOTARA,NSW,-32.930,151.730,Delivery Area
2289,KOTARA FAIR,NSW,-32.930,151.730,Delivery Area
2289,KOTARA SOUTH,NSW,-32.930,151.730,Delivery Area
2290,BENNETTS GREEN,NSW,-33.000,151.690,Delivery Area
2290,CHARLESTOWN,NSW,-33.000,151.690,Delivery Area
2290,DUDLEY,NSW,-33.000,151.690,Delivery Area
2290,GATESHEAD,NSW,-33.000,151.690,Delivery Area
2290,HILLSBOROUGH,NSW,-33.000,151.690,Delivery Area
2290,KAHIBAH,NSW,-33.000,151.690,Delivery Area
2290,MOUNT HUTTON,NSW,-33.000,151.690,Delivery Area
2290,REDHEAD,NSW,-33.000,151.690,Delivery Area
2290,TINGIRA HEIGHTS,NSW,-33.000,151.690,Delivery Area
2290,WHITEBRIDGE,NSW,-33.000,151.690,Delivery Area
2291,MEREWETHER,NSW,-32.940,151.750,Delivery Area
2291,MEREWETHER HEIGHTS,NSW,-32.940,151.750,Delivery Area
2291,THE JUNCTION,NSW,-32.940,151.750,Delivery Area
2292,BROADMEADOW,NSW,-32.920,151.740,Delivery Area
2292,HAMILTON NORTH,NSW,-32.920,151.740,Delivery Area
2293,MARYVILLE,NSW,-32.910,151.750,Delivery Area
2293,WICKHAM,NSW,-32.910,151.750,Delivery Area
2294,CARRINGTON,NSW,-32.920,151.770,Delivery Area
2295,FERN BAY,NSW,-32.850,151.810,Delivery Area
2295,STOCKTON,NSW,-32.850,151.810,Delivery Area
2296,ISLINGTON,NSW,-32.910,151.750,Delivery Area
2297,TIGHES HILL,NSW,-32.910,151.750,Delivery Area
2298,GEORGETOWN,NSW,-32.910,151.730,Delivery Area
2298,WARATAH,NSW,-32.910,151.730,Delivery Area
2298,WARATAH WEST,NSW,-32.910,151.730,Delivery Area
2299,JESMOND,NSW,-32.900,151.690,Delivery Area
2299,LAMBTON,NSW,-32.900,151.690,Delivery Area
2299,NORTH LAMBTON,NSW,-32.900,151.690,Delivery Area
2300,BAR BEACH,NSW,-32.940,151.770,Delivery Area
2300,COOKS HILL,NSW,-32.940,151.770,Delivery Area
2300,NEWCASTLE,NSW,-32.940,151.770,Delivery Area
2300,NEWCASTLE EAST,NSW,-32.940,151.770,Delivery Area
2300,THE HILL,NSW,-32.940,151.770,Delivery Area
2302,NEWCASTLE WEST,NSW,-32.920,151.760,Delivery Area
2303,HAMILTON,NSW,-32.920,151.750,Delivery Area
2303,HAMILTON DC,NSW,,,Delivery Area
2303,HAMILTON EAST,NSW,-32.920,151.750,Delivery Area
2303,HAMILTON SOUTH,NSW,-32.920,151.750,Delivery Area
2304,KOORAGANG,NSW,-32.880,151.750,Delivery Area
2304,MAYFIELD,NSW,-32.880,151.750,Delivery Area
2304,MAYFIELD EAST,NSW,-32.880,151.750,Delivery Area
2304,MAYFIELD NORTH,NSW,-32.880,151.750,Delivery Area
2304,MAYFIELD WEST,NSW,-32.880,151.750,Delivery Area
2304,SANDGATE,NSW,-32.880,151.750,Delivery Area
2304,WARABROOK,NSW,-32.880,151.750,Delivery Area
2305,KOTARA EAST,NSW,-32.930,151.710,Delivery Area
2305,NEW LAMBTON,NSW,-32.930,151.710,Delivery Area
2305,NEW LAMBTON HEIGHTS,NSW,-32.930,151.710,Delivery Area
2306,WINDALE,NSW,-33.000,151.680,Delivery Area
2307,SHORTLAND,NSW,-32.880,151.690,Delivery Area
2308,CALLAGHAN,NSW,-35.130,147.320,Delivery Area
2308,NEWCASTLE UNIVERSITY,NSW,-35.130,147.320,Delivery Area
2309,DANGAR,NSW,-30.350,148.890,Post Office Boxes
2310,HUNTER REGION MC,NSW,0.000,0.000,Post Office Boxes
2311,ALLYNBROOK,NSW,-32.360,151.540,Delivery Area
2311,BINGLEBURRA,NSW,-32.360,151.540,Delivery Area
2311,CARRABOLLA,NSW,-32.360,151.540,Delivery Area
2311,EAST GRESFORD,NSW,-32.360,151.540,Delivery Area
2311,ECCLESTON,NSW,-32.360,151.540,Delivery Area
2311,GRESFORD,NSW,-32.360,151.540,Delivery Area
2311,HALTON,NSW,-32.360,151.540,Delivery Area
2311,LEWINSBROOK,NSW,-32.360,151.540,Delivery Area
2311,LOSTOCK,NSW,-32.360,151.540,Delivery Area
2311,MOUNT RIVERS,NSW,-32.360,151.540,Delivery Area
2311,UPPER ALLYN,NSW,-32.360,151.540,Delivery Area
2312,MINIMBAH,NSW,-32.150,152.360,Delivery Area
2312,NABIAC,NSW,-32.150,152.360,Delivery Area
2315,CORLETTE,NSW,-32.720,152.110,Delivery Area
2315,FINGAL BAY,NSW,-32.720,152.110,Delivery Area
2315,NELSON BAY,NSW,-32.720,152.110,Delivery Area
2315,SHOAL BAY,NSW,-32.720,152.110,Delivery Area
2316,ANNA BAY,NSW,-32.780,152.080,Delivery Area
2316,BOAT HARBOUR,NSW,-32.780,152.080,Delivery Area
2316,BOBS FARM,NSW,-32.780,152.080,Delivery Area
2316,FISHERMANS BAY,NSW,-32.780,152.080,Delivery Area
2316,ONE MILE,NSW,-32.780,152.080,Delivery Area
2316,TAYLORS BEACH,NSW,-32.780,152.080,Delivery Area
2317,SALAMANDER BAY,NSW,-32.720,152.080,Delivery Area
2317,SOLDIERS POINT,NSW,-32.720,152.080,Delivery Area
2318,CAMPVALE,NSW,-32.770,151.850,Delivery Area
2318,FERODALE,NSW,-32.770,151.850,Delivery Area
2318,FULLERTON COVE,NSW,-32.770,151.850,Delivery Area
2318,MEDOWIE,NSW,-32.770,151.850,Delivery Area
2318,OYSTER COVE,NSW,-32.770,151.850,Delivery Area
2318,SALT ASH,NSW,-32.770,151.850,Delivery Area
2318,WILLIAMTOWN,NSW,-32.770,151.850,Delivery Area
2319,LEMON TREE PASSAGE,NSW,-32.730,152.040,Delivery Area
2319,MALLABULA,NSW,-32.730,152.040,Delivery Area
2319,TANILBA BAY,NSW,-32.730,152.040,Delivery Area
2319,TILLIGERRY CREEK,NSW,-32.730,152.040,Delivery Area
2320,ABERGLASSLYN,NSW,-32.690,151.530,Delivery Area
2320,ALLANDALE,NSW,-32.690,151.530,Delivery Area
2320,ANAMBAH,NSW,-32.690,151.530,Delivery Area
2320,BOLWARRA,NSW,-32.690,151.530,Delivery Area
2320,BOLWARRA HEIGHTS,NSW,-32.690,151.530,Delivery Area
2320,FARLEY,NSW,-32.690,151.530,Delivery Area
2320,GLEN OAK,NSW,-32.690,151.530,Delivery Area
2320,GOSFORTH,NSW,-32.690,151.530,Delivery Area
2320,HILLSBOROUGH,NSW,-32.690,151.530,Delivery Area
2320,HORSESHOE BEND,NSW,-32.690,151.530,Delivery Area
2320,KEINBAH,NSW,-32.690,151.530,Delivery Area
2320,LARGS,NSW,-32.690,151.530,Delivery Area
2320,LORN,NSW,-32.690,151.530,Delivery Area
2320,LOUTH PARK,NSW,-32.690,151.530,Delivery Area
2320,MAITLAND,NSW,-32.690,151.530,Delivery Area
2320,MAITLAND NORTH,NSW,-32.690,151.530,Delivery Area
2320,MAITLAND VALE,NSW,-32.690,151.530,Delivery Area
2320,MELVILLE,NSW,-32.690,151.530,Delivery Area
2320,MINDARIBBA,NSW,-32.690,151.530,Delivery Area
2320,MOUNT DEE,NSW,-32.690,151.530,Delivery Area
2320,OAKHAMPTON,NSW,-32.690,151.530,Delivery Area
2320,OAKHAMPTON HEIGHTS,NSW,-32.690,151.530,Delivery Area
2320,POKOLBIN,NSW,-32.690,151.530,Delivery Area
2320,ROSEBROOK,NSW,-32.690,151.530,Delivery Area
2320,ROTHBURY,NSW,-32.690,151.530,Delivery Area
2320,RUTHERFORD,NSW,-32.690,151.530,Delivery Area
2320,SOUTH MAITLAND,NSW,-32.690,151.530,Delivery Area
2320,TELARAH,NSW,-32.690,151.530,Delivery Area
2320,WALLALONG,NSW,-32.690,151.530,Delivery Area
2320,WINDELLA,NSW,-32.690,151.530,Delivery Area
2321,BERRY PARK,NSW,-32.760,151.650,Delivery Area
2321,BUTTERWICK,NSW,-32.760,151.650,Delivery Area
2321,CLARENCE TOWN,NSW,-32.760,151.650,Delivery Area
2321,CLIFTLEIGH,NSW,-32.760,151.650,Delivery Area
2321,DUCKENFIELD,NSW,-32.760,151.650,Delivery Area
2321,DUNS CREEK,NSW,-32.760,151.650,Delivery Area
2321,GILLIESTON HEIGHTS,NSW,-32.760,151.650,Delivery Area
2321,GLEN MARTIN,NSW,-32.760,151.650,Delivery Area
2321,GLEN WILLIAM,NSW,-32.760,151.650,Delivery Area
2321,HARPERS HILL,NSW,-32.760,151.650,Delivery Area
2321,HEDDON GRETA,NSW,-32.760,151.650,Delivery Area
2321,HINTON,NSW,-32.760,151.650,Delivery Area
2321,LOCHINVAR,NSW,-32.760,151.650,Delivery Area
2321,LUSKINTYRE,NSW,-32.760,151.650,Delivery Area
2321,MORPETH,NSW,-32.760,151.650,Delivery Area
2321,OSWALD,NSW,-32.760,151.650,Delivery Area
2321,PHOENIX PARK,NSW,-32.760,151.650,Delivery Area
2321,RAWORTH,NSW,-32.760,151.650,Delivery Area
2321,WINDERMERE,NSW,-32.760,151.650,Delivery Area
2321,WOODVILLE,NSW,-32.760,151.650,Delivery Area
2322,BERESFIELD,NSW,-32.800,151.660,Delivery Area
2322,BLACK HILL,NSW,-32.800,151.660,Delivery Area
2322,CHISHOLM,NSW,-32.800,151.660,Delivery Area
2322,HEXHAM,NSW,-32.800,151.660,Delivery Area
2322,LENAGHAN,NSW,-32.800,151.660,Delivery Area
2322,STOCKRINGTON,NSW,-32.800,151.660,Delivery Area
2322,TARRO,NSW,-32.800,151.660,Delivery Area
2322,THORNTON,NSW,-32.800,151.660,Delivery Area
2322,TOMAGO,NSW,-32.800,151.660,Delivery Area
2322,WOODBERRY,NSW,-32.800,151.660,Delivery Area
2323,ASHTONFIELD,NSW,-32.770,151.600,Delivery Area
2323,BRUNKERVILLE,NSW,-32.770,151.600,Delivery Area
2323,BUCHANAN,NSW,-32.770,151.600,Delivery Area
2323,BUTTAI,NSW,-32.770,151.600,Delivery Area
2323,EAST MAITLAND,NSW,-32.770,151.600,Delivery Area
2323,FREEMANS WATERHOLE,NSW,-32.770,151.600,Delivery Area
2323,GREEN HILLS,NSW,-32.770,151.600,Delivery Area
2323,METFORD,NSW,-32.770,151.600,Delivery Area
2323,METFORD DC,NSW,-32.770,151.600,Delivery Area
2323,MOUNT VINCENT,NSW,-32.770,151.600,Delivery Area
2323,MULBRING,NSW,-32.770,151.600,Delivery Area
2323,PITNACREE,NSW,-32.770,151.600,Delivery Area
2323,RICHMOND VALE,NSW,-32.770,151.600,Delivery Area
2323,TENAMBIT,NSW,-32.770,151.600,Delivery Area
2324,BALICKERA,NSW,-32.670,151.810,Delivery Area
2324,BRANDY HILL,NSW,-32.670,151.810,Delivery Area
2324,BUNDABAH,NSW,-32.670,151.810,Delivery Area
2324,CARRINGTON,NSW,-32.670,151.810,Delivery Area
2324,EAGLETON,NSW,-32.670,151.810,Delivery Area
2324,EAST SEAHAM,NSW,-32.670,151.810,Delivery Area
2324,HAWKS NEST,NSW,-32.670,151.810,Delivery Area
2324,HEATHERBRAE,NSW,-32.670,151.810,Delivery Area
2324,KARUAH,NSW,-32.670,151.810,Delivery Area
2324,KINGS HILL,NSW,,,Delivery Area
2324,LIMEBURNERS CREEK,NSW,-32.670,151.810,Delivery Area
2324,MILLERS FOREST,NSW,-32.670,151.810,Delivery Area
2324,NELSONS PLAINS,NSW,-32.670,151.810,Delivery Area
2324,NORTH ARM COVE,NSW,-32.670,151.810,Delivery Area
2324,OSTERLEY,NSW,-32.670,151.810,Delivery Area
2324,PINDIMAR,NSW,-32.670,151.810,Delivery Area
2324,RAYMOND TERRACE,NSW,-32.670,151.810,Delivery Area
2324,RAYMOND TERRACE EAST,NSW,-32.670,151.810,Delivery Area
2324,SEAHAM,NSW,-32.670,151.810,Delivery Area
2324,SWAN BAY,NSW,-32.670,151.810,Delivery Area
2324,TAHLEE,NSW,-32.670,151.810,Delivery Area
2324,TEA GARDENS,NSW,-32.670,151.810,Delivery Area
2324,TWELVE MILE CREEK,NSW,-32.670,151.810,Delivery Area
2325,ABERDARE,NSW,-32.840,151.380,Delivery Area
2325,ABERNETHY,NSW,-32.840,151.380,Delivery Area
2325,BELLBIRD,NSW,-32.840,151.380,Delivery Area
2325,BELLBIRD HEIGHTS,NSW,-32.840,151.380,Delivery Area
2325,CEDAR CREEK,NSW,-32.840,151.380,Delivery Area
2325,CESSNOCK,NSW,-32.840,151.380,Delivery Area
2325,CESSNOCK WEST,NSW,-32.840,151.380,Delivery Area
2325,CONGEWAI,NSW,-32.840,151.380,Delivery Area
2325,CORRABARE,NSW,-32.840,151.380,Delivery Area
2325,DAIRY ARM,NSW,,,Delivery Area
2325,ELLALONG,NSW,-32.840,151.380,Delivery Area
2325,ELRINGTON,NSW,-32.840,151.380,Delivery Area
2325,FERNANCES CROSSING,NSW,,,Delivery Area
2325,GRETA MAIN,NSW,-32.840,151.380,Delivery Area
2325,KEARSLEY,NSW,-32.840,151.380,Delivery Area
2325,KITCHENER,NSW,-32.840,151.380,Delivery Area
2325,LAGUNA,NSW,-32.840,151.380,Delivery Area
2325,LOVEDALE,NSW,-32.840,151.380,Delivery Area
2325,MILLFIELD,NSW,-32.840,151.380,Delivery Area
2325,MORUBEN,NSW,-32.840,151.380,Delivery Area
2325,MOUNT VIEW,NSW,-32.840,151.380,Delivery Area
2325,MURRAYS RUN,NSW,,,Delivery Area
2325,NARONE CREEK,NSW,,,Delivery Area
2325,NULKABA,NSW,-32.840,151.380,Delivery Area
2325,OLNEY,NSW,-32.840,151.380,Delivery Area
2325,PAXTON,NSW,-32.840,151.380,Delivery Area
2325,PAYNES CROSSING,NSW,-32.840,151.380,Delivery Area
2325,PELTON,NSW,-32.840,151.380,Delivery Area
2325,QUORROBOLONG,NSW,-32.840,151.380,Delivery Area
2325,SWEETMANS CREEK,NSW,-32.840,151.380,Delivery Area
2325,WATAGAN,NSW,,,Delivery Area
2325,WOLLOMBI,NSW,-32.840,151.380,Delivery Area
2325,YENGO,NSW,,,Delivery Area
2326,ABERMAIN,NSW,-32.810,151.430,Delivery Area
2326,BISHOPS BRIDGE,NSW,-32.810,151.430,Delivery Area
2326,LOXFORD,NSW,-32.810,151.430,Delivery Area
2326,NEATH,NSW,-32.810,151.430,Delivery Area
2326,SAWYERS GULLY,NSW,-32.810,151.430,Delivery Area
2326,WESTON,NSW,-32.810,151.430,Delivery Area
2327,KURRI KURRI,NSW,-32.820,151.480,Delivery Area
2327,PELAW MAIN,NSW,-32.820,151.480,Delivery Area
2327,STANFORD MERTHYR,NSW,-32.820,151.480,Delivery Area
2328,BUREEN,NSW,-32.460,150.740,Delivery Area
2328,DALSWINTON,NSW,-32.460,150.740,Delivery Area
2328,DENMAN,NSW,-32.460,150.740,Delivery Area
2328,GIANTS CREEK,NSW,-32.460,150.740,Delivery Area
2328,HOLLYDEEN,NSW,-32.460,150.740,Delivery Area
2328,KERRABEE,NSW,-32.460,150.740,Delivery Area
2328,MANGOOLA,NSW,-32.460,150.740,Delivery Area
2328,MARTINDALE,NSW,-32.460,150.740,Delivery Area
2328,WIDDEN,NSW,-32.460,150.740,Delivery Area
2328,YARRAWA,NSW,-32.460,150.740,Delivery Area
2329,CASSILIS,NSW,-31.510,150.640,Delivery Area
2329,MERRIWA,NSW,-31.510,150.640,Delivery Area
2329,UARBRY,NSW,-31.510,150.640,Delivery Area
2330,APPLETREE FLAT,NSW,-32.510,150.860,Delivery Area
2330,BIG RIDGE,NSW,-32.510,150.860,Delivery Area
2330,BIG YENGO,NSW,-32.510,150.860,Delivery Area
2330,BOWMANS CREEK,NSW,-32.510,150.860,Delivery Area
2330,BRIDGMAN,NSW,-32.510,150.860,Delivery Area
2330,BROKE,NSW,-32.510,150.860,Delivery Area
2330,BULGA,NSW,-32.510,150.860,Delivery Area
2330,CAMBERWELL,NSW,-32.510,150.860,Delivery Area
2330,CARROWBROOK,NSW,-32.510,150.860,Delivery Area
2330,CLYDESDALE,NSW,-32.510,150.860,Delivery Area
2330,COMBO,NSW,-32.510,150.860,Delivery Area
2330,DARLINGTON,NSW,-32.510,150.860,Delivery Area
2330,DOYLES CREEK,NSW,-32.510,150.860,Delivery Area
2330,DUNOLLY,NSW,-32.510,150.860,Delivery Area
2330,DURAL,NSW,-32.510,150.860,Delivery Area
2330,DYRRING,NSW,-32.510,150.860,Delivery Area
2330,FALBROOK,NSW,-32.510,150.860,Delivery Area
2330,FERN GULLY,NSW,-32.510,150.860,Delivery Area
2330,FORDWICH,NSW,-32.510,150.860,Delivery Area
2330,GARLAND VALLEY,NSW,-32.510,150.860,Delivery Area
2330,GLENDON,NSW,-32.510,150.860,Delivery Area
2330,GLENDON BROOK,NSW,-32.510,150.860,Delivery Area
2330,GLENNIES CREEK,NSW,-32.510,150.860,Delivery Area
2330,GLENRIDDING,NSW,-32.510,150.860,Delivery Area
2330,GOORANGOOLA,NSW,-32.510,150.860,Delivery Area
2330,GOULDSVILLE,NSW,-32.510,150.860,Delivery Area
2330,GOWRIE,NSW,-32.510,150.860,Delivery Area
2330,GREENLANDS,NSW,-32.510,150.860,Delivery Area
2330,HAMBLEDON HILL,NSW,-32.510,150.860,Delivery Area
2330,HEBDEN,NSW,-32.510,150.860,Delivery Area
2330,HOWES VALLEY,NSW,-32.510,150.860,Delivery Area
2330,HOWICK,NSW,-32.510,150.860,Delivery Area
2330,HUNTERVIEW,NSW,-32.510,150.860,Delivery Area
2330,JERRYS PLAINS,NSW,-32.510,150.860,Delivery Area
2330,LEMINGTON,NSW,-32.510,150.860,Delivery Area
2330,LONG POINT,NSW,-32.510,150.860,Delivery Area
2330,MAISON DIEU,NSW,-32.510,150.860,Delivery Area
2330,MCDOUGALLS HILL,NSW,-32.510,150.860,Delivery Area
2330,MIDDLE FALBROOK,NSW,-32.510,150.860,Delivery Area
2330,MILBRODALE,NSW,-32.510,150.860,Delivery Area
2330,MIRANNIE,NSW,-32.510,150.860,Delivery Area
2330,MITCHELLS FLAT,NSW,-32.510,150.860,Delivery Area
2330,MOUNT OLIVE,NSW,-32.510,150.860,Delivery Area
2330,MOUNT ROYAL,NSW,-32.510,150.860,Delivery Area
2330,MOUNT THORLEY,NSW,-32.510,150.860,Delivery Area
2330,OBANVALE,NSW,-32.510,150.860,Delivery Area
2330,PUTTY,NSW,-32.510,150.860,Delivery Area
2330,RAVENSWORTH,NSW,-32.510,150.860,Delivery Area
2330,REDBOURNBERRY,NSW,-32.510,150.860,Delivery Area
2330,REEDY CREEK,NSW,-32.510,150.860,Delivery Area
2330,RIXS CREEK,NSW,-32.510,150.860,Delivery Area
2330,ROUGHIT,NSW,-32.510,150.860,Delivery Area
2330,SCOTTS FLAT,NSW,-32.510,150.860,Delivery Area
2330,SEDGEFIELD,NSW,-32.510,150.860,Delivery Area
2330,SINGLETON,NSW,-32.510,150.860,Delivery Area
2330,SINGLETON DC,NSW,,,Delivery Area
2330,SINGLETON HEIGHTS,NSW,-32.510,150.860,Delivery Area
2330,ST CLAIR,NSW,-32.510,150.860,Delivery Area
2330,WARKWORTH,NSW,-32.510,150.860,Delivery Area
2330,WATTLE PONDS,NSW,-32.510,150.860,Delivery Area
2330,WESTBROOK,NSW,-32.510,150.860,Delivery Area
2330,WHITTINGHAM,NSW,-32.510,150.860,Delivery Area
2330,WOLLEMI,NSW,-32.510,150.860,Delivery Area
2330,WYLIES FLAT,NSW,-32.510,150.860,Delivery Area
2333,BAERAMI,NSW,-32.390,150.470,Delivery Area
2333,BAERAMI CREEK,NSW,-32.390,150.470,Delivery Area
2333,BENGALLA,NSW,-32.390,150.470,Delivery Area
2333,CASTLE ROCK,NSW,-32.390,150.470,Delivery Area
2333,EDDERTON,NSW,-32.390,150.470,Delivery Area
2333,GUNGAL,NSW,-32.390,150.470,Delivery Area
2333,KAYUGA,NSW,-32.390,150.470,Delivery Area
2333,LIDDELL,NSW,-32.390,150.470,Delivery Area
2333,MANOBALAI,NSW,-32.390,150.470,Delivery Area
2333,MCCULLYS GAP,NSW,-32.390,150.470,Delivery Area
2333,MUSCLE CREEK,NSW,-32.390,150.470,Delivery Area
2333,MUSWELLBROOK,NSW,-32.390,150.470,Delivery Area
2333,SANDY HOLLOW,NSW,-32.390,150.470,Delivery Area
2333,WYBONG,NSW,-32.390,150.470,Delivery Area
2334,GRETA,NSW,-32.680,151.390,Delivery Area
2335,BELFORD,NSW,-32.650,151.280,Delivery Area
2335,BRANXTON,NSW,-32.650,151.280,Delivery Area
2335,DALWOOD,NSW,-32.650,151.280,Delivery Area
2335,EAST BRANXTON,NSW,-32.650,151.280,Delivery Area
2335,ELDERSLIE,NSW,-32.650,151.280,Delivery Area
2335,LAMBS VALLEY,NSW,-32.650,151.280,Delivery Area
2335,LECONFIELD,NSW,-32.650,151.280,Delivery Area
2335,LOWER BELFORD,NSW,-32.650,151.280,Delivery Area
2335,NORTH ROTHBURY,NSW,-32.650,151.280,Delivery Area
2335,STANHOPE,NSW,-32.650,151.280,Delivery Area
2336,ABERDEEN,NSW,-32.160,150.890,Delivery Area
2336,DARTBROOK,NSW,-32.160,150.890,Delivery Area
2336,DAVIS CREEK,NSW,-32.160,150.890,Delivery Area
2336,ROSSGOLE,NSW,-32.160,150.890,Delivery Area
2336,ROUCHEL,NSW,-32.160,150.890,Delivery Area
2336,ROUCHEL BROOK,NSW,-32.160,150.890,Delivery Area
2336,UPPER DARTBROOK,NSW,-32.160,150.890,Delivery Area
2336,UPPER ROUCHEL,NSW,-32.160,150.890,Delivery Area
2337,BELLTREES,NSW,-31.990,151.120,Delivery Area
2337,BRAWBOY,NSW,-31.990,151.120,Delivery Area
2337,BUNNAN,NSW,-31.990,151.120,Delivery Area
2337,DRY CREEK,NSW,-31.990,151.120,Delivery Area
2337,ELLERSTON,NSW,-31.990,151.120,Delivery Area
2337,GLENBAWN,NSW,-31.990,151.120,Delivery Area
2337,GLENROCK,NSW,-31.990,151.120,Delivery Area
2337,GUNDY,NSW,-31.990,151.120,Delivery Area
2337,KARS SPRINGS,NSW,-31.990,151.120,Delivery Area
2337,MIDDLE BROOK,NSW,-31.990,151.120,Delivery Area
2337,MOOBI,NSW,-31.990,151.120,Delivery Area
2337,MOONAN BROOK,NSW,-31.990,151.120,Delivery Area
2337,MOONAN FLAT,NSW,-31.990,151.120,Delivery Area
2337,MURULLA,NSW,-31.990,151.120,Delivery Area
2337,OMADALE,NSW,-31.990,151.120,Delivery Area
2337,OWENS GAP,NSW,-31.990,151.120,Delivery Area
2337,PAGES CREEK,NSW,-31.990,151.120,Delivery Area
2337,PARKVILLE,NSW,-31.990,151.120,Delivery Area
2337,SCONE,NSW,-31.990,151.120,Delivery Area
2337,SEGENHOE,NSW,-31.990,151.120,Delivery Area
2337,STEWARTS BROOK,NSW,-31.990,151.120,Delivery Area
2337,TOMALLA,NSW,-31.990,151.120,Delivery Area
2337,WAVERLY,NSW,-31.990,151.120,Delivery Area
2337,WINGEN,NSW,-31.990,151.120,Delivery Area
2337,WOOLOOMA,NSW,-31.990,151.120,Delivery Area
2338,ARDGLEN,NSW,-31.730,150.790,Delivery Area
2338,BLANDFORD,NSW,-31.730,150.790,Delivery Area
2338,CRAWNEY,NSW,-31.730,150.790,Delivery Area
2338,GREEN CREEK,NSW,-31.730,150.790,Delivery Area
2338,MURRURUNDI,NSW,-31.730,150.790,Delivery Area
2338,PAGES RIVER,NSW,-31.730,150.790,Delivery Area
2338,SANDY CREEK,NSW,-31.730,150.790,Delivery Area
2338,SCOTTS CREEK,NSW,-31.730,150.790,Delivery Area
2338,TIMOR,NSW,-31.730,150.790,Delivery Area
2339,BIG JACKS CREEK,NSW,-31.770,150.620,Delivery Area
2339,BRAEFIELD,NSW,-31.770,150.620,Delivery Area
2339,CATTLE CREEK,NSW,-31.770,150.620,Delivery Area
2339,CHILCOTTS CREEK,NSW,-31.770,150.620,Delivery Area
2339,LITTLE JACKS CREEK,NSW,-31.770,150.620,Delivery Area
2339,MACDONALDS CREEK,NSW,-31.770,150.620,Delivery Area
2339,PARRAWEENA,NSW,-31.770,150.620,Delivery Area
2339,WARRAH,NSW,-31.770,150.620,Delivery Area
2339,WARRAH CREEK,NSW,-31.770,150.620,Delivery Area
2339,WILLOW TREE,NSW,-31.770,150.620,Delivery Area
2340,APPLEBY,NSW,-30.960,150.830,Delivery Area
2340,BARRY,NSW,-30.960,150.830,Delivery Area
2340,BECTIVE,NSW,-30.960,150.830,Delivery Area
2340,BITHRAMERE,NSW,-30.960,150.830,Delivery Area
2340,BOWLING ALLEY POINT,NSW,-30.960,150.830,Delivery Area
2340,CALALA,NSW,-30.960,150.830,Delivery Area
2340,CARROLL,NSW,-30.960,150.830,Delivery Area
2340,DARUKA,NSW,-30.960,150.830,Delivery Area
2340,DUNCANS CREEK,NSW,-30.960,150.830,Delivery Area
2340,DUNGOWAN,NSW,-30.960,150.830,Delivery Area
2340,EAST TAMWORTH,NSW,-30.960,150.830,Delivery Area
2340,GAROO,NSW,-30.960,150.830,Delivery Area
2340,GIDLEY,NSW,-30.960,150.830,Delivery Area
2340,GOONOO GOONOO,NSW,-30.960,150.830,Delivery Area
2340,GOWRIE,NSW,-30.960,150.830,Delivery Area
2340,HALLSVILLE,NSW,-30.960,150.830,Delivery Area
2340,HANGING ROCK,NSW,-30.960,150.830,Delivery Area
2340,HILLVUE,NSW,-30.960,150.830,Delivery Area
2340,KEEPIT,NSW,-30.960,150.830,Delivery Area
2340,KINGSWOOD,NSW,-30.960,150.830,Delivery Area
2340,LOOMBERAH,NSW,-30.960,150.830,Delivery Area
2340,MOORE CREEK,NSW,-30.960,150.830,Delivery Area
2340,NEMINGHA,NSW,-30.960,150.830,Delivery Area
2340,NORTH TAMWORTH,NSW,-30.960,150.830,Delivery Area
2340,NUNDLE,NSW,-30.960,150.830,Delivery Area
2340,OGUNBIL,NSW,-30.960,150.830,Delivery Area
2340,OXLEY VALE,NSW,-30.960,150.830,Delivery Area
2340,PIALLAMORE,NSW,-30.960,150.830,Delivery Area
2340,SOMERTON,NSW,-30.960,150.830,Delivery Area
2340,SOUTH TAMWORTH,NSW,-30.960,150.830,Delivery Area
2340,TAMINDA,NSW,-30.960,150.830,Delivery Area
2340,TAMWORTH,NSW,-30.960,150.830,Delivery Area
2340,TIMBUMBURI,NSW,-30.960,150.830,Delivery Area
2340,WALLAMORE,NSW,-30.960,150.830,Delivery Area
2340,WARRAL,NSW,-30.960,150.830,Delivery Area
2340,WEABONGA,NSW,-30.960,150.830,Delivery Area
2340,WEST TAMWORTH,NSW,-30.960,150.830,Delivery Area
2340,WESTDALE,NSW,-30.960,150.830,Delivery Area
2340,WOOLOMIN,NSW,-30.960,150.830,Delivery Area
2341,WERRIS CREEK,NSW,-31.350,150.620,Delivery Area
2342,CURRABUBULA,NSW,-31.260,150.730,Delivery Area
2342,PIALLAWAY,NSW,-31.260,150.730,Delivery Area
2343,BLACKVILLE,NSW,-31.660,150.300,Delivery Area
2343,BORAMBIL,NSW,-31.660,150.300,Delivery Area
2343,BUNDELLA,NSW,-31.660,150.300,Delivery Area
2343,CAROONA,NSW,-31.660,150.300,Delivery Area
2343,COLLY BLUE,NSW,-31.660,150.300,Delivery Area
2343,COOMOO COOMOO,NSW,-31.660,150.300,Delivery Area
2343,PINE RIDGE,NSW,-31.660,150.300,Delivery Area
2343,QUIPOLLY,NSW,-31.660,150.300,Delivery Area
2343,QUIRINDI,NSW,-31.660,150.300,Delivery Area
2343,SPRING RIDGE,NSW,-31.660,150.300,Delivery Area
2343,WALHALLOW,NSW,,,Delivery Area
2343,WALLABADAH,NSW,-31.660,150.300,Delivery Area
2343,WARRAH RIDGE,NSW,-31.660,150.300,Delivery Area
2343,WINDY,NSW,-31.660,150.300,Delivery Area
2343,YANNERGEE,NSW,-31.660,150.300,Delivery Area
2343,YARRAMAN,NSW,-31.660,150.300,Delivery Area
2344,DURI,NSW,-31.220,150.820,Delivery Area
2344,WINTON,NSW,-31.220,150.820,Delivery Area
2345,ATTUNGA,NSW,-30.930,150.850,Delivery Area
2345,GARTHOWEN,NSW,-30.930,150.850,Delivery Area
2346,BORAH CREEK,NSW,-30.610,150.510,Delivery Area
2346,HALLS CREEK,NSW,-30.610,150.510,Delivery Area
2346,KLORI,NSW,-30.610,150.510,Delivery Area
2346,MANILLA,NSW,-30.610,150.510,Delivery Area
2346,NAMOI RIVER,NSW,-30.610,150.510,Delivery Area
2346,NEW MEXICO,NSW,-30.610,150.510,Delivery Area
2346,RUSHES CREEK,NSW,-30.610,150.510,Delivery Area
2346,UPPER MANILLA,NSW,-30.610,150.510,Delivery Area
2346,WARRABAH,NSW,-30.610,150.510,Delivery Area
2346,WIMBORNE,NSW,-30.610,150.510,Delivery Area
2346,WONGO CREEK,NSW,-30.610,150.510,Delivery Area
2347,BANOON,NSW,-30.530,150.440,Delivery Area
2347,BARRABA,NSW,-30.530,150.440,Delivery Area
2347,COBBADAH,NSW,-30.530,150.440,Delivery Area
2347,GULF CREEK,NSW,-30.530,150.440,Delivery Area
2347,GUNDAMULDA,NSW,-30.530,150.440,Delivery Area
2347,IRONBARK,NSW,-30.530,150.440,Delivery Area
2347,LINDESAY,NSW,-30.530,150.440,Delivery Area
2347,LONGARM,NSW,-30.530,150.440,Delivery Area
2347,MAYVALE,NSW,-30.530,150.440,Delivery Area
2347,RED HILL,NSW,-30.530,150.440,Delivery Area
2347,THIRLDENE,NSW,,,Delivery Area
2347,UPPER HORTON,NSW,-30.530,150.440,Delivery Area
2347,WOODSREEF,NSW,-30.530,150.440,Delivery Area
2348,NEW ENGLAND MC,NSW,0.000,0.000,Post Office Boxes
2350,ABERFOYLE,NSW,-30.240,152.010,Delivery Area
2350,ABINGTON,NSW,-30.240,152.010,Delivery Area
2350,ARGYLE,NSW,-30.240,152.010,Delivery Area
2350,ARMIDALE,NSW,-30.240,152.010,Delivery Area
2350,ARMIDALE DC,NSW,,,Delivery Area
2350,BOOROLONG,NSW,-30.240,152.010,Delivery Area
2350,CASTLE DOYLE,NSW,-30.240,152.010,Delivery Area
2350,DANGARSLEIGH,NSW,-30.240,152.010,Delivery Area
2350,DONALD CREEK,NSW,-30.240,152.010,Delivery Area
2350,DUMARESQ,NSW,-30.240,152.010,Delivery Area
2350,DUVAL,NSW,-30.240,152.010,Delivery Area
2350,ENMORE,NSW,-30.240,152.010,Delivery Area
2350,HILLGROVE,NSW,-30.240,152.010,Delivery Area
2350,INVERGOWRIE,NSW,-30.240,152.010,Delivery Area
2350,JEOGLA,NSW,-30.240,152.010,Delivery Area
2350,KELLYS PLAINS,NSW,-30.240,152.010,Delivery Area
2350,LYNDHURST,NSW,-30.240,152.010,Delivery Area
2350,METZ,NSW,,,Delivery Area
2350,PUDDLEDOCK,NSW,-30.240,152.010,Delivery Area
2350,SAUMAREZ,NSW,-30.240,152.010,Delivery Area
2350,SAUMAREZ PONDS,NSW,-30.240,152.010,Delivery Area
2350,THALGARRAH,NSW,-30.240,152.010,Delivery Area
2350,TILBUSTER,NSW,-30.240,152.010,Delivery Area
2350,WARDS MISTAKE,NSW,-30.240,152.010,Delivery Area
2350,WEST ARMIDALE,NSW,-30.240,152.010,Delivery Area
2350,WOLLOMOMBI,NSW,-30.240,152.010,Delivery Area
2350,WONGWIBINDA,NSW,-30.240,152.010,Delivery Area
2352,KOOTINGAL,NSW,-31.060,151.050,Delivery Area
2352,LIMBRI,NSW,-31.060,151.050,Delivery Area
2352,MULLA CREEK,NSW,-31.060,151.050,Delivery Area
2352,TINTINHULL,NSW,-31.060,151.050,Delivery Area
2353,MOONBI,NSW,-30.950,151.050,Delivery Area
2354,KENTUCKY,NSW,-31.270,151.550,Delivery Area
2354,KENTUCKY SOUTH,NSW,-31.270,151.550,Delivery Area
2354,NIANGALA,NSW,-31.270,151.550,Delivery Area
2354,NOWENDOC,NSW,-31.270,151.550,Delivery Area
2354,WALCHA,NSW,-31.270,151.550,Delivery Area
2354,WALCHA ROAD,NSW,-31.270,151.550,Delivery Area
2354,WOLLUN,NSW,-31.270,151.550,Delivery Area
2354,WOOLBROOK,NSW,-31.270,151.550,Delivery Area
2354,YARROWITCH,NSW,-31.270,151.550,Delivery Area
2355,BENDEMEER,NSW,-30.880,151.160,Delivery Area
2355,RETREAT,NSW,-30.880,151.160,Delivery Area
2355,WATSONS CREEK,NSW,-30.880,151.160,Delivery Area
2356,GWABEGAR,NSW,-30.620,148.970,Delivery Area
2357,BOMERA,NSW,-31.510,149.790,Delivery Area
2357,BOX RIDGE,NSW,-31.510,149.790,Delivery Area
2357,BUGALDIE,NSW,-31.510,149.790,Delivery Area
2357,COONABARABRAN,NSW,-31.510,149.790,Delivery Area
2357,DANDRY,NSW,-31.510,149.790,Delivery Area
2357,GOWANG,NSW,-31.510,149.790,Delivery Area
2357,PURLEWAUGH,NSW,-31.510,149.790,Delivery Area
2357,ROCKY GLEN,NSW,-31.510,149.790,Delivery Area
2357,ULAMAMBRI,NSW,-31.510,149.790,Delivery Area
2358,ARDING,NSW,-30.590,151.560,Delivery Area
2358,BALALA,NSW,-30.590,151.560,Delivery Area
2358,GOSTWYCK,NSW,-30.590,151.560,Delivery Area
2358,KINGSTOWN,NSW,-30.590,151.560,Delivery Area
2358,MIHI,NSW,-30.590,151.560,Delivery Area
2358,ROCKY RIVER,NSW,-30.590,151.560,Delivery Area
2358,SALISBURY PLAINS,NSW,-30.590,151.560,Delivery Area
2358,TORRYBURN,NSW,-30.590,151.560,Delivery Area
2358,URALLA,NSW,-30.590,151.560,Delivery Area
2358,YARROWYCK,NSW,-30.590,151.560,Delivery Area
2359,BAKERS CREEK,NSW,-30.000,151.080,Delivery Area
2359,BUNDARRA,NSW,-30.000,151.080,Delivery Area
2359,CAMERONS CREEK,NSW,-30.000,151.080,Delivery Area
2360,AUBURN VALE,NSW,-29.840,151.040,Delivery Area
2360,BRODIES PLAINS,NSW,-29.840,151.040,Delivery Area
2360,BUKKULLA,NSW,-29.840,151.040,Delivery Area
2360,CHERRY TREE HILL,NSW,-29.840,151.040,Delivery Area
2360,COPETON,NSW,-29.840,151.040,Delivery Area
2360,ELSMORE,NSW,-29.840,151.040,Delivery Area
2360,GILGAI,NSW,-29.840,151.040,Delivery Area
2360,GRAMAN,NSW,-29.840,151.040,Delivery Area
2360,GUM FLAT,NSW,-29.840,151.040,Delivery Area
2360,HOWELL,NSW,-29.840,151.040,Delivery Area
2360,INVERELL,NSW,-29.840,151.040,Delivery Area
2360,KINGS PLAINS,NSW,-29.840,151.040,Delivery Area
2360,LITTLE PLAIN,NSW,-29.840,151.040,Delivery Area
2360,LONG PLAIN,NSW,-29.840,151.040,Delivery Area
2360,MOUNT RUSSELL,NSW,-29.840,151.040,Delivery Area
2360,NEWSTEAD,NSW,-29.840,151.040,Delivery Area
2360,NULLAMANNA,NSW,-29.840,151.040,Delivery Area
2360,OAKWOOD,NSW,-29.840,151.040,Delivery Area
2360,PARADISE,NSW,-29.840,151.040,Delivery Area
2360,ROB ROY,NSW,-29.840,151.040,Delivery Area
2360,SAPPHIRE,NSW,-29.840,151.040,Delivery Area
2360,STANBOROUGH,NSW,-29.840,151.040,Delivery Area
2360,SWANBROOK,NSW,-29.840,151.040,Delivery Area
2360,WALLANGRA,NSW,-29.840,151.040,Delivery Area
2360,WANDERA,NSW,-29.840,151.040,Delivery Area
2360,WOODSTOCK,NSW,-29.840,151.040,Delivery Area
2361,ASHFORD,NSW,-29.320,151.100,Delivery Area
2361,ATHOLWOOD,NSW,-29.320,151.100,Delivery Area
2361,BONSHAW,NSW,-29.320,151.100,Delivery Area
2361,LIMESTONE,NSW,-29.320,151.100,Delivery Area
2361,PINDAROI,NSW,-29.320,151.100,Delivery Area
2365,BACKWATER,NSW,-30.080,151.880,Delivery Area
2365,BALD BLAIR,NSW,-30.080,151.880,Delivery Area
2365,BALDERSLEIGH,NSW,-30.080,151.880,Delivery Area
2365,BASSENDEAN,NSW,-30.080,151.880,Delivery Area
2365,BEN LOMOND,NSW,-30.080,151.880,Delivery Area
2365,BLACK MOUNTAIN,NSW,-30.080,151.880,Delivery Area
2365,BRIARBROOK,NSW,-30.080,151.880,Delivery Area
2365,BROCKLEY,NSW,-30.080,151.880,Delivery Area
2365,BRUSHY CREEK,NSW,-30.080,151.880,Delivery Area
2365,FALCONER,NSW,-30.080,151.880,Delivery Area
2365,GEORGES CREEK,NSW,-30.080,151.880,Delivery Area
2365,GLEN NEVIS,NSW,-30.080,151.880,Delivery Area
2365,GLENCOE,NSW,-30.080,151.880,Delivery Area
2365,GREEN HILLS,NSW,-30.080,151.880,Delivery Area
2365,GUYRA,NSW,-30.080,151.880,Delivery Area
2365,LLANGOTHLIN,NSW,-30.080,151.880,Delivery Area
2365,MAYBOLE,NSW,-30.080,151.880,Delivery Area
2365,MOUNT MITCHELL,NSW,-30.080,151.880,Delivery Area
2365,NEW VALLEY,NSW,-30.080,151.880,Delivery Area
2365,OBAN,NSW,-30.080,151.880,Delivery Area
2365,SOUTH GUYRA,NSW,-30.080,151.880,Delivery Area
2365,TENTERDEN,NSW,-30.080,151.880,Delivery Area
2365,THE BASIN,NSW,-30.080,151.880,Delivery Area
2365,THE GULF,NSW,-30.080,151.880,Delivery Area
2365,TUBBAMURRA,NSW,-30.080,151.880,Delivery Area
2365,WANDSWORTH,NSW,-30.080,151.880,Delivery Area
2369,OLD MILL,NSW,-29.910,151.210,Delivery Area
2369,STANNIFER,NSW,-29.910,151.210,Delivery Area
2369,TINGHA,NSW,-29.910,151.210,Delivery Area
2370,BALD NOB,NSW,-29.640,151.960,Delivery Area
2370,DIEHARD,NSW,-29.640,151.960,Delivery Area
2370,DUNDEE,NSW,-29.640,151.960,Delivery Area
2370,FURRACABAD,NSW,-29.640,151.960,Delivery Area
2370,GIBRALTAR RANGE,NSW,-29.640,151.960,Delivery Area
2370,GLEN ELGIN,NSW,-29.640,151.960,Delivery Area
2370,GLEN INNES,NSW,-29.640,151.960,Delivery Area
2370,KINGSGATE,NSW,-29.640,151.960,Delivery Area
2370,KINGSLAND,NSW,,,Delivery Area
2370,KOOKABOOKRA,NSW,-29.640,151.960,Delivery Area
2370,LAMBS VALLEY,NSW,-29.640,151.960,Delivery Area
2370,MATHESON,NSW,-29.640,151.960,Delivery Area
2370,MOGGS SWAMP,NSW,-29.640,151.960,Delivery Area
2370,MOOGEM,NSW,-29.640,151.960,Delivery Area
2370,MORVEN,NSW,-29.640,151.960,Delivery Area
2370,NEWTON BOYD,NSW,-29.640,151.960,Delivery Area
2370,PINKETT,NSW,-29.640,151.960,Delivery Area
2370,RANGERS VALLEY,NSW,-29.640,151.960,Delivery Area
2370,RED RANGE,NSW,-29.640,151.960,Delivery Area
2370,REDDESTONE,NSW,-29.640,151.960,Delivery Area
2370,SHANNON VALE,NSW,-29.640,151.960,Delivery Area
2370,SPRING MOUNTAIN,NSW,,,Delivery Area
2370,STONEHENGE,NSW,-29.640,151.960,Delivery Area
2370,SWAN VALE,NSW,-29.640,151.960,Delivery Area
2370,WELLINGROVE,NSW,-29.640,151.960,Delivery Area
2370,YARROWFORD,NSW,-29.640,151.960,Delivery Area
2371,CAPOOMPETA,NSW,-29.390,152.040,Delivery Area
2371,DEEPWATER,NSW,-29.390,152.040,Delivery Area
2371,EMMAVILLE,NSW,-29.390,152.040,Delivery Area
2371,ROCKY CREEK,NSW,-29.390,152.040,Delivery Area
2371,STANNUM,NSW,-29.390,152.040,Delivery Area
2371,TORRINGTON,NSW,-29.390,152.040,Delivery Area
2371,WELLINGTON VALE,NSW,-29.390,152.040,Delivery Area
2371,YELLOW DAM,NSW,-29.390,152.040,Delivery Area
2372,BACK CREEK,NSW,-28.930,151.700,Delivery Area
2372,BOLIVIA,NSW,-28.930,151.700,Delivery Area
2372,BOOKOOKOORARA,NSW,,,Delivery Area
2372,BOONOO BOONOO,NSW,-28.930,151.700,Delivery Area
2372,BOOROOK,NSW,-28.930,151.700,Delivery Area
2372,CARROLLS CREEK,NSW,-28.930,151.700,Delivery Area
2372,CULLENDORE,NSW,-28.930,151.700,Delivery Area
2372,DUMARESQ VALLEY,NSW,,,Delivery Area
2372,FOREST LAND,NSW,-28.930,151.700,Delivery Area
2372,LISTON,NSW,-28.930,151.700,Delivery Area
2372,MINGOOLA,NSW,,,Delivery Area
2372,MOLE RIVER,NSW,-28.930,151.700,Delivery Area
2372,RIVERTREE,NSW,-28.930,151.700,Delivery Area
2372,ROCKY RIVER,NSW,-28.930,151.700,Delivery Area
2372,SANDY FLAT,NSW,-28.930,151.700,Delivery Area
2372,SANDY HILL,NSW,-28.930,151.700,Delivery Area
2372,SILENT GROVE,NSW,-28.930,151.700,Delivery Area
2372,TARBAN,NSW,-28.930,151.700,Delivery Area
2372,TENTERFIELD,NSW,-28.930,151.700,Delivery Area
2372,TIMBARRA,NSW,-28.930,151.700,Delivery Area
2372,WILLSONS DOWNFALL,NSW,-28.930,151.700,Delivery Area
2372,WOODSIDE,NSW,-28.930,151.700,Delivery Area
2372,WYLIE CREEK,NSW,-28.930,151.700,Delivery Area
2379,GOOLHI,NSW,-31.070,149.710,Delivery Area
2379,MULLALEY,NSW,-31.070,149.710,Delivery Area
2379,NAPIER LANE,NSW,-31.070,149.710,Delivery Area
2379,NOMBI,NSW,-31.070,149.710,Delivery Area
2380,BLUE VALE,NSW,-30.800,150.200,Delivery Area
2380,EMERALD HILL,NSW,-30.800,150.200,Delivery Area
2380,GHOOLENDAADI,NSW,-30.800,150.200,Delivery Area
2380,GUNNEDAH,NSW,-30.800,150.200,Delivery Area
2380,KELVIN,NSW,-30.800,150.200,Delivery Area
2380,MARYS MOUNT,NSW,-30.800,150.200,Delivery Area
2380,MILROY,NSW,-30.800,150.200,Delivery Area
2380,ORANGE GROVE,NSW,-30.800,150.200,Delivery Area
2380,RANGARI,NSW,-30.800,150.200,Delivery Area
2381,BREEZA,NSW,-31.240,150.460,Delivery Area
2381,CURLEWIS,NSW,-31.240,150.460,Delivery Area
2381,PREMER,NSW,-31.240,150.460,Delivery Area
2381,TAMBAR SPRINGS,NSW,-31.240,150.460,Delivery Area
2382,BOGGABRI,NSW,-30.700,150.040,Delivery Area
2382,MAULES CREEK,NSW,-30.700,150.040,Delivery Area
2382,WEAN,NSW,-30.700,150.040,Delivery Area
2382,WILLALA,NSW,-30.700,150.040,Delivery Area
2386,BURREN JUNCTION,NSW,-30.110,148.970,Delivery Area
2386,DRILDOOL,NSW,-30.110,148.970,Delivery Area
2386,NOWLEY,NSW,-30.110,148.970,Delivery Area
2387,BULYEROI,NSW,-29.780,149.090,Delivery Area
2387,ROWENA,NSW,-29.780,149.090,Delivery Area
2388,BOOLCARROLL,NSW,-30.090,149.440,Delivery Area
2388,CUTTABRI,NSW,-30.090,149.440,Delivery Area
2388,MERAH NORTH,NSW,-30.090,149.440,Delivery Area
2388,PILLIGA,NSW,-30.090,149.440,Delivery Area
2388,SPRING PLAINS,NSW,-30.090,149.440,Delivery Area
2388,THE PILLIGA,NSW,-30.090,149.440,Delivery Area
2388,WEE WAA,NSW,-30.090,149.440,Delivery Area
2388,YARRIE LAKE,NSW,-30.090,149.440,Delivery Area
2390,BAAN BAA,NSW,-30.600,149.970,Delivery Area
2390,BACK CREEK,NSW,-30.600,149.970,Delivery Area
2390,BERRIGAL,NSW,-30.600,149.970,Delivery Area
2390,BOHENA CREEK,NSW,-30.600,149.970,Delivery Area
2390,BULLAWA CREEK,NSW,-30.600,149.970,Delivery Area
2390,COURADDA,NSW,-30.600,149.970,Delivery Area
2390,EDGEROI,NSW,-30.600,149.970,Delivery Area
2390,EULAH CREEK,NSW,-30.600,149.970,Delivery Area
2390,HARPARARY,NSW,-30.600,149.970,Delivery Area
2390,JACKS CREEK,NSW,-30.600,149.970,Delivery Area
2390,KAPUTAR,NSW,-30.600,149.970,Delivery Area
2390,NARRABRI,NSW,-30.600,149.970,Delivery Area
2390,NARRABRI WEST,NSW,-30.600,149.970,Delivery Area
2390,ROCKY CREEK,NSW,-30.600,149.970,Delivery Area
2390,TARRIARO,NSW,-30.600,149.970,Delivery Area
2390,TURRAWAN,NSW,-30.600,149.970,Delivery Area
2395,BINNAWAY,NSW,-31.550,149.380,Delivery Area
2395,ROPERS ROAD,NSW,-31.550,149.380,Delivery Area
2395,WEETALIBA,NSW,-31.550,149.380,Delivery Area
2396,BARADINE,NSW,-30.940,149.070,Delivery Area
2396,BARWON,NSW,-30.940,149.070,Delivery Area
2396,GOORIANAWA,NSW,-30.940,149.070,Delivery Area
2396,KENEBRI,NSW,-30.940,149.070,Delivery Area
2397,BELLATA,NSW,-29.920,149.790,Delivery Area
2397,JEWS LAGOON,NSW,,,Delivery Area
2397,MILLIE,NSW,-29.920,149.790,Delivery Area
2398,GURLEY,NSW,-29.740,149.800,Delivery Area
2399,BINIGUY,NSW,-29.580,150.140,Delivery Area
2399,PALLAMALLAWA,NSW,-29.580,150.140,Delivery Area
2400,ASHLEY,NSW,-29.320,149.810,Delivery Area
2400,BULLARAH,NSW,-29.320,149.810,Delivery Area
2400,CROOBLE,NSW,-29.320,149.810,Delivery Area
2400,MALLOWA,NSW,-29.320,149.810,Delivery Area
2400,MOREE,NSW,-29.320,149.810,Delivery Area
2400,TERRY HIE HIE,NSW,-29.320,149.810,Delivery Area
2400,TULLOONA,NSW,-29.320,149.810,Delivery Area
2401,GRAVESEND,NSW,-29.580,150.340,Delivery Area
2402,COOLATAI,NSW,-29.510,150.750,Delivery Area
2402,WARIALDA,NSW,-29.510,150.750,Delivery Area
2402,WARIALDA RAIL,NSW,-29.510,150.750,Delivery Area
2403,BALFOURS PEAK,NSW,,,Delivery Area
2403,DELUNGRA,NSW,-29.650,150.830,Delivery Area
2403,GRAGIN,NSW,-29.650,150.830,Delivery Area
2403,MYALL CREEK,NSW,-29.650,150.830,Delivery Area
2404,BANGHEET,NSW,-29.800,150.480,Delivery Area
2404,BINGARA,NSW,-29.800,150.480,Delivery Area
2404,DINOGA,NSW,-29.800,150.480,Delivery Area
2404,ELCOMBE,NSW,-29.800,150.480,Delivery Area
2404,GINEROI,NSW,-29.800,150.480,Delivery Area
2404,KEERA,NSW,-29.800,150.480,Delivery Area
2404,PALLAL,NSW,-29.800,150.480,Delivery Area
2404,UPPER BINGARA,NSW,-29.800,150.480,Delivery Area
2404,WHITLOW,NSW,,,Delivery Area
2405,BOOMI,NSW,-28.730,149.580,Delivery Area
2405,GARAH,NSW,-28.730,149.580,Delivery Area
2406,MUNGINDI,NSW,-29.000,149.100,Delivery Area
2406,MUNGINDI,QLD,-29.000,149.100,Delivery Area
2406,WEEMELAH,NSW,-29.000,149.100,Delivery Area
2408,BLUE NOBBY,NSW,-28.930,150.390,Delivery Area
2408,NORTH STAR,NSW,-28.930,150.390,Delivery Area
2408,YALLAROI,NSW,-28.930,150.390,Delivery Area
2409,BOGGABILLA,NSW,-28.740,150.420,Delivery Area
2409,BOONAL,NSW,-28.740,150.420,Delivery Area
2410,TWIN RIVERS,NSW,-29.050,150.640,Delivery Area
2410,YETMAN,NSW,-29.050,150.640,Delivery Area
2411,CROPPA CREEK,NSW,-29.130,150.380,Delivery Area
2415,MONKERAI,NSW,-32.290,151.860,Delivery Area
2415,NOOROO,NSW,-32.290,151.860,Delivery Area
2415,STROUD ROAD,NSW,-32.290,151.860,Delivery Area
2415,UPPER KARUAH RIVER,NSW,-32.290,151.860,Delivery Area
2415,WEISMANTELS,NSW,-32.290,151.860,Delivery Area
2420,ALISON,NSW,-32.430,151.770,Delivery Area
2420,BANDON GROVE,NSW,-32.430,151.770,Delivery Area
2420,BENDOLBA,NSW,-32.430,151.770,Delivery Area
2420,BROOKFIELD,NSW,-32.430,151.770,Delivery Area
2420,CAMBRA,NSW,-32.430,151.770,Delivery Area
2420,CHICHESTER,NSW,-32.430,151.770,Delivery Area
2420,DUNGOG,NSW,-32.430,151.770,Delivery Area
2420,FLAT TOPS,NSW,-32.430,151.770,Delivery Area
2420,FOSTERTON,NSW,-32.430,151.770,Delivery Area
2420,HANLEYS CREEK,NSW,-32.430,151.770,Delivery Area
2420,HILLDALE,NSW,-32.430,151.770,Delivery Area
2420,MAIN CREEK,NSW,-32.430,151.770,Delivery Area
2420,MARSHDALE,NSW,-32.430,151.770,Delivery Area
2420,MARTINS CREEK,NSW,-32.430,151.770,Delivery Area
2420,MUNNI,NSW,-32.430,151.770,Delivery Area
2420,SALISBURY,NSW,-32.430,151.770,Delivery Area
2420,STROUD HILL,NSW,-32.430,151.770,Delivery Area
2420,SUGARLOAF,NSW,-32.430,151.770,Delivery Area
2420,TABBIL CREEK,NSW,-32.430,151.770,Delivery Area
2420,UNDERBANK,NSW,-32.430,151.770,Delivery Area
2420,WALLARINGA,NSW,-32.430,151.770,Delivery Area
2420,WALLAROBBA,NSW,-32.430,151.770,Delivery Area
2420,WIRRAGULLA,NSW,-32.430,151.770,Delivery Area
2421,FISHERS HILL,NSW,-32.510,151.530,Delivery Area
2421,PATERSON,NSW,-32.510,151.530,Delivery Area
2421,SUMMER HILL,NSW,-32.510,151.530,Delivery Area
2421,TOCAL,NSW,-32.510,151.530,Delivery Area
2421,TORRYBURN,NSW,-32.510,151.530,Delivery Area
2421,VACY,NSW,-32.510,151.530,Delivery Area
2421,WEBBERS CREEK,NSW,-32.510,151.530,Delivery Area
2422,BACK CREEK,NSW,-31.970,152.070,Delivery Area
2422,BAKERS CREEK,NSW,-31.970,152.070,Delivery Area
2422,BARRINGTON,NSW,-31.970,152.070,Delivery Area
2422,BARRINGTON TOPS,NSW,-31.970,152.070,Delivery Area
2422,BAXTERS RIDGE,NSW,-31.970,152.070,Delivery Area
2422,BELBORA,NSW,-31.970,152.070,Delivery Area
2422,BERRICO,NSW,-31.970,152.070,Delivery Area
2422,BINDERA,NSW,-31.970,152.070,Delivery Area
2422,BOWMAN,NSW,-31.970,152.070,Delivery Area
2422,BOWMAN FARM,NSW,-31.970,152.070,Delivery Area
2422,BRETTI,NSW,-31.970,152.070,Delivery Area
2422,BULLIAC,NSW,-31.970,152.070,Delivery Area
2422,BUNDOOK,NSW,-31.970,152.070,Delivery Area
2422,CALLAGHANS CREEK,NSW,-31.970,152.070,Delivery Area
2422,COBARK,NSW,-31.970,152.070,Delivery Area
2422,CONEAC,NSW,-31.970,152.070,Delivery Area
2422,COPELAND,NSW,-31.970,152.070,Delivery Area
2422,CRAVEN,NSW,-31.970,152.070,Delivery Area
2422,CRAVEN PLATEAU,NSW,-31.970,152.070,Delivery Area
2422,CURRICABARK,NSW,-31.970,152.070,Delivery Area
2422,DEWITT,NSW,-31.970,152.070,Delivery Area
2422,FAULKLAND,NSW,-31.970,152.070,Delivery Area
2422,FORBESDALE,NSW,-31.970,152.070,Delivery Area
2422,GANGAT,NSW,-31.970,152.070,Delivery Area
2422,GIRO,NSW,-31.970,152.070,Delivery Area
2422,GLEN WARD,NSW,-31.970,152.070,Delivery Area
2422,GLOUCESTER,NSW,-31.970,152.070,Delivery Area
2422,GLOUCESTER TOPS,NSW,-31.970,152.070,Delivery Area
2422,INVERGORDON,NSW,-31.970,152.070,Delivery Area
2422,KIA ORA,NSW,-31.970,152.070,Delivery Area
2422,MARES RUN,NSW,-31.970,152.070,Delivery Area
2422,MERNOT,NSW,-31.970,152.070,Delivery Area
2422,MOGRANI,NSW,-31.970,152.070,Delivery Area
2422,MOPPY,NSW,-31.970,152.070,Delivery Area
2422,RAWDON VALE,NSW,-31.970,152.070,Delivery Area
2422,ROOKHURST,NSW,-31.970,152.070,Delivery Area
2422,STRATFORD,NSW,-31.970,152.070,Delivery Area
2422,TERREEL,NSW,-31.970,152.070,Delivery Area
2422,TIBBUC,NSW,-31.970,152.070,Delivery Area
2422,TITAATEE CREEK,NSW,-31.970,152.070,Delivery Area
2422,TUGRABAKH,NSW,-31.970,152.070,Delivery Area
2422,WALLANBAH,NSW,-31.970,152.070,Delivery Area
2422,WARDS RIVER,NSW,-31.970,152.070,Delivery Area
2422,WAUKIVORY,NSW,-31.970,152.070,Delivery Area
2422,WOKO,NSW,-31.970,152.070,Delivery Area
2423,BOMBAH POINT,NSW,-32.490,152.280,Delivery Area
2423,BOOLAMBAYTE,NSW,-32.490,152.280,Delivery Area
2423,BULAHDELAH,NSW,-32.490,152.280,Delivery Area
2423,BUNGWAHL,NSW,-32.490,152.280,Delivery Area
2423,COOLONGOLOOK,NSW,-32.490,152.280,Delivery Area
2423,CRAWFORD RIVER,NSW,-32.490,152.280,Delivery Area
2423,MARKWELL,NSW,-32.490,152.280,Delivery Area
2423,MAYERS FLAT,NSW,-32.490,152.280,Delivery Area
2423,MUNGO BRUSH,NSW,-32.490,152.280,Delivery Area
2423,MYALL LAKE,NSW,-32.490,152.280,Delivery Area
2423,NERONG,NSW,-32.490,152.280,Delivery Area
2423,SEAL ROCKS,NSW,-32.490,152.280,Delivery Area
2423,TOPI TOPI,NSW,-32.490,152.280,Delivery Area
2423,UPPER MYALL,NSW,-32.490,152.280,Delivery Area
2423,VIOLET HILL,NSW,-32.490,152.280,Delivery Area
2423,WANG WAUK,NSW,-32.490,152.280,Delivery Area
2423,WARRANULLA,NSW,-32.490,152.280,Delivery Area
2423,WILLINA,NSW,-32.490,152.280,Delivery Area
2423,WOOTTON,NSW,-32.490,152.280,Delivery Area
2423,YAGON,NSW,-32.490,152.280,Delivery Area
2424,CAFFREYS FLAT,NSW,-31.800,152.070,Delivery Area
2424,CELLS RIVER,NSW,-31.800,152.070,Delivery Area
2424,COOPLACURRIPA,NSW,-31.800,152.070,Delivery Area
2424,CUNDLE FLAT,NSW,-31.800,152.070,Delivery Area
2424,KNORRIT FLAT,NSW,-31.800,152.070,Delivery Area
2424,KNORRIT FOREST,NSW,-31.800,152.070,Delivery Area
2424,MOUNT GEORGE,NSW,-31.800,152.070,Delivery Area
2424,NUMBER ONE,NSW,-31.800,152.070,Delivery Area
2424,TIRI,NSW,-31.800,152.070,Delivery Area
2425,ALLWORTH,NSW,-32.540,151.960,Delivery Area
2425,BOORAL,NSW,-32.540,151.960,Delivery Area
2425,GIRVAN,NSW,-32.540,151.960,Delivery Area
2425,STROUD,NSW,-32.540,151.960,Delivery Area
2425,THE BRANCH,NSW,-32.540,151.960,Delivery Area
2425,WASHPOOL,NSW,-32.540,151.960,Delivery Area
2426,COOPERNOOK,NSW,-31.830,152.610,Delivery Area
2426,LANGLEY VALE,NSW,-31.830,152.610,Delivery Area
2426,MOTO,NSW,-31.830,152.610,Delivery Area
2427,CROWDY HEAD,NSW,-31.840,152.740,Delivery Area
2427,HARRINGTON,NSW,-31.840,152.740,Delivery Area
2428,BLUEYS BEACH,NSW,-32.350,152.540,Delivery Area
2428,BOOMERANG BEACH,NSW,-32.350,152.540,Delivery Area
2428,BOOTI BOOTI,NSW,-32.350,152.540,Delivery Area
2428,CHARLOTTE BAY,NSW,-32.350,152.540,Delivery Area
2428,COOMBA BAY,NSW,-32.350,152.540,Delivery Area
2428,COOMBA PARK,NSW,-32.350,152.540,Delivery Area
2428,DARAWANK,NSW,-32.350,152.540,Delivery Area
2428,ELIZABETH BEACH,NSW,-32.350,152.540,Delivery Area
2428,FORSTER,NSW,-32.350,152.540,Delivery Area
2428,FORSTER SHOPPING VILLAGE,NSW,-32.350,152.540,Delivery Area
2428,GREEN POINT,NSW,-32.350,152.540,Delivery Area
2428,PACIFIC PALMS,NSW,-32.350,152.540,Delivery Area
2428,SANDBAR,NSW,-32.350,152.540,Delivery Area
2428,SHALLOW BAY,NSW,-32.350,152.540,Delivery Area
2428,SMITHS LAKE,NSW,-32.350,152.540,Delivery Area
2428,TARBUCK BAY,NSW,-32.350,152.540,Delivery Area
2428,TIONA,NSW,-32.350,152.540,Delivery Area
2428,TUNCURRY,NSW,-32.350,152.540,Delivery Area
2428,WALLINGAT,NSW,-32.350,152.540,Delivery Area
2428,WALLIS LAKE,NSW,-32.350,152.540,Delivery Area
2428,WHOOTA,NSW,-32.350,152.540,Delivery Area
2429,BOBIN,NSW,-31.730,152.280,Delivery Area
2429,BOORGANNA,NSW,-31.730,152.280,Delivery Area
2429,BUCCA WAUKA,NSW,-31.730,152.280,Delivery Area
2429,BULGA FOREST,NSW,-31.730,152.280,Delivery Area
2429,BUNYAH,NSW,-31.730,152.280,Delivery Area
2429,BURRELL CREEK,NSW,-31.730,152.280,Delivery Area
2429,CAPARRA,NSW,-31.730,152.280,Delivery Area
2429,CEDAR PARTY,NSW,-31.730,152.280,Delivery Area
2429,COMBOYNE,NSW,-31.730,152.280,Delivery Area
2429,DINGO FOREST,NSW,-31.730,152.280,Delivery Area
2429,DOLLYS FLAT,NSW,-31.730,152.280,Delivery Area
2429,DYERS CROSSING,NSW,-31.730,152.280,Delivery Area
2429,ELANDS,NSW,-31.730,152.280,Delivery Area
2429,FIREFLY,NSW,-31.730,152.280,Delivery Area
2429,INNES VIEW,NSW,-31.730,152.280,Delivery Area
2429,KARAAK FLAT,NSW,-31.730,152.280,Delivery Area
2429,KHATAMBUHL,NSW,-31.730,152.280,Delivery Area
2429,KILLABAKH,NSW,-31.730,152.280,Delivery Area
2429,KILLAWARRA,NSW,-31.730,152.280,Delivery Area
2429,KIMBRIKI,NSW,-31.730,152.280,Delivery Area
2429,KIPPAXS,NSW,-31.730,152.280,Delivery Area
2429,KRAMBACH,NSW,-31.730,152.280,Delivery Area
2429,KUNDIBAKH,NSW,-31.730,152.280,Delivery Area
2429,MARLEE,NSW,-31.730,152.280,Delivery Area
2429,MOORAL CREEK,NSW,-31.730,152.280,Delivery Area
2429,STRATHCEDAR,NSW,-31.730,152.280,Delivery Area
2429,THE BIGHT,NSW,-31.730,152.280,Delivery Area
2429,TIPPERARY,NSW,-31.730,152.280,Delivery Area
2429,WARRIWILLAH,NSW,-31.730,152.280,Delivery Area
2429,WHERROL FLAT,NSW,-31.730,152.280,Delivery Area
2429,WINGHAM,NSW,-31.730,152.280,Delivery Area
2429,YARRATT FOREST,NSW,-31.730,152.280,Delivery Area
2430,BLACK HEAD,NSW,-32.070,152.540,Delivery Area
2430,BOHNOCK,NSW,-32.070,152.540,Delivery Area
2430,BOOTAWA,NSW,-32.070,152.540,Delivery Area
2430,BRIMBIN,NSW,-32.070,152.540,Delivery Area
2430,CABBAGE TREE ISLAND,NSW,-32.070,152.540,Delivery Area
2430,CHATHAM,NSW,-32.070,152.540,Delivery Area
2430,CROKI,NSW,-32.070,152.540,Delivery Area
2430,CUNDLETOWN,NSW,-32.070,152.540,Delivery Area
2430,DIAMOND BEACH,NSW,-32.070,152.540,Delivery Area
2430,DUMARESQ ISLAND,NSW,-32.070,152.540,Delivery Area
2430,FAILFORD,NSW,-32.070,152.540,Delivery Area
2430,GHINNI GHINNI,NSW,-32.070,152.540,Delivery Area
2430,GLENTHORNE,NSW,-32.070,152.540,Delivery Area
2430,HALLIDAYS POINT,NSW,-32.070,152.540,Delivery Area
2430,HILLVILLE,NSW,-32.070,152.540,Delivery Area
2430,JONES ISLAND,NSW,-32.070,152.540,Delivery Area
2430,KIWARRAK,NSW,-32.070,152.540,Delivery Area
2430,KOORAINGHAT,NSW,-32.070,152.540,Delivery Area
2430,KUNDLE KUNDLE,NSW,-32.070,152.540,Delivery Area
2430,LANSDOWNE,NSW,-32.070,152.540,Delivery Area
2430,LANSDOWNE FOREST,NSW,-32.070,152.540,Delivery Area
2430,MANNING POINT,NSW,-32.070,152.540,Delivery Area
2430,MELINGA,NSW,-32.070,152.540,Delivery Area
2430,MITCHELLS ISLAND,NSW,-32.070,152.540,Delivery Area
2430,MONDROOK,NSW,-32.070,152.540,Delivery Area
2430,OLD BAR,NSW,-32.070,152.540,Delivery Area
2430,OXLEY ISLAND,NSW,-32.070,152.540,Delivery Area
2430,PAMPOOLAH,NSW,-32.070,152.540,Delivery Area
2430,POSSUM BRUSH,NSW,-32.070,152.540,Delivery Area
2430,PURFLEET,NSW,-32.070,152.540,Delivery Area
2430,RAINBOW FLAT,NSW,-32.070,152.540,Delivery Area
2430,RED HEAD,NSW,-32.070,152.540,Delivery Area
2430,SALTWATER,NSW,-32.070,152.540,Delivery Area
2430,TALLWOODS VILLAGE,NSW,-32.070,152.540,Delivery Area
2430,TAREE,NSW,-32.070,152.540,Delivery Area
2430,TAREE DC,NSW,,,Delivery Area
2430,TAREE SOUTH,NSW,-32.070,152.540,Delivery Area
2430,TINONEE,NSW,-32.070,152.540,Delivery Area
2430,UPPER LANSDOWNE,NSW,-32.070,152.540,Delivery Area
2430,WALLABI POINT,NSW,-32.070,152.540,Delivery Area
2431,ARAKOON,NSW,-30.890,153.070,Delivery Area
2431,JERSEYVILLE,NSW,-30.890,153.070,Delivery Area
2431,SOUTH WEST ROCKS,NSW,-30.890,153.070,Delivery Area
2439,BATAR CREEK,NSW,-31.660,152.680,Delivery Area
2439,BLACK CREEK,NSW,-31.660,152.680,Delivery Area
2439,BOBS CREEK,NSW,,,Delivery Area
2439,HERONS CREEK,NSW,,,Delivery Area
2439,KENDALL,NSW,-31.660,152.680,Delivery Area
2439,KEREWONG,NSW,-31.660,152.680,Delivery Area
2439,KEW,NSW,-31.660,152.680,Delivery Area
2439,LOGANS CROSSING,NSW,-31.660,152.680,Delivery Area
2439,LORNE,NSW,-31.660,152.680,Delivery Area
2439,ROSSGLEN,NSW,-31.660,152.680,Delivery Area
2439,SWANS CROSSING,NSW,-31.660,152.680,Delivery Area
2439,UPSALLS CREEK,NSW,-31.660,152.680,Delivery Area
2440,ALDAVILLA,NSW,-31.060,152.770,Delivery Area
2440,AUSTRAL EDEN,NSW,-31.060,152.770,Delivery Area
2440,BELLBROOK,NSW,-31.060,152.770,Delivery Area
2440,BELLIMBOPINNI,NSW,-31.060,152.770,Delivery Area
2440,BELMORE RIVER,NSW,-31.060,152.770,Delivery Area
2440,BURNT BRIDGE,NSW,-31.060,152.770,Delivery Area
2440,CARRAI,NSW,-31.060,152.770,Delivery Area
2440,CLYBUCCA,NSW,-31.060,152.770,Delivery Area
2440,COLLOMBATTI,NSW,-31.060,152.770,Delivery Area
2440,COMARA,NSW,-31.060,152.770,Delivery Area
2440,CORANGULA,NSW,-31.060,152.770,Delivery Area
2440,CRESCENT HEAD,NSW,-31.060,152.770,Delivery Area
2440,DEEP CREEK,NSW,-31.060,152.770,Delivery Area
2440,DONDINGALONG,NSW,-31.060,152.770,Delivery Area
2440,EAST KEMPSEY,NSW,-31.060,152.770,Delivery Area
2440,EUROKA,NSW,-31.060,152.770,Delivery Area
2440,FREDERICKTON,NSW,-31.060,152.770,Delivery Area
2440,GLADSTONE,NSW,-31.060,152.770,Delivery Area
2440,GREENHILL,NSW,-31.060,152.770,Delivery Area
2440,HAMPDEN HALL,NSW,-31.060,152.770,Delivery Area
2440,HAT HEAD,NSW,-31.060,152.770,Delivery Area
2440,HICKEYS CREEK,NSW,-31.060,152.770,Delivery Area
2440,KEMPSEY,NSW,-31.060,152.770,Delivery Area
2440,KINCHELA,NSW,-31.060,152.770,Delivery Area
2440,LOWER CREEK,NSW,-31.060,152.770,Delivery Area
2440,MILLBANK,NSW,-31.060,152.770,Delivery Area
2440,MOONEBA,NSW,-31.060,152.770,Delivery Area
2440,MOPARRABAH,NSW,-31.060,152.770,Delivery Area
2440,MUNGAY CREEK,NSW,-31.060,152.770,Delivery Area
2440,OLD STATION,NSW,-31.060,152.770,Delivery Area
2440,POLA CREEK,NSW,-31.060,152.770,Delivery Area
2440,RAINBOW REACH,NSW,-31.060,152.770,Delivery Area
2440,SEVEN OAKS,NSW,-31.060,152.770,Delivery Area
2440,SHERWOOD,NSW,-31.060,152.770,Delivery Area
2440,SKILLION FLAT,NSW,-31.060,152.770,Delivery Area
2440,SMITHTOWN,NSW,-31.060,152.770,Delivery Area
2440,SOUTH KEMPSEY,NSW,-31.060,152.770,Delivery Area
2440,SUMMER ISLAND,NSW,-31.060,152.770,Delivery Area
2440,TEMAGOG,NSW,-31.060,152.770,Delivery Area
2440,TOOROOKA,NSW,-31.060,152.770,Delivery Area
2440,TURNERS FLAT,NSW,-31.060,152.770,Delivery Area
2440,VERGES CREEK,NSW,-31.060,152.770,Delivery Area
2440,WEST KEMPSEY,NSW,-31.060,152.770,Delivery Area
2440,WILLAWARRIN,NSW,-31.060,152.770,Delivery Area
2440,WILLI WILLI,NSW,-31.060,152.770,Delivery Area
2440,WITTITRIN,NSW,-31.060,152.770,Delivery Area
2440,YARRAVEL,NSW,-31.060,152.770,Delivery Area
2440,YESSABAH,NSW,-31.060,152.770,Delivery Area
2441,ALLGOMERA,NSW,-30.820,152.830,Delivery Area
2441,BALLENGARRA,NSW,-30.820,152.830,Delivery Area
2441,BARRAGANYATTI,NSW,-30.820,152.830,Delivery Area
2441,BRIL BRIL,NSW,-30.820,152.830,Delivery Area
2441,COOPERABUNG,NSW,-30.820,152.830,Delivery Area
2441,EUNGAI CREEK,NSW,-30.820,152.830,Delivery Area
2441,EUNGAI RAIL,NSW,-30.820,152.830,Delivery Area
2441,FISHERMANS REACH,NSW,-30.820,152.830,Delivery Area
2441,GEARYS FLAT,NSW,,,Delivery Area
2441,GRASSY HEAD,NSW,-30.820,152.830,Delivery Area
2441,GUM SCRUB,NSW,-30.820,152.830,Delivery Area
2441,HACKS FERRY,NSW,-30.820,152.830,Delivery Area
2441,KIPPARA,NSW,-30.820,152.830,Delivery Area
2441,KUNDABUNG,NSW,-30.820,152.830,Delivery Area
2441,MARLO MERRICAN,NSW,,,Delivery Area
2441,ROLLANDS PLAINS,NSW,-30.820,152.830,Delivery Area
2441,STUARTS POINT,NSW,-30.820,152.830,Delivery Area
2441,TAMBAN,NSW,-30.820,152.830,Delivery Area
2441,TELEGRAPH POINT,NSW,-30.820,152.830,Delivery Area
2441,UPPER ROLLANDS PLAINS,NSW,-30.820,152.830,Delivery Area
2441,YARRAHAPINNI,NSW,-30.820,152.830,Delivery Area
2442,MID NORTH COAST MC,NSW,,,Post Office Boxes
2443,CAMDEN HEAD,NSW,-31.580,152.740,Delivery Area
2443,CORALVILLE,NSW,-31.580,152.740,Delivery Area
2443,CROWDY BAY,NSW,,,Delivery Area
2443,DEAUVILLE,NSW,-31.580,152.740,Delivery Area
2443,DIAMOND HEAD,NSW,-31.580,152.740,Delivery Area
2443,DUNBOGAN,NSW,-31.580,152.740,Delivery Area
2443,HANNAM VALE,NSW,-31.580,152.740,Delivery Area
2443,JOHNS RIVER,NSW,-31.580,152.740,Delivery Area
2443,LAKEWOOD,NSW,-31.580,152.740,Delivery Area
2443,LAURIETON,NSW,-31.580,152.740,Delivery Area
2443,MIDDLE BROTHER,NSW,-31.580,152.740,Delivery Area
2443,MOORLAND,NSW,-31.580,152.740,Delivery Area
2443,NORTH BROTHER,NSW,-31.580,152.740,Delivery Area
2443,NORTH HAVEN,NSW,-31.580,152.740,Delivery Area
2443,STEWARTS RIVER,NSW,-31.580,152.740,Delivery Area
2443,WAITUI,NSW,-31.580,152.740,Delivery Area
2443,WEST HAVEN,NSW,-31.580,152.740,Delivery Area
2444,BLACKMANS POINT,NSW,-31.400,152.850,Delivery Area
2444,FERNBANK CREEK,NSW,-31.400,152.850,Delivery Area
2444,FLYNNS BEACH,NSW,-31.400,152.850,Delivery Area
2444,LIGHTHOUSE BEACH,NSW,-31.400,152.850,Delivery Area
2444,LIMEBURNERS CREEK,NSW,-31.400,152.850,Delivery Area
2444,NORTH SHORE,NSW,-31.400,152.850,Delivery Area
2444,PORT MACQUARIE,NSW,-31.400,152.850,Delivery Area
2444,PORT MACQUARIE BC,NSW,-31.400,152.850,Delivery Area
2444,RIVERSIDE,NSW,-31.400,152.850,Delivery Area
2444,SETTLEMENT CITY,NSW,-31.400,152.850,Delivery Area
2444,THE HATCH,NSW,-31.400,152.850,Delivery Area
2444,THRUMSTER,NSW,-31.400,152.850,Delivery Area
2445,BONNY HILLS,NSW,-31.590,152.840,Delivery Area
2445,GRANTS BEACH,NSW,-31.590,152.840,Delivery Area
2445,JOLLY NOSE,NSW,-31.590,152.840,Delivery Area
2445,LAKE CATHIE,NSW,-31.590,152.840,Delivery Area
2446,BAGNOO,NSW,-31.460,152.530,Delivery Area
2446,BAGO,NSW,-31.460,152.530,Delivery Area
2446,BANDA BANDA,NSW,-31.460,152.530,Delivery Area
2446,BEECHWOOD,NSW,-31.460,152.530,Delivery Area
2446,BELLANGRY,NSW,-31.460,152.530,Delivery Area
2446,BIRDWOOD,NSW,-31.460,152.530,Delivery Area
2446,BROMBIN,NSW,-31.460,152.530,Delivery Area
2446,BYABARRA,NSW,-31.460,152.530,Delivery Area
2446,CAIRNCROSS,NSW,-31.460,152.530,Delivery Area
2446,CROSSLANDS,NSW,-31.460,152.530,Delivery Area
2446,DEBENHAM,NSW,-31.460,152.530,Delivery Area
2446,DOYLES RIVER,NSW,-31.460,152.530,Delivery Area
2446,ELLENBOROUGH,NSW,-31.460,152.530,Delivery Area
2446,FORBES RIVER,NSW,-31.460,152.530,Delivery Area
2446,FRAZERS CREEK,NSW,-31.460,152.530,Delivery Area
2446,HARTYS PLAINS,NSW,-31.460,152.530,Delivery Area
2446,HOLLISDALE,NSW,-31.460,152.530,Delivery Area
2446,HUNTINGDON,NSW,-31.460,152.530,Delivery Area
2446,HYNDMANS CREEK,NSW,-31.460,152.530,Delivery Area
2446,KINDEE,NSW,-31.460,152.530,Delivery Area
2446,KING CREEK,NSW,-31.460,152.530,Delivery Area
2446,LAKE INNES,NSW,-31.460,152.530,Delivery Area
2446,LONG FLAT,NSW,-31.460,152.530,Delivery Area
2446,LOWER PAPPINBARRA,NSW,-31.460,152.530,Delivery Area
2446,MORTONS CREEK,NSW,-31.460,152.530,Delivery Area
2446,MOUNT SEAVIEW,NSW,-31.460,152.530,Delivery Area
2446,PAPPINBARRA,NSW,-31.460,152.530,Delivery Area
2446,PEMBROOKE,NSW,-31.460,152.530,Delivery Area
2446,PIPECLAY,NSW,-31.460,152.530,Delivery Area
2446,RAWDON ISLAND,NSW,-31.460,152.530,Delivery Area
2446,REDBANK,NSW,-31.460,152.530,Delivery Area
2446,ROSEWOOD,NSW,-31.460,152.530,Delivery Area
2446,SANCROX,NSW,-31.460,152.530,Delivery Area
2446,TOMS CREEK,NSW,-31.460,152.530,Delivery Area
2446,UPPER PAPPINBARRA,NSW,-31.460,152.530,Delivery Area
2446,WAUCHOPE,NSW,-31.460,152.530,Delivery Area
2446,WERRIKIMBE,NSW,-31.460,152.530,Delivery Area
2446,YARRAS,NSW,-31.460,152.530,Delivery Area
2446,YIPPIN CREEK,NSW,-31.460,152.530,Delivery Area
2447,BAKERS CREEK,NSW,-30.800,152.730,Delivery Area
2447,BURRAPINE,NSW,-30.800,152.730,Delivery Area
2447,CONGARINNI,NSW,-30.800,152.730,Delivery Area
2447,CONGARINNI NORTH,NSW,-30.800,152.730,Delivery Area
2447,DONNELLYVILLE,NSW,-30.800,152.730,Delivery Area
2447,GUMMA,NSW,-30.800,152.730,Delivery Area
2447,MACKSVILLE,NSW,-30.800,152.730,Delivery Area
2447,NEWEE CREEK,NSW,-30.800,152.730,Delivery Area
2447,NORTH MACKSVILLE,NSW,-30.800,152.730,Delivery Area
2447,SCOTTS HEAD,NSW,-30.800,152.730,Delivery Area
2447,TALARM,NSW,-30.800,152.730,Delivery Area
2447,TAYLORS ARM,NSW,-30.800,152.730,Delivery Area
2447,THUMB CREEK,NSW,-30.800,152.730,Delivery Area
2447,UPPER TAYLORS ARM,NSW,-30.800,152.730,Delivery Area
2447,UTUNGUN,NSW,-30.800,152.730,Delivery Area
2447,WARRELL CREEK,NSW,-30.800,152.730,Delivery Area
2447,WAY WAY,NSW,-30.800,152.730,Delivery Area
2447,WIRRIMBI,NSW,-30.800,152.730,Delivery Area
2447,YARRANBELLA,NSW,-30.800,152.730,Delivery Area
2448,HYLAND PARK,NSW,-30.620,153.000,Delivery Area
2448,NAMBUCCA HEADS,NSW,-30.620,153.000,Delivery Area
2448,VALLA,NSW,-30.620,153.000,Delivery Area
2448,VALLA BEACH,NSW,-30.620,153.000,Delivery Area
2449,ARGENTS HILL,NSW,-30.620,152.750,Delivery Area
2449,BOWRAVILLE,NSW,-30.620,152.750,Delivery Area
2449,BUCKRA BENDINNI,NSW,-30.620,152.750,Delivery Area
2449,GIRRALONG,NSW,-30.620,152.750,Delivery Area
2449,KENNAICLE CREEK,NSW,-30.620,152.750,Delivery Area
2449,KILLIEKRANKIE,NSW,-30.620,152.750,Delivery Area
2449,MISSABOTTI,NSW,-30.620,152.750,Delivery Area
2449,SOUTH ARM,NSW,-30.620,152.750,Delivery Area
2449,TEWINGA,NSW,-30.620,152.750,Delivery Area
2450,BOAMBEE,NSW,-30.340,153.070,Delivery Area
2450,BONVILLE,NSW,,,Delivery Area
2450,BROOKLANA,NSW,-30.340,153.070,Delivery Area
2450,BUCCA,NSW,-30.340,153.070,Delivery Area
2450,COFFS HARBOUR,NSW,-30.340,153.070,Delivery Area
2450,COFFS HARBOUR DC,NSW,,,Delivery Area
2450,COFFS HARBOUR JETTY,NSW,-30.340,153.070,Delivery Area
2450,COFFS HARBOUR PLAZA,NSW,-30.340,153.070,Delivery Area
2450,CORAMBA,NSW,-30.340,153.070,Delivery Area
2450,GLENREAGH,NSW,-30.340,153.070,Delivery Area
2450,KARANGI,NSW,-30.340,153.070,Delivery Area
2450,KORORA,NSW,-30.340,153.070,Delivery Area
2450,LOWANNA,NSW,-30.340,153.070,Delivery Area
2450,MOONEE BEACH,NSW,-30.340,153.070,Delivery Area
2450,NANA GLEN,NSW,-30.340,153.070,Delivery Area
2450,NORTH BOAMBEE VALLEY,NSW,-30.340,153.070,Delivery Area
2450,SAPPHIRE BEACH,NSW,-30.340,153.070,Delivery Area
2450,SHERWOOD,NSW,-30.340,153.070,Delivery Area
2450,ULONG,NSW,-30.340,153.070,Delivery Area
2450,UPPER ORARA,NSW,-30.340,153.070,Delivery Area
2452,BOAMBEE EAST,NSW,-30.340,153.080,Delivery Area
2452,SAWTELL,NSW,-30.340,153.080,Delivery Area
2452,TOORMINA,NSW,-30.340,153.080,Delivery Area
2453,BIELSDOWN HILLS,NSW,-30.140,152.600,Delivery Area
2453,BILLYS CREEK,NSW,-30.140,152.600,Delivery Area
2453,BOSTOBRICK,NSW,-30.140,152.600,Delivery Area
2453,CASCADE,NSW,-30.140,152.600,Delivery Area
2453,CLOUDS CREEK,NSW,-30.140,152.600,Delivery Area
2453,DEER VALE,NSW,-30.140,152.600,Delivery Area
2453,DORRIGO,NSW,-30.140,152.600,Delivery Area
2453,DORRIGO MOUNTAIN,NSW,-30.140,152.600,Delivery Area
2453,DUNDURRABIN,NSW,-30.140,152.600,Delivery Area
2453,EBOR,NSW,-30.140,152.600,Delivery Area
2453,FERNBROOK,NSW,-30.140,152.600,Delivery Area
2453,HERNANI,NSW,-30.140,152.600,Delivery Area
2453,MARENGO,NSW,-30.140,152.600,Delivery Area
2453,MEGAN,NSW,-30.140,152.600,Delivery Area
2453,MOONPAR,NSW,-30.140,152.600,Delivery Area
2453,NEVER NEVER,NSW,-30.140,152.600,Delivery Area
2453,NORTH DORRIGO,NSW,-30.140,152.600,Delivery Area
2453,TALLOWWOOD RIDGE,NSW,-30.140,152.600,Delivery Area
2453,TYRINGHAM,NSW,-30.140,152.600,Delivery Area
2453,WILD CATTLE CREEK,NSW,-30.140,152.600,Delivery Area
2454,BELLINGEN,NSW,-30.450,152.900,Delivery Area
2454,BRIERFIELD,NSW,-30.450,152.900,Delivery Area
2454,BRINERVILLE,NSW,,,Delivery Area
2454,BUNDAGEN,NSW,-30.450,152.900,Delivery Area
2454,DARKWOOD,NSW,-30.450,152.900,Delivery Area
2454,FERNMOUNT,NSW,-30.450,152.900,Delivery Area
2454,GLENIFFER,NSW,-30.450,152.900,Delivery Area
2454,HYDES CREEK,NSW,,,Delivery Area
2454,KALANG,NSW,-30.450,152.900,Delivery Area
2454,MYLESTOM,NSW,-30.450,152.900,Delivery Area
2454,RALEIGH,NSW,-30.450,152.900,Delivery Area
2454,REPTON,NSW,-30.450,152.900,Delivery Area
2454,SPICKETTS CREEK,NSW,-30.450,152.900,Delivery Area
2454,THORA,NSW,-30.450,152.900,Delivery Area
2454,VALERY,NSW,-30.450,152.900,Delivery Area
2455,URUNGA,NSW,-30.520,152.980,Delivery Area
2456,ARRAWARRA,NSW,-30.060,153.190,Delivery Area
2456,ARRAWARRA HEADLAND,NSW,-30.060,153.190,Delivery Area
2456,CORINDI BEACH,NSW,-30.060,153.190,Delivery Area
2456,DIRTY CREEK,NSW,,,Delivery Area
2456,EMERALD BEACH,NSW,-30.060,153.190,Delivery Area
2456,MULLAWAY,NSW,-30.060,153.190,Delivery Area
2456,RED ROCK,NSW,-30.060,153.190,Delivery Area
2456,SAFETY BEACH,NSW,-30.060,153.190,Delivery Area
2456,SANDY BEACH,NSW,-30.060,153.190,Delivery Area
2456,UPPER CORINDI,NSW,-30.060,153.190,Delivery Area
2456,WOOLGOOLGA,NSW,-30.060,153.190,Delivery Area
2460,ALUMY CREEK,NSW,-29.050,152.590,Delivery Area
2460,BANYABBA,NSW,,,Delivery Area
2460,BARCOONGERE,NSW,-29.050,152.590,Delivery Area
2460,BARRETTS CREEK,NSW,-29.050,152.590,Delivery Area
2460,BARYULGIL,NSW,-29.050,152.590,Delivery Area
2460,BLAXLANDS CREEK,NSW,-29.050,152.590,Delivery Area
2460,BOM BOM,NSW,-29.050,152.590,Delivery Area
2460,BOOKRAM,NSW,-29.050,152.590,Delivery Area
2460,BRAUNSTONE,NSW,-29.050,152.590,Delivery Area
2460,BRUSHGROVE,NSW,-29.050,152.590,Delivery Area
2460,BUCCARUMBI,NSW,-29.050,152.590,Delivery Area
2460,CALAMIA,NSW,-29.050,152.590,Delivery Area
2460,CANGAI,NSW,-29.050,152.590,Delivery Area
2460,CARNHAM,NSW,-29.050,152.590,Delivery Area
2460,CARRS CREEK,NSW,-29.050,152.590,Delivery Area
2460,CARRS ISLAND,NSW,-29.050,152.590,Delivery Area
2460,CARRS PENINSULA,NSW,,,Delivery Area
2460,CHAELUNDI,NSW,-29.050,152.590,Delivery Area
2460,CHAMBIGNE,NSW,-29.050,152.590,Delivery Area
2460,CLARENZA,NSW,-29.050,152.590,Delivery Area
2460,CLIFDEN,NSW,-29.050,152.590,Delivery Area
2460,COALDALE,NSW,-29.050,152.590,Delivery Area
2460,COLLUM COLLUM,NSW,-29.050,152.590,Delivery Area
2460,COOMBADJHA,NSW,-29.050,152.590,Delivery Area
2460,COPMANHURST,NSW,-29.050,152.590,Delivery Area
2460,COUTTS CROSSING,NSW,-29.050,152.590,Delivery Area
2460,COWPER,NSW,-29.050,152.590,Delivery Area
2460,CROWTHER ISLAND,NSW,-29.050,152.590,Delivery Area
2460,DALMORTON,NSW,-29.050,152.590,Delivery Area
2460,DEEP CREEK,NSW,-29.050,152.590,Delivery Area
2460,DILKOON,NSW,-29.050,152.590,Delivery Area
2460,DUMBUDGERY,NSW,-29.050,152.590,Delivery Area
2460,EATONSVILLE,NSW,-29.050,152.590,Delivery Area
2460,EIGHTEEN MILE,NSW,-29.050,152.590,Delivery Area
2460,ELLAND,NSW,-29.050,152.590,Delivery Area
2460,FINE FLOWER,NSW,-29.050,152.590,Delivery Area
2460,FORTIS CREEK,NSW,-29.050,152.590,Delivery Area
2460,GLENUGIE,NSW,-29.050,152.590,Delivery Area
2460,GRAFTON,NSW,-29.050,152.590,Delivery Area
2460,GREAT MARLOW,NSW,-29.050,152.590,Delivery Area
2460,GURRANANG,NSW,-29.050,152.590,Delivery Area
2460,HALFWAY CREEK,NSW,-29.050,152.590,Delivery Area
2460,HEIFER STATION,NSW,-29.050,152.590,Delivery Area
2460,JACKADGERY,NSW,-29.050,152.590,Delivery Area
2460,JUNCTION HILL,NSW,-29.050,152.590,Delivery Area
2460,KANGAROO CREEK,NSW,-29.050,152.590,Delivery Area
2460,KOOLKHAN,NSW,-29.050,152.590,Delivery Area
2460,KREMNOS,NSW,-29.050,152.590,Delivery Area
2460,KUNGALA,NSW,-29.050,152.590,Delivery Area
2460,KYARRAN,NSW,-29.050,152.590,Delivery Area
2460,LANITZA,NSW,-29.050,152.590,Delivery Area
2460,LAWRENCE,NSW,-29.050,152.590,Delivery Area
2460,LEVENSTRATH,NSW,-29.050,152.590,Delivery Area
2460,LILYDALE,NSW,-29.050,152.590,Delivery Area
2460,LIONSVILLE,NSW,-29.050,152.590,Delivery Area
2460,LOWER SOUTHGATE,NSW,-29.050,152.590,Delivery Area
2460,MALABUGILMAH,NSW,-29.050,152.590,Delivery Area
2460,MOLEVILLE CREEK,NSW,-29.050,152.590,Delivery Area
2460,MOUNTAIN VIEW,NSW,-29.050,152.590,Delivery Area
2460,MYLNEFORD,NSW,-29.050,152.590,Delivery Area
2460,NEWBOLD,NSW,-29.050,152.590,Delivery Area
2460,NYMBOIDA,NSW,-29.050,152.590,Delivery Area
2460,PULGANBAR,NSW,-29.050,152.590,Delivery Area
2460,PUNCHBOWL,NSW,-29.050,152.590,Delivery Area
2460,RAMORNIE,NSW,-29.050,152.590,Delivery Area
2460,RUSHFORTH,NSW,-29.050,152.590,Delivery Area
2460,SANDY CROSSING,NSW,-29.050,152.590,Delivery Area
2460,SEELANDS,NSW,-29.050,152.590,Delivery Area
2460,SHANNONDALE,NSW,-29.050,152.590,Delivery Area
2460,SMITHS CREEK,NSW,-29.050,152.590,Delivery Area
2460,SOUTH ARM,NSW,-29.050,152.590,Delivery Area
2460,SOUTH GRAFTON,NSW,-29.050,152.590,Delivery Area
2460,SOUTHAMPTON,NSW,-29.050,152.590,Delivery Area
2460,SOUTHGATE,NSW,-29.050,152.590,Delivery Area
2460,STOCKYARD CREEK,NSW,-29.050,152.590,Delivery Area
2460,THE PINNACLES,NSW,-29.050,152.590,Delivery Area
2460,THE WHITEMAN,NSW,-29.050,152.590,Delivery Area
2460,TOWALLUM,NSW,-29.050,152.590,Delivery Area
2460,TRENAYR,NSW,-29.050,152.590,Delivery Area
2460,TYNDALE,NSW,-29.050,152.590,Delivery Area
2460,UPPER COPMANHURST,NSW,-29.050,152.590,Delivery Area
2460,UPPER FINE FLOWER,NSW,-29.050,152.590,Delivery Area
2460,WARRAGAI CREEK,NSW,-29.050,152.590,Delivery Area
2460,WASHPOOL,NSW,-29.050,152.590,Delivery Area
2460,WATERVIEW,NSW,-29.050,152.590,Delivery Area
2460,WATERVIEW HEIGHTS,NSW,-29.050,152.590,Delivery Area
2460,WELLS CROSSING,NSW,-29.050,152.590,Delivery Area
2460,WHITEMAN CREEK,NSW,-29.050,152.590,Delivery Area
2460,WINEGROVE,NSW,-29.050,152.590,Delivery Area
2460,WOMBAT CREEK,NSW,-29.050,152.590,Delivery Area
2462,CALLIOPE,NSW,-29.620,153.070,Delivery Area
2462,COLDSTREAM,NSW,-29.620,153.070,Delivery Area
2462,DIGGERS CAMP,NSW,-29.620,153.070,Delivery Area
2462,GILLETTS RIDGE,NSW,-29.620,153.070,Delivery Area
2462,LAKE HIAWATHA,NSW,-29.620,153.070,Delivery Area
2462,LAVADIA,NSW,-29.620,153.070,Delivery Area
2462,MINNIE WATER,NSW,-29.620,153.070,Delivery Area
2462,PILLAR VALLEY,NSW,-29.620,153.070,Delivery Area
2462,SWAN CREEK,NSW,-29.620,153.070,Delivery Area
2462,TUCABIA,NSW,-29.620,153.070,Delivery Area
2462,ULMARRA,NSW,-29.620,153.070,Delivery Area
2462,WOOLI,NSW,-29.620,153.070,Delivery Area
2463,ASHBY,NSW,-29.420,153.190,Delivery Area
2463,ASHBY HEIGHTS,NSW,-29.420,153.190,Delivery Area
2463,ASHBY ISLAND,NSW,-29.420,153.190,Delivery Area
2463,BROOMS HEAD,NSW,-29.420,153.190,Delivery Area
2463,GULMARRAD,NSW,-29.420,153.190,Delivery Area
2463,ILARWILL,NSW,-29.420,153.190,Delivery Area
2463,JACKY BULBIN FLAT,NSW,-29.420,153.190,Delivery Area
2463,JAMES CREEK,NSW,-29.420,153.190,Delivery Area
2463,MACLEAN,NSW,-29.420,153.190,Delivery Area
2463,PALMERS CHANNEL,NSW,-29.420,153.190,Delivery Area
2463,PALMERS ISLAND,NSW,-29.420,153.190,Delivery Area
2463,SANDON,NSW,-29.420,153.190,Delivery Area
2463,SHARK CREEK,NSW,-29.420,153.190,Delivery Area
2463,TALOUMBI,NSW,-29.420,153.190,Delivery Area
2463,THE SANDON,NSW,-29.420,153.190,Delivery Area
2463,TOWNSEND,NSW,-29.420,153.190,Delivery Area
2463,TULLYMORGAN,NSW,-29.420,153.190,Delivery Area
2463,WOODFORD ISLAND,NSW,-29.420,153.190,Delivery Area
2464,ANGOURIE,NSW,-29.480,153.360,Delivery Area
2464,FREEBURN ISLAND,NSW,-29.480,153.360,Delivery Area
2464,MICALO ISLAND,NSW,-29.480,153.360,Delivery Area
2464,WOOLOWEYAH,NSW,-29.480,153.360,Delivery Area
2464,YAMBA,NSW,-29.480,153.360,Delivery Area
2464,YURAYGIR,NSW,-29.480,153.360,Delivery Area
2465,HARWOOD,NSW,-29.420,153.240,Delivery Area
2466,ILUKA,NSW,-29.410,153.350,Delivery Area
2466,THE FRESHWATER,NSW,-29.410,153.350,Delivery Area
2466,WOODY HEAD,NSW,-29.410,153.350,Delivery Area
2469,ALICE,NSW,-29.340,153.000,Delivery Area
2469,BEAN CREEK,NSW,-29.340,153.000,Delivery Area
2469,BINGEEBEEBRA CREEK,NSW,-29.340,153.000,Delivery Area
2469,BONALBO,NSW,-29.340,153.000,Delivery Area
2469,BOTTLE CREEK,NSW,-29.340,153.000,Delivery Area
2469,BULLDOG,NSW,-29.340,153.000,Delivery Area
2469,BUNGAWALBIN,NSW,-29.340,153.000,Delivery Area
2469,BUSBYS FLAT,NSW,-29.340,153.000,Delivery Area
2469,CAMBRIDGE PLATEAU,NSW,-29.340,153.000,Delivery Area
2469,CAMIRA,NSW,-29.340,153.000,Delivery Area
2469,CAPEEN CREEK,NSW,-29.340,153.000,Delivery Area
2469,CHATSWORTH,NSW,-29.340,153.000,Delivery Area
2469,CLEARFIELD,NSW,-29.340,153.000,Delivery Area
2469,COONGBAR,NSW,-29.340,153.000,Delivery Area
2469,CULMARAN CREEK,NSW,-29.340,153.000,Delivery Area
2469,DEEP CREEK,NSW,-29.340,153.000,Delivery Area
2469,DRAKE,NSW,-29.340,153.000,Delivery Area
2469,DRAKE VILLAGE,NSW,-29.340,153.000,Delivery Area
2469,DUCK CREEK,NSW,-29.340,153.000,Delivery Area
2469,EWINGAR,NSW,-29.340,153.000,Delivery Area
2469,GIBBERAGEE,NSW,-29.340,153.000,Delivery Area
2469,GOODWOOD ISLAND,NSW,-29.340,153.000,Delivery Area
2469,GORGE CREEK,NSW,-29.340,153.000,Delivery Area
2469,HAYSTACK,NSW,-29.340,153.000,Delivery Area
2469,HOGARTH RANGE,NSW,-29.340,153.000,Delivery Area
2469,JACKSONS FLAT,NSW,-29.340,153.000,Delivery Area
2469,JOES BOX,NSW,-29.340,153.000,Delivery Area
2469,KEYBARBIN,NSW,-29.340,153.000,Delivery Area
2469,KIPPENDUFF,NSW,-29.340,153.000,Delivery Area
2469,LOUISA CREEK,NSW,-29.340,153.000,Delivery Area
2469,LOWER BOTTLE CREEK,NSW,-29.340,153.000,Delivery Area
2469,LOWER DUCK CREEK,NSW,-29.340,153.000,Delivery Area
2469,LOWER PEACOCK,NSW,-29.340,153.000,Delivery Area
2469,MALLANGANEE,NSW,-29.340,153.000,Delivery Area
2469,MOOKIMA WYBRA,NSW,-29.340,153.000,Delivery Area
2469,MORORO,NSW,-29.340,153.000,Delivery Area
2469,MOUNT MARSH,NSW,-29.340,153.000,Delivery Area
2469,MUMMULGUM,NSW,-29.340,153.000,Delivery Area
2469,MYRTLE CREEK,NSW,-29.340,153.000,Delivery Area
2469,OLD BONALBO,NSW,-29.340,153.000,Delivery Area
2469,PADDYS FLAT,NSW,-29.340,153.000,Delivery Area
2469,PAGANS FLAT,NSW,-29.340,153.000,Delivery Area
2469,PEACOCK CREEK,NSW,-29.340,153.000,Delivery Area
2469,PIKAPENE,NSW,-29.340,153.000,Delivery Area
2469,RAPPVILLE,NSW,-29.340,153.000,Delivery Area
2469,SANDILANDS,NSW,-29.340,153.000,Delivery Area
2469,SIMPKINS CREEK,NSW,-29.340,153.000,Delivery Area
2469,SIX MILE SWAMP,NSW,-29.340,153.000,Delivery Area
2469,TABULAM,NSW,-29.340,153.000,Delivery Area
2469,THERESA CREEK,NSW,-29.340,153.000,Delivery Area
2469,TUNGLEBUNG,NSW,-29.340,153.000,Delivery Area
2469,UPPER DUCK CREEK,NSW,-29.340,153.000,Delivery Area
2469,WARREGAH ISLAND,NSW,-29.340,153.000,Delivery Area
2469,WHIPORIE,NSW,-29.340,153.000,Delivery Area
2469,WOOMBAH,NSW,-29.340,153.000,Delivery Area
2469,WYAN,NSW,-29.340,153.000,Delivery Area
2469,YABBRA,NSW,-29.340,153.000,Delivery Area
2470,BABYL CREEK,NSW,-28.730,152.800,Delivery Area
2470,BACKMEDE,NSW,-28.730,152.800,Delivery Area
2470,CASINO,NSW,-28.730,152.800,Delivery Area
2470,COOMBELL,NSW,-28.730,152.800,Delivery Area
2470,DOBIES BIGHT,NSW,-28.730,152.800,Delivery Area
2470,DOUBTFUL CREEK,NSW,-28.730,152.800,Delivery Area
2470,DYRAABA,NSW,-28.730,152.800,Delivery Area
2470,ELLANGOWAN,NSW,-28.730,152.800,Delivery Area
2470,FAIRY HILL,NSW,-28.730,152.800,Delivery Area
2470,IRVINGTON,NSW,-28.730,152.800,Delivery Area
2470,LEEVILLE,NSW,-28.730,152.800,Delivery Area
2470,LOWER DYRAABA,NSW,-28.730,152.800,Delivery Area
2470,MONGOGARIE,NSW,-28.730,152.800,Delivery Area
2470,NAUGHTONS GAP,NSW,-28.730,152.800,Delivery Area
2470,NORTH CASINO,NSW,-28.730,152.800,Delivery Area
2470,PIORA,NSW,-28.730,152.800,Delivery Area
2470,SEXTONVILLE,NSW,-28.730,152.800,Delivery Area
2470,SHANNON BROOK,NSW,-28.730,152.800,Delivery Area
2470,SPRING GROVE,NSW,-28.730,152.800,Delivery Area
2470,STRATHEDEN,NSW,-28.730,152.800,Delivery Area
2470,TOMKI,NSW,,,Delivery Area
2470,UPPER MONGOGARIE,NSW,-28.730,152.800,Delivery Area
2470,WOODVIEW,NSW,-28.730,152.800,Delivery Area
2470,WOOLNERS ARM,NSW,-28.730,152.800,Delivery Area
2470,YORKLEA,NSW,-28.730,152.800,Delivery Area
2471,BORA RIDGE,NSW,-29.050,153.230,Delivery Area
2471,CODRINGTON,NSW,-29.050,153.230,Delivery Area
2471,CORAKI,NSW,-29.050,153.230,Delivery Area
2471,EAST CORAKI,NSW,-29.050,153.230,Delivery Area
2471,GREEN FOREST,NSW,-29.050,153.230,Delivery Area
2471,GREENRIDGE,NSW,-29.050,153.230,Delivery Area
2471,NORTH WOODBURN,NSW,-29.050,153.230,Delivery Area
2471,SWAN BAY,NSW,-29.050,153.230,Delivery Area
2471,TATHAM,NSW,-29.050,153.230,Delivery Area
2471,WEST BUNGAWALBIN,NSW,,,Delivery Area
2471,WEST CORAKI,NSW,-29.050,153.230,Delivery Area
2472,BROADWATER,NSW,-29.010,153.440,Delivery Area
2472,BUCKENDOON,NSW,-29.010,153.440,Delivery Area
2472,ESK,NSW,-29.010,153.440,Delivery Area
2472,KILGIN,NSW,-29.010,153.440,Delivery Area
2472,MOONEM,NSW,-29.010,153.440,Delivery Area
2472,NEW ITALY,NSW,-29.010,153.440,Delivery Area
2472,RILEYS HILL,NSW,-29.010,153.440,Delivery Area
2472,TABBIMOBLE,NSW,-29.010,153.440,Delivery Area
2472,THE GAP,NSW,-29.010,153.440,Delivery Area
2472,TRUSTUMS HILL,NSW,-29.010,153.440,Delivery Area
2472,WOODBURN,NSW,-29.010,153.440,Delivery Area
2473,BUNDJALUNG,NSW,-29.090,153.380,Delivery Area
2473,DOONBAH,NSW,-29.090,153.380,Delivery Area
2473,EVANS HEAD,NSW,-29.090,153.380,Delivery Area
2473,IRON GATES,NSW,-29.090,153.380,Delivery Area
2473,SOUTH EVANS HEAD,NSW,-29.090,153.380,Delivery Area
2474,AFTERLEE,NSW,-28.590,152.830,Delivery Area
2474,BARKERS VALE,NSW,-28.590,152.830,Delivery Area
2474,BORDER RANGES,NSW,-28.590,152.830,Delivery Area
2474,CAWONGLA,NSW,-28.590,152.830,Delivery Area
2474,CEDAR POINT,NSW,-28.590,152.830,Delivery Area
2474,COLLINS CREEK,NSW,-28.590,152.830,Delivery Area
2474,COUGAL,NSW,-28.590,152.830,Delivery Area
2474,DAIRY FLAT,NSW,-28.590,152.830,Delivery Area
2474,EDEN CREEK,NSW,-28.590,152.830,Delivery Area
2474,EDENVILLE,NSW,-28.590,152.830,Delivery Area
2474,ETTRICK,NSW,-28.590,152.830,Delivery Area
2474,FAWCETTS PLAIN,NSW,-28.590,152.830,Delivery Area
2474,FINDON CREEK,NSW,-28.590,152.830,Delivery Area
2474,GENEVA,NSW,-28.590,152.830,Delivery Area
2474,GHINNI GHI,NSW,-28.590,152.830,Delivery Area
2474,GRADYS CREEK,NSW,-28.590,152.830,Delivery Area
2474,GREEN PIGEON,NSW,-28.590,152.830,Delivery Area
2474,GREVILLIA,NSW,-28.590,152.830,Delivery Area
2474,HOMELEIGH,NSW,-28.590,152.830,Delivery Area
2474,HORSE STATION CREEK,NSW,-28.590,152.830,Delivery Area
2474,HORSESHOE CREEK,NSW,-28.590,152.830,Delivery Area
2474,IRON POT CREEK,NSW,-28.590,152.830,Delivery Area
2474,KILGRA,NSW,-28.590,152.830,Delivery Area
2474,KYOGLE,NSW,-28.590,152.830,Delivery Area
2474,LITTLE BACK CREEK,NSW,-28.590,152.830,Delivery Area
2474,LOADSTONE,NSW,-28.590,152.830,Delivery Area
2474,LYNCHS CREEK,NSW,-28.590,152.830,Delivery Area
2474,NEW PARK,NSW,-28.590,152.830,Delivery Area
2474,OLD GREVILLIA,NSW,-28.590,152.830,Delivery Area
2474,ROSEBERRY,NSW,-28.590,152.830,Delivery Area
2474,ROSEBERRY CREEK,NSW,-28.590,152.830,Delivery Area
2474,RUKENVALE,NSW,-28.590,152.830,Delivery Area
2474,SAWPIT CREEK,NSW,-28.590,152.830,Delivery Area
2474,SHERWOOD,NSW,-28.590,152.830,Delivery Area
2474,SMITHS CREEK,NSW,-28.590,152.830,Delivery Area
2474,TERRACE CREEK,NSW,-28.590,152.830,Delivery Area
2474,THE RISK,NSW,-28.590,152.830,Delivery Area
2474,TOONUMBAR,NSW,-28.590,152.830,Delivery Area
2474,UNUMGAR,NSW,-28.590,152.830,Delivery Area
2474,UPPER EDEN CREEK,NSW,-28.590,152.830,Delivery Area
2474,UPPER HORSESHOE CREEK,NSW,-28.590,152.830,Delivery Area
2474,WADEVILLE,NSW,-28.590,152.830,Delivery Area
2474,WARRAZAMBIL CREEK,NSW,-28.590,152.830,Delivery Area
2474,WEST WIANGAREE,NSW,-28.590,152.830,Delivery Area
2474,WIANGAREE,NSW,-28.590,152.830,Delivery Area
2474,WYNEDEN,NSW,-28.590,152.830,Delivery Area
2475,TOOLOOM,NSW,-28.620,152.420,Delivery Area
2475,UPPER TOOLOOM,NSW,-28.620,152.420,Delivery Area
2475,URBENVILLE,NSW,-28.620,152.420,Delivery Area
2476,ACACIA CREEK,NSW,,,Delivery Area
2476,BOOMI CREEK,NSW,-28.370,152.320,Delivery Area
2476,BRUMBY PLAINS,NSW,-28.370,152.320,Delivery Area
2476,KOREELAH,NSW,-28.370,152.320,Delivery Area
2476,LEGUME,NSW,-28.370,152.320,Delivery Area
2476,LINDESAY CREEK,NSW,-28.370,152.320,Delivery Area
2476,LOWER ACACIA CREEK,NSW,,,Delivery Area
2476,MULI MULI,NSW,-28.370,152.320,Delivery Area
2476,THE GLEN,NSW,-28.370,152.320,Delivery Area
2476,WOODENBONG,NSW,-28.370,152.320,Delivery Area
2477,ALSTONVALE,NSW,-28.810,153.450,Delivery Area
2477,ALSTONVILLE,NSW,-28.810,153.450,Delivery Area
2477,BAGOTVILLE,NSW,-28.810,153.450,Delivery Area
2477,CABBAGE TREE ISLAND,NSW,-28.810,153.450,Delivery Area
2477,DALWOOD,NSW,-28.810,153.450,Delivery Area
2477,EAST WARDELL,NSW,-28.810,153.450,Delivery Area
2477,GOAT ISLAND,NSW,-28.810,153.450,Delivery Area
2477,LYNWOOD,NSW,-28.810,153.450,Delivery Area
2477,MEERSCHAUM VALE,NSW,-28.810,153.450,Delivery Area
2477,PEARCES CREEK,NSW,-28.810,153.450,Delivery Area
2477,ROUS,NSW,-28.810,153.450,Delivery Area
2477,ROUS MILL,NSW,-28.810,153.450,Delivery Area
2477,TUCKOMBIL,NSW,-28.810,153.450,Delivery Area
2477,URALBA,NSW,-28.810,153.450,Delivery Area
2477,WARDELL,NSW,-28.810,153.450,Delivery Area
2477,WOLLONGBAR,NSW,-28.810,153.450,Delivery Area
2478,BALLINA,NSW,-28.870,153.560,Delivery Area
2478,BALLINA DC,NSW,,,Delivery Area
2478,COOLGARDIE,NSW,-28.870,153.560,Delivery Area
2478,CUMBALUM,NSW,-28.870,153.560,Delivery Area
2478,EAST BALLINA,NSW,-28.870,153.560,Delivery Area
2478,EMPIRE VALE,NSW,-28.870,153.560,Delivery Area
2478,KEITH HALL,NSW,-28.870,153.560,Delivery Area
2478,KINVARA,NSW,,,Delivery Area
2478,LENNOX HEAD,NSW,-28.870,153.560,Delivery Area
2478,PATCHS BEACH,NSW,-28.870,153.560,Delivery Area
2478,PIMLICO,NSW,-28.870,153.560,Delivery Area
2478,PIMLICO ISLAND,NSW,-28.870,153.560,Delivery Area
2478,SKENNARS HEAD,NSW,-28.870,153.560,Delivery Area
2478,SOUTH BALLINA,NSW,-28.870,153.560,Delivery Area
2478,TEVEN,NSW,-28.870,153.560,Delivery Area
2478,TINTENBAR,NSW,-28.870,153.560,Delivery Area
2478,WEST BALLINA,NSW,-28.870,153.560,Delivery Area
2479,BANGALOW,NSW,-28.690,153.520,Delivery Area
2479,BINNA BURRA,NSW,-28.690,153.520,Delivery Area
2479,BROOKLET,NSW,-28.690,153.520,Delivery Area
2479,COOPERS SHOOT,NSW,-28.690,153.520,Delivery Area
2479,COORABELL,NSW,-28.690,153.520,Delivery Area
2479,FERNLEIGH,NSW,-28.690,153.520,Delivery Area
2479,KNOCKROW,NSW,-28.690,153.520,Delivery Area
2479,MCLEODS SHOOT,NSW,-28.690,153.520,Delivery Area
2479,NASHUA,NSW,-28.690,153.520,Delivery Area
2479,NEWRYBAR,NSW,-28.690,153.520,Delivery Area
2479,POSSUM CREEK,NSW,-28.690,153.520,Delivery Area
2480,BENTLEY,NSW,-28.610,153.040,Delivery Area
2480,BEXHILL,NSW,-28.610,153.040,Delivery Area
2480,BLAKEBROOK,NSW,-28.610,153.040,Delivery Area
2480,BLUE KNOB,NSW,-28.610,153.040,Delivery Area
2480,BOAT HARBOUR,NSW,-28.610,153.040,Delivery Area
2480,BOOERIE CREEK,NSW,-28.610,153.040,Delivery Area
2480,BOORABEE PARK,NSW,-28.610,153.040,Delivery Area
2480,BOOYONG,NSW,-28.610,153.040,Delivery Area
2480,BUNGABBEE,NSW,-28.610,153.040,Delivery Area
2480,CANIABA,NSW,-28.610,153.040,Delivery Area
2480,CHILCOTTS GRASS,NSW,-28.610,153.040,Delivery Area
2480,CLOVASS,NSW,-28.610,153.040,Delivery Area
2480,CLUNES,NSW,-28.610,153.040,Delivery Area
2480,COFFEE CAMP,NSW,-28.610,153.040,Delivery Area
2480,CORNDALE,NSW,-28.610,153.040,Delivery Area
2480,DORROUGHBY,NSW,-28.610,153.040,Delivery Area
2480,DUNGARUBBA,NSW,-28.610,153.040,Delivery Area
2480,DUNOON,NSW,-28.610,153.040,Delivery Area
2480,EAST LISMORE,NSW,-28.610,153.040,Delivery Area
2480,ELTHAM,NSW,-28.610,153.040,Delivery Area
2480,EUREKA,NSW,-28.610,153.040,Delivery Area
2480,FEDERAL,NSW,-28.610,153.040,Delivery Area
2480,FERNSIDE,NSW,-28.610,153.040,Delivery Area
2480,GEORGICA,NSW,-28.610,153.040,Delivery Area
2480,GIRARDS HILL,NSW,-28.610,153.040,Delivery Area
2480,GOOLMANGAR,NSW,-28.610,153.040,Delivery Area
2480,GOONELLABAH,NSW,-28.610,153.040,Delivery Area
2480,HOWARDS GRASS,NSW,-28.610,153.040,Delivery Area
2480,JIGGI,NSW,-28.610,153.040,Delivery Area
2480,KEERRONG,NSW,-28.610,153.040,Delivery Area
2480,KOONORIGAN,NSW,-28.610,153.040,Delivery Area
2480,LAGOON GRASS,NSW,-28.610,153.040,Delivery Area
2480,LARNOOK,NSW,-28.610,153.040,Delivery Area
2480,LEYCESTER,NSW,-28.610,153.040,Delivery Area
2480,LILLIAN ROCK,NSW,-28.610,153.040,Delivery Area
2480,LINDENDALE,NSW,-28.610,153.040,Delivery Area
2480,LISMORE,NSW,-28.610,153.040,Delivery Area
2480,LISMORE DC,NSW,,,Delivery Area
2480,LISMORE HEIGHTS,NSW,-28.610,153.040,Delivery Area
2480,LOFTVILLE,NSW,-28.610,153.040,Delivery Area
2480,MAROM CREEK,NSW,-28.610,153.040,Delivery Area
2480,MCKEES HILL,NSW,-28.610,153.040,Delivery Area
2480,MCLEANS RIDGES,NSW,-28.610,153.040,Delivery Area
2480,MODANVILLE,NSW,-28.610,153.040,Delivery Area
2480,MONALTRIE,NSW,-28.610,153.040,Delivery Area
2480,MOUNTAIN TOP,NSW,-28.610,153.040,Delivery Area
2480,NIGHTCAP,NSW,-28.610,153.040,Delivery Area
2480,NIMBIN,NSW,-28.610,153.040,Delivery Area
2480,NORTH LISMORE,NSW,-28.610,153.040,Delivery Area
2480,NUMULGI,NSW,-28.610,153.040,Delivery Area
2480,REPENTANCE CREEK,NSW,-28.610,153.040,Delivery Area
2480,RICHMOND HILL,NSW,-28.610,153.040,Delivery Area
2480,ROCK VALLEY,NSW,-28.610,153.040,Delivery Area
2480,ROSEBANK,NSW,-28.610,153.040,Delivery Area
2480,RUTHVEN,NSW,-28.610,153.040,Delivery Area
2480,SOUTH GUNDURIMBA,NSW,-28.610,153.040,Delivery Area
2480,SOUTH LISMORE,NSW,-28.610,153.040,Delivery Area
2480,STONY CHUTE,NSW,-28.610,153.040,Delivery Area
2480,TERANIA CREEK,NSW,-28.610,153.040,Delivery Area
2480,THE CHANNON,NSW,-28.610,153.040,Delivery Area
2480,TREGEAGLE,NSW,-28.610,153.040,Delivery Area
2480,TUCKI TUCKI,NSW,-28.610,153.040,Delivery Area
2480,TUCKURIMBA,NSW,-28.610,153.040,Delivery Area
2480,TULLERA,NSW,-28.610,153.040,Delivery Area
2480,TUNCESTER,NSW,-28.610,153.040,Delivery Area
2480,TUNTABLE CREEK,NSW,-28.610,153.040,Delivery Area
2480,WHIAN WHIAN,NSW,-28.610,153.040,Delivery Area
2480,WOODLAWN,NSW,-28.610,153.040,Delivery Area
2480,WYRALLAH,NSW,-28.610,153.040,Delivery Area
2481,BROKEN HEAD,NSW,-28.720,153.590,Delivery Area
2481,BYRON BAY,NSW,-28.720,153.590,Delivery Area
2481,EWINGSDALE,NSW,-28.720,153.590,Delivery Area
2481,HAYTERS HILL,NSW,-28.720,153.590,Delivery Area
2481,MYOCUM,NSW,-28.720,153.590,Delivery Area
2481,SKINNERS SHOOT,NSW,-28.720,153.590,Delivery Area
2481,SUFFOLK PARK,NSW,-28.720,153.590,Delivery Area
2481,TALOFA,NSW,-28.720,153.590,Delivery Area
2481,TYAGARAH,NSW,-28.720,153.590,Delivery Area
2482,GOONENGERRY,NSW,-28.610,153.440,Delivery Area
2482,HUONBROOK,NSW,-28.610,153.440,Delivery Area
2482,KOONYUM RANGE,NSW,-28.610,153.440,Delivery Area
2482,MAIN ARM,NSW,-28.610,153.440,Delivery Area
2482,MONTECOLLUM,NSW,-28.610,153.440,Delivery Area
2482,MULLUMBIMBY,NSW,-28.610,153.440,Delivery Area
2482,MULLUMBIMBY CREEK,NSW,-28.610,153.440,Delivery Area
2482,PALMWOODS,NSW,-28.610,153.440,Delivery Area
2482,UPPER COOPERS CREEK,NSW,-28.610,153.440,Delivery Area
2482,UPPER MAIN ARM,NSW,-28.610,153.440,Delivery Area
2482,UPPER WILSONS CREEK,NSW,-28.610,153.440,Delivery Area
2482,WANGANUI,NSW,-28.610,153.440,Delivery Area
2482,WILSONS CREEK,NSW,-28.610,153.440,Delivery Area
2483,BILLINUDGEL,NSW,-28.500,153.530,Delivery Area
2483,BRUNSWICK HEADS,NSW,-28.500,153.530,Delivery Area
2483,BURRINGBAR,NSW,-28.500,153.530,Delivery Area
2483,CRABBES CREEK,NSW,-28.500,153.530,Delivery Area
2483,MIDDLE POCKET,NSW,-28.500,153.530,Delivery Area
2483,MOOBALL,NSW,-28.500,153.530,Delivery Area
2483,NEW BRIGHTON,NSW,-28.500,153.530,Delivery Area
2483,OCEAN SHORES,NSW,-28.500,153.530,Delivery Area
2483,SLEEPY HOLLOW,NSW,-28.500,153.530,Delivery Area
2483,SOUTH GOLDEN BEACH,NSW,-28.500,153.530,Delivery Area
2483,THE POCKET,NSW,-28.500,153.530,Delivery Area
2483,UPPER BURRINGBAR,NSW,-28.500,153.530,Delivery Area
2483,WOOYUNG,NSW,-28.500,153.530,Delivery Area
2483,YELGUN,NSW,-28.500,153.530,Delivery Area
2484,BACK CREEK,NSW,-28.400,153.170,Delivery Area
2484,BRAY PARK,NSW,-28.400,153.170,Delivery Area
2484,BRAYS CREEK,NSW,-28.400,153.170,Delivery Area
2484,BYANGUM,NSW,-28.400,153.170,Delivery Area
2484,BYRRILL CREEK,NSW,-28.400,153.170,Delivery Area
2484,CEDAR CREEK,NSW,-28.400,153.170,Delivery Area
2484,CHILLINGHAM,NSW,-28.400,153.170,Delivery Area
2484,CHOWAN CREEK,NSW,-28.400,153.170,Delivery Area
2484,CLOTHIERS CREEK,NSW,-28.400,153.170,Delivery Area
2484,COMMISSIONERS CREEK,NSW,-28.400,153.170,Delivery Area
2484,CONDONG,NSW,-28.400,153.170,Delivery Area
2484,CRYSTAL CREEK,NSW,-28.400,153.170,Delivery Area
2484,CUDGERA CREEK,NSW,-28.400,153.170,Delivery Area
2484,DOON DOON,NSW,-28.400,153.170,Delivery Area
2484,DULGUIGAN,NSW,-28.400,153.170,Delivery Area
2484,DUM DUM,NSW,-28.400,153.170,Delivery Area
2484,DUNBIBLE,NSW,-28.400,153.170,Delivery Area
2484,DUNGAY,NSW,-28.400,153.170,Delivery Area
2484,EUNGELLA,NSW,-28.400,153.170,Delivery Area
2484,EVIRON,NSW,-28.400,153.170,Delivery Area
2484,FARRANTS HILL,NSW,-28.400,153.170,Delivery Area
2484,FERNVALE,NSW,-28.400,153.170,Delivery Area
2484,HOPKINS CREEK,NSW,-28.400,153.170,Delivery Area
2484,KIELVALE,NSW,-28.400,153.170,Delivery Area
2484,KUNGHUR,NSW,-28.400,153.170,Delivery Area
2484,KUNGHUR CREEK,NSW,-28.400,153.170,Delivery Area
2484,KYNNUMBOON,NSW,-28.400,153.170,Delivery Area
2484,LIMPINWOOD,NSW,-28.400,153.170,Delivery Area
2484,MEBBIN,NSW,-28.400,153.170,Delivery Area
2484,MIDGINBIL,NSW,-28.400,153.170,Delivery Area
2484,MOUNT BURRELL,NSW,-28.400,153.170,Delivery Area
2484,MOUNT WARNING,NSW,-28.400,153.170,Delivery Area
2484,MURWILLUMBAH,NSW,-28.400,153.170,Delivery Area
2484,MURWILLUMBAH DC,NSW,,,Delivery Area
2484,MURWILLUMBAH SOUTH,NSW,-28.400,153.170,Delivery Area
2484,NOBBYS CREEK,NSW,-28.400,153.170,Delivery Area
2484,NORTH ARM,NSW,-28.400,153.170,Delivery Area
2484,NUMINBAH,NSW,-28.400,153.170,Delivery Area
2484,NUNDERI,NSW,-28.400,153.170,Delivery Area
2484,PALMVALE,NSW,-28.400,153.170,Delivery Area
2484,PUMPENBIL,NSW,-28.400,153.170,Delivery Area
2484,RESERVE CREEK,NSW,-28.400,153.170,Delivery Area
2484,ROUND MOUNTAIN,NSW,-28.400,153.170,Delivery Area
2484,ROWLANDS CREEK,NSW,-28.400,153.170,Delivery Area
2484,SMITHS CREEK,NSW,-28.400,153.170,Delivery Area
2484,SOUTH MURWILLUMBAH,NSW,-28.400,153.170,Delivery Area
2484,STOKERS SIDING,NSW,-28.400,153.170,Delivery Area
2484,TERRAGON,NSW,-28.400,153.170,Delivery Area
2484,TOMEWIN,NSW,-28.400,153.170,Delivery Area
2484,TYALGUM,NSW,-28.400,153.170,Delivery Area
2484,TYALGUM CREEK,NSW,-28.400,153.170,Delivery Area
2484,TYGALGAH,NSW,-28.400,153.170,Delivery Area
2484,UKI,NSW,-28.400,153.170,Delivery Area
2484,UPPER CRYSTAL CREEK,NSW,-28.400,153.170,Delivery Area
2484,URLIUP,NSW,-28.400,153.170,Delivery Area
2484,WARDROP VALLEY,NSW,-28.400,153.170,Delivery Area
2484,ZARA,NSW,-28.400,153.170,Delivery Area
2485,TWEED HEADS,NSW,-28.180,153.540,Delivery Area
2485,TWEED HEADS WEST,NSW,-28.180,153.540,Delivery Area
2486,BANORA POINT,NSW,-28.210,153.540,Delivery Area
2486,BILAMBIL,NSW,-28.210,153.540,Delivery Area
2486,BILAMBIL HEIGHTS,NSW,-28.210,153.540,Delivery Area
2486,BUNGALORA,NSW,-28.210,153.540,Delivery Area
2486,CAROOL,NSW,-28.210,153.540,Delivery Area
2486,COBAKI,NSW,-28.210,153.540,Delivery Area
2486,COBAKI LAKES,NSW,-28.210,153.540,Delivery Area
2486,DUROBY,NSW,-28.210,153.540,Delivery Area
2486,GLENGARRIE,NSW,-28.210,153.540,Delivery Area
2486,PIGGABEEN,NSW,-28.210,153.540,Delivery Area
2486,TERRANORA,NSW,-28.210,153.540,Delivery Area
2486,TWEED HEADS SOUTH,NSW,-28.210,153.540,Delivery Area
2486,UPPER DUROBY,NSW,-28.210,153.540,Delivery Area
2487,CASUARINA,NSW,-28.300,153.570,Delivery Area
2487,CHINDERAH,NSW,-28.300,153.570,Delivery Area
2487,CUDGEN,NSW,-28.300,153.570,Delivery Area
2487,DURANBAH,NSW,-28.300,153.570,Delivery Area
2487,FINGAL HEAD,NSW,-28.300,153.570,Delivery Area
2487,KINGS FOREST,NSW,-28.300,153.570,Delivery Area
2487,KINGSCLIFF,NSW,-28.300,153.570,Delivery Area
2487,STOTTS CREEK,NSW,-28.300,153.570,Delivery Area
2488,BOGANGAR,NSW,-28.330,153.540,Delivery Area
2488,CABARITA BEACH,NSW,-28.330,153.540,Delivery Area
2488,TANGLEWOOD,NSW,-28.330,153.540,Delivery Area
2489,HASTINGS POINT,NSW,-28.360,153.580,Delivery Area
2489,POTTSVILLE,NSW,-28.360,153.580,Delivery Area
2489,POTTSVILLE BEACH,NSW,-28.360,153.580,Delivery Area
2490,NORTH TUMBULGUM,NSW,-28.270,153.470,Delivery Area
2490,TUMBULGUM,NSW,-28.270,153.470,Delivery Area
2500,CONISTON,NSW,-34.440,150.890,Delivery Area
2500,GWYNNEVILLE,NSW,-34.440,150.890,Delivery Area
2500,KEIRAVILLE,NSW,-34.440,150.890,Delivery Area
2500,MANGERTON,NSW,-34.440,150.890,Delivery Area
2500,MOUNT KEIRA,NSW,-34.440,150.890,Delivery Area
2500,MOUNT SAINT THOMAS,NSW,-34.440,150.890,Delivery Area
2500,NORTH WOLLONGONG,NSW,-34.440,150.890,Delivery Area
2500,SPRING HILL,NSW,-34.440,150.890,Delivery Area
2500,WEST WOLLONGONG,NSW,-34.440,150.890,Delivery Area
2500,WOLLONGONG,NSW,-34.440,150.890,Delivery Area
2500,WOLLONGONG DC,NSW,-34.440,150.890,Delivery Area
2500,WOLLONGONG WEST,NSW,-34.440,150.890,Delivery Area
2502,CRINGILA,NSW,-34.470,150.870,Delivery Area
2502,LAKE HEIGHTS,NSW,-34.470,150.870,Delivery Area
2502,PRIMBEE,NSW,-34.470,150.870,Delivery Area
2502,WARRAWONG,NSW,-34.470,150.870,Delivery Area
2505,PORT KEMBLA,NSW,-34.490,150.890,Delivery Area
2506,BERKELEY,NSW,-34.480,150.840,Delivery Area
2508,COALCLIFF,NSW,-34.240,150.980,Delivery Area
2508,DARKES FOREST,NSW,-34.240,150.980,Delivery Area
2508,HELENSBURGH,NSW,-34.240,150.980,Delivery Area
2508,LILYVALE,NSW,-34.240,150.980,Delivery Area
2508,MADDENS PLAINS,NSW,-34.240,150.980,Delivery Area
2508,OTFORD,NSW,-34.240,150.980,Delivery Area
2508,STANWELL PARK,NSW,-34.240,150.980,Delivery Area
2508,STANWELL TOPS,NSW,-34.240,150.980,Delivery Area
2508,WORONORA DAM,NSW,-34.240,150.980,Delivery Area
2515,AUSTINMER,NSW,-34.310,150.930,Delivery Area
2515,CLIFTON,NSW,-34.310,150.930,Delivery Area
2515,COLEDALE,NSW,-34.310,150.930,Delivery Area
2515,SCARBOROUGH,NSW,-34.310,150.930,Delivery Area
2515,THIRROUL,NSW,-34.310,150.930,Delivery Area
2515,WOMBARRA,NSW,-34.310,150.930,Delivery Area
2516,BULLI,NSW,-34.330,150.910,Delivery Area
2517,RUSSELL VALE,NSW,-34.360,150.900,Delivery Area
2517,WOONONA,NSW,-34.360,150.900,Delivery Area
2517,WOONONA EAST,NSW,-34.360,150.900,Delivery Area
2518,BELLAMBI,NSW,-34.370,150.910,Delivery Area
2518,CORRIMAL,NSW,-34.370,150.910,Delivery Area
2518,CORRIMAL EAST,NSW,-34.370,150.910,Delivery Area
2518,EAST CORRIMAL,NSW,-34.370,150.910,Delivery Area
2518,TARRAWANNA,NSW,-34.370,150.910,Delivery Area
2518,TOWRADGI,NSW,-34.370,150.910,Delivery Area
2519,BALGOWNIE,NSW,-34.390,150.880,Delivery Area
2519,FAIRY MEADOW,NSW,-34.390,150.880,Delivery Area
2519,FERNHILL,NSW,-34.390,150.880,Delivery Area
2519,MOUNT OUSLEY,NSW,-34.390,150.880,Delivery Area
2519,MOUNT PLEASANT,NSW,-34.390,150.880,Delivery Area
2520,WOLLONGONG,NSW,-33.940,151.140,Post Office Boxes
2525,FIGTREE,NSW,-34.440,150.860,Delivery Area
2526,CORDEAUX,NSW,-34.380,150.780,Delivery Area
2526,CORDEAUX HEIGHTS,NSW,-34.380,150.780,Delivery Area
2526,FARMBOROUGH HEIGHTS,NSW,-34.380,150.780,Delivery Area
2526,KEMBLA GRANGE,NSW,-34.380,150.780,Delivery Area
2526,KEMBLA HEIGHTS,NSW,-34.380,150.780,Delivery Area
2526,MOUNT KEMBLA,NSW,-34.380,150.780,Delivery Area
2526,STREAM HILL,NSW,,,Delivery Area
2526,UNANDERRA,NSW,-34.380,150.780,Delivery Area
2527,ALBION PARK,NSW,-34.570,150.780,Delivery Area
2527,ALBION PARK RAIL,NSW,-34.570,150.780,Delivery Area
2527,CALDERWOOD,NSW,-34.570,150.780,Delivery Area
2527,CROOM,NSW,-34.570,150.780,Delivery Area
2527,TONGARRA,NSW,-34.570,150.780,Delivery Area
2527,TULLIMBAR,NSW,-34.570,150.780,Delivery Area
2527,YELLOW ROCK RIDGE,NSW,,,Delivery Area
2528,BARRACK HEIGHTS,NSW,-34.570,150.860,Delivery Area
2528,BARRACK POINT,NSW,-34.570,150.860,Delivery Area
2528,LAKE ILLAWARRA,NSW,-34.570,150.860,Delivery Area
2528,MOUNT WARRIGAL,NSW,-34.570,150.860,Delivery Area
2528,WARILLA,NSW,-34.570,150.860,Delivery Area
2528,WINDANG,NSW,-34.570,150.860,Delivery Area
2529,BLACKBUTT,NSW,-34.570,150.830,Delivery Area
2529,DUNMORE,NSW,-34.570,150.830,Delivery Area
2529,FLINDERS,NSW,-34.570,150.830,Delivery Area
2529,OAK FLATS,NSW,-34.570,150.830,Delivery Area
2529,SHELL COVE,NSW,-34.570,150.830,Delivery Area
2529,SHELLHARBOUR,NSW,-34.570,150.830,Delivery Area
2529,SHELLHARBOUR CITY CENTRE,NSW,-34.570,150.830,Delivery Area
2530,AVONDALE,NSW,-34.510,150.730,Delivery Area
2530,BROWNSVILLE,NSW,-34.510,150.730,Delivery Area
2530,CLEVELAND,NSW,-34.510,150.730,Delivery Area
2530,DAPTO,NSW,-34.510,150.730,Delivery Area
2530,DOMBARTON,NSW,,,Delivery Area
2530,HAYWARDS BAY,NSW,-34.510,150.730,Delivery Area
2530,HORSLEY,NSW,-34.510,150.730,Delivery Area
2530,HUNTLEY,NSW,-34.510,150.730,Delivery Area
2530,KANAHOOKA,NSW,-34.510,150.730,Delivery Area
2530,KOONAWARRA,NSW,-34.510,150.730,Delivery Area
2530,MARSHALL MOUNT,NSW,-34.510,150.730,Delivery Area
2530,WONGAWILLI,NSW,-34.510,150.730,Delivery Area
2530,YALLAH,NSW,-34.510,150.730,Delivery Area
2533,BOMBO,NSW,-34.660,150.850,Delivery Area
2533,CURRAMORE,NSW,-34.660,150.850,Delivery Area
2533,JAMBEROO,NSW,-34.660,150.850,Delivery Area
2533,JERRARA,NSW,-34.660,150.850,Delivery Area
2533,KIAMA,NSW,-34.660,150.850,Delivery Area
2533,KIAMA DOWNS,NSW,-34.660,150.850,Delivery Area
2533,KIAMA HEIGHTS,NSW,-34.660,150.850,Delivery Area
2533,MINNAMURRA,NSW,-34.660,150.850,Delivery Area
2533,SADDLEBACK MOUNTAIN,NSW,-34.660,150.850,Delivery Area
2534,BROUGHTON VILLAGE,NSW,-34.730,150.770,Delivery Area
2534,FOXGROUND,NSW,-34.730,150.770,Delivery Area
2534,GERRINGONG,NSW,-34.730,150.770,Delivery Area
2534,GERROA,NSW,-34.730,150.770,Delivery Area
2534,ROSE VALLEY,NSW,-34.730,150.770,Delivery Area
2534,TOOLIJOOA,NSW,-34.730,150.770,Delivery Area
2534,WERRI BEACH,NSW,-34.730,150.770,Delivery Area
2534,WILLOW VALE,NSW,-34.730,150.770,Delivery Area
2535,BACK FOREST,NSW,-34.850,150.680,Delivery Area
2535,BELLAWONGARAH,NSW,-34.850,150.680,Delivery Area
2535,BERRY,NSW,-34.850,150.680,Delivery Area
2535,BERRY MOUNTAIN,NSW,-34.850,150.680,Delivery Area
2535,BROGERS CREEK,NSW,-34.850,150.680,Delivery Area
2535,BROUGHTON,NSW,-34.850,150.680,Delivery Area
2535,BROUGHTON VALE,NSW,-34.850,150.680,Delivery Area
2535,BUDDEROO,NSW,-34.850,150.680,Delivery Area
2535,BUNDEWALLAH,NSW,-34.850,150.680,Delivery Area
2535,COOLANGATTA,NSW,-34.850,150.680,Delivery Area
2535,FAR MEADOW,NSW,-34.850,150.680,Delivery Area
2535,JASPERS BRUSH,NSW,-34.850,150.680,Delivery Area
2535,SHOALHAVEN HEADS,NSW,-34.850,150.680,Delivery Area
2535,WATTAMOLLA,NSW,-34.850,150.680,Delivery Area
2535,WOODHILL,NSW,-34.850,150.680,Delivery Area
2536,BATEHAVEN,NSW,-35.730,150.200,Delivery Area
2536,BATEMANS BAY,NSW,-35.730,150.200,Delivery Area
2536,BENANDARAH,NSW,-35.730,150.200,Delivery Area
2536,BIMBIMBIE,NSW,-35.730,150.200,Delivery Area
2536,BUCKENBOWRA,NSW,-35.730,150.200,Delivery Area
2536,CATALINA,NSW,-35.730,150.200,Delivery Area
2536,CURROWAN,NSW,-35.730,150.200,Delivery Area
2536,DENHAMS BEACH,NSW,-35.730,150.200,Delivery Area
2536,DEPOT BEACH,NSW,-35.730,150.200,Delivery Area
2536,DURRAS NORTH,NSW,-35.730,150.200,Delivery Area
2536,EAST LYNNE,NSW,-35.730,150.200,Delivery Area
2536,GUERILLA BAY,NSW,-35.730,150.200,Delivery Area
2536,JEREMADRA,NSW,-35.730,150.200,Delivery Area
2536,LILLI PILLI,NSW,-35.730,150.200,Delivery Area
2536,LONG BEACH,NSW,-35.730,150.200,Delivery Area
2536,MALONEYS BEACH,NSW,-35.730,150.200,Delivery Area
2536,MALUA BAY,NSW,-35.730,150.200,Delivery Area
2536,MOGO,NSW,-35.730,150.200,Delivery Area
2536,NELLIGEN,NSW,-35.730,150.200,Delivery Area
2536,NORTH BATEMANS BAY,NSW,-35.730,150.200,Delivery Area
2536,PEBBLY BEACH,NSW,-35.730,150.200,Delivery Area
2536,ROSEDALE,NSW,-35.730,150.200,Delivery Area
2536,RUNNYFORD,NSW,-35.730,150.200,Delivery Area
2536,SOUTH DURRAS,NSW,-35.730,150.200,Delivery Area
2536,SUNSHINE BAY,NSW,-35.730,150.200,Delivery Area
2536,SURF BEACH,NSW,-35.730,150.200,Delivery Area
2536,SURFSIDE,NSW,-35.730,150.200,Delivery Area
2536,WOODLANDS,NSW,-35.730,150.200,Delivery Area
2537,BERGALIA,NSW,-35.980,150.110,Delivery Area
2537,BINGIE,NSW,-35.980,150.110,Delivery Area
2537,BROULEE,NSW,-35.980,150.110,Delivery Area
2537,COILA,NSW,-35.980,150.110,Delivery Area
2537,CONGO,NSW,-35.980,150.110,Delivery Area
2537,DEUA,NSW,-35.980,150.110,Delivery Area
2537,DEUA RIVER VALLEY,NSW,-35.980,150.110,Delivery Area
2537,KIORA,NSW,-35.980,150.110,Delivery Area
2537,MERINGO,NSW,-35.980,150.110,Delivery Area
2537,MOGENDOURA,NSW,-35.980,150.110,Delivery Area
2537,MORUYA,NSW,-35.980,150.110,Delivery Area
2537,MORUYA HEADS,NSW,-35.980,150.110,Delivery Area
2537,MOSSY POINT,NSW,-35.980,150.110,Delivery Area
2537,TOMAKIN,NSW,-35.980,150.110,Delivery Area
2537,TURLINJAH,NSW,-35.980,150.110,Delivery Area
2537,TUROSS HEAD,NSW,-35.980,150.110,Delivery Area
2537,WAMBAN,NSW,-35.980,150.110,Delivery Area
2538,BROOMAN,NSW,-35.490,150.230,Delivery Area
2538,LITTLE FOREST,NSW,-35.490,150.230,Delivery Area
2538,MILTON,NSW,-35.490,150.230,Delivery Area
2538,MOGOOD,NSW,-35.490,150.230,Delivery Area
2538,MORTON,NSW,-35.490,150.230,Delivery Area
2538,PORTERS CREEK,NSW,-35.490,150.230,Delivery Area
2538,WOODBURN,NSW,-35.490,150.230,Delivery Area
2538,WOODSTOCK,NSW,-35.490,150.230,Delivery Area
2539,BAWLEY POINT,NSW,-35.520,150.390,Delivery Area
2539,BENDALONG,NSW,-35.520,150.390,Delivery Area
2539,BERRINGER LAKE,NSW,-35.520,150.390,Delivery Area
2539,BURRILL LAKE,NSW,-35.520,150.390,Delivery Area
2539,COCKWHY,NSW,-35.520,150.390,Delivery Area
2539,CONJOLA,NSW,-35.520,150.390,Delivery Area
2539,CONJOLA PARK,NSW,-35.520,150.390,Delivery Area
2539,CROOBYAR,NSW,-35.520,150.390,Delivery Area
2539,CUNJURONG POINT,NSW,-35.520,150.390,Delivery Area
2539,DOLPHIN POINT,NSW,-35.520,150.390,Delivery Area
2539,FISHERMANS PARADISE,NSW,-35.520,150.390,Delivery Area
2539,KINGS POINT,NSW,-35.520,150.390,Delivery Area
2539,KIOLOA,NSW,-35.520,150.390,Delivery Area
2539,LAKE CONJOLA,NSW,-35.520,150.390,Delivery Area
2539,LAKE TABOURIE,NSW,-35.520,150.390,Delivery Area
2539,MANYANA,NSW,-35.520,150.390,Delivery Area
2539,MOLLYMOOK,NSW,-35.520,150.390,Delivery Area
2539,MOLLYMOOK BEACH,NSW,-35.520,150.390,Delivery Area
2539,MOUNT KINGIMAN,NSW,-35.520,150.390,Delivery Area
2539,NARRAWALLEE,NSW,-35.520,150.390,Delivery Area
2539,POINTER MOUNTAIN,NSW,-35.520,150.390,Delivery Area
2539,PRETTY BEACH,NSW,-35.520,150.390,Delivery Area
2539,TERMEIL,NSW,-35.520,150.390,Delivery Area
2539,ULLADULLA,NSW,-35.520,150.390,Delivery Area
2539,YADBORO,NSW,-35.520,150.390,Delivery Area
2539,YATTE YATTAH,NSW,-35.520,150.390,Delivery Area
2540,BADAGARANG,NSW,,,Delivery Area
2540,BAMARANG,NSW,-34.890,150.530,Delivery Area
2540,BARRINGELLA,NSW,-34.890,150.530,Delivery Area
2540,BASIN VIEW,NSW,-34.890,150.530,Delivery Area
2540,BEECROFT PENINSULA,NSW,-34.890,150.530,Delivery Area
2540,BERRARA,NSW,-34.890,150.530,Delivery Area
2540,BEWONG,NSW,-34.890,150.530,Delivery Area
2540,BOLONG,NSW,-34.890,150.530,Delivery Area
2540,BOOLIJAH,NSW,-34.890,150.530,Delivery Area
2540,BREAM BEACH,NSW,-34.890,150.530,Delivery Area
2540,BROWNS MOUNTAIN,NSW,-34.890,150.530,Delivery Area
2540,BRUNDEE,NSW,-34.890,150.530,Delivery Area
2540,BUANGLA,NSW,-34.890,150.530,Delivery Area
2540,BURRIER,NSW,-34.890,150.530,Delivery Area
2540,CALLALA BAY,NSW,-34.890,150.530,Delivery Area
2540,CALLALA BEACH,NSW,-34.890,150.530,Delivery Area
2540,CAMBEWARRA,NSW,-34.890,150.530,Delivery Area
2540,CAMBEWARRA VILLAGE,NSW,-34.890,150.530,Delivery Area
2540,COMBERTON,NSW,-34.890,150.530,Delivery Area
2540,COMERONG ISLAND,NSW,-34.890,150.530,Delivery Area
2540,CUDMIRRAH,NSW,-34.890,150.530,Delivery Area
2540,CULBURRA BEACH,NSW,-34.890,150.530,Delivery Area
2540,CURRARONG,NSW,-34.890,150.530,Delivery Area
2540,EROWAL BAY,NSW,-34.890,150.530,Delivery Area
2540,ETTREMA,NSW,-34.890,150.530,Delivery Area
2540,FALLS CREEK,NSW,-34.890,150.530,Delivery Area
2540,GREENWELL POINT,NSW,-34.890,150.530,Delivery Area
2540,HMAS ALBATROSS,NSW,-34.890,150.530,Delivery Area
2540,HMAS CRESWELL,ACT,-34.890,150.530,Delivery Area
2540,HUSKISSON,NSW,-34.890,150.530,Delivery Area
2540,HYAMS BEACH,NSW,-34.890,150.530,Delivery Area
2540,ILLAROO,NSW,-34.890,150.530,Delivery Area
2540,JERRAWANGALA,NSW,-34.890,150.530,Delivery Area
2540,JERVIS BAY,ACT,-34.890,150.530,Delivery Area
2540,KINGHORNE,NSW,-34.890,150.530,Delivery Area
2540,LONGREACH,NSW,-34.890,150.530,Delivery Area
2540,MAYFIELD,NSW,-34.890,150.530,Delivery Area
2540,MEROO MEADOW,NSW,-34.890,150.530,Delivery Area
2540,MONDAYONG,NSW,-34.890,150.530,Delivery Area
2540,MOOLLATTOO,NSW,-34.890,150.530,Delivery Area
2540,MUNDAMIA,NSW,-34.890,150.530,Delivery Area
2540,MYOLA,NSW,-34.890,150.530,Delivery Area
2540,NOWRA HILL,NSW,-34.890,150.530,Delivery Area
2540,NOWRA NAVAL PO,NSW,-34.890,150.530,Delivery Area
2540,NUMBAA,NSW,-34.890,150.530,Delivery Area
2540,OLD EROWAL BAY,NSW,-34.890,150.530,Delivery Area
2540,ORIENT POINT,NSW,-34.890,150.530,Delivery Area
2540,PARMA,NSW,-34.890,150.530,Delivery Area
2540,PYREE,NSW,-34.890,150.530,Delivery Area
2540,SANCTUARY POINT,NSW,-34.890,150.530,Delivery Area
2540,ST GEORGES BASIN,NSW,-34.890,150.530,Delivery Area
2540,SUSSEX INLET,NSW,-34.890,150.530,Delivery Area
2540,SWANHAVEN,NSW,-34.890,150.530,Delivery Area
2540,TALLOWAL,NSW,-34.890,150.530,Delivery Area
2540,TAPITALLEE,NSW,-34.890,150.530,Delivery Area
2540,TERARA,NSW,-34.890,150.530,Delivery Area
2540,TOMERONG,NSW,-34.890,150.530,Delivery Area
2540,TULLARWALLA,NSW,-34.890,150.530,Delivery Area
2540,TWELVE MILE PEG,NSW,-34.890,150.530,Delivery Area
2540,VINCENTIA,NSW,-34.890,150.530,Delivery Area
2540,WANDANDIAN,NSW,-34.890,150.530,Delivery Area
2540,WATERSLEIGH,NSW,-34.890,150.530,Delivery Area
2540,WOLLUMBOOLA,NSW,-34.890,150.530,Delivery Area
2540,WOOLLAMIA,NSW,-34.890,150.530,Delivery Area
2540,WORRIGEE,NSW,-34.890,150.530,Delivery Area
2540,WORROWING HEIGHTS,NSW,-34.890,150.530,Delivery Area
2540,WRECK BAY,ACT,,,Delivery Area
2540,WRIGHTS BEACH,NSW,-34.890,150.530,Delivery Area
2540,YALWAL,NSW,-34.890,150.530,Delivery Area
2540,YERRIYONG,NSW,-34.890,150.530,Delivery Area
2541,BANGALEE,NSW,-34.840,150.570,Delivery Area
2541,BOMADERRY,NSW,-34.840,150.570,Delivery Area
2541,NORTH NOWRA,NSW,-34.840,150.570,Delivery Area
2541,NOWRA,NSW,-34.840,150.570,Delivery Area
2541,NOWRA DC,NSW,-34.840,150.570,Delivery Area
2541,NOWRA EAST,NSW,-34.840,150.570,Delivery Area
2541,SOUTH NOWRA,NSW,-34.840,150.570,Delivery Area
2541,WEST NOWRA,NSW,-34.840,150.570,Delivery Area
2545,BELOWRA,NSW,-36.150,149.710,Delivery Area
2545,BODALLA,NSW,-36.150,149.710,Delivery Area
2545,CADGEE,NSW,-36.150,149.710,Delivery Area
2545,EUROBODALLA,NSW,-36.150,149.710,Delivery Area
2545,NERRIGUNDAH,NSW,-36.150,149.710,Delivery Area
2545,POTATO POINT,NSW,-36.150,149.710,Delivery Area
2546,AKOLELE,NSW,-36.360,150.080,Delivery Area
2546,BARRAGGA BAY,NSW,-36.360,150.080,Delivery Area
2546,BERMAGUI,NSW,-36.360,150.080,Delivery Area
2546,CENTRAL TILBA,NSW,-36.360,150.080,Delivery Area
2546,CORUNNA,NSW,-36.360,150.080,Delivery Area
2546,CUTTAGEE,NSW,-36.360,150.080,Delivery Area
2546,DALMENY,NSW,-36.360,150.080,Delivery Area
2546,DIGNAMS CREEK,NSW,-36.360,150.080,Delivery Area
2546,KIANGA,NSW,-36.360,150.080,Delivery Area
2546,MURRAH,NSW,-36.360,150.080,Delivery Area
2546,MYSTERY BAY,NSW,-36.360,150.080,Delivery Area
2546,NAROOMA,NSW,-36.360,150.080,Delivery Area
2546,NORTH NAROOMA,NSW,-36.360,150.080,Delivery Area
2546,TILBA TILBA,NSW,-36.360,150.080,Delivery Area
2546,TINPOT,NSW,-36.360,150.080,Delivery Area
2546,WADBILLIGA,NSW,-36.360,150.080,Delivery Area
2546,WALLAGA LAKE,NSW,-36.360,150.080,Delivery Area
2548,BERRAMBOOL,NSW,-36.880,149.920,Delivery Area
2548,BOURNDA,NSW,-36.880,149.920,Delivery Area
2548,MERIMBULA,NSW,-36.880,149.920,Delivery Area
2548,MIRADOR,NSW,-36.880,149.920,Delivery Area
2548,TURA BEACH,NSW,-36.880,149.920,Delivery Area
2548,YELLOW PINCH,NSW,-36.880,149.920,Delivery Area
2549,BALD HILLS,NSW,-36.910,149.850,Delivery Area
2549,BROADWATER,NSW,-36.910,149.850,Delivery Area
2549,GREIGS FLAT,NSW,-36.910,149.850,Delivery Area
2549,LOCHIEL,NSW,-36.910,149.850,Delivery Area
2549,MILLINGANDI,NSW,-36.910,149.850,Delivery Area
2549,NETHERCOTE,NSW,-36.910,149.850,Delivery Area
2549,PAMBULA,NSW,-36.910,149.850,Delivery Area
2549,PAMBULA BEACH,NSW,-36.910,149.850,Delivery Area
2549,SOUTH PAMBULA,NSW,-36.910,149.850,Delivery Area
2550,ANGLEDALE,NSW,-36.640,149.860,Delivery Area
2550,BEGA,NSW,-36.640,149.860,Delivery Area
2550,BEMBOKA,NSW,-36.640,149.860,Delivery Area
2550,BLACK RANGE,NSW,-36.640,149.860,Delivery Area
2550,BROGO,NSW,-36.640,149.860,Delivery Area
2550,BUCKAJO,NSW,-36.640,149.860,Delivery Area
2550,BURRAGATE,NSW,-36.640,149.860,Delivery Area
2550,CANDELO,NSW,-36.640,149.860,Delivery Area
2550,CHINNOCK,NSW,-36.640,149.860,Delivery Area
2550,COBARGO,NSW,-36.640,149.860,Delivery Area
2550,COOLAGOLITE,NSW,-36.640,149.860,Delivery Area
2550,COOLANGUBRA,NSW,-36.640,149.860,Delivery Area
2550,COOPERS GULLY,NSW,-36.640,149.860,Delivery Area
2550,DEVILS HOLE,NSW,-36.640,149.860,Delivery Area
2550,DOCTOR GEORGE MOUNTAIN,NSW,-36.640,149.860,Delivery Area
2550,FROGS HOLLOW,NSW,-36.640,149.860,Delivery Area
2550,GREENDALE,NSW,-36.640,149.860,Delivery Area
2550,JELLAT JELLAT,NSW,-36.640,149.860,Delivery Area
2550,KALARU,NSW,-36.640,149.860,Delivery Area
2550,KAMERUKA,NSW,-36.640,149.860,Delivery Area
2550,KANOONA,NSW,-36.640,149.860,Delivery Area
2550,KINGSWOOD,NSW,-36.640,149.860,Delivery Area
2550,MOGAREEKA,NSW,-36.640,149.860,Delivery Area
2550,MOGILLA,NSW,-36.640,149.860,Delivery Area
2550,MORANS CROSSING,NSW,-36.640,149.860,Delivery Area
2550,MUMBULLA MOUNTAIN,NSW,-36.640,149.860,Delivery Area
2550,MYRTLE MOUNTAIN,NSW,-36.640,149.860,Delivery Area
2550,NELSON,NSW,-36.640,149.860,Delivery Area
2550,NEW BUILDINGS,NSW,-36.640,149.860,Delivery Area
2550,NUMBUGGA,NSW,-36.640,149.860,Delivery Area
2550,PERICOE,NSW,-36.640,149.860,Delivery Area
2550,QUAAMA,NSW,-36.640,149.860,Delivery Area
2550,REEDY SWAMP,NSW,-36.640,149.860,Delivery Area
2550,ROCKY HALL,NSW,-36.640,149.860,Delivery Area
2550,SOUTH WOLUMLA,NSW,-36.640,149.860,Delivery Area
2550,STONY CREEK,NSW,-36.640,149.860,Delivery Area
2550,TANJA,NSW,-36.640,149.860,Delivery Area
2550,TANTAWANGALO,NSW,-36.640,149.860,Delivery Area
2550,TARRAGANDA,NSW,-36.640,149.860,Delivery Area
2550,TATHRA,NSW,-36.640,149.860,Delivery Area
2550,TOOTHDALE,NSW,-36.640,149.860,Delivery Area
2550,TOWAMBA,NSW,-36.640,149.860,Delivery Area
2550,VERONA,NSW,-36.640,149.860,Delivery Area
2550,WALLAGOOT,NSW,-36.640,149.860,Delivery Area
2550,WANDELLA,NSW,-36.640,149.860,Delivery Area
2550,WAPENGO,NSW,-36.640,149.860,Delivery Area
2550,WOG WOG,NSW,-36.640,149.860,Delivery Area
2550,WOLUMLA,NSW,-36.640,149.860,Delivery Area
2550,WYNDHAM,NSW,-36.640,149.860,Delivery Area
2550,YAMBULLA,NSW,-36.640,149.860,Delivery Area
2550,YANKEES CREEK,NSW,-36.640,149.860,Delivery Area
2550,YOWRIE,NSW,-36.640,149.860,Delivery Area
2551,BOYDTOWN,NSW,-37.100,149.880,Delivery Area
2551,EDEN,NSW,-37.100,149.880,Delivery Area
2551,EDROM,NSW,-37.100,149.880,Delivery Area
2551,GREEN CAPE,NSW,-37.100,149.880,Delivery Area
2551,KIAH,NSW,-37.100,149.880,Delivery Area
2551,NADGEE,NSW,-37.100,149.880,Delivery Area
2551,NARRABARBA,NSW,-37.100,149.880,Delivery Area
2551,NULLICA,NSW,-37.100,149.880,Delivery Area
2551,NUNGATTA,NSW,-37.100,149.880,Delivery Area
2551,NUNGATTA SOUTH,NSW,-37.100,149.880,Delivery Area
2551,TIMBILLICA,NSW,-37.100,149.880,Delivery Area
2551,WONBOYN,NSW,-37.100,149.880,Delivery Area
2551,WONBOYN LAKE,NSW,-37.100,149.880,Delivery Area
2551,WONBOYN NORTH,NSW,-37.100,149.880,Delivery Area
2555,BADGERYS CREEK,NSW,-33.880,150.740,Delivery Area
2556,BARKER,NSW,,,Delivery Area
2556,BRADFIELD,NSW,,,Delivery Area
2556,BRINGELLY,NSW,-33.950,150.730,Delivery Area
2557,CATHERINE FIELD,NSW,-33.990,150.770,Delivery Area
2557,GLEDSWOOD HILLS,NSW,,,Delivery Area
2557,GREGORY HILLS,NSW,-33.990,150.770,Delivery Area
2557,ROSSMORE,NSW,-33.990,150.770,Delivery Area
2558,EAGLE VALE,NSW,-34.040,150.810,Delivery Area
2558,ESCHOL PARK,NSW,-34.040,150.810,Delivery Area
2558,KEARNS,NSW,-34.040,150.810,Delivery Area
2559,BLAIRMOUNT,NSW,-34.050,150.800,Delivery Area
2559,CLAYMORE,NSW,-34.050,150.800,Delivery Area
2560,AIRDS,NSW,-34.080,150.830,Delivery Area
2560,AMBARVALE,NSW,-34.080,150.830,Delivery Area
2560,APPIN,NSW,-34.080,150.830,Delivery Area
2560,BLAIR ATHOL,NSW,-34.080,150.830,Delivery Area
2560,BRADBURY,NSW,-34.080,150.830,Delivery Area
2560,CAMPBELLTOWN,NSW,-34.080,150.830,Delivery Area
2560,CAMPBELLTOWN NORTH,NSW,-34.080,150.830,Delivery Area
2560,CATARACT,NSW,-34.080,150.830,Delivery Area
2560,ENGLORIE PARK,NSW,-34.080,150.830,Delivery Area
2560,GILEAD,NSW,-34.080,150.830,Delivery Area
2560,GLEN ALPINE,NSW,-34.080,150.830,Delivery Area
2560,KENTLYN,NSW,-34.080,150.830,Delivery Area
2560,LEUMEAH,NSW,-34.080,150.830,Delivery Area
2560,MACARTHUR SQUARE,NSW,-34.080,150.830,Delivery Area
2560,ROSEMEADOW,NSW,-34.080,150.830,Delivery Area
2560,RUSE,NSW,-34.080,150.830,Delivery Area
2560,ST HELENS PARK,NSW,-34.080,150.830,Delivery Area
2560,WEDDERBURN,NSW,-34.080,150.830,Delivery Area
2560,WOODBINE,NSW,-34.080,150.830,Delivery Area
2563,MENANGLE PARK,NSW,-34.100,150.760,Delivery Area
2564,GLENQUARIE,NSW,-33.990,150.890,Delivery Area
2564,LONG POINT,NSW,-33.990,150.890,Delivery Area
2564,MACQUARIE FIELDS,NSW,-33.990,150.890,Delivery Area
2565,BARDIA,NSW,-33.990,150.840,Delivery Area
2565,DENHAM COURT,NSW,-33.990,150.840,Delivery Area
2565,INGLEBURN,NSW,-33.990,150.840,Delivery Area
2565,MACQUARIE LINKS,NSW,-33.990,150.840,Delivery Area
2566,BOW BOWING,NSW,-34.020,150.840,Delivery Area
2566,MINTO,NSW,-34.020,150.840,Delivery Area
2566,MINTO HEIGHTS,NSW,-34.020,150.840,Delivery Area
2566,RABY,NSW,-34.020,150.840,Delivery Area
2566,ST ANDREWS,NSW,-34.020,150.840,Delivery Area
2566,VARROVILLE,NSW,-34.020,150.840,Delivery Area
2567,CURRANS HILL,NSW,-34.050,150.760,Delivery Area
2567,HARRINGTON PARK,NSW,-34.050,150.760,Delivery Area
2567,MOUNT ANNAN,NSW,-34.050,150.760,Delivery Area
2567,NARELLAN,NSW,-34.050,150.760,Delivery Area
2567,NARELLAN VALE,NSW,-34.050,150.760,Delivery Area
2567,SMEATON GRANGE,NSW,-34.050,150.760,Delivery Area
2568,MENANGLE,NSW,-34.110,150.750,Delivery Area
2569,DOUGLAS PARK,NSW,-34.190,150.710,Delivery Area
2570,BELIMBLA PARK,NSW,-34.080,150.540,Delivery Area
2570,BICKLEY VALE,NSW,-34.080,150.540,Delivery Area
2570,BROWNLOW HILL,NSW,-34.080,150.540,Delivery Area
2570,BURRAGORANG VALLEY,NSW,,,Delivery Area
2570,CAMDEN,NSW,-34.080,150.540,Delivery Area
2570,CAMDEN PARK,NSW,-34.080,150.540,Delivery Area
2570,CAMDEN SOUTH,NSW,-34.080,150.540,Delivery Area
2570,CAWDOR,NSW,-34.080,150.540,Delivery Area
2570,COBBITTY,NSW,-34.080,150.540,Delivery Area
2570,ELDERSLIE,NSW,-34.080,150.540,Delivery Area
2570,ELLIS LANE,NSW,-34.080,150.540,Delivery Area
2570,GLENMORE,NSW,-34.080,150.540,Delivery Area
2570,GRASMERE,NSW,-34.080,150.540,Delivery Area
2570,KIRKHAM,NSW,-34.080,150.540,Delivery Area
2570,MOUNT HUNTER,NSW,-34.080,150.540,Delivery Area
2570,NATTAI,NSW,-34.080,150.540,Delivery Area
2570,OAKDALE,NSW,-34.080,150.540,Delivery Area
2570,ORAN PARK,NSW,-34.080,150.540,Delivery Area
2570,ORANGEVILLE,NSW,-34.080,150.540,Delivery Area
2570,SPRING FARM,NSW,-34.080,150.540,Delivery Area
2570,THE OAKS,NSW,-34.080,150.540,Delivery Area
2570,THERESA PARK,NSW,-34.080,150.540,Delivery Area
2570,WEROMBI,NSW,-34.080,150.540,Delivery Area
2571,BALMORAL VILLAGE,NSW,,,Delivery Area
2571,BUXTON,NSW,-34.290,150.530,Delivery Area
2571,COURIDJAH,NSW,-34.290,150.530,Delivery Area
2571,MALDON,NSW,-34.290,150.530,Delivery Area
2571,MOWBRAY PARK,NSW,-34.290,150.530,Delivery Area
2571,PICTON,NSW,-34.290,150.530,Delivery Area
2571,RAZORBACK,NSW,-34.290,150.530,Delivery Area
2571,WILTON,NSW,-34.290,150.530,Delivery Area
2572,LAKESLAND,NSW,-34.180,150.530,Delivery Area
2572,THIRLMERE,NSW,-34.180,150.530,Delivery Area
2573,TAHMOOR,NSW,-34.220,150.590,Delivery Area
2574,AVON,NSW,-34.350,150.630,Delivery Area
2574,BARGO,NSW,-34.350,150.630,Delivery Area
2574,PHEASANTS NEST,NSW,-34.350,150.630,Delivery Area
2574,YANDERRA,NSW,-34.350,150.630,Delivery Area
2575,ALPINE,NSW,-34.410,150.520,Delivery Area
2575,AYLMERTON,NSW,-34.410,150.520,Delivery Area
2575,BALACLAVA,NSW,,,Delivery Area
2575,BRAEMAR,NSW,-34.410,150.520,Delivery Area
2575,BULLIO,NSW,-34.410,150.520,Delivery Area
2575,COLO VALE,NSW,-34.410,150.520,Delivery Area
2575,GOODMANS FORD,NSW,,,Delivery Area
2575,HIGH RANGE,NSW,-34.410,150.520,Delivery Area
2575,HILL TOP,NSW,-34.410,150.520,Delivery Area
2575,JOADJA,NSW,-34.410,150.520,Delivery Area
2575,MANDEMAR,NSW,,,Delivery Area
2575,MITTAGONG,NSW,-34.410,150.520,Delivery Area
2575,MOUNT LINDSEY,NSW,-34.410,150.520,Delivery Area
2575,RENWICK,NSW,,,Delivery Area
2575,WATTLE RIDGE,NSW,-34.410,150.520,Delivery Area
2575,WELBY,NSW,-34.410,150.520,Delivery Area
2575,WILLOW VALE,NSW,-34.410,150.520,Delivery Area
2575,WOODLANDS,NSW,-34.410,150.520,Delivery Area
2575,YERRINBOOL,NSW,-34.410,150.520,Delivery Area
2576,BOWRAL,NSW,-34.540,150.390,Delivery Area
2576,BURRADOO,NSW,-34.540,150.390,Delivery Area
2576,EAST BOWRAL,NSW,-34.540,150.390,Delivery Area
2576,EAST KANGALOON,NSW,-34.540,150.390,Delivery Area
2576,GLENQUARRY,NSW,-34.540,150.390,Delivery Area
2576,KANGALOON,NSW,-34.540,150.390,Delivery Area
2577,AVOCA,NSW,-34.610,150.480,Delivery Area
2577,BARREN GROUNDS,NSW,-34.610,150.480,Delivery Area
2577,BARRENGARRY,NSW,-34.610,150.480,Delivery Area
2577,BEAUMONT,NSW,-34.610,150.480,Delivery Area
2577,BELANGLO,NSW,-34.610,150.480,Delivery Area
2577,BERRIMA,NSW,-34.610,150.480,Delivery Area
2577,BUDGONG,NSW,-34.610,150.480,Delivery Area
2577,BURRAWANG,NSW,-34.610,150.480,Delivery Area
2577,CANYONLEIGH,NSW,-34.610,150.480,Delivery Area
2577,CARRINGTON FALLS,NSW,-34.610,150.480,Delivery Area
2577,FITZROY FALLS,NSW,-34.610,150.480,Delivery Area
2577,KANGAROO VALLEY,NSW,-34.610,150.480,Delivery Area
2577,KNIGHTS HILL,NSW,-34.610,150.480,Delivery Area
2577,MACQUARIE PASS,NSW,-34.610,150.480,Delivery Area
2577,MANCHESTER SQUARE,NSW,-34.610,150.480,Delivery Area
2577,MEDWAY,NSW,-34.610,150.480,Delivery Area
2577,MERYLA,NSW,-34.610,150.480,Delivery Area
2577,MOSS VALE,NSW,-34.610,150.480,Delivery Area
2577,MOUNT MURRAY,NSW,-34.610,150.480,Delivery Area
2577,NEW BERRIMA,NSW,-34.610,150.480,Delivery Area
2577,PADDYS RIVER,NSW,-34.610,150.480,Delivery Area
2577,RED ROCKS,NSW,-34.610,150.480,Delivery Area
2577,ROBERTSON,NSW,-34.610,150.480,Delivery Area
2577,SUTTON FOREST,NSW,-34.610,150.480,Delivery Area
2577,UPPER KANGAROO RIVER,NSW,-34.610,150.480,Delivery Area
2577,UPPER KANGAROO VALLEY,NSW,-34.610,150.480,Delivery Area
2577,WERAI,NSW,-34.610,150.480,Delivery Area
2577,WILDES MEADOW,NSW,-34.610,150.480,Delivery Area
2578,BUNDANOON,NSW,-34.630,150.320,Delivery Area
2579,BIG HILL,NSW,-34.560,149.990,Delivery Area
2579,BRAYTON,NSW,-34.560,149.990,Delivery Area
2579,EXETER,NSW,-34.560,149.990,Delivery Area
2579,MARULAN,NSW,-34.560,149.990,Delivery Area
2579,PENROSE,NSW,-34.560,149.990,Delivery Area
2579,TALLONG,NSW,-34.560,149.990,Delivery Area
2579,WINGELLO,NSW,-34.560,149.990,Delivery Area
2580,BANNABY,NSW,-34.440,149.960,Delivery Area
2580,BANNISTER,NSW,-34.440,149.960,Delivery Area
2580,BAW BAW,NSW,-34.440,149.960,Delivery Area
2580,BOXERS CREEK,NSW,-34.440,149.960,Delivery Area
2580,BRISBANE GROVE,NSW,-34.440,149.960,Delivery Area
2580,BUNGONIA,NSW,-34.440,149.960,Delivery Area
2580,CARRICK,NSW,-34.440,149.960,Delivery Area
2580,CHATSBURY,NSW,-34.440,149.960,Delivery Area
2580,CURRAWANG,NSW,-34.440,149.960,Delivery Area
2580,CURRAWEELA,NSW,-34.440,149.960,Delivery Area
2580,GOLSPIE,NSW,-34.440,149.960,Delivery Area
2580,GOULBURN,NSW,-34.440,149.960,Delivery Area
2580,GOULBURN NORTH,NSW,-34.440,149.960,Delivery Area
2580,GREENWICH PARK,NSW,-34.440,149.960,Delivery Area
2580,GUNDARY,NSW,-34.440,149.960,Delivery Area
2580,JERRONG,NSW,-34.440,149.960,Delivery Area
2580,KINGSDALE,NSW,-34.440,149.960,Delivery Area
2580,LAKE BATHURST,NSW,-34.440,149.960,Delivery Area
2580,LOWER BORO,NSW,-34.440,149.960,Delivery Area
2580,MAYFIELD,NSW,-34.440,149.960,Delivery Area
2580,MIDDLE ARM,NSW,-34.440,149.960,Delivery Area
2580,MOUNT FAIRY,NSW,-34.440,149.960,Delivery Area
2580,MUMMEL,NSW,-34.440,149.960,Delivery Area
2580,MYRTLEVILLE,NSW,-34.440,149.960,Delivery Area
2580,PALING YARDS,NSW,-34.440,149.960,Delivery Area
2580,PARKESBOURNE,NSW,-34.440,149.960,Delivery Area
2580,POMEROY,NSW,-34.440,149.960,Delivery Area
2580,QUIALIGO,NSW,-34.440,149.960,Delivery Area
2580,RICHLANDS,NSW,-34.440,149.960,Delivery Area
2580,ROSLYN,NSW,-34.440,149.960,Delivery Area
2580,RUN-O-WATERS,NSW,-34.440,149.960,Delivery Area
2580,STONEQUARRY,NSW,-34.440,149.960,Delivery Area
2580,TARAGO,NSW,-34.440,149.960,Delivery Area
2580,TARALGA,NSW,-34.440,149.960,Delivery Area
2580,TARLO,NSW,-34.440,149.960,Delivery Area
2580,TIRRANNAVILLE,NSW,-34.440,149.960,Delivery Area
2580,TOWRANG,NSW,-34.440,149.960,Delivery Area
2580,WAYO,NSW,-34.440,149.960,Delivery Area
2580,WIARBOROUGH,NSW,-34.440,149.960,Delivery Area
2580,WINDELLAMA,NSW,-34.440,149.960,Delivery Area
2580,WOMBEYAN CAVES,NSW,-34.440,149.960,Delivery Area
2580,WOODHOUSELEE,NSW,-34.440,149.960,Delivery Area
2580,YALBRAITH,NSW,-34.440,149.960,Delivery Area
2580,YARRA,NSW,-34.440,149.960,Delivery Area
2581,BELLMOUNT FOREST,NSW,-34.920,149.240,Delivery Area
2581,BEVENDALE,NSW,-34.920,149.240,Delivery Area
2581,BIALA,NSW,-34.920,149.240,Delivery Area
2581,BLAKNEY CREEK,NSW,-34.920,149.240,Delivery Area
2581,BREADALBANE,NSW,-34.920,149.240,Delivery Area
2581,BROADWAY,NSW,-34.920,149.240,Delivery Area
2581,COLLECTOR,NSW,-34.920,149.240,Delivery Area
2581,CULLERIN,NSW,-34.920,149.240,Delivery Area
2581,DALTON,NSW,-34.920,149.240,Delivery Area
2581,GUNNING,NSW,-34.920,149.240,Delivery Area
2581,GURRUNDAH,NSW,-34.920,149.240,Delivery Area
2581,LADE VALE,NSW,-34.920,149.240,Delivery Area
2581,LAKE GEORGE,NSW,-34.920,149.240,Delivery Area
2581,LERIDA,NSW,-34.920,149.240,Delivery Area
2581,MERRILL,NSW,-34.920,149.240,Delivery Area
2581,OOLONG,NSW,-34.920,149.240,Delivery Area
2581,WOLLOGORANG,NSW,-34.920,149.240,Delivery Area
2582,BANGO,NSW,-34.750,148.960,Delivery Area
2582,BERREMANGRA,NSW,-34.750,148.960,Delivery Area
2582,BOAMBOLO,NSW,-34.750,148.960,Delivery Area
2582,BOOKHAM,NSW,-34.750,148.960,Delivery Area
2582,BOWNING,NSW,-34.750,148.960,Delivery Area
2582,BURRINJUCK,NSW,-34.750,148.960,Delivery Area
2582,CAVAN,NSW,-34.750,148.960,Delivery Area
2582,GOOD HOPE,NSW,-34.750,148.960,Delivery Area
2582,JEIR,NSW,-34.750,148.960,Delivery Area
2582,JERRAWA,NSW,-34.750,148.960,Delivery Area
2582,KANGIARA,NSW,-34.750,148.960,Delivery Area
2582,LAVERSTOCK,NSW,-34.750,148.960,Delivery Area
2582,MANTON,NSW,-34.750,148.960,Delivery Area
2582,MARCHMONT,NSW,-34.750,148.960,Delivery Area
2582,MULLION,NSW,-34.750,148.960,Delivery Area
2582,MURRUMBATEMAN,NSW,-34.750,148.960,Delivery Area
2582,NANIMA,NSW,,,Delivery Area
2582,NARRANGULLEN,NSW,-34.750,148.960,Delivery Area
2582,WEE JASPER,NSW,-34.750,148.960,Delivery Area
2582,WOOLGARLO,NSW,-34.750,148.960,Delivery Area
2582,YASS,NSW,-34.750,148.960,Delivery Area
2582,YASS RIVER,NSW,-34.750,148.960,Delivery Area
2583,BIGGA,NSW,-34.080,149.150,Delivery Area
2583,BINDA,NSW,-34.080,149.150,Delivery Area
2583,CROOKED CORNER,NSW,-34.080,149.150,Delivery Area
2583,CROOKWELL,NSW,-34.080,149.150,Delivery Area
2583,FULLERTON,NSW,-34.080,149.150,Delivery Area
2583,GRABBEN GULLEN,NSW,-34.080,149.150,Delivery Area
2583,LAGGAN,NSW,-34.080,149.150,Delivery Area
2583,LIMERICK,NSW,-34.080,149.150,Delivery Area
2583,LOST RIVER,NSW,-34.080,149.150,Delivery Area
2583,NARRAWA,NSW,-34.080,149.150,Delivery Area
2583,PEELWOOD,NSW,-34.080,149.150,Delivery Area
2583,PEJAR,NSW,-34.080,149.150,Delivery Area
2583,RUGBY,NSW,-34.080,149.150,Delivery Area
2583,TUENA,NSW,-34.080,149.150,Delivery Area
2583,WHEEO,NSW,-34.080,149.150,Delivery Area
2584,BINALONG,NSW,-34.670,148.630,Delivery Area
2585,GALONG,NSW,-34.600,148.560,Delivery Area
2586,BOOROWA,NSW,-34.440,148.720,Delivery Area
2586,FROGMORE,NSW,-34.440,148.720,Delivery Area
2586,GODFREYS CREEK,NSW,-34.440,148.720,Delivery Area
2586,MURRINGO,NSW,-34.440,148.720,Delivery Area
2586,REIDS FLAT,NSW,-34.440,148.720,Delivery Area
2586,RYE PARK,NSW,-34.440,148.720,Delivery Area
2586,TAYLORS FLAT,NSW,-34.440,148.720,Delivery Area
2587,BEGGAN BEGGAN,NSW,,,Delivery Area
2587,CUNNINGAR,NSW,,,Delivery Area
2587,HARDEN,NSW,-34.550,148.370,Delivery Area
2587,KINGSVALE,NSW,-34.550,148.370,Delivery Area
2587,MCMAHONS REEF,NSW,-34.550,148.370,Delivery Area
2587,MURRUMBURRAH,NSW,-34.550,148.370,Delivery Area
2587,NUBBA,NSW,-34.550,148.370,Delivery Area
2587,WOMBAT,NSW,-34.550,148.370,Delivery Area
2588,WALLENDBEEN,NSW,-34.520,148.160,Delivery Area
2590,BETHUNGRA,NSW,-34.760,147.850,Delivery Area
2590,COOTAMUNDRA,NSW,-34.760,147.850,Delivery Area
2590,ILLABO,NSW,-34.760,147.850,Delivery Area
2594,BARWANG,NSW,,,Delivery Area
2594,BERTHONG,NSW,-34.430,148.070,Delivery Area
2594,BRIBBAREE,NSW,-34.430,148.070,Delivery Area
2594,BULLA CREEK,NSW,-34.430,148.070,Delivery Area
2594,BURRANGONG,NSW,-34.430,148.070,Delivery Area
2594,KIKIAMAH,NSW,-34.430,148.070,Delivery Area
2594,MAIMURU,NSW,-34.430,148.070,Delivery Area
2594,MEMAGONG,NSW,-34.430,148.070,Delivery Area
2594,MILVALE,NSW,-34.430,148.070,Delivery Area
2594,MONTEAGLE,NSW,-34.430,148.070,Delivery Area
2594,THUDDUNGRA,NSW,-34.430,148.070,Delivery Area
2594,TUBBUL,NSW,-34.430,148.070,Delivery Area
2594,WEEDALLION,NSW,-34.430,148.070,Delivery Area
2594,YOUNG,NSW,-34.430,148.070,Delivery Area
2600,BARTON,ACT,-35.310,149.140,Delivery Area
2600,CANBERRA,ACT,-35.310,149.140,Delivery Area
2600,CAPITAL HILL,ACT,-35.310,149.140,Delivery Area
2600,DEAKIN,ACT,-35.310,149.140,Delivery Area
2600,DEAKIN WEST,ACT,-35.310,149.140,Delivery Area
2600,HARMAN,ACT,-35.310,149.140,Delivery Area
2600,HMAS HARMAN,ACT,-35.310,149.140,Delivery Area
2600,PARKES,ACT,-35.310,149.140,Delivery Area
2600,RUSSELL,ACT,-35.310,149.140,Delivery Area
2600,YARRALUMLA,ACT,-35.310,149.140,Delivery Area
2601,ACTON,ACT,-35.280,149.110,Delivery Area
2601,CANBERRA,ACT,-35.280,149.110,Delivery Area
2601,CITY,ACT,-35.280,149.110,Delivery Area
2602,AINSLIE,ACT,-35.260,149.150,Delivery Area
2602,DICKSON,ACT,-35.260,149.150,Delivery Area
2602,DOWNER,ACT,-35.260,149.150,Delivery Area
2602,HACKETT,ACT,-35.260,149.150,Delivery Area
2602,LYNEHAM,ACT,-35.260,149.150,Delivery Area
2602,WATSON,ACT,-35.260,149.150,Delivery Area
2603,FORREST,ACT,-35.320,149.120,Delivery Area
2603,GRIFFITH,ACT,-35.320,149.120,Delivery Area
2603,MANUKA,ACT,-35.320,149.120,Delivery Area
2603,RED HILL,ACT,-35.320,149.120,Delivery Area
2604,CAUSEWAY,ACT,-35.320,149.150,Delivery Area
2604,KINGSTON,ACT,-35.320,149.150,Delivery Area
2604,NARRABUNDAH,ACT,-35.320,149.150,Delivery Area
2605,CURTIN,ACT,-35.320,149.080,Delivery Area
2605,GARRAN,ACT,-35.320,149.080,Delivery Area
2605,HUGHES,ACT,-35.320,149.080,Delivery Area
2606,CHIFLEY,ACT,-35.350,149.080,Delivery Area
2606,LYONS,ACT,-35.350,149.080,Delivery Area
2606,PHILLIP,ACT,-35.350,149.080,Delivery Area
2606,WODEN,ACT,-35.350,149.080,Delivery Area
2607,FARRER,ACT,-35.380,149.100,Delivery Area
2607,ISAACS,ACT,-35.380,149.100,Delivery Area
2607,MAWSON,ACT,-35.380,149.100,Delivery Area
2607,PEARCE,ACT,-35.380,149.100,Delivery Area
2607,TORRENS,ACT,-35.380,149.100,Delivery Area
2608,CIVIC SQUARE,ACT,-35.280,149.130,Post Office Boxes
2609,CANBERRA AIRPORT,ACT,,,Delivery Area
2609,FYSHWICK,ACT,-35.300,149.190,Delivery Area
2609,MAJURA,ACT,-35.300,149.190,Delivery Area
2609,PIALLIGO,ACT,-35.300,149.190,Delivery Area
2609,SYMONSTON,ACT,-35.300,149.190,Delivery Area
2610,CANBERRA BC,ACT,0.000,0.000,Post Office Boxes
2610,CANBERRA MC,ACT,0.000,0.000,Post Office Boxes
2611,BIMBERI,NSW,-35.560,148.620,Delivery Area
2611,BRINDABELLA,NSW,-35.560,148.620,Delivery Area
2611,CHAPMAN,ACT,-35.560,148.620,Delivery Area
2611,COOLEMAN,NSW,-35.560,148.620,Delivery Area
2611,COOMBS,ACT,,,Delivery Area
2611,COREE,ACT,,,Delivery Area
2611,DENMAN PROSPECT,ACT,,,Delivery Area
2611,DUFFY,ACT,-35.560,148.620,Delivery Area
2611,FISHER,ACT,-35.560,148.620,Delivery Area
2611,HOLDER,ACT,-35.560,148.620,Delivery Area
2611,MOLONGLO,ACT,,,Delivery Area
2611,RIVETT,ACT,-35.560,148.620,Delivery Area
2611,STIRLING,ACT,-35.560,148.620,Delivery Area
2611,STROMLO,ACT,,,Delivery Area
2611,URIARRA,NSW,-35.560,148.620,Delivery Area
2611,URIARRA VILLAGE,ACT,,,Delivery Area
2611,WARAMANGA,ACT,-35.560,148.620,Delivery Area
2611,WESTON,ACT,-35.560,148.620,Delivery Area
2611,WESTON CREEK,ACT,-35.560,148.620,Delivery Area
2611,WHITLAM,ACT,,,Delivery Area
2611,WRIGHT,ACT,,,Delivery Area
2612,BRADDON,ACT,-35.270,149.130,Delivery Area
2612,CAMPBELL,ACT,-35.270,149.130,Delivery Area
2612,REID,ACT,-35.270,149.130,Delivery Area
2612,TURNER,ACT,-35.270,149.130,Delivery Area
2614,ARANDA,ACT,-35.260,149.080,Delivery Area
2614,COOK,ACT,-35.260,149.080,Delivery Area
2614,HAWKER,ACT,-35.260,149.080,Delivery Area
2614,JAMISON CENTRE,ACT,-35.260,149.080,Delivery Area
2614,MACQUARIE,ACT,-35.260,149.080,Delivery Area
2614,PAGE,ACT,-35.260,149.080,Delivery Area
2614,SCULLIN,ACT,-35.260,149.080,Delivery Area
2614,WEETANGERA,ACT,-35.260,149.080,Delivery Area
2615,CHARNWOOD,ACT,-35.200,149.030,Delivery Area
2615,DUNLOP,ACT,-35.200,149.030,Delivery Area
2615,FLOREY,ACT,-35.200,149.030,Delivery Area
2615,FLYNN,ACT,-35.200,149.030,Delivery Area
2615,FRASER,ACT,-35.200,149.030,Delivery Area
2615,HIGGINS,ACT,-35.200,149.030,Delivery Area
2615,HOLT,ACT,-35.200,149.030,Delivery Area
2615,KIPPAX,ACT,-35.200,149.030,Delivery Area
2615,LATHAM,ACT,-35.200,149.030,Delivery Area
2615,MACGREGOR,ACT,-35.200,149.030,Delivery Area
2615,MACNAMARA,ACT,,,Delivery Area
2615,MELBA,ACT,-35.200,149.030,Delivery Area
2615,SPENCE,ACT,-35.200,149.030,Delivery Area
2615,STRATHNAIRN,ACT,,,Delivery Area
2616,BELCONNEN,ACT,-35.250,149.070,Post Office Boxes
2617,BELCONNEN,ACT,-35.240,149.070,Delivery Area
2617,BELCONNEN DC,ACT,-35.240,149.070,Delivery Area
2617,BRUCE,ACT,-35.240,149.070,Delivery Area
2617,EVATT,ACT,-35.240,149.070,Delivery Area
2617,GIRALANG,ACT,-35.240,149.070,Delivery Area
2617,KALEEN,ACT,-35.240,149.070,Delivery Area
2617,LAWSON,ACT,-35.240,149.070,Delivery Area
2617,MCKELLAR,ACT,-35.240,149.070,Delivery Area
2617,UNIVERSITY OF CANBERRA,ACT,-35.240,149.070,Delivery Area
2618,HALL,ACT,-35.520,149.080,Delivery Area
2618,SPRINGRANGE,NSW,-35.520,149.080,Delivery Area
2618,WALLAROO,NSW,-35.520,149.080,Delivery Area
2619,JERRABOMBERRA,NSW,-35.380,149.200,Delivery Area
2620,BEARD,ACT,-35.580,149.230,Delivery Area
2620,BOOTH,ACT,,,Delivery Area
2620,BURRA,NSW,-35.580,149.230,Delivery Area
2620,CARWOOLA,NSW,-35.580,149.230,Delivery Area
2620,CLEAR RANGE,NSW,-35.580,149.230,Delivery Area
2620,CRESTWOOD,NSW,-35.580,149.230,Delivery Area
2620,ENVIRONA,NSW,-35.580,149.230,Delivery Area
2620,GOOGONG,NSW,-35.580,149.230,Delivery Area
2620,GREENLEIGH,NSW,-35.580,149.230,Delivery Area
2620,GUNDAROO,NSW,-35.580,149.230,Delivery Area
2620,HUME,ACT,-35.580,149.230,Delivery Area
2620,KARABAR,NSW,-35.580,149.230,Delivery Area
2620,KOWEN,ACT,,,Delivery Area
2620,MICHELAGO,NSW,-35.580,149.230,Delivery Area
2620,OAKS ESTATE,ACT,-35.580,149.230,Delivery Area
2620,PADDYS RIVER,ACT,,,Delivery Area
2620,QUEANBEYAN,NSW,-35.580,149.230,Delivery Area
2620,QUEANBEYAN DC,NSW,-35.580,149.230,Delivery Area
2620,QUEANBEYAN EAST,NSW,-35.580,149.230,Delivery Area
2620,QUEANBEYAN WEST,NSW,-35.580,149.230,Delivery Area
2620,ROYALLA,NSW,-35.580,149.230,Delivery Area
2620,SUTTON,NSW,-35.580,149.230,Delivery Area
2620,TENNENT,ACT,,,Delivery Area
2620,THARWA,ACT,-35.580,149.230,Delivery Area
2620,THE ANGLE,NSW,-35.580,149.230,Delivery Area
2620,THE RIDGEWAY,NSW,-35.580,149.230,Delivery Area
2620,TINDERRY,NSW,-35.580,149.230,Delivery Area
2620,TRALEE,NSW,-35.580,149.230,Delivery Area
2620,URILA,NSW,-35.580,149.230,Delivery Area
2620,WAMBOIN,NSW,-35.580,149.230,Delivery Area
2620,WILLIAMSDALE,ACT,-35.580,149.230,Delivery Area
2620,WILLIAMSDALE,NSW,-35.580,149.230,Delivery Area
2620,YARROW,NSW,-35.580,149.230,Delivery Area
2621,ANEMBO,NSW,-35.810,149.430,Delivery Area
2621,BUNGENDORE,NSW,-35.810,149.430,Delivery Area
2621,BYWONG,NSW,-35.810,149.430,Delivery Area
2621,FORBES CREEK,NSW,-35.810,149.430,Delivery Area
2621,HOSKINSTOWN,NSW,-35.810,149.430,Delivery Area
2621,PRIMROSE VALLEY,NSW,-35.810,149.430,Delivery Area
2621,ROSSI,NSW,-35.810,149.430,Delivery Area
2622,ARALUEN,NSW,-35.650,149.810,Delivery Area
2622,BACK CREEK,NSW,-35.650,149.810,Delivery Area
2622,BALLALABA,NSW,-35.650,149.810,Delivery Area
2622,BENDOURA,NSW,-35.650,149.810,Delivery Area
2622,BERLANG,NSW,-35.650,149.810,Delivery Area
2622,BOMBAY,NSW,-35.650,149.810,Delivery Area
2622,BORO,NSW,-35.650,149.810,Delivery Area
2622,BRAIDWOOD,NSW,-35.650,149.810,Delivery Area
2622,BUDAWANG,NSW,-35.650,149.810,Delivery Area
2622,BULEE,NSW,-35.650,149.810,Delivery Area
2622,CHARLEYS FOREST,NSW,-35.650,149.810,Delivery Area
2622,COOLUMBURRA,NSW,-35.650,149.810,Delivery Area
2622,CORANG,NSW,-35.650,149.810,Delivery Area
2622,DURRAN DURRA,NSW,-35.650,149.810,Delivery Area
2622,ENDRICK,NSW,-35.650,149.810,Delivery Area
2622,FARRINGDON,NSW,-35.650,149.810,Delivery Area
2622,HAROLDS CROSS,NSW,-35.650,149.810,Delivery Area
2622,HEREFORD HALL,NSW,-35.650,149.810,Delivery Area
2622,JEMBAICUMBENE,NSW,-35.650,149.810,Delivery Area
2622,JERRABATTGULLA,NSW,-35.650,149.810,Delivery Area
2622,JINDEN,NSW,-35.650,149.810,Delivery Area
2622,JINGERA,NSW,-35.650,149.810,Delivery Area
2622,KINDERVALE,NSW,-35.650,149.810,Delivery Area
2622,KRAWARREE,NSW,-35.650,149.810,Delivery Area
2622,LARBERT,NSW,-35.650,149.810,Delivery Area
2622,MAJORS CREEK,NSW,-35.650,149.810,Delivery Area
2622,MANAR,NSW,-35.650,149.810,Delivery Area
2622,MARLOWE,NSW,-35.650,149.810,Delivery Area
2622,MERRICUMBENE,NSW,-35.650,149.810,Delivery Area
2622,MONGA,NSW,-35.650,149.810,Delivery Area
2622,MONGARLOWE,NSW,-35.650,149.810,Delivery Area
2622,MULLOON,NSW,-35.650,149.810,Delivery Area
2622,MURRENGENBURG,NSW,-35.650,149.810,Delivery Area
2622,NERINGLA,NSW,-35.650,149.810,Delivery Area
2622,NERRIGA,NSW,-35.650,149.810,Delivery Area
2622,NORTHANGERA,NSW,-35.650,149.810,Delivery Area
2622,OALLEN,NSW,-35.650,149.810,Delivery Area
2622,PALERANG,NSW,-35.650,149.810,Delivery Area
2622,QUIERA,NSW,-35.650,149.810,Delivery Area
2622,REIDSDALE,NSW,-35.650,149.810,Delivery Area
2622,SASSAFRAS,NSW,-35.650,149.810,Delivery Area
2622,SNOWBALL,NSW,-35.650,149.810,Delivery Area
2622,ST GEORGE,NSW,-35.650,149.810,Delivery Area
2622,TIANJARA,NSW,-35.650,149.810,Delivery Area
2622,TOLWONG,NSW,-35.650,149.810,Delivery Area
2622,TOMBOYE,NSW,-35.650,149.810,Delivery Area
2622,TOUGA,NSW,-35.650,149.810,Delivery Area
2622,WARRI,NSW,-35.650,149.810,Delivery Area
2622,WOG WOG,NSW,-35.650,149.810,Delivery Area
2622,WYANBENE,NSW,-35.650,149.810,Delivery Area
2623,CAPTAINS FLAT,NSW,-35.550,149.450,Delivery Area
2624,BLUE COW,NSW,,,Delivery Area
2624,CHARLOTTE PASS,NSW,,,Delivery Area
2624,GUTHEGA,NSW,,,Delivery Area
2624,MUNYANG,NSW,,,Delivery Area
2624,PERISHER VALLEY,NSW,-36.180,148.440,Delivery Area
2624,SMIGGIN HOLES,NSW,,,Delivery Area
2624,WILSONS VALLEY,NSW,,,Delivery Area
2625,THREDBO,NSW,-36.510,148.300,Delivery Area
2626,BREDBO,NSW,-35.960,149.150,Delivery Area
2626,BUMBALONG,NSW,-35.960,149.150,Delivery Area
2626,COLINTON,NSW,-35.960,149.150,Delivery Area
2627,BULLOCKS FLAT,NSW,,,Delivery Area
2627,BURRUNGUBUGGE,NSW,,,Delivery Area
2627,CRACKENBACK,NSW,-36.440,148.510,Delivery Area
2627,CREEL BAY,NSW,,,Delivery Area
2627,EAST JINDABYNE,NSW,-36.440,148.510,Delivery Area
2627,GROSSES PLAIN,NSW,-36.440,148.510,Delivery Area
2627,INGEBIRAH,NSW,-36.440,148.510,Delivery Area
2627,INGEEGOODBEE,NSW,,,Delivery Area
2627,JACOBS RIVER,NSW,,,Delivery Area
2627,JINDABYNE,NSW,-36.440,148.510,Delivery Area
2627,KALKITE,NSW,-36.440,148.510,Delivery Area
2627,KOSCIUSZKO,NSW,-36.440,148.510,Delivery Area
2627,KOSCIUSZKO NATIONAL PARK,NSW,-36.440,148.510,Delivery Area
2627,MOONBAH,NSW,-36.440,148.510,Delivery Area
2627,NGARIGO,NSW,,,Delivery Area
2627,PILOT WILDERNESS,NSW,-36.440,148.510,Delivery Area
2628,AVONSIDE,NSW,-36.440,148.700,Delivery Area
2628,BELOKA,NSW,-36.440,148.700,Delivery Area
2628,BERRIDALE,NSW,-36.440,148.700,Delivery Area
2628,BRAEMAR BAY,NSW,-36.440,148.700,Delivery Area
2628,BYADBO WILDERNESS,NSW,-36.440,148.700,Delivery Area
2628,COOTRALANTRA,NSW,-36.440,148.700,Delivery Area
2628,DALGETY,NSW,-36.440,148.700,Delivery Area
2628,EUCUMBENE,NSW,-36.440,148.700,Delivery Area
2628,HILL TOP,NSW,-36.440,148.700,Delivery Area
2628,JIMENBUEN,NSW,,,Delivery Area
2628,NIMMO,NSW,-36.440,148.700,Delivery Area
2628,NUMBLA VALE,NSW,-36.440,148.700,Delivery Area
2628,PAUPONG,NSW,-36.440,148.700,Delivery Area
2628,ROCKY PLAIN,NSW,-36.440,148.700,Delivery Area
2628,SNOWY PLAIN,NSW,-36.440,148.700,Delivery Area
2629,ADAMINABY,NSW,-36.000,148.770,Delivery Area
2629,ANGLERS REACH,NSW,-36.000,148.770,Delivery Area
2629,BOLARO,NSW,-36.000,148.770,Delivery Area
2629,BROKEN DAM,NSW,,,Delivery Area
2629,CABRAMURRA,NSW,-36.000,148.770,Delivery Area
2629,GOOANDRA,NSW,,,Delivery Area
2629,KIANDRA,NSW,,,Delivery Area
2629,LONG PLAIN,NSW,-36.000,148.770,Delivery Area
2629,NUNGAR,NSW,,,Delivery Area
2629,OLD ADAMINABY,NSW,-36.000,148.770,Delivery Area
2629,PROVIDENCE PORTAL,NSW,-36.000,148.770,Delivery Area
2629,TANTANGARA,NSW,-36.000,148.770,Delivery Area
2629,TOLBAR,NSW,,,Delivery Area
2629,YAOUK,NSW,-36.000,148.770,Delivery Area
2630,ARABLE,NSW,-36.370,148.950,Delivery Area
2630,BADJA,NSW,-36.370,148.950,Delivery Area
2630,BILLILINGRA,NSW,-36.370,148.950,Delivery Area
2630,BINJURA,NSW,-36.370,148.950,Delivery Area
2630,BOBUNDARA,NSW,-36.370,148.950,Delivery Area
2630,BUCKENDERRA,NSW,-36.370,148.950,Delivery Area
2630,BUNGARBY,NSW,-36.370,148.950,Delivery Area
2630,BUNYAN,NSW,-36.370,148.950,Delivery Area
2630,CARLAMINDA,NSW,-36.370,148.950,Delivery Area
2630,CHAKOLA,NSW,-36.370,148.950,Delivery Area
2630,COOLRINGDON,NSW,-36.370,148.950,Delivery Area
2630,COOMA,NSW,-36.370,148.950,Delivery Area
2630,COUNTEGANY,NSW,-36.370,148.950,Delivery Area
2630,DAIRYMANS PLAINS,NSW,-36.370,148.950,Delivery Area
2630,DANGELONG,NSW,-36.370,148.950,Delivery Area
2630,DRY PLAIN,NSW,-36.370,148.950,Delivery Area
2630,FRYING PAN,NSW,-36.370,148.950,Delivery Area
2630,GLEN FERGUS,NSW,-36.370,148.950,Delivery Area
2630,IRONMUNGY,NSW,-36.370,148.950,Delivery Area
2630,JERANGLE,NSW,-36.370,148.950,Delivery Area
2630,MAFFRA,NSW,-36.370,148.950,Delivery Area
2630,MIDDLE FLAT,NSW,-36.370,148.950,Delivery Area
2630,MIDDLINGBANK,NSW,-36.370,148.950,Delivery Area
2630,MURRUMBUCCA,NSW,-36.370,148.950,Delivery Area
2630,MYALLA,NSW,-36.370,148.950,Delivery Area
2630,NUMERALLA,NSW,-36.370,148.950,Delivery Area
2630,PEAK VIEW,NSW,-36.370,148.950,Delivery Area
2630,PINE VALLEY,NSW,-36.370,148.950,Delivery Area
2630,POLO FLAT,NSW,-36.370,148.950,Delivery Area
2630,RHINE FALLS,NSW,-36.370,148.950,Delivery Area
2630,ROCK FLAT,NSW,-36.370,148.950,Delivery Area
2630,ROSE VALLEY,NSW,-36.370,148.950,Delivery Area
2630,SHANNONS FLAT,NSW,-36.370,148.950,Delivery Area
2630,SPRINGFIELD,NSW,-36.370,148.950,Delivery Area
2630,THE BROTHERS,NSW,-36.370,148.950,Delivery Area
2630,TUROSS,NSW,-36.370,148.950,Delivery Area
2630,WAMBROOK,NSW,-36.370,148.950,Delivery Area
2631,ANDO,NSW,-36.740,149.260,Delivery Area
2631,BOCO,NSW,-36.740,149.260,Delivery Area
2631,CREEWAH,NSW,-36.740,149.260,Delivery Area
2631,GLEN ALLEN,NSW,-36.740,149.260,Delivery Area
2631,GREENLANDS,NSW,-36.740,149.260,Delivery Area
2631,HOLTS FLAT,NSW,-36.740,149.260,Delivery Area
2631,JINCUMBILLY,NSW,-36.740,149.260,Delivery Area
2631,KYBEYAN,NSW,-36.740,149.260,Delivery Area
2631,MOUNT COOPER,NSW,-36.740,149.260,Delivery Area
2631,NIMMITABEL,NSW,-36.740,149.260,Delivery Area
2631,STEEPLE FLAT,NSW,-36.740,149.260,Delivery Area
2631,WINIFRED,NSW,-36.740,149.260,Delivery Area
2632,BIBBENLUKE,NSW,-36.820,149.280,Delivery Area
2632,BOMBALA,NSW,-36.820,149.280,Delivery Area
2632,BONDI FOREST,NSW,-36.820,149.280,Delivery Area
2632,BUKALONG,NSW,-36.820,149.280,Delivery Area
2632,CAMBALONG,NSW,-36.820,149.280,Delivery Area
2632,CATHCART,NSW,-36.820,149.280,Delivery Area
2632,COOLUMBOOKA,NSW,-36.820,149.280,Delivery Area
2632,CRAIGIE,NSW,-36.820,149.280,Delivery Area
2632,GUNNINGRAH,NSW,-36.820,149.280,Delivery Area
2632,LORDS HILL,NSW,-36.820,149.280,Delivery Area
2632,MERRIANGAAH,NSW,-36.820,149.280,Delivery Area
2632,MILA,NSW,-36.820,149.280,Delivery Area
2632,MOUNT DARRAGH,NSW,-36.820,149.280,Delivery Area
2632,PADDYS FLAT,NSW,-36.820,149.280,Delivery Area
2632,PALARANG,NSW,-36.820,149.280,Delivery Area
2632,QUIDONG,NSW,-36.820,149.280,Delivery Area
2632,ROCKTON,NSW,-36.820,149.280,Delivery Area
2632,ROSEMEATH,NSW,-36.820,149.280,Delivery Area
2633,CORROWONG,NSW,-36.930,148.830,Delivery Area
2633,DELEGATE,NSW,-36.930,148.830,Delivery Area
2633,TOMBONG,NSW,-36.930,148.830,Delivery Area
2640,ALBURY,NSW,-36.080,146.910,Delivery Area
2640,BUNGOWANNAH,NSW,-36.080,146.910,Delivery Area
2640,EAST ALBURY,NSW,-36.080,146.910,Delivery Area
2640,ETTAMOGAH,NSW,-36.080,146.910,Delivery Area
2640,GLENROY,NSW,-36.080,146.910,Delivery Area
2640,MOORWATHA,NSW,-36.080,146.910,Delivery Area
2640,NORTH ALBURY,NSW,-36.080,146.910,Delivery Area
2640,OURNIE,NSW,-36.080,146.910,Delivery Area
2640,SOUTH ALBURY,NSW,-36.080,146.910,Delivery Area
2640,SPLITTERS CREEK,NSW,-36.080,146.910,Delivery Area
2640,TABLE TOP,NSW,-36.080,146.910,Delivery Area
2640,TALMALMO,NSW,-36.080,146.910,Delivery Area
2640,THURGOONA,NSW,-36.080,146.910,Delivery Area
2640,WEST ALBURY,NSW,-36.080,146.910,Delivery Area
2640,WIRLINGA,NSW,-36.080,146.910,Delivery Area
2640,WYMAH,NSW,-36.080,146.910,Delivery Area
2641,HAMILTON VALLEY,NSW,-36.040,146.920,Delivery Area
2641,LAVINGTON,NSW,-36.040,146.920,Delivery Area
2641,LAVINGTON DC,NSW,,,Delivery Area
2641,SPRINGDALE HEIGHTS,NSW,-36.040,146.920,Delivery Area
2642,BIDGEEMIA,NSW,-35.440,146.440,Delivery Area
2642,BROCKLESBY,NSW,-35.440,146.440,Delivery Area
2642,BURRUMBUTTOCK,NSW,-35.440,146.440,Delivery Area
2642,GEEHI,NSW,-35.440,146.440,Delivery Area
2642,GEROGERY,NSW,-35.440,146.440,Delivery Area
2642,GLENELLEN,NSW,-35.440,146.440,Delivery Area
2642,GREG GREG,NSW,-35.440,146.440,Delivery Area
2642,INDI,NSW,-35.440,146.440,Delivery Area
2642,JAGUMBA,NSW,-35.440,146.440,Delivery Area
2642,JAGUNGAL WILDERNESS,NSW,-35.440,146.440,Delivery Area
2642,JINDERA,NSW,-35.440,146.440,Delivery Area
2642,JINGELLIC,NSW,-35.440,146.440,Delivery Area
2642,KHANCOBAN,NSW,-35.440,146.440,Delivery Area
2642,MURRAY GORGE,NSW,-35.440,146.440,Delivery Area
2642,RAND,NSW,-35.440,146.440,Delivery Area
2642,TOOMA,NSW,-35.440,146.440,Delivery Area
2642,WALBUNDRIE,NSW,-35.440,146.440,Delivery Area
2642,WELAREGANG,NSW,-35.440,146.440,Delivery Area
2642,WRATHALL,NSW,-35.440,146.440,Delivery Area
2642,YERONG CREEK,NSW,-35.440,146.440,Delivery Area
2643,HOWLONG,NSW,-35.960,146.610,Delivery Area
2644,BOWNA,NSW,-35.960,147.130,Delivery Area
2644,COPPABELLA,NSW,-35.960,147.130,Delivery Area
2644,HOLBROOK,NSW,-35.960,147.130,Delivery Area
2644,LANKEYS CREEK,NSW,-35.960,147.130,Delivery Area
2644,LITTLE BILLABONG,NSW,-35.960,147.130,Delivery Area
2644,MOUNTAIN CREEK,NSW,-35.960,147.130,Delivery Area
2644,MULLENGANDRA,NSW,-35.960,147.130,Delivery Area
2644,WANTAGONG,NSW,-35.960,147.130,Delivery Area
2644,WOOMARGAMA,NSW,-35.960,147.130,Delivery Area
2644,YARARA,NSW,-35.960,147.130,Delivery Area
2645,CULLIVEL,NSW,-35.130,146.130,Delivery Area
2645,URANA,NSW,-35.130,146.130,Delivery Area
2646,BALLDALE,NSW,-35.850,146.520,Delivery Area
2646,COLLENDINA,NSW,-35.850,146.520,Delivery Area
2646,COREEN,NSW,-35.850,146.520,Delivery Area
2646,COROWA,NSW,-35.850,146.520,Delivery Area
2646,DAYSDALE,NSW,-35.850,146.520,Delivery Area
2646,GOOMBARGANA,NSW,-35.850,146.520,Delivery Area
2646,HOPEFIELD,NSW,-35.850,146.520,Delivery Area
2646,LOWESDALE,NSW,-35.850,146.520,Delivery Area
2646,NYORA,NSW,-35.850,146.520,Delivery Area
2646,OAKLANDS,NSW,-35.850,146.520,Delivery Area
2646,REDLANDS,NSW,-35.850,146.520,Delivery Area
2646,RENNIE,NSW,-35.850,146.520,Delivery Area
2646,RINGWOOD,NSW,-35.850,146.520,Delivery Area
2646,SANGER,NSW,-35.850,146.520,Delivery Area
2646,SAVERNAKE,NSW,-35.850,146.520,Delivery Area
2647,MULWALA,NSW,-35.950,145.960,Delivery Area
2648,ANABRANCH NORTH,NSW,,,Delivery Area
2648,ANABRANCH SOUTH,NSW,,,Delivery Area
2648,CURLWAA,NSW,-34.150,142.090,Delivery Area
2648,ELLERSLIE,NSW,,,Delivery Area
2648,MOORARA,NSW,,,Delivery Area
2648,PAN BAN,NSW,-34.150,142.090,Delivery Area
2648,PARA,NSW,,,Delivery Area
2648,PINE CAMP,NSW,,,Delivery Area
2648,POMONA,NSW,,,Delivery Area
2648,POONCARIE,NSW,-34.150,142.090,Delivery Area
2648,RUFUS,NSW,,,Delivery Area
2648,SCOTIA,NSW,-34.150,142.090,Delivery Area
2648,WENTWORTH,NSW,-34.150,142.090,Delivery Area
2649,LAUREL HILL,NSW,-35.600,148.090,Delivery Area
2649,NURENMERENMONG,NSW,-35.600,148.090,Delivery Area
2650,ALFREDTOWN,NSW,-35.160,147.510,Delivery Area
2650,ASHMONT,NSW,-35.160,147.510,Delivery Area
2650,BELFRAYDEN,NSW,-35.160,147.510,Delivery Area
2650,BIG SPRINGS,NSW,-35.160,147.510,Delivery Area
2650,BOMEN,NSW,-35.160,147.510,Delivery Area
2650,BOOK BOOK,NSW,-35.160,147.510,Delivery Area
2650,BOOROOMA,NSW,-35.160,147.510,Delivery Area
2650,BORAMBOLA,NSW,-35.160,147.510,Delivery Area
2650,BOURKELANDS,NSW,-35.160,147.510,Delivery Area
2650,BRUCEDALE,NSW,-35.160,147.510,Delivery Area
2650,BULGARY,NSW,-35.160,147.510,Delivery Area
2650,BURRANDANA,NSW,-35.160,147.510,Delivery Area
2650,CARABOST,NSW,-35.160,147.510,Delivery Area
2650,CARTWRIGHTS HILL,NSW,-35.160,147.510,Delivery Area
2650,COLLINGULLIE,NSW,-35.160,147.510,Delivery Area
2650,COOKARDINIA,NSW,-35.160,147.510,Delivery Area
2650,CURRAWARNA,NSW,-35.160,147.510,Delivery Area
2650,DHULURA,NSW,,,Delivery Area
2650,DOWNSIDE,NSW,-35.160,147.510,Delivery Area
2650,EAST WAGGA WAGGA,NSW,-35.160,147.510,Delivery Area
2650,ESTELLA,NSW,-35.160,147.510,Delivery Area
2650,EUBERTA,NSW,-35.160,147.510,Delivery Area
2650,EUNANOREENYA,NSW,-35.160,147.510,Delivery Area
2650,GALORE,NSW,-35.160,147.510,Delivery Area
2650,GELSTON PARK,NSW,-35.160,147.510,Delivery Area
2650,GLENFIELD PARK,NSW,-35.160,147.510,Delivery Area
2650,GOBBAGOMBALIN,NSW,-35.160,147.510,Delivery Area
2650,GREGADOO,NSW,-35.160,147.510,Delivery Area
2650,HAREFIELD,NSW,-35.160,147.510,Delivery Area
2650,HILLGROVE,NSW,-35.160,147.510,Delivery Area
2650,KOORINGAL,NSW,-35.160,147.510,Delivery Area
2650,KYEAMBA,NSW,-35.160,147.510,Delivery Area
2650,LAKE ALBERT,NSW,-35.160,147.510,Delivery Area
2650,LLOYD,NSW,-35.160,147.510,Delivery Area
2650,MAXWELL,NSW,-35.160,147.510,Delivery Area
2650,MOORONG,NSW,-35.160,147.510,Delivery Area
2650,MOUNT AUSTIN,NSW,-35.160,147.510,Delivery Area
2650,NORTH WAGGA WAGGA,NSW,-35.160,147.510,Delivery Area
2650,OBERNE CREEK,NSW,-35.160,147.510,Delivery Area
2650,OURA,NSW,-35.160,147.510,Delivery Area
2650,PULLETOP,NSW,-35.160,147.510,Delivery Area
2650,ROWAN,NSW,-35.160,147.510,Delivery Area
2650,SAN ISIDORE,NSW,-35.160,147.510,Delivery Area
2650,SPRINGVALE,NSW,-35.160,147.510,Delivery Area
2650,TATTON,NSW,-35.160,147.510,Delivery Area
2650,THE GAP,NSW,-35.160,147.510,Delivery Area
2650,TOLLAND,NSW,-35.160,147.510,Delivery Area
2650,TURVEY PARK,NSW,-35.160,147.510,Delivery Area
2650,WAGGA WAGGA,NSW,-35.160,147.510,Delivery Area
2650,WAGGA WAGGA BC,NSW,-35.160,147.510,Delivery Area
2650,WALLACETOWN,NSW,-35.160,147.510,Delivery Area
2650,WANTABADGERY,NSW,-35.160,147.510,Delivery Area
2650,YARRAGUNDRY,NSW,-35.160,147.510,Delivery Area
2650,YATHELLA,NSW,-35.160,147.510,Delivery Area
2651,FOREST HILL,NSW,-32.710,151.550,Delivery Area
2651,WAGGA WAGGA RAAF,NSW,-32.710,151.550,Delivery Area
2652,BOORGA,NSW,-34.040,146.030,Delivery Area
2652,BOREE CREEK,NSW,-34.040,146.030,Delivery Area
2652,COWABBIE,NSW,,,Delivery Area
2652,GOOLGOWI,NSW,-34.040,146.030,Delivery Area
2652,GRONG GRONG,NSW,-34.040,146.030,Delivery Area
2652,GUMLY GUMLY,NSW,-34.040,146.030,Delivery Area
2652,HUMULA,NSW,-34.040,146.030,Delivery Area
2652,LADYSMITH,NSW,-34.040,146.030,Delivery Area
2652,LANDERVALE,NSW,-34.040,146.030,Delivery Area
2652,MANGOPLAH,NSW,-34.040,146.030,Delivery Area
2652,MARRAR,NSW,-34.040,146.030,Delivery Area
2652,MATONG,NSW,-34.040,146.030,Delivery Area
2652,MERRIWAGGA,NSW,-34.040,146.030,Delivery Area
2652,MURRULEBALE,NSW,-34.040,146.030,Delivery Area
2652,OLD JUNEE,NSW,-34.040,146.030,Delivery Area
2652,ROSEWOOD,NSW,-34.040,146.030,Delivery Area
2652,TABBITA,NSW,-34.040,146.030,Delivery Area
2652,TARCUTTA,NSW,-34.040,146.030,Delivery Area
2652,URANQUINTY,NSW,-34.040,146.030,Delivery Area
2653,BURRA,NSW,-35.830,148.070,Delivery Area
2653,COURABYRA,NSW,-35.830,148.070,Delivery Area
2653,GLENROY,NSW,-35.830,148.070,Delivery Area
2653,MANNUS,NSW,-35.830,148.070,Delivery Area
2653,MARAGLE,NSW,-35.830,148.070,Delivery Area
2653,MUNDEROO,NSW,-35.830,148.070,Delivery Area
2653,PADDYS RIVER,NSW,-35.830,148.070,Delivery Area
2653,TARADALE,NSW,-35.830,148.070,Delivery Area
2653,TUMBARUMBA,NSW,-35.830,148.070,Delivery Area
2653,WESTDALE,NSW,-35.830,148.070,Delivery Area
2653,WILLIGOBUNG,NSW,-35.830,148.070,Delivery Area
2655,FRENCH PARK,NSW,-35.320,147.190,Delivery Area
2655,THE ROCK,NSW,-35.320,147.190,Delivery Area
2655,TOOTOOL,NSW,-35.320,147.190,Delivery Area
2656,BROOKDALE,NSW,-35.120,147.000,Delivery Area
2656,BROOKONG,NSW,-35.120,147.000,Delivery Area
2656,FARGUNYAH,NSW,-35.120,147.000,Delivery Area
2656,LOCKHART,NSW,-35.120,147.000,Delivery Area
2656,MILBRULONG,NSW,-35.120,147.000,Delivery Area
2656,OSBORNE,NSW,-35.120,147.000,Delivery Area
2656,URANGELINE,NSW,-35.120,147.000,Delivery Area
2656,URANGELINE EAST,NSW,-35.120,147.000,Delivery Area
2658,HENTY,NSW,-35.440,146.990,Delivery Area
2658,MUNYABLA,NSW,-35.440,146.990,Delivery Area
2658,PLEASANT HILLS,NSW,-35.440,146.990,Delivery Area
2658,RYAN,NSW,-35.440,146.990,Delivery Area
2659,ALMA PARK,NSW,-35.600,146.790,Delivery Area
2659,WALLA WALLA,NSW,-35.600,146.790,Delivery Area
2660,CULCAIRN,NSW,-35.670,147.000,Delivery Area
2660,MORVEN,NSW,-35.670,147.000,Delivery Area
2661,KAPOOKA,NSW,-35.150,147.300,Delivery Area
2663,ERIN VALE,NSW,-35.150,145.980,Delivery Area
2663,EURONGILLY,NSW,-35.150,145.980,Delivery Area
2663,JUNEE,NSW,-35.150,145.980,Delivery Area
2663,MARINNA,NSW,-35.150,145.980,Delivery Area
2663,WANTIOOL,NSW,-35.150,145.980,Delivery Area
2665,ARDLETHAN,NSW,-34.360,146.900,Delivery Area
2665,ARIAH PARK,NSW,-34.360,146.900,Delivery Area
2665,BARELLAN,NSW,-34.360,146.900,Delivery Area
2665,BECKOM,NSW,-34.360,146.900,Delivery Area
2665,BECTRIC,NSW,-34.360,146.900,Delivery Area
2665,BINYA,NSW,-34.360,146.900,Delivery Area
2665,KAMARAH,NSW,-34.360,146.900,Delivery Area
2665,MIRROOL,NSW,-34.360,146.900,Delivery Area
2665,MOOMBOOLDOOL,NSW,-34.360,146.900,Delivery Area
2665,QUANDARY,NSW,-34.360,146.900,Delivery Area
2665,TARA,NSW,-34.360,146.900,Delivery Area
2665,WALLEROOBIE,NSW,-34.360,146.900,Delivery Area
2666,COMBANING,NSW,-34.460,147.680,Delivery Area
2666,DIRNASEER,NSW,-34.460,147.680,Delivery Area
2666,GIDGINBUNG,NSW,-34.460,147.680,Delivery Area
2666,GROGAN,NSW,-34.460,147.680,Delivery Area
2666,JUNEE REEFS,NSW,-34.460,147.680,Delivery Area
2666,MIMOSA,NSW,-34.460,147.680,Delivery Area
2666,MORANGARELL,NSW,-34.460,147.680,Delivery Area
2666,NARRABURRA,NSW,-34.460,147.680,Delivery Area
2666,PUCAWAN,NSW,-34.460,147.680,Delivery Area
2666,REEFTON,NSW,-34.460,147.680,Delivery Area
2666,SEBASTOPOL,NSW,-34.460,147.680,Delivery Area
2666,SPRINGDALE,NSW,-34.460,147.680,Delivery Area
2666,TEMORA,NSW,-34.460,147.680,Delivery Area
2666,TRUNGLEY HALL,NSW,-34.460,147.680,Delivery Area
2668,BARMEDMAN,NSW,-34.180,147.410,Delivery Area
2669,ERIGOLIA,NSW,-33.500,146.800,Delivery Area
2669,GIRRAL,NSW,-33.500,146.800,Delivery Area
2669,KIKOIRA,NSW,-33.500,146.800,Delivery Area
2669,MELBERGEN,NSW,-33.500,146.800,Delivery Area
2669,NARADHAN,NSW,-33.500,146.800,Delivery Area
2669,RANKINS SPRINGS,NSW,-33.500,146.800,Delivery Area
2669,TALLIMBA,NSW,-33.500,146.800,Delivery Area
2669,TULLIBIGEAL,NSW,-33.500,146.800,Delivery Area
2669,UNGARIE,NSW,-33.500,146.800,Delivery Area
2669,WEETHALLE,NSW,-33.500,146.800,Delivery Area
2671,ALLEENA,NSW,-34.110,147.140,Delivery Area
2671,BACK CREEK,NSW,-34.110,147.140,Delivery Area
2671,BURCHER,NSW,-34.110,147.140,Delivery Area
2671,LAKE COWAL,NSW,-34.110,147.140,Delivery Area
2671,NORTH YALGOGRIN,NSW,-34.110,147.140,Delivery Area
2671,WEST WYALONG,NSW,-34.110,147.140,Delivery Area
2671,WYALONG,NSW,-34.110,147.140,Delivery Area
2672,CURLEW WATERS,NSW,-33.390,146.580,Delivery Area
2672,LAKE CARGELLIGO,NSW,-33.390,146.580,Delivery Area
2672,MURRIN BRIDGE,NSW,-33.390,146.580,Delivery Area
2675,HILLSTON,NSW,-33.480,145.530,Delivery Area
2675,LAKE BREWSTER,NSW,-33.480,145.530,Delivery Area
2675,MONIA GAP,NSW,-33.480,145.530,Delivery Area
2675,ROTO,NSW,-33.480,145.530,Delivery Area
2675,WALLANTHERY,NSW,-33.480,145.530,Delivery Area
2678,CHARLES STURT UNIVERSITY,NSW,-35.060,147.350,Delivery Area
2678,RIVERINA MC,NSW,,,Delivery Area
2680,BEELBANGERA,NSW,-34.260,146.100,Delivery Area
2680,BENEREMBAH,NSW,-34.260,146.100,Delivery Area
2680,BILBUL,NSW,-34.260,146.100,Delivery Area
2680,GRIFFITH,NSW,-34.260,146.100,Delivery Area
2680,GRIFFITH DC,NSW,-34.260,146.100,Delivery Area
2680,GRIFFITH EAST,NSW,-34.260,146.100,Delivery Area
2680,HANWOOD,NSW,-34.260,146.100,Delivery Area
2680,KOOBA,NSW,-34.260,146.100,Delivery Area
2680,LAKE WYANGAN,NSW,-34.260,146.100,Delivery Area
2680,NERICON,NSW,-34.260,146.100,Delivery Area
2680,THARBOGANG,NSW,-34.260,146.100,Delivery Area
2680,WARBURN,NSW,-34.260,146.100,Delivery Area
2680,WARRAWIDGEE,NSW,-34.260,146.100,Delivery Area
2680,WIDGELLI,NSW,-34.260,146.100,Delivery Area
2680,WILLBRIGGIE,NSW,-34.260,146.100,Delivery Area
2680,YOOGALI,NSW,-34.260,146.100,Delivery Area
2681,MYALL PARK,NSW,-34.180,146.110,Delivery Area
2681,YENDA,NSW,-34.180,146.110,Delivery Area
2700,BUNDURE,NSW,-35.030,146.610,Delivery Area
2700,COLINROOBIE,NSW,-35.030,146.610,Delivery Area
2700,COROBIMILLA,NSW,-35.030,146.610,Delivery Area
2700,CUDGEL,NSW,-35.030,146.610,Delivery Area
2700,EUROLEY,NSW,-35.030,146.610,Delivery Area
2700,GILLENBAH,NSW,-35.030,146.610,Delivery Area
2700,MORUNDAH,NSW,-35.030,146.610,Delivery Area
2700,NARRANDERA,NSW,-35.030,146.610,Delivery Area
2700,SANDIGO,NSW,-35.030,146.610,Delivery Area
2701,BERRY JERRY,NSW,-34.820,147.200,Delivery Area
2701,COOLAMON,NSW,-34.820,147.200,Delivery Area
2701,METHUL,NSW,-34.820,147.200,Delivery Area
2701,RANNOCK,NSW,-34.820,147.200,Delivery Area
2702,GANMAIN,NSW,-34.790,147.040,Delivery Area
2703,YANCO,NSW,-34.630,146.400,Delivery Area
2705,BROBENAH,NSW,-34.490,146.430,Delivery Area
2705,CORBIE HILL,NSW,-34.490,146.430,Delivery Area
2705,GOGELDRIE,NSW,-34.490,146.430,Delivery Area
2705,LEETON,NSW,-34.490,146.430,Delivery Area
2705,MERUNGLE HILL,NSW,-34.490,146.430,Delivery Area
2705,MURRAMI,NSW,-34.490,146.430,Delivery Area
2705,STANBRIDGE,NSW,-34.490,146.430,Delivery Area
2705,WHITTON,NSW,-34.490,146.430,Delivery Area
2706,DARLINGTON POINT,NSW,-34.560,146.010,Delivery Area
2707,ARGOON,NSW,-34.860,145.670,Delivery Area
2707,COLEAMBALLY,NSW,-34.860,145.670,Delivery Area
2708,MURRAY REGION MC,NSW,0.000,0.000,Post Office Boxes
2710,BARRATTA,NSW,-35.230,144.490,Delivery Area
2710,BIRGANBIGIL,NSW,-35.230,144.490,Delivery Area
2710,BOOROORBAN,NSW,-35.230,144.490,Delivery Area
2710,BULLATALE,NSW,-35.230,144.490,Delivery Area
2710,CALDWELL,NSW,-35.230,144.490,Delivery Area
2710,CALIMO,NSW,-35.230,144.490,Delivery Area
2710,CONARGO,NSW,-35.230,144.490,Delivery Area
2710,COREE,NSW,-35.230,144.490,Delivery Area
2710,DENILIQUIN,NSW,-35.230,144.490,Delivery Area
2710,DENILIQUIN NORTH,NSW,,,Delivery Area
2710,HARTWOOD,NSW,-35.230,144.490,Delivery Area
2710,LINDIFFERON,NSW,-35.230,144.490,Delivery Area
2710,MATHOURA,NSW,-35.230,144.490,Delivery Area
2710,MAYRUNG,NSW,-35.230,144.490,Delivery Area
2710,MOONBRIA,NSW,-35.230,144.490,Delivery Area
2710,MORAGO,NSW,-35.230,144.490,Delivery Area
2710,PRETTY PINE,NSW,-35.230,144.490,Delivery Area
2710,STEAM PLAINS,NSW,-35.230,144.490,Delivery Area
2710,STUD PARK,NSW,-35.230,144.490,Delivery Area
2710,WAKOOL,NSW,-35.230,144.490,Delivery Area
2710,WANDOOK,NSW,-35.230,144.490,Delivery Area
2710,WANGANELLA,NSW,-35.230,144.490,Delivery Area
2710,WARRAGOON,NSW,-35.230,144.490,Delivery Area
2710,WILLURAH,NSW,-35.230,144.490,Delivery Area
2711,BOOLIGAL,NSW,-33.680,144.750,Delivery Area
2711,CARRATHOOL,NSW,-33.680,144.750,Delivery Area
2711,CLARE,NSW,-33.680,144.750,Delivery Area
2711,CORRONG,NSW,-33.680,144.750,Delivery Area
2711,GUNBAR,NSW,-33.680,144.750,Delivery Area
2711,HAY,NSW,-33.680,144.750,Delivery Area
2711,HAY SOUTH,NSW,-33.680,144.750,Delivery Area
2711,KERI KERI,NSW,-33.680,144.750,Delivery Area
2711,MAUDE,NSW,-33.680,144.750,Delivery Area
2711,ONE TREE,NSW,-33.680,144.750,Delivery Area
2711,OXLEY,NSW,-33.680,144.750,Delivery Area
2711,WAUGORAH,NSW,-33.680,144.750,Delivery Area
2711,YANGA,NSW,-33.680,144.750,Delivery Area
2712,BERRIGAN,NSW,-35.660,145.810,Delivery Area
2712,BOOMANOOMANA,NSW,-35.660,145.810,Delivery Area
2713,BLIGHTY,NSW,-35.590,145.290,Delivery Area
2713,FINLEY,NSW,-35.590,145.290,Delivery Area
2713,LOGIE BRAE,NSW,-35.590,145.290,Delivery Area
2713,MYRTLE PARK,NSW,-35.590,145.290,Delivery Area
2714,ARATULA,NSW,-35.510,145.050,Delivery Area
2714,PINE LODGE,NSW,-35.510,145.050,Delivery Area
2714,TOCUMWAL,NSW,-35.510,145.050,Delivery Area
2714,TUPPAL,NSW,-35.510,145.050,Delivery Area
2715,ARUMPO,NSW,-33.870,142.890,Delivery Area
2715,BALRANALD,NSW,-33.870,142.890,Delivery Area
2715,HATFIELD,NSW,-33.870,142.890,Delivery Area
2715,KYALITE,NSW,,,Delivery Area
2715,MUNGO,NSW,-33.870,142.890,Delivery Area
2716,FOUR CORNERS,NSW,-35.350,145.530,Delivery Area
2716,GALA VALE,NSW,-35.350,145.530,Delivery Area
2716,JERILDERIE,NSW,-35.350,145.530,Delivery Area
2716,MABINS WELL,NSW,-35.350,145.530,Delivery Area
2716,MAIRJIMMY,NSW,-35.350,145.530,Delivery Area
2717,COOMEALLA,NSW,,,Delivery Area
2717,DARETON,NSW,-34.090,142.040,Delivery Area
2720,ARGALONG,NSW,-35.320,148.450,Delivery Area
2720,BLOWERING,NSW,-35.320,148.450,Delivery Area
2720,BOGONG PEAKS WILDERNESS,NSW,-35.320,148.450,Delivery Area
2720,BOMBOWLEE,NSW,-35.320,148.450,Delivery Area
2720,BOMBOWLEE CREEK,NSW,-35.320,148.450,Delivery Area
2720,BUDDONG,NSW,-35.320,148.450,Delivery Area
2720,COURAGAGO,NSW,-35.320,148.450,Delivery Area
2720,GADARA,NSW,-35.320,148.450,Delivery Area
2720,GILMORE,NSW,-35.320,148.450,Delivery Area
2720,GOCUP,NSW,-35.320,148.450,Delivery Area
2720,GOOBARRAGANDRA,NSW,-35.320,148.450,Delivery Area
2720,JONES BRIDGE,NSW,-35.320,148.450,Delivery Area
2720,KILLIMICAT,NSW,-35.320,148.450,Delivery Area
2720,LACMALAC,NSW,-35.320,148.450,Delivery Area
2720,LITTLE RIVER,NSW,-35.320,148.450,Delivery Area
2720,MINJARY,NSW,-35.320,148.450,Delivery Area
2720,MUNDONGO,NSW,-35.320,148.450,Delivery Area
2720,PINBEYAN,NSW,-35.320,148.450,Delivery Area
2720,RED HILL,NSW,-35.320,148.450,Delivery Area
2720,TALBINGO,NSW,-35.320,148.450,Delivery Area
2720,TUMORRAMA,NSW,-35.320,148.450,Delivery Area
2720,TUMUT,NSW,-35.320,148.450,Delivery Area
2720,TUMUT PLAINS,NSW,-35.320,148.450,Delivery Area
2720,WEREBOLDERA,NSW,-35.320,148.450,Delivery Area
2720,WERMATONG,NSW,-35.320,148.450,Delivery Area
2720,WINDOWIE,NSW,-35.320,148.450,Delivery Area
2720,WYANGLE,NSW,-35.320,148.450,Delivery Area
2720,YARRANGOBILLY,NSW,-35.320,148.450,Delivery Area
2721,BLAND,NSW,-33.990,147.680,Delivery Area
2721,QUANDIALLA,NSW,-33.990,147.680,Delivery Area
2722,BRUNGLE,NSW,-34.820,148.080,Delivery Area
2722,BRUNGLE CREEK,NSW,-34.820,148.080,Delivery Area
2722,BURRA CREEK,NSW,-34.820,148.080,Delivery Area
2722,DARBALARA,NSW,-34.820,148.080,Delivery Area
2722,GUNDAGAI,NSW,-34.820,148.080,Delivery Area
2722,MUTTAMA,NSW,-34.820,148.080,Delivery Area
2722,NANGUS,NSW,-34.820,148.080,Delivery Area
2722,RENO,NSW,,,Delivery Area
2722,SOUTH GUNDAGAI,NSW,-34.820,148.080,Delivery Area
2725,STOCKINBINGAL,NSW,-34.510,147.880,Delivery Area
2726,COONEYS CREEK,NSW,,,Delivery Area
2726,JUGIONG,NSW,-34.910,148.320,Delivery Area
2727,ADJUNGBILLY,NSW,-35.080,148.410,Delivery Area
2727,COOLAC,NSW,-35.080,148.410,Delivery Area
2727,GOBARRALONG,NSW,-35.080,148.410,Delivery Area
2729,ADELONG,NSW,-35.310,148.060,Delivery Area
2729,BANGADANG,NSW,-35.310,148.060,Delivery Area
2729,BLACK CREEK,NSW,-35.310,148.060,Delivery Area
2729,CALIFAT,NSW,-35.310,148.060,Delivery Area
2729,COOLEYS CREEK,NSW,-35.310,148.060,Delivery Area
2729,DARLOW,NSW,-35.310,148.060,Delivery Area
2729,ELLERSLIE,NSW,-35.310,148.060,Delivery Area
2729,GRAHAMSTOWN,NSW,-35.310,148.060,Delivery Area
2729,MOUNT ADRAH,NSW,-35.310,148.060,Delivery Area
2729,MOUNT HOREB,NSW,-35.310,148.060,Delivery Area
2729,MUNDARLO,NSW,-35.310,148.060,Delivery Area
2729,SANDY GULLY,NSW,-35.310,148.060,Delivery Area
2729,SHARPS CREEK,NSW,-35.310,148.060,Delivery Area
2729,TUMBLONG,NSW,-35.310,148.060,Delivery Area
2729,WESTWOOD,NSW,-35.310,148.060,Delivery Area
2729,WONDALGA,NSW,-35.310,148.060,Delivery Area
2729,YAVEN CREEK,NSW,-35.310,148.060,Delivery Area
2730,BATLOW,NSW,-31.490,152.660,Delivery Area
2730,GREEN HILLS,NSW,-31.490,152.660,Delivery Area
2730,KUNAMA,NSW,-31.490,152.660,Delivery Area
2730,LOWER BAGO,NSW,-31.490,152.660,Delivery Area
2731,BUNNALOO,NSW,-35.790,144.630,Delivery Area
2731,MOAMA,NSW,-35.790,144.630,Delivery Area
2731,TANTONAN,NSW,-35.790,144.630,Delivery Area
2731,THYRA,NSW,-35.790,144.630,Delivery Area
2731,WOMBOOTA,NSW,-35.790,144.630,Delivery Area
2732,BARHAM,NSW,-35.630,144.130,Delivery Area
2732,BURRABOI,NSW,-35.630,144.130,Delivery Area
2732,COBRAMUNGA,NSW,-35.630,144.130,Delivery Area
2732,GONN,NSW,-35.630,144.130,Delivery Area
2732,NOORONG,NSW,-35.630,144.130,Delivery Area
2732,THULE,NSW,-35.630,144.130,Delivery Area
2732,TULLAKOOL,NSW,-35.630,144.130,Delivery Area
2733,DHURAGOON,NSW,-35.190,144.160,Delivery Area
2733,MOULAMEIN,NSW,-35.190,144.160,Delivery Area
2733,NIEMUR,NSW,-35.190,144.160,Delivery Area
2734,CUNNINYEUK,NSW,-35.250,143.900,Delivery Area
2734,DILPURRA,NSW,-35.250,143.900,Delivery Area
2734,MALLAN,NSW,,,Delivery Area
2734,MELLOOL,NSW,-35.250,143.900,Delivery Area
2734,MOOLPA,NSW,-35.250,143.900,Delivery Area
2734,MURRAY DOWNS,NSW,,,Delivery Area
2734,STONY CROSSING,NSW,-35.250,143.900,Delivery Area
2734,TOORANIE,NSW,-35.250,143.900,Delivery Area
2734,WETUPPA,NSW,-35.250,143.900,Delivery Area
2735,KORALEIGH,NSW,-35.660,144.140,Delivery Area
2735,SPEEWA,NSW,-35.660,144.140,Delivery Area
2736,GOODNIGHT,NSW,-34.960,143.340,Delivery Area
2736,TOOLEYBUC,NSW,-34.960,143.340,Delivery Area
2737,EUSTON,NSW,-34.510,142.850,Delivery Area
2738,GOL GOL,NSW,-34.180,142.220,Delivery Area
2738,MALLEE,NSW,,,Delivery Area
2738,MONAK,NSW,-34.180,142.220,Delivery Area
2738,PARINGI,NSW,,,Delivery Area
2738,TRENTHAM CLIFFS,NSW,,,Delivery Area
2739,BOEILL CREEK,NSW,,,Delivery Area
2739,BURONGA,NSW,-34.170,142.180,Delivery Area
2739,MOURQUONG,NSW,,,Delivery Area
2745,GLENMORE PARK,NSW,-33.790,150.670,Delivery Area
2745,GREENDALE,NSW,-33.790,150.670,Delivery Area
2745,LUDDENHAM,NSW,-33.790,150.670,Delivery Area
2745,MULGOA,NSW,-33.790,150.670,Delivery Area
2745,REGENTVILLE,NSW,-33.790,150.670,Delivery Area
2745,WALLACIA,NSW,-33.790,150.670,Delivery Area
2747,CADDENS,NSW,,,Delivery Area
2747,CAMBRIDGE GARDENS,NSW,-33.740,150.720,Delivery Area
2747,CAMBRIDGE PARK,NSW,-33.740,150.720,Delivery Area
2747,CLAREMONT MEADOWS,NSW,-33.740,150.720,Delivery Area
2747,JORDAN SPRINGS,NSW,,,Delivery Area
2747,KINGSWOOD,NSW,-33.740,150.720,Delivery Area
2747,LLANDILO,NSW,-33.740,150.720,Delivery Area
2747,SHANE PARK,NSW,,,Delivery Area
2747,SHANES PARK,NSW,-33.740,150.720,Delivery Area
2747,WERRINGTON,NSW,-33.740,150.720,Delivery Area
2747,WERRINGTON COUNTY,NSW,-33.740,150.720,Delivery Area
2747,WERRINGTON DOWNS,NSW,-33.740,150.720,Delivery Area
2748,ORCHARD HILLS,NSW,-33.780,150.720,Delivery Area
2749,CASTLEREAGH,NSW,-33.670,150.680,Delivery Area
2749,CRANEBROOK,NSW,-33.670,150.680,Delivery Area
2750,EMU HEIGHTS,NSW,-33.740,150.650,Delivery Area
2750,EMU PLAINS,NSW,-33.740,150.650,Delivery Area
2750,JAMISONTOWN,NSW,-33.740,150.650,Delivery Area
2750,LEONAY,NSW,-33.740,150.650,Delivery Area
2750,PENRITH,NSW,-33.740,150.650,Delivery Area
2750,PENRITH PLAZA,NSW,-33.740,150.650,Delivery Area
2750,PENRITH SOUTH,NSW,-33.740,150.650,Delivery Area
2750,SOUTH PENRITH,NSW,-33.740,150.650,Delivery Area
2751,PENRITH,NSW,-33.730,151.280,Post Office Boxes
2752,BRERETON,NSW,,,Delivery Area
2752,SILVERDALE,NSW,-33.940,150.580,Delivery Area
2752,WARRAGAMBA,NSW,-33.940,150.580,Delivery Area
2753,AGNES BANKS,NSW,-33.620,150.710,Delivery Area
2753,BOWEN MOUNTAIN,NSW,-33.620,150.710,Delivery Area
2753,GROSE VALE,NSW,-33.620,150.710,Delivery Area
2753,GROSE WOLD,NSW,-33.620,150.710,Delivery Area
2753,HOBARTVILLE,NSW,-33.620,150.710,Delivery Area
2753,LONDONDERRY,NSW,-33.620,150.710,Delivery Area
2753,RICHMOND,NSW,-33.620,150.710,Delivery Area
2753,RICHMOND LOWLANDS,NSW,-33.620,150.710,Delivery Area
2753,YARRAMUNDI,NSW,-33.620,150.710,Delivery Area
2754,NORTH RICHMOND,NSW,-33.580,150.720,Delivery Area
2754,TENNYSON,NSW,-33.580,150.720,Delivery Area
2754,THE SLOPES,NSW,-33.580,150.720,Delivery Area
2756,BLIGH PARK,NSW,-33.640,150.790,Delivery Area
2756,CATTAI,NSW,-33.640,150.790,Delivery Area
2756,CENTRAL COLO,NSW,-33.640,150.790,Delivery Area
2756,CLARENDON,NSW,-33.640,150.790,Delivery Area
2756,COLO,NSW,-33.640,150.790,Delivery Area
2756,COLO HEIGHTS,NSW,-33.640,150.790,Delivery Area
2756,CORNWALLIS,NSW,-33.640,150.790,Delivery Area
2756,CUMBERLAND REACH,NSW,-33.640,150.790,Delivery Area
2756,EBENEZER,NSW,-33.640,150.790,Delivery Area
2756,FREEMANS REACH,NSW,-33.640,150.790,Delivery Area
2756,GLOSSODIA,NSW,-33.640,150.790,Delivery Area
2756,LOWER PORTLAND,NSW,-33.640,150.790,Delivery Area
2756,MAROOTA,NSW,-33.640,150.790,Delivery Area
2756,MCGRATHS HILL,NSW,-33.640,150.790,Delivery Area
2756,MELLONG,NSW,-33.640,150.790,Delivery Area
2756,MULGRAVE,NSW,-33.640,150.790,Delivery Area
2756,PITT TOWN,NSW,-33.640,150.790,Delivery Area
2756,PITT TOWN BOTTOMS,NSW,-33.640,150.790,Delivery Area
2756,SACKVILLE,NSW,-33.640,150.790,Delivery Area
2756,SACKVILLE NORTH,NSW,-33.640,150.790,Delivery Area
2756,SCHEYVILLE,NSW,-33.640,150.790,Delivery Area
2756,SOUTH MAROOTA,NSW,-33.640,150.790,Delivery Area
2756,SOUTH WINDSOR,NSW,-33.640,150.790,Delivery Area
2756,UPPER COLO,NSW,-33.640,150.790,Delivery Area
2756,WILBERFORCE,NSW,-33.640,150.790,Delivery Area
2756,WINDSOR,NSW,-33.640,150.790,Delivery Area
2756,WINDSOR DOWNS,NSW,-33.640,150.790,Delivery Area
2756,WOMERAH,NSW,-33.640,150.790,Delivery Area
2757,KURMOND,NSW,-33.550,150.700,Delivery Area
2758,BERAMBING,NSW,-33.540,150.440,Delivery Area
2758,BILPIN,NSW,-33.540,150.440,Delivery Area
2758,BLAXLANDS RIDGE,NSW,-33.540,150.440,Delivery Area
2758,EAST KURRAJONG,NSW,-33.540,150.440,Delivery Area
2758,KURRAJONG,NSW,-33.540,150.440,Delivery Area
2758,KURRAJONG HEIGHTS,NSW,-33.540,150.440,Delivery Area
2758,KURRAJONG HILLS,NSW,-33.540,150.440,Delivery Area
2758,MOUNT TOMAH,NSW,-33.540,150.440,Delivery Area
2758,MOUNTAIN LAGOON,NSW,-33.540,150.440,Delivery Area
2758,THE DEVILS WILDERNESS,NSW,-33.540,150.440,Delivery Area
2758,WHEENY CREEK,NSW,-33.540,150.440,Delivery Area
2759,ERSKINE PARK,NSW,-33.810,150.790,Delivery Area
2759,ST CLAIR,NSW,-33.810,150.790,Delivery Area
2760,COLYTON,NSW,-33.780,150.790,Delivery Area
2760,NORTH ST MARYS,NSW,-33.780,150.790,Delivery Area
2760,OXLEY PARK,NSW,-33.780,150.790,Delivery Area
2760,ROPES CROSSING,NSW,-33.780,150.790,Delivery Area
2760,ST MARYS,NSW,-33.780,150.790,Delivery Area
2760,ST MARYS EAST,NSW,-33.780,150.790,Delivery Area
2760,ST MARYS SOUTH,NSW,-33.780,150.790,Delivery Area
2761,COLEBEE,NSW,-33.730,150.870,Delivery Area
2761,DEAN PARK,NSW,-33.730,150.870,Delivery Area
2761,GLENDENNING,NSW,-33.730,150.870,Delivery Area
2761,HASSALL GROVE,NSW,-33.730,150.870,Delivery Area
2761,OAKHURST,NSW,-33.730,150.870,Delivery Area
2761,PLUMPTON,NSW,-33.730,150.870,Delivery Area
2762,SCHOFIELDS,NSW,-33.700,150.890,Delivery Area
2762,TALLAWONG,NSW,,,Delivery Area
2763,ACACIA GARDENS,NSW,-33.730,150.910,Delivery Area
2763,NIRIMBA FIELDS,NSW,,,Delivery Area
2763,QUAKERS HILL,NSW,-33.730,150.910,Delivery Area
2765,ANGUS,NSW,,,Delivery Area
2765,BERKSHIRE PARK,NSW,-33.670,150.800,Delivery Area
2765,BOX HILL,NSW,-33.670,150.800,Delivery Area
2765,GABLES,NSW,,,Delivery Area
2765,GRANTHAM FARM,NSW,,,Delivery Area
2765,MARAYLYA,NSW,-33.670,150.800,Delivery Area
2765,MARSDEN PARK,NSW,-33.670,150.800,Delivery Area
2765,MELONBA,NSW,,,Delivery Area
2765,NELSON,NSW,-33.670,150.800,Delivery Area
2765,OAKVILLE,NSW,-33.670,150.800,Delivery Area
2765,RICHARDS,NSW,,,Delivery Area
2765,RIVERSTONE,NSW,-33.670,150.800,Delivery Area
2765,VINEYARD,NSW,-33.670,150.800,Delivery Area
2766,EASTERN CREEK,NSW,-33.800,150.850,Delivery Area
2766,ROOTY HILL,NSW,-33.800,150.850,Delivery Area
2767,BUNGARRIBEE,NSW,,,Delivery Area
2767,DOONSIDE,NSW,-33.770,150.870,Delivery Area
2767,WOODCROFT,NSW,-33.770,150.870,Delivery Area
2768,GLENWOOD,NSW,-33.740,150.920,Delivery Area
2768,PARKLEA,NSW,-33.740,150.920,Delivery Area
2768,STANHOPE GARDENS,NSW,-33.740,150.920,Delivery Area
2769,THE PONDS,NSW,-34.050,150.750,Delivery Area
2770,BIDWILL,NSW,-33.730,150.820,Delivery Area
2770,BLACKETT,NSW,-33.730,150.820,Delivery Area
2770,DHARRUK,NSW,-33.730,150.820,Delivery Area
2770,EMERTON,NSW,-33.730,150.820,Delivery Area
2770,HEBERSHAM,NSW,-33.730,150.820,Delivery Area
2770,LETHBRIDGE PARK,NSW,-33.730,150.820,Delivery Area
2770,MINCHINBURY,NSW,-33.730,150.820,Delivery Area
2770,MOUNT DRUITT,NSW,-33.730,150.820,Delivery Area
2770,MOUNT DRUITT VILLAGE,NSW,-33.730,150.820,Delivery Area
2770,SHALVEY,NSW,-33.730,150.820,Delivery Area
2770,TREGEAR,NSW,-33.730,150.820,Delivery Area
2770,WHALAN,NSW,-33.730,150.820,Delivery Area
2770,WILLMOT,NSW,-33.730,150.820,Delivery Area
2773,GLENBROOK,NSW,-33.770,150.620,Delivery Area
2773,LAPSTONE,NSW,-33.770,150.620,Delivery Area
2774,BLAXLAND,NSW,-33.740,150.610,Delivery Area
2774,BLAXLAND EAST,NSW,-33.740,150.610,Delivery Area
2774,MOUNT RIVERVIEW,NSW,-33.740,150.610,Delivery Area
2774,WARRIMOO,NSW,-33.740,150.610,Delivery Area
2775,CENTRAL MACDONALD,NSW,-33.330,150.980,Delivery Area
2775,FERNANCES,NSW,-33.330,150.980,Delivery Area
2775,GUNDERMAN,NSW,-33.330,150.980,Delivery Area
2775,HIGHER MACDONALD,NSW,-33.330,150.980,Delivery Area
2775,LAUGHTONDALE,NSW,-33.330,150.980,Delivery Area
2775,LEETS VALE,NSW,-33.330,150.980,Delivery Area
2775,LOWER MACDONALD,NSW,-33.330,150.980,Delivery Area
2775,MARLOW,NSW,-33.330,150.980,Delivery Area
2775,MOGO CREEK,NSW,-33.330,150.980,Delivery Area
2775,PERRYS CROSSING,NSW,-33.330,150.980,Delivery Area
2775,SINGLETONS MILL,NSW,-33.330,150.980,Delivery Area
2775,SPENCER,NSW,-33.330,150.980,Delivery Area
2775,ST ALBANS,NSW,-33.330,150.980,Delivery Area
2775,UPPER MACDONALD,NSW,-33.330,150.980,Delivery Area
2775,WEBBS CREEK,NSW,-33.330,150.980,Delivery Area
2775,WISEMANS FERRY,NSW,-33.330,150.980,Delivery Area
2775,WRIGHTS CREEK,NSW,-33.330,150.980,Delivery Area
2776,FAULCONBRIDGE,NSW,-33.700,150.530,Delivery Area
2777,HAWKESBURY HEIGHTS,NSW,-33.670,150.650,Delivery Area
2777,SPRINGWOOD,NSW,-33.670,150.650,Delivery Area
2777,SUN VALLEY,NSW,-33.670,150.650,Delivery Area
2777,VALLEY HEIGHTS,NSW,-33.670,150.650,Delivery Area
2777,WINMALEE,NSW,-33.670,150.650,Delivery Area
2777,YELLOW ROCK,NSW,-33.670,150.650,Delivery Area
2778,LINDEN,NSW,-33.790,150.040,Delivery Area
2778,WOODFORD,NSW,-33.790,150.040,Delivery Area
2779,HAZELBROOK,NSW,-33.720,150.450,Delivery Area
2780,KATOOMBA,NSW,-33.710,150.310,Delivery Area
2780,KATOOMBA DC,NSW,-33.710,150.310,Delivery Area
2780,LEURA,NSW,-33.710,150.310,Delivery Area
2780,MEDLOW BATH,NSW,-33.710,150.310,Delivery Area
2782,KEDUMBA,NSW,,,Delivery Area
2782,WENTWORTH FALLS,NSW,-33.710,150.380,Delivery Area
2783,LAWSON,NSW,-33.720,150.430,Delivery Area
2784,BULLABURRA,NSW,-33.720,150.410,Delivery Area
2785,BLACKHEATH,NSW,-33.640,150.280,Delivery Area
2785,MEGALONG VALLEY,NSW,,,Delivery Area
2786,BELL,NSW,-33.510,150.280,Delivery Area
2786,DARGAN,NSW,-33.510,150.280,Delivery Area
2786,MOUNT IRVINE,NSW,-33.510,150.280,Delivery Area
2786,MOUNT VICTORIA,NSW,-33.510,150.280,Delivery Area
2786,MOUNT WILSON,NSW,-33.510,150.280,Delivery Area
2787,BELOON,NSW,,,Delivery Area
2787,BIMLOW,NSW,,,Delivery Area
2787,BINDOOK,NSW,,,Delivery Area
2787,BLACK SPRINGS,NSW,-33.840,149.710,Delivery Area
2787,CHATHAM VALLEY,NSW,-33.840,149.710,Delivery Area
2787,DUCKMALOI,NSW,-33.840,149.710,Delivery Area
2787,EDITH,NSW,-33.840,149.710,Delivery Area
2787,ESSINGTON,NSW,,,Delivery Area
2787,GINGKIN,NSW,-33.840,149.710,Delivery Area
2787,GURNANG,NSW,-33.840,149.710,Delivery Area
2787,HAZELGROVE,NSW,-33.840,149.710,Delivery Area
2787,JAUNTER,NSW,-33.840,149.710,Delivery Area
2787,JOORILAND,NSW,,,Delivery Area
2787,KANANGRA,NSW,-33.840,149.710,Delivery Area
2787,KOWMUNG,NSW,,,Delivery Area
2787,MAYFIELD,NSW,-33.840,149.710,Delivery Area
2787,MOUNT OLIVE,NSW,-33.840,149.710,Delivery Area
2787,MOUNT WERONG,NSW,-33.840,149.710,Delivery Area
2787,MOZART,NSW,-33.840,149.710,Delivery Area
2787,NORWAY,NSW,-33.840,149.710,Delivery Area
2787,OBERON,NSW,-33.840,149.710,Delivery Area
2787,PORTERS RETREAT,NSW,-33.840,149.710,Delivery Area
2787,SHOOTERS HILL,NSW,-33.840,149.710,Delivery Area
2787,TARANA,NSW,-33.840,149.710,Delivery Area
2787,THE MEADOWS,NSW,-33.840,149.710,Delivery Area
2787,YERRANDERIE,NSW,,,Delivery Area
2790,BEN BULLEN,NSW,-33.220,150.020,Delivery Area
2790,BLACKMANS FLAT,NSW,-33.220,150.020,Delivery Area
2790,BOWENFELS,NSW,-33.220,150.020,Delivery Area
2790,CLARENCE,NSW,-33.220,150.020,Delivery Area
2790,COBAR PARK,NSW,-33.220,150.020,Delivery Area
2790,CORNEY TOWN,NSW,-33.220,150.020,Delivery Area
2790,CULLEN BULLEN,NSW,-33.220,150.020,Delivery Area
2790,DOCTORS GAP,NSW,-33.220,150.020,Delivery Area
2790,GANBENANG,NSW,-33.220,150.020,Delivery Area
2790,GOOD FOREST,NSW,,,Delivery Area
2790,HAMPTON,NSW,-33.220,150.020,Delivery Area
2790,HARTLEY,NSW,-33.220,150.020,Delivery Area
2790,HARTLEY VALE,NSW,-33.220,150.020,Delivery Area
2790,HASSANS WALLS,NSW,-33.220,150.020,Delivery Area
2790,HERMITAGE FLAT,NSW,-33.220,150.020,Delivery Area
2790,JENOLAN,NSW,-33.220,150.020,Delivery Area
2790,KANIMBLA,NSW,-33.220,150.020,Delivery Area
2790,LIDSDALE,NSW,-33.220,150.020,Delivery Area
2790,LITHGOW,NSW,-33.220,150.020,Delivery Area
2790,LITTLE HARTLEY,NSW,-33.220,150.020,Delivery Area
2790,LITTLETON,NSW,-33.220,150.020,Delivery Area
2790,LOWTHER,NSW,-33.220,150.020,Delivery Area
2790,MARRANGAROO,NSW,-33.220,150.020,Delivery Area
2790,MCKELLARS PARK,NSW,-33.220,150.020,Delivery Area
2790,MORTS ESTATE,NSW,-33.220,150.020,Delivery Area
2790,MOUNT LAMBIE,NSW,-33.220,150.020,Delivery Area
2790,NEWNES,NSW,-33.220,150.020,Delivery Area
2790,NEWNES PLATEAU,NSW,-33.220,150.020,Delivery Area
2790,OAKEY PARK,NSW,,,Delivery Area
2790,POTTERY ESTATE,NSW,-33.220,150.020,Delivery Area
2790,RYDAL,NSW,-33.220,150.020,Delivery Area
2790,SHEEDYS GULLY,NSW,-33.220,150.020,Delivery Area
2790,SODWALLS,NSW,-33.220,150.020,Delivery Area
2790,SOUTH BOWENFELS,NSW,-33.220,150.020,Delivery Area
2790,SOUTH LITTLETON,NSW,-33.220,150.020,Delivery Area
2790,STATE MINE GULLY,NSW,-33.220,150.020,Delivery Area
2790,VALE OF CLWYDD,NSW,-33.220,150.020,Delivery Area
2790,WOLGAN VALLEY,NSW,-33.220,150.020,Delivery Area
2790,WOLLANGAMBE,NSW,-33.220,150.020,Delivery Area
2791,CARCOAR,NSW,-33.610,149.140,Delivery Area
2791,ERROWANBANG,NSW,-33.610,149.140,Delivery Area
2792,BURNT YARDS,NSW,-33.590,149.030,Delivery Area
2792,MANDURAMA,NSW,-33.590,149.030,Delivery Area
2793,DARBYS FALLS,NSW,-33.930,148.860,Delivery Area
2793,ROSEBERG,NSW,-33.930,148.860,Delivery Area
2793,WOODSTOCK,NSW,-33.930,148.860,Delivery Area
2794,BUMBALDRY,NSW,-33.910,148.460,Delivery Area
2794,COWRA,NSW,-33.910,148.460,Delivery Area
2794,HOVELLS CREEK,NSW,-33.910,148.460,Delivery Area
2794,MOUNT COLLINS,NSW,-33.910,148.460,Delivery Area
2794,WATTAMONDARA,NSW,-33.910,148.460,Delivery Area
2795,ABERCROMBIE,NSW,-33.910,149.330,Delivery Area
2795,ABERCROMBIE RIVER,NSW,-33.910,149.330,Delivery Area
2795,ARKELL,NSW,-33.910,149.330,Delivery Area
2795,ARKSTONE,NSW,-33.910,149.330,Delivery Area
2795,BALD RIDGE,NSW,-33.910,149.330,Delivery Area
2795,BALLYROE,NSW,-33.910,149.330,Delivery Area
2795,BATHAMPTON,NSW,-33.910,149.330,Delivery Area
2795,BATHURST,NSW,-33.910,149.330,Delivery Area
2795,BATHURST WEST,NSW,,,Delivery Area
2795,BILLYWILLINGA,NSW,-33.910,149.330,Delivery Area
2795,BREWONGLE,NSW,-33.910,149.330,Delivery Area
2795,BRUINBUN,NSW,-33.910,149.330,Delivery Area
2795,BURRAGA,NSW,-33.910,149.330,Delivery Area
2795,CALOOLA,NSW,-33.910,149.330,Delivery Area
2795,CHARLES STURT UNIVERSITY,NSW,-33.910,149.330,Delivery Area
2795,CHARLTON,NSW,-33.910,149.330,Delivery Area
2795,CLEAR CREEK,NSW,-33.910,149.330,Delivery Area
2795,COLO,NSW,-33.910,149.330,Delivery Area
2795,COPPERHANNIA,NSW,-33.910,149.330,Delivery Area
2795,COW FLAT,NSW,-33.910,149.330,Delivery Area
2795,CRUDINE,NSW,-33.910,149.330,Delivery Area
2795,CURRAGH,NSW,-33.910,149.330,Delivery Area
2795,DARK CORNER,NSW,-33.910,149.330,Delivery Area
2795,DOG ROCKS,NSW,-33.910,149.330,Delivery Area
2795,DUNKELD,NSW,-33.910,149.330,Delivery Area
2795,DURAMANA,NSW,-33.910,149.330,Delivery Area
2795,EGLINTON,NSW,-33.910,149.330,Delivery Area
2795,EVANS PLAINS,NSW,-33.910,149.330,Delivery Area
2795,FITZGERALDS VALLEY,NSW,-33.910,149.330,Delivery Area
2795,FOREST GROVE,NSW,-33.910,149.330,Delivery Area
2795,FOSTERS VALLEY,NSW,-33.910,149.330,Delivery Area
2795,FREEMANTLE,NSW,-33.910,149.330,Delivery Area
2795,GEMALLA,NSW,-33.910,149.330,Delivery Area
2795,GEORGES PLAINS,NSW,-33.910,149.330,Delivery Area
2795,GILMANDYKE,NSW,-33.910,149.330,Delivery Area
2795,GLANMIRE,NSW,-33.910,149.330,Delivery Area
2795,GORMANS HILL,NSW,-33.910,149.330,Delivery Area
2795,GOWAN,NSW,-33.910,149.330,Delivery Area
2795,HOBBYS YARDS,NSW,-33.910,149.330,Delivery Area
2795,ISABELLA,NSW,-33.910,149.330,Delivery Area
2795,JEREMY,NSW,-33.910,149.330,Delivery Area
2795,JUDDS CREEK,NSW,-33.910,149.330,Delivery Area
2795,KELSO,NSW,-33.910,149.330,Delivery Area
2795,KILLONGBUTTA,NSW,-33.910,149.330,Delivery Area
2795,KIRKCONNELL,NSW,-33.910,149.330,Delivery Area
2795,LAFFING WATERS,NSW,-33.910,149.330,Delivery Area
2795,LIMEKILNS,NSW,-33.910,149.330,Delivery Area
2795,LLANARTH,NSW,-33.910,149.330,Delivery Area
2795,LOCKSLEY,NSW,-33.910,149.330,Delivery Area
2795,MEADOW FLAT,NSW,-33.910,149.330,Delivery Area
2795,MILKERS FLAT,NSW,-33.910,149.330,Delivery Area
2795,MILLAH MURRAH,NSW,-33.910,149.330,Delivery Area
2795,MITCHELL,NSW,-33.910,149.330,Delivery Area
2795,MOORILDA,NSW,-33.910,149.330,Delivery Area
2795,MOUNT DAVID,NSW,-33.910,149.330,Delivery Area
2795,MOUNT PANORAMA,NSW,-33.910,149.330,Delivery Area
2795,MOUNT RANKIN,NSW,-33.910,149.330,Delivery Area
2795,NAPOLEON REEF,NSW,-33.910,149.330,Delivery Area
2795,NEWBRIDGE,NSW,-33.910,149.330,Delivery Area
2795,ORTON PARK,NSW,-33.910,149.330,Delivery Area
2795,PALING YARDS,NSW,-33.910,149.330,Delivery Area
2795,PALMERS OAKY,NSW,-33.910,149.330,Delivery Area
2795,PEEL,NSW,-33.910,149.330,Delivery Area
2795,PERTHVILLE,NSW,-33.910,149.330,Delivery Area
2795,RAGLAN,NSW,-33.910,149.330,Delivery Area
2795,ROBIN HILL,NSW,-33.910,149.330,Delivery Area
2795,ROCK FOREST,NSW,-33.910,149.330,Delivery Area
2795,ROCKLEY,NSW,-33.910,149.330,Delivery Area
2795,ROCKLEY MOUNT,NSW,-33.910,149.330,Delivery Area
2795,SOFALA,NSW,-33.910,149.330,Delivery Area
2795,SOUTH BATHURST,NSW,-33.910,149.330,Delivery Area
2795,STEWARTS MOUNT,NSW,-33.910,149.330,Delivery Area
2795,SUNNY CORNER,NSW,-33.910,149.330,Delivery Area
2795,TANNAS MOUNT,NSW,-33.910,149.330,Delivery Area
2795,THE LAGOON,NSW,-33.910,149.330,Delivery Area
2795,THE ROCKS,NSW,-33.910,149.330,Delivery Area
2795,TRIANGLE FLAT,NSW,-33.910,149.330,Delivery Area
2795,TRUNKEY CREEK,NSW,-33.910,149.330,Delivery Area
2795,TURONDALE,NSW,-33.910,149.330,Delivery Area
2795,TWENTY FORESTS,NSW,-33.910,149.330,Delivery Area
2795,UPPER TURON,NSW,-33.910,149.330,Delivery Area
2795,WALANG,NSW,-33.910,149.330,Delivery Area
2795,WAMBOOL,NSW,-33.910,149.330,Delivery Area
2795,WATTLE FLAT,NSW,-33.910,149.330,Delivery Area
2795,WATTON,NSW,-33.910,149.330,Delivery Area
2795,WEST BATHURST,NSW,-33.910,149.330,Delivery Area
2795,WHITE ROCK,NSW,-33.910,149.330,Delivery Area
2795,WIAGDON,NSW,-33.910,149.330,Delivery Area
2795,WIMBLEDON,NSW,-33.910,149.330,Delivery Area
2795,WINBURNDALE,NSW,-33.910,149.330,Delivery Area
2795,WINDRADYNE,NSW,-33.910,149.330,Delivery Area
2795,WISEMANS CREEK,NSW,-33.910,149.330,Delivery Area
2795,YARRAS,NSW,-33.910,149.330,Delivery Area
2795,YETHOLME,NSW,-33.910,149.330,Delivery Area
2797,GARLAND,NSW,-33.710,149.030,Delivery Area
2797,LYNDHURST,NSW,-33.710,149.030,Delivery Area
2798,FOREST REEFS,NSW,-33.340,149.250,Delivery Area
2798,GUYONG,NSW,-33.340,149.250,Delivery Area
2798,MILLTHORPE,NSW,-33.340,149.250,Delivery Area
2798,SPRING TERRACE,NSW,-33.340,149.250,Delivery Area
2798,TALLWOOD,NSW,-33.340,149.250,Delivery Area
2799,BARRY,NSW,-33.650,149.270,Delivery Area
2799,BLAYNEY,NSW,-33.650,149.270,Delivery Area
2799,BROWNS CREEK,NSW,-33.650,149.270,Delivery Area
2799,FITZGERALDS MOUNT,NSW,-33.650,149.270,Delivery Area
2799,KINGS PLAINS,NSW,-33.650,149.270,Delivery Area
2799,NEVILLE,NSW,-33.650,149.270,Delivery Area
2799,VITTORIA,NSW,-33.650,149.270,Delivery Area
2800,BELGRAVIA,NSW,-33.120,149.030,Delivery Area
2800,BOREE,NSW,,,Delivery Area
2800,BORENORE,NSW,-33.120,149.030,Delivery Area
2800,BYNG,NSW,,,Delivery Area
2800,CADIA,NSW,-33.120,149.030,Delivery Area
2800,CANOBOLAS,NSW,-33.120,149.030,Delivery Area
2800,CARGO,NSW,-33.120,149.030,Delivery Area
2800,CLERGATE,NSW,-33.120,149.030,Delivery Area
2800,CLIFTON GROVE,NSW,-33.120,149.030,Delivery Area
2800,EMU SWAMP,NSW,-33.120,149.030,Delivery Area
2800,FOUR MILE CREEK,NSW,-33.120,149.030,Delivery Area
2800,HUNTLEY,NSW,-33.120,149.030,Delivery Area
2800,KANGAROOBIE,NSW,-33.120,149.030,Delivery Area
2800,KERRS CREEK,NSW,-33.120,149.030,Delivery Area
2800,LEWIS PONDS,NSW,-33.120,149.030,Delivery Area
2800,LIDSTER,NSW,-33.120,149.030,Delivery Area
2800,LOWER LEWIS PONDS,NSW,-33.120,149.030,Delivery Area
2800,LUCKNOW,NSW,-33.120,149.030,Delivery Area
2800,MARCH,NSW,-33.120,149.030,Delivery Area
2800,MULLION CREEK,NSW,-33.120,149.030,Delivery Area
2800,NASHDALE,NSW,-33.120,149.030,Delivery Area
2800,OPHIR,NSW,-33.120,149.030,Delivery Area
2800,ORANGE,NSW,-33.120,149.030,Delivery Area
2800,ORANGE DC,NSW,-33.120,149.030,Delivery Area
2800,ORANGE EAST,NSW,-33.120,149.030,Delivery Area
2800,ORANGE MOULDER STREET,NSW,,,Delivery Area
2800,PANUARA,NSW,-33.120,149.030,Delivery Area
2800,SHADFORTH,NSW,-33.120,149.030,Delivery Area
2800,SPRING CREEK,NSW,-33.120,149.030,Delivery Area
2800,SPRING HILL,NSW,-33.120,149.030,Delivery Area
2800,SPRINGSIDE,NSW,-33.120,149.030,Delivery Area
2800,SUMMER HILL CREEK,NSW,-33.120,149.030,Delivery Area
2800,WALDEGRAVE,NSW,-33.120,149.030,Delivery Area
2800,WINDERA,NSW,-33.120,149.030,Delivery Area
2803,BENDICK MURRELL,NSW,-34.160,148.450,Delivery Area
2803,CROWTHER,NSW,-34.160,148.450,Delivery Area
2803,WIRRIMAH,NSW,-34.160,148.450,Delivery Area
2804,BILLIMARI,NSW,-33.680,148.620,Delivery Area
2804,CANOWINDRA,NSW,-33.680,148.620,Delivery Area
2804,MOORBEL,NSW,-33.680,148.620,Delivery Area
2804,NYRANG CREEK,NSW,-33.680,148.620,Delivery Area
2805,GOOLOOGONG,NSW,-33.650,148.410,Delivery Area
2806,EUGOWRA,NSW,-33.430,148.370,Delivery Area
2807,KOORAWATHA,NSW,-34.040,148.550,Delivery Area
2808,WYANGALA,NSW,-33.940,149.050,Delivery Area
2809,GREENETHORPE,NSW,-34.040,148.400,Delivery Area
2810,BIMBI,NSW,-33.990,147.930,Delivery Area
2810,CARAGABAL,NSW,-33.990,147.930,Delivery Area
2810,GLENELG,NSW,-33.990,147.930,Delivery Area
2810,GRENFELL,NSW,-33.990,147.930,Delivery Area
2810,PINEY RANGE,NSW,-33.990,147.930,Delivery Area
2810,PINNACLE,NSW,-33.990,147.930,Delivery Area
2810,PULLABOOKA,NSW,-33.990,147.930,Delivery Area
2810,WARRADERRY,NSW,-33.990,147.930,Delivery Area
2817,TONDERBURINE,NSW,,,Delivery Area
2817,TOORAWEENAH,NSW,,,Delivery Area
2818,BENOLONG,NSW,,,Delivery Area
2818,GEURIE,NSW,,,Delivery Area
2818,PONTO,NSW,,,Delivery Area
2818,TERRABELLA,NSW,,,Delivery Area
2820,APSLEY,NSW,-32.600,148.960,Delivery Area
2820,ARTHURVILLE,NSW,-32.600,148.960,Delivery Area
2820,BAKERS SWAMP,NSW,-32.600,148.960,Delivery Area
2820,BODANGORA,NSW,-32.600,148.960,Delivery Area
2820,COMOBELLA,NSW,-32.600,148.960,Delivery Area
2820,CURRA CREEK,NSW,-32.600,148.960,Delivery Area
2820,DRIPSTONE,NSW,-32.600,148.960,Delivery Area
2820,FARNHAM,NSW,-32.600,148.960,Delivery Area
2820,GOLLAN,NSW,-32.600,148.960,Delivery Area
2820,LAKE BURRENDONG,NSW,-32.600,148.960,Delivery Area
2820,MARYVALE,NSW,-32.600,148.960,Delivery Area
2820,MONTEFIORES,NSW,-32.600,148.960,Delivery Area
2820,MOOKERAWA,NSW,-32.600,148.960,Delivery Area
2820,MOUNT AQUILA,NSW,-32.600,148.960,Delivery Area
2820,MOUNT ARTHUR,NSW,-32.600,148.960,Delivery Area
2820,MUMBIL,NSW,-32.600,148.960,Delivery Area
2820,NEUREA,NSW,-32.600,148.960,Delivery Area
2820,SPICERS CREEK,NSW,-32.600,148.960,Delivery Area
2820,STUART TOWN,NSW,-32.600,148.960,Delivery Area
2820,SUNTOP,NSW,-32.600,148.960,Delivery Area
2820,WALMER,NSW,-32.600,148.960,Delivery Area
2820,WELLINGTON,NSW,-32.600,148.960,Delivery Area
2820,WUULUMAN,NSW,-32.600,148.960,Delivery Area
2820,YARRAGAL,NSW,-32.600,148.960,Delivery Area
2821,BURROWAY,NSW,-32.060,148.260,Delivery Area
2821,NARROMINE,NSW,-32.060,148.260,Delivery Area
2822,BALLADORAN,NSW,,,Delivery Area
2822,EUMUNGERIE,NSW,,,Delivery Area
2823,BUNDEMAR,NSW,-31.840,148.180,Delivery Area
2823,CATHUNDRAL,NSW,-31.840,148.180,Delivery Area
2823,DANDALOO,NSW,-31.840,148.180,Delivery Area
2823,GIN GIN,NSW,-31.840,148.180,Delivery Area
2823,TRANGIE,NSW,-31.840,148.180,Delivery Area
2824,BEEMUNNEL,NSW,-31.670,147.860,Delivery Area
2824,BULLAGREEN,NSW,,,Delivery Area
2824,EENAWEENA,NSW,-31.670,147.860,Delivery Area
2824,MARTHAGUY,NSW,-31.670,147.860,Delivery Area
2824,MOUNT FOSTER,NSW,-31.670,147.860,Delivery Area
2824,MOUNT HARRIS,NSW,-31.670,147.860,Delivery Area
2824,MUMBLEBONE PLAIN,NSW,-31.670,147.860,Delivery Area
2824,OXLEY,NSW,-31.670,147.860,Delivery Area
2824,PIGEONBAH,NSW,-31.670,147.860,Delivery Area
2824,PINE CLUMP,NSW,,,Delivery Area
2824,RAVENSWOOD,NSW,-31.670,147.860,Delivery Area
2824,RED HILL,NSW,-31.670,147.860,Delivery Area
2824,SNAKES PLAIN,NSW,-31.670,147.860,Delivery Area
2824,TENANDRA,NSW,-31.670,147.860,Delivery Area
2824,WARREN,NSW,-31.670,147.860,Delivery Area
2825,BABINDA,NSW,-31.940,146.480,Delivery Area
2825,BUDDABADAH,NSW,-31.940,146.480,Delivery Area
2825,CANONBA,NSW,-31.940,146.480,Delivery Area
2825,HONEYBUGLE,NSW,-31.940,146.480,Delivery Area
2825,MIANDETTA,NSW,-31.940,146.480,Delivery Area
2825,MULLA,NSW,-31.940,146.480,Delivery Area
2825,MULLENGUDGERY,NSW,-31.940,146.480,Delivery Area
2825,MURRAWOMBIE,NSW,-31.940,146.480,Delivery Area
2825,NYNGAN,NSW,-31.940,146.480,Delivery Area
2825,PANGEE,NSW,-31.940,146.480,Delivery Area
2826,BOGAN,NSW,,,Delivery Area
2826,NEVERTIRE,NSW,,,Delivery Area
2827,BEARBONG,NSW,-31.660,148.880,Delivery Area
2827,BIDDON,NSW,-31.660,148.880,Delivery Area
2827,BREELONG,NSW,-31.660,148.880,Delivery Area
2827,COLLIE,NSW,-31.660,148.880,Delivery Area
2827,CURBAN,NSW,-31.660,148.880,Delivery Area
2827,GILGANDRA,NSW,-31.660,148.880,Delivery Area
2827,MERRIGAL,NSW,-31.660,148.880,Delivery Area
2828,ARMATREE,NSW,,,Delivery Area
2828,BLACK HOLLOW,NSW,-31.110,148.860,Delivery Area
2828,BOURBAH,NSW,-31.110,148.860,Delivery Area
2828,GULARGAMBONE,NSW,-31.110,148.860,Delivery Area
2828,MOUNT TENANDRA,NSW,-31.110,148.860,Delivery Area
2828,QUANDA,NSW,-31.110,148.860,Delivery Area
2828,WARRUMBUNGLE,NSW,-31.110,148.860,Delivery Area
2829,BILLEROY,NSW,-31.120,148.370,Delivery Area
2829,COMBARA,NSW,-31.120,148.370,Delivery Area
2829,CONIMBIA,NSW,-31.120,148.370,Delivery Area
2829,COONAMBLE,NSW,-31.120,148.370,Delivery Area
2829,GILGOOMA,NSW,-31.120,148.370,Delivery Area
2829,GUNGALMAN,NSW,,,Delivery Area
2829,MAGOMETON,NSW,-31.120,148.370,Delivery Area
2829,NEBEA,NSW,-31.120,148.370,Delivery Area
2829,PINE GROVE,NSW,-31.120,148.370,Delivery Area
2829,TERIDGERIE,NSW,-31.120,148.370,Delivery Area
2829,TOOLOON,NSW,,,Delivery Area
2829,URAWILKIE,NSW,-31.120,148.370,Delivery Area
2829,WINGADEE,NSW,-31.120,148.370,Delivery Area
2830,BALLIMORE,NSW,-32.200,148.900,Delivery Area
2830,BROCKLEHURST,NSW,-32.200,148.900,Delivery Area
2830,DUBBO,NSW,-32.200,148.900,Delivery Area
2830,DUBBO DC,NSW,-32.200,148.900,Delivery Area
2830,DUBBO EAST,NSW,-32.200,148.900,Delivery Area
2830,DUBBO GROVE,NSW,-32.200,148.900,Delivery Area
2830,DUBBO WEST,NSW,-32.200,148.900,Delivery Area
2830,GOONOO FOREST,NSW,-32.200,148.900,Delivery Area
2830,KICKABIL,NSW,-32.200,148.900,Delivery Area
2830,MINORE,NSW,-32.200,148.900,Delivery Area
2830,MOGRIGUY,NSW,-32.200,148.900,Delivery Area
2830,RAWSONVILLE,NSW,-32.200,148.900,Delivery Area
2830,TERRAMUNGAMINE,NSW,-32.200,148.900,Delivery Area
2830,TOONGI,NSW,-32.200,148.900,Delivery Area
2830,WAMBANGALANG,NSW,-32.200,148.900,Delivery Area
2831,BYROCK,NSW,-31.450,148.410,Delivery Area
2831,CARINDA,NSW,-31.450,148.410,Delivery Area
2831,COOLABAH,NSW,-31.450,148.410,Delivery Area
2831,ELONG ELONG,NSW,-31.450,148.410,Delivery Area
2831,GIRILAMBONE,NSW,-31.450,148.410,Delivery Area
2831,HERMIDALE,NSW,-31.450,148.410,Delivery Area
2831,MACQUARIE MARSHES,NSW,-31.450,148.410,Delivery Area
2831,MERRYGOEN,NSW,-31.450,148.410,Delivery Area
2831,NEILREX,NSW,-31.450,148.410,Delivery Area
2831,NYMAGEE,NSW,-31.450,148.410,Delivery Area
2831,QUAMBONE,NSW,-31.450,148.410,Delivery Area
2831,THE MARRA,NSW,-31.450,148.410,Delivery Area
2831,WONGARBON,NSW,-31.450,148.410,Delivery Area
2832,COME BY CHANCE,NSW,-29.110,147.900,Delivery Area
2832,CRYON,NSW,-29.110,147.900,Delivery Area
2832,CUMBORAH,NSW,-29.110,147.900,Delivery Area
2832,GRAWIN OPAL FIELDS,NSW,,,Delivery Area
2832,WALGETT,NSW,-29.110,147.900,Delivery Area
2833,COLLARENEBRI,NSW,-29.550,148.580,Delivery Area
2834,ANGLEDOOL,NSW,-29.430,147.980,Delivery Area
2834,LIGHTNING RIDGE,NSW,-29.430,147.980,Delivery Area
2835,BULLA,NSW,-32.030,144.440,Delivery Area
2835,CANBELEGO,NSW,-32.030,144.440,Delivery Area
2835,COBAR,NSW,-32.030,144.440,Delivery Area
2835,CUBBA,NSW,-32.030,144.440,Delivery Area
2835,IRYMPLE,NSW,-32.030,144.440,Delivery Area
2835,KERRIGUNDI,NSW,-32.030,144.440,Delivery Area
2835,KULWIN,NSW,-32.030,144.440,Delivery Area
2835,NOONA,NSW,-32.030,144.440,Delivery Area
2835,SANDY CREEK,NSW,-32.030,144.440,Delivery Area
2835,TINDAREY,NSW,-32.030,144.440,Delivery Area
2836,WHITE CLIFFS,NSW,-30.810,142.880,Delivery Area
2836,WILCANNIA,NSW,-30.810,142.880,Delivery Area
2838,GOODOOGA,NSW,,,Delivery Area
2839,BREWARRINA,NSW,-30.200,146.540,Delivery Area
2839,COLLERINA,NSW,-30.200,146.540,Delivery Area
2839,GONGOLGON,NSW,-30.200,146.540,Delivery Area
2839,NARRAN LAKE,NSW,-30.200,146.540,Delivery Area
2839,TALAWANTA,NSW,-30.200,146.540,Delivery Area
2839,WEILMORINGLE,NSW,-30.200,146.540,Delivery Area
2840,BARRINGUN,NSW,,,Delivery Area
2840,BOURKE,NSW,-29.190,145.880,Delivery Area
2840,ENNGONIA,NSW,-29.190,145.880,Delivery Area
2840,FORDS BRIDGE,NSW,-29.190,145.880,Delivery Area
2840,GUMBALIE,NSW,-29.190,145.880,Delivery Area
2840,GUNDERBOOKA,NSW,-29.190,145.880,Delivery Area
2840,HUNGERFORD,NSW,-29.190,145.880,Delivery Area
2840,LOUTH,NSW,-29.190,145.880,Delivery Area
2840,NORTH BOURKE,NSW,,,Delivery Area
2840,TILPA,NSW,-29.190,145.880,Delivery Area
2840,WANAARING,NSW,-29.190,145.880,Delivery Area
2840,YANTABULLA,NSW,-29.190,145.880,Delivery Area
2842,MENDOORAN,NSW,-31.820,149.120,Delivery Area
2842,MOLLYAN,NSW,-31.820,149.120,Delivery Area
2842,YARRAGRIN,NSW,-31.820,149.120,Delivery Area
2843,COOLAH,NSW,-31.770,149.610,Delivery Area
2844,BIRRIWA,NSW,-32.120,149.470,Delivery Area
2844,COBBORA,NSW,,,Delivery Area
2844,DUNEDOO,NSW,-32.120,149.470,Delivery Area
2844,LEADVILLE,NSW,-32.120,149.470,Delivery Area
2845,WALLERAWANG,NSW,-33.410,150.060,Delivery Area
2846,CAPERTEE,NSW,-33.150,149.990,Delivery Area
2846,GLEN DAVIS,NSW,-33.150,149.990,Delivery Area
2846,ROUND SWAMP,NSW,-33.150,149.990,Delivery Area
2847,PORTLAND,NSW,-33.350,149.980,Delivery Area
2848,BROGANS CREEK,NSW,-32.970,149.960,Delivery Area
2848,CHARBON,NSW,-32.970,149.960,Delivery Area
2848,CLANDULLA,NSW,-32.970,149.960,Delivery Area
2848,KANDOS,NSW,-32.970,149.960,Delivery Area
2849,BOGEE,NSW,-32.980,150.100,Delivery Area
2849,BREAKFAST CREEK,NSW,-32.980,150.100,Delivery Area
2849,BUDDEN,NSW,-32.980,150.100,Delivery Area
2849,BYLONG,NSW,-32.980,150.100,Delivery Area
2849,CAMBOON,NSW,-32.980,150.100,Delivery Area
2849,CARWELL,NSW,-32.980,150.100,Delivery Area
2849,COGGAN,NSW,-32.980,150.100,Delivery Area
2849,COXS CREEK,NSW,-32.980,150.100,Delivery Area
2849,COXS CROWN,NSW,-32.980,150.100,Delivery Area
2849,DABEE,NSW,-32.980,150.100,Delivery Area
2849,DUNGEREE,NSW,-32.980,150.100,Delivery Area
2849,DUNVILLE LOOP,NSW,-32.980,150.100,Delivery Area
2849,GINGHI,NSW,-32.980,150.100,Delivery Area
2849,GLEN ALICE,NSW,-32.980,150.100,Delivery Area
2849,GROWEE,NSW,-32.980,150.100,Delivery Area
2849,KELGOOLA,NSW,-32.980,150.100,Delivery Area
2849,LEE CREEK,NSW,-32.980,150.100,Delivery Area
2849,MOUNT MARSDEN,NSW,-32.980,150.100,Delivery Area
2849,MURRUMBO,NSW,-32.980,150.100,Delivery Area
2849,NULLO MOUNTAIN,NSW,-32.980,150.100,Delivery Area
2849,OLINDA,NSW,-32.980,150.100,Delivery Area
2849,PINNACLE SWAMP,NSW,-32.980,150.100,Delivery Area
2849,PYANGLE,NSW,-32.980,150.100,Delivery Area
2849,RYLSTONE,NSW,-32.980,150.100,Delivery Area
2849,UPPER BYLONG,NSW,-32.980,150.100,Delivery Area
2849,UPPER GROWEE,NSW,-32.980,150.100,Delivery Area
2849,UPPER NILE,NSW,-32.980,150.100,Delivery Area
2849,WIRRABA,NSW,-32.980,150.100,Delivery Area
2850,AARONS PASS,NSW,-32.860,149.800,Delivery Area
2850,APPLE TREE FLAT,NSW,-32.860,149.800,Delivery Area
2850,AVISFORD,NSW,-32.860,149.800,Delivery Area
2850,BARA,NSW,-32.860,149.800,Delivery Area
2850,BARIGAN,NSW,-32.860,149.800,Delivery Area
2850,BOCOBLE,NSW,-32.860,149.800,Delivery Area
2850,BOMBIRA,NSW,-32.860,149.800,Delivery Area
2850,BOTOBOLAR,NSW,-32.860,149.800,Delivery Area
2850,BUCKAROO,NSW,-32.860,149.800,Delivery Area
2850,BUDGEE BUDGEE,NSW,-32.860,149.800,Delivery Area
2850,BURRUNDULLA,NSW,-32.860,149.800,Delivery Area
2850,CAERLEON,NSW,-32.860,149.800,Delivery Area
2850,CANADIAN LEAD,NSW,-32.860,149.800,Delivery Area
2850,CARCALGONG,NSW,-32.860,149.800,Delivery Area
2850,COLLINGWOOD,NSW,-32.860,149.800,Delivery Area
2850,COOKS GAP,NSW,-32.860,149.800,Delivery Area
2850,COOYAL,NSW,-32.860,149.800,Delivery Area
2850,CROSS ROADS,NSW,-32.860,149.800,Delivery Area
2850,CUDGEGONG,NSW,-32.860,149.800,Delivery Area
2850,CULLENBONE,NSW,-32.860,149.800,Delivery Area
2850,CUMBO,NSW,-32.860,149.800,Delivery Area
2850,ERUDGERE,NSW,-32.860,149.800,Delivery Area
2850,EURUNDEREE,NSW,-32.860,149.800,Delivery Area
2850,FROG ROCK,NSW,-32.860,149.800,Delivery Area
2850,GALAMBINE,NSW,-32.860,149.800,Delivery Area
2850,GRATTAI,NSW,-32.860,149.800,Delivery Area
2850,GREEN GULLY,NSW,-32.860,149.800,Delivery Area
2850,HARGRAVES,NSW,-32.860,149.800,Delivery Area
2850,HAVILAH,NSW,-32.860,149.800,Delivery Area
2850,HAYES GAP,NSW,-32.860,149.800,Delivery Area
2850,HILL END,NSW,-32.860,149.800,Delivery Area
2850,HOME RULE,NSW,-32.860,149.800,Delivery Area
2850,ILFORD,NSW,-32.860,149.800,Delivery Area
2850,KAINS FLAT,NSW,-32.860,149.800,Delivery Area
2850,LINBURN,NSW,-32.860,149.800,Delivery Area
2850,LUE,NSW,-32.860,149.800,Delivery Area
2850,MAITLAND BAR,NSW,-32.860,149.800,Delivery Area
2850,MENAH,NSW,-32.860,149.800,Delivery Area
2850,MEROO,NSW,-32.860,149.800,Delivery Area
2850,MILROY,NSW,-32.860,149.800,Delivery Area
2850,MOGO,NSW,-32.860,149.800,Delivery Area
2850,MONIVAE,NSW,-32.860,149.800,Delivery Area
2850,MOOLARBEN,NSW,-32.860,149.800,Delivery Area
2850,MOUNT FROME,NSW,-32.860,149.800,Delivery Area
2850,MOUNT KNOWLES,NSW,-32.860,149.800,Delivery Area
2850,MUDGEE,NSW,-32.860,149.800,Delivery Area
2850,MULLAMUDDY,NSW,-32.860,149.800,Delivery Area
2850,MUNGHORN,NSW,-32.860,149.800,Delivery Area
2850,PIAMBONG,NSW,-32.860,149.800,Delivery Area
2850,PUTTA BUCCA,NSW,-32.860,149.800,Delivery Area
2850,PYRAMUL,NSW,-32.860,149.800,Delivery Area
2850,QUEENS PINCH,NSW,-32.860,149.800,Delivery Area
2850,RIVERLEA,NSW,-32.860,149.800,Delivery Area
2850,RUNNING STREAM,NSW,-32.860,149.800,Delivery Area
2850,SALLYS FLAT,NSW,-32.860,149.800,Delivery Area
2850,SPRING FLAT,NSW,-32.860,149.800,Delivery Area
2850,ST FILLANS,NSW,-32.860,149.800,Delivery Area
2850,STONY CREEK,NSW,-32.860,149.800,Delivery Area
2850,TAMBAROORA,NSW,-32.860,149.800,Delivery Area
2850,TICHULAR,NSW,-32.860,149.800,Delivery Area
2850,TOTNES VALLEY,NSW,-32.860,149.800,Delivery Area
2850,TRIAMBLE,NSW,-32.860,149.800,Delivery Area
2850,TURILL,NSW,-32.860,149.800,Delivery Area
2850,TWELVE MILE,NSW,-32.860,149.800,Delivery Area
2850,ULAN,NSW,-32.860,149.800,Delivery Area
2850,ULLAMALLA,NSW,-32.860,149.800,Delivery Area
2850,WILBETREE,NSW,-32.860,149.800,Delivery Area
2850,WILPINJONG,NSW,-32.860,149.800,Delivery Area
2850,WINDEYER,NSW,-32.860,149.800,Delivery Area
2850,WOLLAR,NSW,-32.860,149.800,Delivery Area
2850,WORLDS END,NSW,-32.860,149.800,Delivery Area
2850,YARRABIN,NSW,-32.860,149.800,Delivery Area
2850,YARRAWONGA,NSW,-32.860,149.800,Delivery Area
2852,BARNEYS REEF,NSW,-32.190,149.530,Delivery Area
2852,BERYL,NSW,-32.190,149.530,Delivery Area
2852,BUNGABA,NSW,-32.190,149.530,Delivery Area
2852,COPE,NSW,-32.190,149.530,Delivery Area
2852,CUMBANDRY,NSW,-32.190,149.530,Delivery Area
2852,GOOLMA,NSW,-32.190,149.530,Delivery Area
2852,GULGONG,NSW,-32.190,149.530,Delivery Area
2852,GUNTAWANG,NSW,,,Delivery Area
2852,MEBUL,NSW,-32.190,149.530,Delivery Area
2852,MEROTHERIE,NSW,-32.190,149.530,Delivery Area
2852,STUBBO,NSW,-32.190,149.530,Delivery Area
2852,TALLAWANG,NSW,-32.190,149.530,Delivery Area
2852,TWO MILE FLAT,NSW,,,Delivery Area
2864,BOWAN PARK,NSW,-33.230,148.840,Delivery Area
2864,CUDAL,NSW,-33.230,148.840,Delivery Area
2864,MURGA,NSW,-33.230,148.840,Delivery Area
2864,TOOGONG,NSW,-33.230,148.840,Delivery Area
2865,BOCOBRA,NSW,-33.100,148.540,Delivery Area
2865,GUMBLE,NSW,-33.100,148.540,Delivery Area
2865,MANILDRA,NSW,-33.100,148.540,Delivery Area
2866,AMAROO,NSW,-33.180,148.930,Delivery Area
2866,BOOMEY,NSW,-33.180,148.930,Delivery Area
2866,CUNDUMBUL,NSW,-33.180,148.930,Delivery Area
2866,EUCHAREENA,NSW,-33.180,148.930,Delivery Area
2866,GARRA,NSW,-33.180,148.930,Delivery Area
2866,LARRAS LEE,NSW,-33.180,148.930,Delivery Area
2866,MOLONG,NSW,-33.180,148.930,Delivery Area
2867,BALDRY,NSW,-32.870,148.500,Delivery Area
2867,CUMNOCK,NSW,-32.870,148.500,Delivery Area
2867,EURIMBLA,NSW,-32.870,148.500,Delivery Area
2867,LOOMBAH,NSW,-32.870,148.500,Delivery Area
2867,YULLUNDRY,NSW,-32.870,148.500,Delivery Area
2868,BOURNEWOOD,NSW,-32.750,148.750,Delivery Area
2868,NORTH YEOVAL,NSW,-32.750,148.750,Delivery Area
2868,OBLEY,NSW,-32.750,148.750,Delivery Area
2868,YEOVAL,NSW,-32.750,148.750,Delivery Area
2869,PEAK HILL,NSW,-32.730,148.190,Delivery Area
2869,TOMINGLEY,NSW,-32.730,148.190,Delivery Area
2869,TREWILGA,NSW,-32.730,148.190,Delivery Area
2870,ALECTOWN,NSW,-32.930,148.260,Delivery Area
2870,BUMBERRY,NSW,-32.930,148.260,Delivery Area
2870,COOKAMIDGERA,NSW,-32.930,148.260,Delivery Area
2870,COOKS MYALLS,NSW,-32.930,148.260,Delivery Area
2870,DAROOBALGIE,NSW,,,Delivery Area
2870,GOONUMBLA,NSW,-32.930,148.260,Delivery Area
2870,MANDAGERY,NSW,-32.930,148.260,Delivery Area
2870,PARKES,NSW,-32.930,148.260,Delivery Area
2870,TICHBORNE,NSW,-32.930,148.260,Delivery Area
2871,BEDGERABONG,NSW,,,Delivery Area
2871,CORINELLA,NSW,-33.500,148.310,Delivery Area
2871,FAIRHOLME,NSW,-33.500,148.310,Delivery Area
2871,FORBES,NSW,-33.500,148.310,Delivery Area
2871,GAREMA,NSW,-33.500,148.310,Delivery Area
2871,JEMALONG,NSW,-33.500,148.310,Delivery Area
2871,MULYANDRY,NSW,-33.500,148.310,Delivery Area
2871,OOMA,NSW,-33.500,148.310,Delivery Area
2871,PAYTENS BRIDGE,NSW,,,Delivery Area
2871,WARROO,NSW,-33.500,148.310,Delivery Area
2871,WIRRINYA,NSW,-33.500,148.310,Delivery Area
2873,ALBERT,NSW,-32.420,147.510,Delivery Area
2873,FIVE WAYS,NSW,,,Delivery Area
2873,MIAMLEY,NSW,-32.420,147.510,Delivery Area
2873,TOTTENHAM,NSW,-32.420,147.510,Delivery Area
2874,TULLAMORE,NSW,-32.630,147.560,Delivery Area
2875,BRUIE PLAINS,NSW,-32.780,147.860,Delivery Area
2875,FIFIELD,NSW,-32.780,147.860,Delivery Area
2875,OOTHA,NSW,-32.780,147.860,Delivery Area
2875,TRUNDLE,NSW,-32.780,147.860,Delivery Area
2875,YARRABANDAI,NSW,-32.780,147.860,Delivery Area
2876,BOGAN GATE,NSW,-33.110,147.800,Delivery Area
2876,GUNNING GAP,NSW,,,Delivery Area
2876,GUNNINGBLAND,NSW,-33.110,147.800,Delivery Area
2876,NELUNGALOO,NSW,-33.110,147.800,Delivery Area
2877,BOBADAH,NSW,,,Delivery Area
2877,BOONA MOUNT,NSW,-33.090,147.150,Delivery Area
2877,CONDOBOLIN,NSW,-33.090,147.150,Delivery Area
2877,DERRIWONG,NSW,-33.090,147.150,Delivery Area
2877,EREMERANG,NSW,-33.090,147.150,Delivery Area
2877,EUABALONG,NSW,-33.090,147.150,Delivery Area
2877,EUABALONG WEST,NSW,-33.090,147.150,Delivery Area
2877,GILGUNNIA,NSW,,,Delivery Area
2877,KIACATOO,NSW,-33.090,147.150,Delivery Area
2877,MOUNT HOPE,NSW,-33.090,147.150,Delivery Area
2877,MULGUTHRIE,NSW,-33.090,147.150,Delivery Area
2878,IVANHOE,NSW,-32.830,143.860,Delivery Area
2878,MOSSGIEL,NSW,-32.830,143.860,Delivery Area
2879,MENINDEE,NSW,-32.260,142.410,Delivery Area
2879,SUNSET STRIP,NSW,-32.260,142.410,Delivery Area
2880,BROKEN HILL,NSW,-31.960,141.470,Delivery Area
2880,BROKEN HILL NORTH,NSW,-31.960,141.470,Delivery Area
2880,BROKEN HILL WEST,NSW,-31.960,141.470,Delivery Area
2880,BROUGHAMS GATE,NSW,-31.960,141.470,Delivery Area
2880,FOWLERS GAP,NSW,-31.960,141.470,Delivery Area
2880,LITTLE TOPAR,NSW,-31.960,141.470,Delivery Area
2880,MILPARINKA,NSW,-31.960,141.470,Delivery Area
2880,MUTAWINTJI,NSW,-31.960,141.470,Delivery Area
2880,PACKSADDLE,NSW,-31.960,141.470,Delivery Area
2880,SILVERTON,NSW,-31.960,141.470,Delivery Area
2880,SOUTH BROKEN HILL,NSW,-31.960,141.470,Delivery Area
2880,TIBOOBURRA,NSW,-31.960,141.470,Delivery Area
2890,AUSTRALIAN DEFENCE FORCES,NSW,0.000,0.000,Delivery Area
2891,INTERNATIONAL MC,NSW,,,Post Office Boxes
2898,LORD HOWE ISLAND,NSW,-31.550,159.080,Delivery Area
2899,NORFOLK ISLAND,NSW,-36.080,146.930,Delivery Area
2900,GREENWAY,ACT,-35.420,149.070,Delivery Area
2901,TUGGERANONG DC,ACT,0.000,0.000,Post Office Boxes
2902,KAMBAH,ACT,-35.380,149.050,Delivery Area
2902,KAMBAH VILLAGE,ACT,-35.380,149.050,Delivery Area
2903,ERINDALE CENTRE,ACT,-35.400,149.100,Delivery Area
2903,OXLEY,ACT,-35.400,149.100,Delivery Area
2903,WANNIASSA,ACT,-35.400,149.100,Delivery Area
2904,FADDEN,ACT,-35.400,149.120,Delivery Area
2904,GOWRIE,ACT,-35.400,149.120,Delivery Area
2904,MACARTHUR,ACT,-35.400,149.120,Delivery Area
2904,MONASH,ACT,-35.400,149.120,Delivery Area
2905,BONYTHON,ACT,-35.430,149.080,Delivery Area
2905,CALWELL,ACT,-35.430,149.080,Delivery Area
2905,CHISHOLM,ACT,-35.430,149.080,Delivery Area
2905,GILMORE,ACT,-35.430,149.080,Delivery Area
2905,ISABELLA PLAINS,ACT,-35.430,149.080,Delivery Area
2905,RICHARDSON,ACT,-35.430,149.080,Delivery Area
2905,THEODORE,ACT,-35.430,149.080,Delivery Area
2906,BANKS,ACT,-35.520,149.080,Delivery Area
2906,CONDER,ACT,-35.520,149.080,Delivery Area
2906,GORDON,ACT,-35.520,149.080,Delivery Area
2911,CRACE,ACT,-35.220,149.120,Delivery Area
2911,KENNY,ACT,,,Delivery Area
2911,MITCHELL,ACT,-35.220,149.120,Delivery Area
2912,GUNGAHLIN,ACT,-35.520,149.080,Delivery Area
2913,CASEY,ACT,-35.200,149.130,Delivery Area
2913,FRANKLIN,ACT,-35.200,149.130,Delivery Area
2913,NGUNNAWAL,ACT,-35.200,149.130,Delivery Area
2913,NICHOLLS,ACT,-35.200,149.130,Delivery Area
2913,PALMERSTON,ACT,-35.200,149.130,Delivery Area
2913,TAYLOR,ACT,-35.200,149.130,Delivery Area
2914,AMAROO,ACT,-35.170,149.130,Delivery Area
2914,BONNER,ACT,-35.170,149.130,Delivery Area
2914,FORDE,ACT,-35.170,149.130,Delivery Area
2914,HARRISON,ACT,-35.170,149.130,Delivery Area
2914,JACKA,ACT,,,Delivery Area
2914,MONCRIEFF,ACT,-35.170,149.130,Delivery Area
2914,THROSBY,ACT,,,Delivery Area
