Postcode,Suburb,State,Lat,Lon,Category
4000,BRISBANE ADELAIDE STREET,QLD,-27.470,153.030,Delivery Area
4000,BRISBANE CITY,QLD,,,Delivery Area
4000,PETRIE TERRACE,QLD,,,Delivery Area
4000,SPRING HILL,QLD,-27.470,153.030,Delivery Area
4001,BRISBANE,QLD,-27.600,152.820,Post Office Boxes
4002,CITY EAST,QLD,0.000,0.000,Post Office Boxes
4003,GEORGE STREET,QLD,-24.870,152.350,Post Office Boxes
4004,SPRING HILL,QLD,-24.050,149.320,Post Office Boxes
4005,NEW FARM,QLD,-27.470,153.050,Delivery Area
4005,TENERIFFE,QLD,,,Delivery Area
4006,BOWEN HILLS,QLD,-27.440,153.040,Delivery Area
4006,FORTITUDE VALLEY,QLD,-27.440,153.040,Delivery Area
4006,HERSTON,QLD,-27.440,153.040,Delivery Area
4006,NEWSTEAD,QLD,-27.440,153.040,Delivery Area
4007,ASCOT,QLD,-27.430,153.060,Delivery Area
4007,HAMILTON,QLD,-27.430,153.060,Delivery Area
4007,HAMILTON CENTRAL,QLD,-27.430,153.060,Delivery Area
4008,BRISBANE AIRPORT,QLD,,,Delivery Area
4008,PINKENBA,QLD,-27.420,153.120,Delivery Area
4009,EAGLE FARM,QLD,-27.430,153.090,Delivery Area
4009,EAGLE FARM BC,QLD,-27.430,153.090,Delivery Area
4010,ALBION,QLD,-27.430,153.050,Delivery Area
4010,ALBION BC,QLD,-27.430,153.050,Delivery Area
4010,ALBION DC,QLD,-27.430,153.050,Delivery Area
4011,CLAYFIELD,QLD,-27.420,153.060,Delivery Area
4011,HENDRA,QLD,-27.420,153.060,Delivery Area
4012,NUNDAH,QLD,-27.400,153.060,Delivery Area
4012,WAVELL HEIGHTS,QLD,-27.400,153.060,Delivery Area
4012,WAVELL HEIGHTS NORTH,QLD,-27.400,153.060,Delivery Area
4013,NORTHGATE,QLD,-27.390,153.070,Delivery Area
4014,BANYO,QLD,-27.380,153.080,Delivery Area
4014,NUDGEE,QLD,-27.380,153.080,Delivery Area
4014,NUDGEE BEACH,QLD,-27.380,153.080,Delivery Area
4014,VIRGINIA,QLD,-27.380,153.080,Delivery Area
4014,VIRGINIA BC,QLD,-27.380,153.080,Delivery Area
4014,VIRGINIA DC,QLD,-27.380,153.080,Delivery Area
4017,BRACKEN RIDGE,QLD,-27.330,153.030,Delivery Area
4017,BRIGHTON,QLD,-27.330,153.030,Delivery Area
4017,BRIGHTON EVENTIDE,QLD,-27.330,153.030,Delivery Area
4017,BRIGHTON NATHAN STREET,QLD,-27.330,153.030,Delivery Area
4017,DEAGON,QLD,-27.330,153.030,Delivery Area
4017,SANDGATE,QLD,-27.330,153.030,Delivery Area
4017,SANDGATE DC,QLD,-27.330,153.030,Delivery Area
4017,SHORNCLIFFE,QLD,-27.330,153.030,Delivery Area
4018,FITZGIBBON,QLD,-27.350,153.030,Delivery Area
4018,TAIGUM,QLD,-27.350,153.030,Delivery Area
4019,CLONTARF,QLD,-27.260,153.080,Delivery Area
4019,CLONTARF BEACH,QLD,-27.260,153.080,Delivery Area
4019,CLONTARF DC,QLD,-27.260,153.080,Delivery Area
4019,MARGATE,QLD,-27.260,153.080,Delivery Area
4019,MARGATE BEACH,QLD,-27.260,153.080,Delivery Area
4019,WOODY POINT,QLD,-27.260,153.080,Delivery Area
4020,NEWPORT,QLD,-27.230,153.120,Delivery Area
4020,REDCLIFFE,QLD,-27.230,153.120,Delivery Area
4020,REDCLIFFE NORTH,QLD,-27.230,153.120,Delivery Area
4020,SCARBOROUGH,QLD,-27.230,153.120,Delivery Area
4021,KIPPA-RING,QLD,-27.230,153.090,Delivery Area
4022,ROTHWELL,QLD,-27.210,153.050,Delivery Area
4025,BULWER,QLD,-27.080,153.370,Delivery Area
4025,COWAN COWAN,QLD,-27.080,153.370,Delivery Area
4025,KOORINGAL,QLD,-27.080,153.370,Delivery Area
4025,MORETON ISLAND,QLD,,,Delivery Area
4025,TANGALOOMA,QLD,-27.080,153.370,Delivery Area
4029,ROYAL BRISBANE HOSPITAL,QLD,-27.450,153.030,Post Office Boxes
4030,KALINGA,QLD,,,Delivery Area
4030,LUTWYCHE,QLD,-27.420,153.030,Delivery Area
4030,WINDSOR,QLD,-27.420,153.030,Delivery Area
4030,WOOLOOWIN,QLD,-27.420,153.030,Delivery Area
4031,GORDON PARK,QLD,-27.410,153.030,Delivery Area
4031,KEDRON,QLD,-27.410,153.030,Delivery Area
4032,CHERMSIDE,QLD,-27.390,153.030,Delivery Area
4032,CHERMSIDE CENTRE,QLD,-27.390,153.030,Delivery Area
4032,CHERMSIDE SOUTH,QLD,-27.390,153.030,Delivery Area
4032,CHERMSIDE WEST,QLD,-27.390,153.030,Delivery Area
4034,ASPLEY,QLD,-27.360,153.020,Delivery Area
4034,BOONDALL,QLD,-27.360,153.020,Delivery Area
4034,CARSELDINE,QLD,-27.360,153.020,Delivery Area
4034,GEEBUNG,QLD,-27.360,153.020,Delivery Area
4034,ZILLMERE,QLD,-27.360,153.020,Delivery Area
4035,ALBANY CREEK,QLD,-27.350,152.970,Delivery Area
4035,BRIDGEMAN DOWNS,QLD,-27.350,152.970,Delivery Area
4036,BALD HILLS,QLD,-27.310,153.010,Delivery Area
4037,EATONS HILL,QLD,-27.340,152.950,Delivery Area
4051,ALDERLEY,QLD,-27.420,153.000,Delivery Area
4051,ENOGGERA,QLD,-27.420,153.000,Delivery Area
4051,GAYTHORNE,QLD,-27.420,153.000,Delivery Area
4051,GRANGE,QLD,-27.420,153.000,Delivery Area
4051,NEWMARKET,QLD,-27.420,153.000,Delivery Area
4051,WILSTON,QLD,-27.420,153.000,Delivery Area
4053,BROOKSIDE CENTRE,QLD,-27.410,152.980,Delivery Area
4053,EVERTON HILLS,QLD,-27.410,152.980,Delivery Area
4053,EVERTON PARK,QLD,-27.410,152.980,Delivery Area
4053,MCDOWALL,QLD,-27.410,152.980,Delivery Area
4053,MITCHELTON,QLD,-27.410,152.980,Delivery Area
4053,STAFFORD,QLD,-27.410,152.980,Delivery Area
4053,STAFFORD DC,QLD,-27.410,152.980,Delivery Area
4053,STAFFORD HEIGHTS,QLD,-27.410,152.980,Delivery Area
4054,ARANA HILLS,QLD,-27.400,152.960,Delivery Area
4054,KEPERRA,QLD,-27.400,152.960,Delivery Area
4055,BUNYA,QLD,-27.370,152.940,Delivery Area
4055,FERNY GROVE,QLD,-27.370,152.940,Delivery Area
4055,FERNY HILLS,QLD,-27.370,152.940,Delivery Area
4055,FERNY HILLS DC,QLD,-27.370,152.940,Delivery Area
4055,UPPER KEDRON,QLD,-27.370,152.940,Delivery Area
4059,KELVIN GROVE,QLD,-27.450,153.010,Delivery Area
4059,KELVIN GROVE DC,QLD,-27.450,153.010,Delivery Area
4059,RED HILL,QLD,-27.450,153.010,Delivery Area
4060,ASHGROVE,QLD,-27.450,152.990,Delivery Area
4060,ASHGROVE EAST,QLD,,,Delivery Area
4061,THE GAP,QLD,-27.440,152.940,Delivery Area
4064,MILTON,QLD,-27.470,153.000,Delivery Area
4064,PADDINGTON,QLD,-27.470,153.000,Delivery Area
4065,BARDON,QLD,-27.460,152.980,Delivery Area
4066,AUCHENFLOWER,QLD,-27.480,152.990,Delivery Area
4066,MOUNT COOT-THA,QLD,-27.480,152.990,Delivery Area
4066,TOOWONG,QLD,-27.480,152.990,Delivery Area
4066,TOOWONG BC,QLD,-27.480,152.990,Delivery Area
4066,TOOWONG DC,QLD,-27.480,152.990,Delivery Area
4067,ST LUCIA,QLD,-27.490,153.010,Delivery Area
4067,ST LUCIA SOUTH,QLD,-27.490,153.010,Delivery Area
4068,CHELMER,QLD,-27.510,152.980,Delivery Area
4068,INDOOROOPILLY,QLD,-27.510,152.980,Delivery Area
4068,INDOOROOPILLY CENTRE,QLD,-27.510,152.980,Delivery Area
4068,TARINGA,QLD,-27.510,152.980,Delivery Area
4069,BROOKFIELD,QLD,-27.490,152.900,Delivery Area
4069,CHAPEL HILL,QLD,-27.490,152.900,Delivery Area
4069,FIG TREE POCKET,QLD,-27.490,152.900,Delivery Area
4069,KENMORE,QLD,-27.490,152.900,Delivery Area
4069,KENMORE DC,QLD,-27.490,152.900,Delivery Area
4069,KENMORE EAST,QLD,-27.490,152.900,Delivery Area
4069,KENMORE HILLS,QLD,-27.490,152.900,Delivery Area
4069,PINJARRA HILLS,QLD,-27.490,152.900,Delivery Area
4069,PULLENVALE,QLD,-27.490,152.900,Delivery Area
4069,UPPER BROOKFIELD,QLD,-27.490,152.900,Delivery Area
4070,ANSTEAD,QLD,-27.550,152.870,Delivery Area
4070,BELLBOWRIE,QLD,-27.550,152.870,Delivery Area
4070,MOGGILL,QLD,-27.550,152.870,Delivery Area
4072,UNIVERSITY OF QUEENSLAND,QLD,-27.550,152.330,Post Office Boxes
4073,SEVENTEEN MILE ROCKS,QLD,-27.550,152.960,Delivery Area
4073,SINNAMON PARK,QLD,-27.550,152.960,Delivery Area
4074,JAMBOREE HEIGHTS,QLD,-27.560,152.930,Delivery Area
4074,JINDALEE,QLD,-27.560,152.930,Delivery Area
4074,MIDDLE PARK,QLD,-27.560,152.930,Delivery Area
4074,MOUNT OMMANEY,QLD,-27.560,152.930,Delivery Area
4074,RIVERHILLS,QLD,-27.560,152.930,Delivery Area
4074,SUMNER,QLD,-27.560,152.930,Delivery Area
4074,SUMNER PARK BC,QLD,-27.560,152.930,Delivery Area
4074,WESTLAKE,QLD,-27.560,152.930,Delivery Area
4075,CORINDA,QLD,-27.540,152.980,Delivery Area
4075,GRACEVILLE,QLD,-27.540,152.980,Delivery Area
4075,GRACEVILLE EAST,QLD,-27.540,152.980,Delivery Area
4075,OXLEY,QLD,-27.540,152.980,Delivery Area
4075,SHERWOOD,QLD,-27.540,152.980,Delivery Area
4076,DARRA,QLD,-27.570,152.950,Delivery Area
4076,WACOL,QLD,-27.570,152.950,Delivery Area
4077,DOOLANDELLA,QLD,-27.610,152.980,Delivery Area
4077,DURACK,QLD,-27.610,152.980,Delivery Area
4077,INALA,QLD,-27.610,152.980,Delivery Area
4077,INALA HEIGHTS,QLD,-27.610,152.980,Delivery Area
4077,RICHLANDS,QLD,-27.610,152.980,Delivery Area
4078,ELLEN GROVE,QLD,-27.610,152.950,Delivery Area
4078,FOREST LAKE,QLD,-27.610,152.950,Delivery Area
4101,HIGHGATE HILL,QLD,-27.490,153.020,Delivery Area
4101,SOUTH BRISBANE,QLD,-27.490,153.020,Delivery Area
4101,SOUTH BRISBANE BC,QLD,-27.490,153.020,Delivery Area
4101,WEST END,QLD,-27.490,153.020,Delivery Area
4102,DUTTON PARK,QLD,-27.500,153.040,Delivery Area
4102,WOOLLOONGABBA,QLD,-27.500,153.040,Delivery Area
4103,ANNERLEY,QLD,-27.510,153.030,Delivery Area
4103,FAIRFIELD,QLD,-27.510,153.030,Delivery Area
4103,FAIRFIELD GARDENS,QLD,-27.510,153.030,Delivery Area
4104,YERONGA,QLD,-27.520,153.020,Delivery Area
4105,MOOROOKA,QLD,-27.530,153.030,Delivery Area
4105,TENNYSON,QLD,-27.530,153.030,Delivery Area
4105,YEERONGPILLY,QLD,-27.530,153.030,Delivery Area
4106,BRISBANE MARKET,QLD,-27.530,153.000,Delivery Area
4106,ROCKLEA,QLD,-27.530,153.000,Delivery Area
4106,ROCKLEA DC,QLD,-27.530,153.000,Delivery Area
4107,SALISBURY,QLD,-27.540,153.030,Delivery Area
4107,SALISBURY EAST,QLD,-27.540,153.030,Delivery Area
4108,ARCHERFIELD,QLD,-27.570,153.020,Delivery Area
4108,ARCHERFIELD BC,QLD,-27.570,153.020,Delivery Area
4108,COOPERS PLAINS,QLD,-27.570,153.020,Delivery Area
4109,MACGREGOR,QLD,-27.570,153.080,Delivery Area
4109,ROBERTSON,QLD,-27.570,153.080,Delivery Area
4109,SUNNYBANK,QLD,-27.570,153.080,Delivery Area
4109,SUNNYBANK HILLS,QLD,-27.570,153.080,Delivery Area
4109,SUNNYBANK SOUTH,QLD,-27.570,153.080,Delivery Area
4110,ACACIA RIDGE,QLD,-27.590,153.030,Delivery Area
4110,HEATHWOOD,QLD,-27.590,153.030,Delivery Area
4110,HEATHWOOD DF,QLD,-27.590,153.030,Delivery Area
4110,LARAPINTA,QLD,-27.590,153.030,Delivery Area
4110,PALLARA,QLD,-27.590,153.030,Delivery Area
4110,WILLAWONG,QLD,-27.590,153.030,Delivery Area
4111,NATHAN,QLD,-27.550,153.060,Delivery Area
4112,KURABY,QLD,-27.610,153.090,Delivery Area
4113,EIGHT MILE PLAINS,QLD,-27.580,153.090,Delivery Area
4113,RUNCORN,QLD,-27.580,153.090,Delivery Area
4114,KINGSTON,QLD,-27.660,153.120,Delivery Area
4114,LOGAN CENTRAL,QLD,-27.660,153.120,Delivery Area
4114,LOGAN CITY DC,QLD,-27.660,153.120,Delivery Area
4114,WOODRIDGE,QLD,-27.660,153.120,Delivery Area
4115,ALGESTER,QLD,-27.610,153.030,Delivery Area
4115,PARKINSON,QLD,-27.610,153.030,Delivery Area
4116,CALAMVALE,QLD,-27.620,153.050,Delivery Area
4116,DREWVALE,QLD,-27.620,153.050,Delivery Area
4116,STRETTON,QLD,-27.620,153.050,Delivery Area
4117,BERRINBA,QLD,-27.640,153.080,Delivery Area
4117,KARAWATHA,QLD,-27.640,153.080,Delivery Area
4118,BROWNS PLAINS,QLD,-27.660,153.040,Delivery Area
4118,FORESTDALE,QLD,-27.660,153.040,Delivery Area
4118,HERITAGE PARK,QLD,-27.660,153.040,Delivery Area
4118,HILLCREST,QLD,-27.660,153.040,Delivery Area
4118,REGENTS PARK,QLD,-27.660,153.040,Delivery Area
4119,UNDERWOOD,QLD,-27.590,153.110,Delivery Area
4120,GREENSLOPES,QLD,-27.510,153.050,Delivery Area
4120,STONES CORNER,QLD,-27.510,153.050,Delivery Area
4121,HOLLAND PARK,QLD,-27.520,153.060,Delivery Area
4121,HOLLAND PARK EAST,QLD,-27.520,153.060,Delivery Area
4121,HOLLAND PARK WEST,QLD,-27.520,153.060,Delivery Area
4121,TARRAGINDI,QLD,-27.520,153.060,Delivery Area
4121,WELLERS HILL,QLD,-27.520,153.060,Delivery Area
4122,MANSFIELD,QLD,-27.540,153.100,Delivery Area
4122,MANSFIELD BC,QLD,-27.540,153.100,Delivery Area
4122,MANSFIELD DC,QLD,-27.540,153.100,Delivery Area
4122,MOUNT GRAVATT,QLD,-27.540,153.100,Delivery Area
4122,MOUNT GRAVATT EAST,QLD,-27.540,153.100,Delivery Area
4122,UPPER MOUNT GRAVATT,QLD,-27.540,153.100,Delivery Area
4122,UPPER MOUNT GRAVATT BC,QLD,-27.540,153.100,Delivery Area
4122,WISHART,QLD,-27.540,153.100,Delivery Area
4123,ROCHEDALE,QLD,-27.570,153.130,Delivery Area
4123,ROCHEDALE SOUTH,QLD,-27.570,153.130,Delivery Area
4124,BORONIA HEIGHTS,QLD,-27.690,153.020,Delivery Area
4124,GREENBANK,QLD,-27.690,153.020,Delivery Area
4124,LYONS,QLD,-27.690,153.020,Delivery Area
4124,NEW BEITH,QLD,-27.690,153.020,Delivery Area
4124,SILVERBARK RIDGE,QLD,,,Delivery Area
4125,MUNRUBEN,QLD,-27.750,153.030,Delivery Area
4125,PARK RIDGE,QLD,-27.750,153.030,Delivery Area
4125,PARK RIDGE SOUTH,QLD,-27.750,153.030,Delivery Area
4127,DAISY HILL,QLD,-27.640,153.150,Delivery Area
4127,PRIESTDALE,QLD,-27.640,153.150,Delivery Area
4127,SLACKS CREEK,QLD,-27.640,153.150,Delivery Area
4127,SPRINGWOOD,QLD,-27.640,153.150,Delivery Area
4128,SHAILER PARK,QLD,-27.650,153.170,Delivery Area
4128,TANAH MERAH,QLD,-27.650,153.170,Delivery Area
4129,LOGANHOLME,QLD,-27.690,153.180,Delivery Area
4129,LOGANHOLME DC,QLD,-27.690,153.180,Delivery Area
4130,CARBROOK,QLD,-27.690,153.280,Delivery Area
4130,CORNUBIA,QLD,-27.690,153.280,Delivery Area
4131,LOGANLEA,QLD,-27.680,153.130,Delivery Area
4131,MEADOWBROOK,QLD,-27.680,153.130,Delivery Area
4132,CRESTMEAD,QLD,-27.690,153.090,Delivery Area
4132,MARSDEN,QLD,-27.690,153.090,Delivery Area
4133,CHAMBERS FLAT,QLD,-27.740,153.090,Delivery Area
4133,LOGAN RESERVE,QLD,-27.740,153.090,Delivery Area
4133,WATERFORD,QLD,-27.740,153.090,Delivery Area
4133,WATERFORD WEST,QLD,-27.740,153.090,Delivery Area
4151,COORPAROO,QLD,-27.500,153.060,Delivery Area
4151,COORPAROO DC,QLD,-27.500,153.060,Delivery Area
4152,CAMP HILL,QLD,-27.490,153.080,Delivery Area
4152,CARINA,QLD,-27.490,153.080,Delivery Area
4152,CARINA HEIGHTS,QLD,-27.490,153.080,Delivery Area
4152,CARINDALE,QLD,-27.490,153.080,Delivery Area
4153,BELMONT,QLD,-27.500,153.130,Delivery Area
4154,GUMDALE,QLD,-27.490,153.150,Delivery Area
4154,RANSOME,QLD,-27.490,153.150,Delivery Area
4154,WAKERLEY,QLD,-27.490,153.150,Delivery Area
4155,CHANDLER,QLD,-19.260,146.780,Delivery Area
4156,BURBANK,QLD,-27.560,153.160,Delivery Area
4156,MACKENZIE,QLD,-27.560,153.160,Delivery Area
4157,CAPALABA,QLD,-27.530,153.190,Delivery Area
4157,CAPALABA BC,QLD,-27.530,153.190,Delivery Area
4157,CAPALABA DC,QLD,-27.530,153.190,Delivery Area
4157,SHELDON,QLD,-27.530,153.190,Delivery Area
4158,THORNESIDE,QLD,-27.480,153.200,Delivery Area
4159,BIRKDALE,QLD,-27.500,153.210,Delivery Area
4160,ORMISTON,QLD,-27.520,153.260,Delivery Area
4160,WELLINGTON POINT,QLD,-27.520,153.260,Delivery Area
4161,ALEXANDRA HILLS,QLD,-27.520,153.220,Delivery Area
4163,CLEVELAND,QLD,-27.530,153.260,Delivery Area
4163,CLEVELAND DC,QLD,-27.530,153.260,Delivery Area
4164,THORNLANDS,QLD,-27.560,153.260,Delivery Area
4165,MOUNT COTTON,QLD,-27.620,153.240,Delivery Area
4165,REDLAND BAY,QLD,-27.620,153.240,Delivery Area
4165,VICTORIA POINT,QLD,-27.620,153.240,Delivery Area
4165,VICTORIA POINT WEST,QLD,-27.620,153.240,Delivery Area
4169,EAST BRISBANE,QLD,-27.480,153.050,Delivery Area
4169,KANGAROO POINT,QLD,-27.480,153.050,Delivery Area
4170,CANNON HILL,QLD,-27.470,153.100,Delivery Area
4170,MORNINGSIDE,QLD,-27.470,153.100,Delivery Area
4170,NORMAN PARK,QLD,-27.470,153.100,Delivery Area
4170,SEVEN HILLS,QLD,-27.470,153.100,Delivery Area
4171,BALMORAL,QLD,-27.460,153.070,Delivery Area
4171,BULIMBA,QLD,-27.460,153.070,Delivery Area
4171,HAWTHORNE,QLD,-27.460,153.070,Delivery Area
4172,MURARRIE,QLD,-27.460,153.110,Delivery Area
4173,TINGALPA,QLD,-27.470,153.130,Delivery Area
4173,TINGALPA DC,QLD,-27.470,153.130,Delivery Area
4174,HEMMANT,QLD,-27.450,153.130,Delivery Area
4178,LYTTON,QLD,-27.420,153.160,Delivery Area
4178,PORT OF BRISBANE,QLD,-27.420,153.160,Delivery Area
4178,WYNNUM,QLD,-27.420,153.160,Delivery Area
4178,WYNNUM NORTH,QLD,-27.420,153.160,Delivery Area
4178,WYNNUM PLAZA,QLD,-27.420,153.160,Delivery Area
4178,WYNNUM WEST,QLD,-27.420,153.160,Delivery Area
4179,LOTA,QLD,-27.470,153.180,Delivery Area
4179,MANLY,QLD,-27.470,153.180,Delivery Area
4179,MANLY WEST,QLD,-27.470,153.180,Delivery Area
4183,AMITY,QLD,-27.400,153.440,Delivery Area
4183,AMITY POINT,QLD,-27.400,153.440,Delivery Area
4183,DUNWICH,QLD,-27.400,153.440,Delivery Area
4183,NORTH STRADBROKE ISLAND,QLD,-27.400,153.440,Delivery Area
4183,POINT LOOKOUT,QLD,-27.400,153.440,Delivery Area
4184,COOCHIEMUDLO ISLAND,QLD,-27.570,153.330,Delivery Area
4184,KARRAGARRA ISLAND,QLD,-27.570,153.330,Delivery Area
4184,LAMB ISLAND,QLD,-27.570,153.330,Delivery Area
4184,MACLEAY ISLAND,QLD,-27.570,153.330,Delivery Area
4184,PEEL ISLAND,QLD,-27.570,153.330,Delivery Area
4184,RUSSELL ISLAND,QLD,-27.570,153.330,Delivery Area
4205,BETHANIA,QLD,-27.690,153.160,Delivery Area
4207,ALBERTON,QLD,-27.720,153.270,Delivery Area
4207,BAHRS SCRUB,QLD,-27.720,153.270,Delivery Area
4207,BANNOCKBURN,QLD,-27.720,153.270,Delivery Area
4207,BEENLEIGH,QLD,-27.720,153.270,Delivery Area
4207,BELIVAH,QLD,-27.720,153.270,Delivery Area
4207,BUCCAN,QLD,-27.720,153.270,Delivery Area
4207,CEDAR CREEK,QLD,-27.720,153.270,Delivery Area
4207,EAGLEBY,QLD,-27.720,153.270,Delivery Area
4207,EDENS LANDING,QLD,-27.720,153.270,Delivery Area
4207,HOLMVIEW,QLD,-27.720,153.270,Delivery Area
4207,LOGAN VILLAGE,QLD,-27.720,153.270,Delivery Area
4207,LUSCOMBE,QLD,-27.720,153.270,Delivery Area
4207,MOUNT WARREN PARK,QLD,-27.720,153.270,Delivery Area
4207,STAPYLTON,QLD,-27.720,153.270,Delivery Area
4207,STEIGLITZ,QLD,-27.720,153.270,Delivery Area
4207,WINDAROO,QLD,-27.720,153.270,Delivery Area
4207,WOLFFDENE,QLD,-27.720,153.270,Delivery Area
4207,WOONGOOLBA,QLD,-27.720,153.270,Delivery Area
4207,YARRABILBA,QLD,-27.720,153.270,Delivery Area
4207,YATALA,QLD,-27.720,153.270,Delivery Area
4207,YATALA DC,QLD,-27.720,153.270,Delivery Area
4208,GILBERTON,QLD,-27.750,153.260,Delivery Area
4208,JACOBS WELL,QLD,-27.750,153.260,Delivery Area
4208,KINGSHOLME,QLD,-27.750,153.260,Delivery Area
4208,NORWELL,QLD,-27.750,153.260,Delivery Area
4208,ORMEAU,QLD,-27.750,153.260,Delivery Area
4208,ORMEAU HILLS,QLD,-27.750,153.260,Delivery Area
4209,COOMERA,QLD,-27.870,153.320,Delivery Area
4209,PIMPAMA,QLD,-27.870,153.320,Delivery Area
4209,UPPER COOMERA,QLD,-27.870,153.320,Delivery Area
4209,WILLOW VALE,QLD,-27.870,153.320,Delivery Area
4210,GUANABA,QLD,-27.940,153.230,Delivery Area
4210,MAUDSLAND,QLD,-27.940,153.230,Delivery Area
4210,OXENFORD,QLD,-27.940,153.230,Delivery Area
4210,WONGAWALLAN,QLD,-27.940,153.230,Delivery Area
4211,ADVANCETOWN,QLD,-28.030,153.280,Delivery Area
4211,BEECHMONT,QLD,-28.030,153.280,Delivery Area
4211,BINNA BURRA,QLD,-28.030,153.280,Delivery Area
4211,CARRARA,QLD,-28.030,153.280,Delivery Area
4211,CLAGIRABA,QLD,-28.030,153.280,Delivery Area
4211,GAVEN,QLD,-28.030,153.280,Delivery Area
4211,GILSTON,QLD,-28.030,153.280,Delivery Area
4211,HIGHLAND PARK,QLD,-28.030,153.280,Delivery Area
4211,LOWER BEECHMONT,QLD,-28.030,153.280,Delivery Area
4211,MOUNT NATHAN,QLD,-28.030,153.280,Delivery Area
4211,NATURAL BRIDGE,QLD,-28.030,153.280,Delivery Area
4211,NERANG,QLD,-28.030,153.280,Delivery Area
4211,NERANG DC,QLD,-28.030,153.280,Delivery Area
4211,NUMINBAH VALLEY,QLD,-28.030,153.280,Delivery Area
4211,PACIFIC PINES,QLD,-28.030,153.280,Delivery Area
4211,SOUTHERN LAMINGTON,QLD,-28.030,153.280,Delivery Area
4212,HELENSVALE,QLD,-27.920,153.330,Delivery Area
4212,HELENSVALE TOWN CENTRE,QLD,-27.920,153.330,Delivery Area
4212,HOPE ISLAND,QLD,-27.920,153.330,Delivery Area
4212,SANCTUARY COVE,QLD,-27.920,153.330,Delivery Area
4213,AUSTINVILLE,QLD,-28.140,153.320,Delivery Area
4213,BONOGIN,QLD,-28.140,153.320,Delivery Area
4213,MUDGEERABA,QLD,-28.140,153.320,Delivery Area
4213,NERANWOOD,QLD,-28.140,153.320,Delivery Area
4213,SPRINGBROOK,QLD,-28.140,153.320,Delivery Area
4213,TALLAI,QLD,-28.140,153.320,Delivery Area
4213,WORONGARY,QLD,-28.140,153.320,Delivery Area
4214,ARUNDEL,QLD,-27.940,153.370,Delivery Area
4214,ARUNDEL DC,QLD,-27.940,153.370,Delivery Area
4214,ASHMORE,QLD,-27.940,153.370,Delivery Area
4214,ASHMORE CITY,QLD,-27.940,153.370,Delivery Area
4214,MOLENDINAR,QLD,-27.940,153.370,Delivery Area
4214,PARKWOOD,QLD,-27.940,153.370,Delivery Area
4215,AUSTRALIA FAIR,QLD,-27.970,153.420,Delivery Area
4215,CHIRN PARK,QLD,-27.970,153.420,Delivery Area
4215,LABRADOR,QLD,-27.970,153.420,Delivery Area
4215,SOUTHPORT,QLD,-27.970,153.420,Delivery Area
4215,SOUTHPORT BC,QLD,-27.970,153.420,Delivery Area
4215,SOUTHPORT PARK,QLD,-27.970,153.420,Delivery Area
4216,BIGGERA WATERS,QLD,-27.930,153.400,Delivery Area
4216,COOMBABAH,QLD,-27.930,153.400,Delivery Area
4216,HOLLYWELL,QLD,-27.930,153.400,Delivery Area
4216,PARADISE POINT,QLD,-27.930,153.400,Delivery Area
4216,RUNAWAY BAY,QLD,-27.930,153.400,Delivery Area
4216,SOUTH STRADBROKE,QLD,-27.930,153.400,Delivery Area
4217,BENOWA,QLD,-28.010,153.390,Delivery Area
4217,BUNDALL,QLD,-28.010,153.390,Delivery Area
4217,BUNDALL DC,QLD,-28.010,153.390,Delivery Area
4217,CHEVRON ISLAND,QLD,-28.010,153.390,Delivery Area
4217,ISLE OF CAPRI,QLD,-28.010,153.390,Delivery Area
4217,MAIN BEACH,QLD,-28.010,153.390,Delivery Area
4217,SURFERS PARADISE,QLD,-28.010,153.390,Delivery Area
4218,BROADBEACH,QLD,-28.030,153.430,Delivery Area
4218,BROADBEACH WATERS,QLD,-28.030,153.430,Delivery Area
4218,MERMAID BEACH,QLD,-28.030,153.430,Delivery Area
4218,MERMAID WATERS,QLD,-28.030,153.430,Delivery Area
4218,NOBBY BEACH,QLD,-28.030,153.430,Delivery Area
4218,PACIFIC FAIR,QLD,-28.030,153.430,Delivery Area
4218,Q SUPERCENTRE,QLD,-28.030,153.430,Delivery Area
4219,WEST BURLEIGH,QLD,-28.110,153.440,Post Office Boxes
4220,BURLEIGH DC,QLD,-28.090,153.450,Delivery Area
4220,BURLEIGH HEADS,QLD,-28.090,153.450,Delivery Area
4220,BURLEIGH TOWN,QLD,-28.090,153.450,Delivery Area
4220,BURLEIGH WATERS,QLD,-28.090,153.450,Delivery Area
4220,MIAMI,QLD,-28.090,153.450,Delivery Area
4221,ELANORA,QLD,-28.140,153.470,Delivery Area
4221,PALM BEACH,QLD,-28.140,153.470,Delivery Area
4222,GRIFFITH UNIVERSITY,QLD,0.000,0.000,Post Office Boxes
4223,CURRUMBIN,QLD,-28.140,153.480,Delivery Area
4223,CURRUMBIN VALLEY,QLD,-28.140,153.480,Delivery Area
4223,CURRUMBIN WATERS,QLD,-28.140,153.480,Delivery Area
4224,TUGUN,QLD,-28.140,153.490,Delivery Area
4225,BILINGA,QLD,-28.160,153.510,Delivery Area
4225,COOLANGATTA,QLD,-28.160,153.510,Delivery Area
4226,CLEAR ISLAND WATERS,QLD,-28.040,153.400,Delivery Area
4226,MERRIMAC,QLD,-28.040,153.400,Delivery Area
4226,ROBINA,QLD,-28.040,153.400,Delivery Area
4226,ROBINA DC,QLD,-28.040,153.400,Delivery Area
4227,REEDY CREEK,QLD,-28.110,153.400,Delivery Area
4227,VARSITY LAKES,QLD,-28.110,153.400,Delivery Area
4228,TALLEBUDGERA,QLD,-28.150,153.420,Delivery Area
4228,TALLEBUDGERA VALLEY,QLD,-28.150,153.420,Delivery Area
4230,ROBINA TOWN CENTRE,QLD,-28.080,153.390,Post Office Boxes
4270,TAMBORINE,QLD,-27.880,153.130,Delivery Area
4271,EAGLE HEIGHTS,QLD,-27.920,153.210,Post Office Boxes
4272,NORTH TAMBORINE,QLD,-27.950,153.190,Delivery Area
4272,TAMBORINE MOUNTAIN,QLD,-27.950,153.190,Delivery Area
4275,BENOBBLE,QLD,-28.000,153.160,Delivery Area
4275,BIDDADDABA,QLD,-28.000,153.160,Delivery Area
4275,BOYLAND,QLD,-28.000,153.160,Delivery Area
4275,CANUNGRA,QLD,-28.000,153.160,Delivery Area
4275,FERNY GLEN,QLD,-28.000,153.160,Delivery Area
4275,FLYING FOX,QLD,-28.000,153.160,Delivery Area
4275,ILLINBAH,QLD,-28.000,153.160,Delivery Area
4275,SARABAH,QLD,-28.000,153.160,Delivery Area
4275,WITHEREN,QLD,-28.000,153.160,Delivery Area
4275,WONGLEPONG,QLD,-28.000,153.160,Delivery Area
4280,FLAGSTONE,QLD,,,Delivery Area
4280,GLENLOGAN,QLD,,,Delivery Area
4280,JIMBOOMBA,QLD,-27.830,153.030,Delivery Area
4280,NORTH MACLEAN,QLD,-27.830,153.030,Delivery Area
4280,RIVERBEND,QLD,,,Delivery Area
4280,SOUTH MACLEAN,QLD,-27.830,153.030,Delivery Area
4280,STOCKLEIGH,QLD,-27.830,153.030,Delivery Area
4285,ALLENVIEW,QLD,-27.900,152.940,Delivery Area
4285,BEAUDESERT,QLD,-27.900,152.940,Delivery Area
4285,BIRNAM,QLD,-27.900,152.940,Delivery Area
4285,BROMELTON,QLD,-27.900,152.940,Delivery Area
4285,CAINBABLE,QLD,-27.900,152.940,Delivery Area
4285,CEDAR GROVE,QLD,-27.900,152.940,Delivery Area
4285,CEDAR VALE,QLD,-27.900,152.940,Delivery Area
4285,CHINGHEE CREEK,QLD,-27.900,152.940,Delivery Area
4285,CHRISTMAS CREEK,QLD,-27.900,152.940,Delivery Area
4285,CRYNA,QLD,-27.900,152.940,Delivery Area
4285,DARLINGTON,QLD,-27.900,152.940,Delivery Area
4285,FLINDERS LAKES,QLD,,,Delivery Area
4285,GLENEAGLE,QLD,-27.900,152.940,Delivery Area
4285,HILLVIEW,QLD,-27.900,152.940,Delivery Area
4285,INNISPLAIN,QLD,-27.900,152.940,Delivery Area
4285,JOSEPHVILLE,QLD,-27.900,152.940,Delivery Area
4285,KAGARU,QLD,-27.900,152.940,Delivery Area
4285,KERRY,QLD,-27.900,152.940,Delivery Area
4285,KNAPP CREEK,QLD,-27.900,152.940,Delivery Area
4285,KOORALBYN,QLD,-27.900,152.940,Delivery Area
4285,LAMINGTON,QLD,-27.900,152.940,Delivery Area
4285,LARAVALE,QLD,-27.900,152.940,Delivery Area
4285,MONARCH GLEN,QLD,,,Delivery Area
4285,MOUNT GIPPS,QLD,-27.900,152.940,Delivery Area
4285,MUNDOOLUN,QLD,-27.900,152.940,Delivery Area
4285,NINDOOINBAH,QLD,-27.900,152.940,Delivery Area
4285,OAKY CREEK,QLD,-27.900,152.940,Delivery Area
4285,TABOOBA,QLD,-27.900,152.940,Delivery Area
4285,TABRAGALBA,QLD,-27.900,152.940,Delivery Area
4285,TAMROOKUM,QLD,-27.900,152.940,Delivery Area
4285,TAMROOKUM CREEK,QLD,-27.900,152.940,Delivery Area
4285,UNDULLAH,QLD,-27.900,152.940,Delivery Area
4285,VERESDALE,QLD,-27.900,152.940,Delivery Area
4285,VERESDALE SCRUB,QLD,-27.900,152.940,Delivery Area
4285,WOODHILL,QLD,-27.900,152.940,Delivery Area
4287,BARNEY VIEW,QLD,-28.260,152.780,Delivery Area
4287,MOUNT BARNEY,QLD,-28.260,152.780,Delivery Area
4287,MOUNT LINDESAY,QLD,-28.260,152.780,Delivery Area
4287,PALEN CREEK,QLD,-28.260,152.780,Delivery Area
4287,RATHDOWNEY,QLD,-28.260,152.780,Delivery Area
4287,RUNNING CREEK,QLD,-28.260,152.780,Delivery Area
4300,AUGUSTINE HEIGHTS,QLD,-27.670,152.890,Delivery Area
4300,BELLBIRD PARK,QLD,-27.670,152.890,Delivery Area
4300,BROOKWATER,QLD,-27.670,152.890,Delivery Area
4300,CAMIRA,QLD,-27.670,152.890,Delivery Area
4300,CAROLE PARK,QLD,-27.670,152.890,Delivery Area
4300,GAILES,QLD,-27.670,152.890,Delivery Area
4300,GOODNA,QLD,-27.670,152.890,Delivery Area
4300,SPRING MOUNTAIN,QLD,,,Delivery Area
4300,SPRINGFIELD,QLD,-27.670,152.890,Delivery Area
4300,SPRINGFIELD CENTRAL,QLD,-27.670,152.890,Delivery Area
4300,SPRINGFIELD LAKES,QLD,-27.670,152.890,Delivery Area
4301,COLLINGWOOD PARK,QLD,-27.610,152.860,Delivery Area
4301,REDBANK,QLD,-27.610,152.860,Delivery Area
4301,REDBANK PLAINS,QLD,-27.610,152.860,Delivery Area
4303,DINMORE,QLD,-27.600,152.830,Delivery Area
4303,NEW CHUM,QLD,-27.600,152.830,Delivery Area
4303,RIVERVIEW,QLD,-27.600,152.830,Delivery Area
4304,BLACKSTONE,QLD,-27.630,152.800,Delivery Area
4304,BOOVAL,QLD,-27.630,152.800,Delivery Area
4304,BOOVAL FAIR,QLD,-27.630,152.800,Delivery Area
4304,BUNDAMBA,QLD,-27.630,152.800,Delivery Area
4304,EBBW VALE,QLD,-27.630,152.800,Delivery Area
4304,NORTH BOOVAL,QLD,-27.630,152.800,Delivery Area
4304,SILKSTONE,QLD,-27.630,152.800,Delivery Area
4305,BASIN POCKET,QLD,-27.600,152.770,Delivery Area
4305,BRASSALL,QLD,-27.600,152.770,Delivery Area
4305,CHURCHILL,QLD,-27.600,152.770,Delivery Area
4305,COALFALLS,QLD,-27.600,152.770,Delivery Area
4305,EAST IPSWICH,QLD,-27.600,152.770,Delivery Area
4305,EASTERN HEIGHTS,QLD,-27.600,152.770,Delivery Area
4305,FLINDERS VIEW,QLD,-27.600,152.770,Delivery Area
4305,IPSWICH,QLD,-27.600,152.770,Delivery Area
4305,LEICHHARDT,QLD,-27.600,152.770,Delivery Area
4305,LIMESTONE RIDGES,QLD,-27.600,152.770,Delivery Area
4305,MOORES POCKET,QLD,-27.600,152.770,Delivery Area
4305,NEWTOWN,QLD,-27.600,152.770,Delivery Area
4305,NORTH IPSWICH,QLD,-27.600,152.770,Delivery Area
4305,NORTH TIVOLI,QLD,-27.600,152.770,Delivery Area
4305,ONE MILE,QLD,-27.600,152.770,Delivery Area
4305,RACEVIEW,QLD,-27.600,152.770,Delivery Area
4305,SADLIERS CROSSING,QLD,-27.600,152.770,Delivery Area
4305,TIVOLI,QLD,-27.600,152.770,Delivery Area
4305,WEST IPSWICH,QLD,-27.600,152.770,Delivery Area
4305,WOODEND,QLD,-27.600,152.770,Delivery Area
4305,WULKURAKA,QLD,-27.600,152.770,Delivery Area
4305,YAMANTO,QLD,-27.600,152.770,Delivery Area
4306,AMBERLEY,QLD,-27.640,152.700,Delivery Area
4306,BANKS CREEK,QLD,-27.640,152.700,Delivery Area
4306,BARELLAN POINT,QLD,-27.640,152.700,Delivery Area
4306,BLACKSOIL,QLD,-27.640,152.700,Delivery Area
4306,BORALLON,QLD,-27.640,152.700,Delivery Area
4306,CHUWAR,QLD,-27.640,152.700,Delivery Area
4306,DEEBING HEIGHTS,QLD,-27.640,152.700,Delivery Area
4306,DUNDAS,QLD,-27.640,152.700,Delivery Area
4306,ENGLAND CREEK,QLD,-27.640,152.700,Delivery Area
4306,FAIRNEY VIEW,QLD,-27.640,152.700,Delivery Area
4306,FERNVALE,QLD,-27.640,152.700,Delivery Area
4306,GLAMORGAN VALE,QLD,-27.640,152.700,Delivery Area
4306,GOOLMAN,QLD,-27.640,152.700,Delivery Area
4306,HAIGSLEA,QLD,-27.640,152.700,Delivery Area
4306,IRONBARK,QLD,-27.640,152.700,Delivery Area
4306,KARALEE,QLD,-27.640,152.700,Delivery Area
4306,KARANA DOWNS,QLD,-27.640,152.700,Delivery Area
4306,KARRABIN,QLD,-27.640,152.700,Delivery Area
4306,KHOLO,QLD,-27.640,152.700,Delivery Area
4306,LAKE MANCHESTER,QLD,-27.640,152.700,Delivery Area
4306,LARK HILL,QLD,-27.640,152.700,Delivery Area
4306,MOUNT CROSBY,QLD,-27.640,152.700,Delivery Area
4306,MOUNT MARROW,QLD,-27.640,152.700,Delivery Area
4306,MUIRLEA,QLD,-27.640,152.700,Delivery Area
4306,PEAK CROSSING,QLD,-27.640,152.700,Delivery Area
4306,PINE MOUNTAIN,QLD,-27.640,152.700,Delivery Area
4306,PURGA,QLD,-27.640,152.700,Delivery Area
4306,RIPLEY,QLD,-27.640,152.700,Delivery Area
4306,SOUTH RIPLEY,QLD,-27.640,152.700,Delivery Area
4306,SPLIT YARD CREEK,QLD,-27.640,152.700,Delivery Area
4306,SWANBANK,QLD,-27.640,152.700,Delivery Area
4306,THAGOONA,QLD,-27.640,152.700,Delivery Area
4306,VERNOR,QLD,-27.640,152.700,Delivery Area
4306,WALLOON,QLD,-27.640,152.700,Delivery Area
4306,WANORA,QLD,-27.640,152.700,Delivery Area
4306,WASHPOOL,QLD,-27.640,152.700,Delivery Area
4306,WHITE ROCK,QLD,-27.640,152.700,Delivery Area
4306,WILLOWBANK,QLD,-27.640,152.700,Delivery Area
4306,WIVENHOE POCKET,QLD,-27.640,152.700,Delivery Area
4307,COLEYVILLE,QLD,-27.820,152.570,Delivery Area
4307,HARRISVILLE,QLD,-27.820,152.570,Delivery Area
4307,MUTDAPILLY,QLD,-27.820,152.570,Delivery Area
4307,RADFORD,QLD,-27.820,152.570,Delivery Area
4307,SILVERDALE,QLD,-27.820,152.570,Delivery Area
4307,WARRILL VIEW,QLD,-27.820,152.570,Delivery Area
4307,WILSONS PLAINS,QLD,-27.820,152.570,Delivery Area
4309,ARATULA,QLD,-27.980,152.550,Delivery Area
4309,CHARLWOOD,QLD,-27.980,152.550,Delivery Area
4309,CLUMBER,QLD,-27.980,152.550,Delivery Area
4309,FASSIFERN,QLD,-27.980,152.550,Delivery Area
4309,FASSIFERN VALLEY,QLD,-27.980,152.550,Delivery Area
4309,FRAZERVIEW,QLD,-27.980,152.550,Delivery Area
4309,KALBAR,QLD,-27.980,152.550,Delivery Area
4309,KENTS LAGOON,QLD,-27.980,152.550,Delivery Area
4309,KULGUN,QLD,-27.980,152.550,Delivery Area
4309,MILORA,QLD,-27.980,152.550,Delivery Area
4309,MOOGERAH,QLD,-27.980,152.550,Delivery Area
4309,MORWINCHA,QLD,-27.980,152.550,Delivery Area
4309,MOUNT EDWARDS,QLD,-27.980,152.550,Delivery Area
4309,MUNBILLA,QLD,-27.980,152.550,Delivery Area
4309,OBUM OBUM,QLD,-27.980,152.550,Delivery Area
4309,TAROME,QLD,-27.980,152.550,Delivery Area
4309,TEVIOTVILLE,QLD,-27.980,152.550,Delivery Area
4310,ALLANDALE,QLD,-28.000,152.710,Delivery Area
4310,ANTHONY,QLD,-28.000,152.710,Delivery Area
4310,BLANTYRE,QLD,-28.000,152.710,Delivery Area
4310,BOONAH,QLD,-28.000,152.710,Delivery Area
4310,BUNBURRA,QLD,-28.000,152.710,Delivery Area
4310,BUNJURGEN,QLD,-28.000,152.710,Delivery Area
4310,BURNETT CREEK,QLD,-28.000,152.710,Delivery Area
4310,CANNON CREEK,QLD,-28.000,152.710,Delivery Area
4310,CARNEYS CREEK,QLD,-28.000,152.710,Delivery Area
4310,COOCHIN,QLD,-28.000,152.710,Delivery Area
4310,COULSON,QLD,-28.000,152.710,Delivery Area
4310,CROFTBY,QLD,-28.000,152.710,Delivery Area
4310,DUGANDAN,QLD,-28.000,152.710,Delivery Area
4310,FRENCHES CREEK,QLD,-28.000,152.710,Delivery Area
4310,HOYA,QLD,-28.000,152.710,Delivery Area
4310,KENTS POCKET,QLD,-28.000,152.710,Delivery Area
4310,MAROON,QLD,-28.000,152.710,Delivery Area
4310,MILBONG,QLD,-28.000,152.710,Delivery Area
4310,MILFORD,QLD,-28.000,152.710,Delivery Area
4310,MOUNT ALFORD,QLD,-28.000,152.710,Delivery Area
4310,MOUNT FRENCH,QLD,-28.000,152.710,Delivery Area
4310,ROADVALE,QLD,-28.000,152.710,Delivery Area
4310,TEMPLIN,QLD,-28.000,152.710,Delivery Area
4310,WALLACES CREEK,QLD,-28.000,152.710,Delivery Area
4310,WOOLOOMAN,QLD,-28.000,152.710,Delivery Area
4310,WYARALONG,QLD,-28.000,152.710,Delivery Area
4311,ATKINSONS DAM,QLD,-27.420,152.460,Delivery Area
4311,BRIGHTVIEW,QLD,-27.420,152.460,Delivery Area
4311,BUARABA,QLD,-27.420,152.460,Delivery Area
4311,BUARABA SOUTH,QLD,-27.420,152.460,Delivery Area
4311,CHURCHABLE,QLD,-27.420,152.460,Delivery Area
4311,CLARENDON,QLD,-27.420,152.460,Delivery Area
4311,COOLANA,QLD,-27.420,152.460,Delivery Area
4311,COOMINYA,QLD,-27.420,152.460,Delivery Area
4311,LAKE WIVENHOE,QLD,,,Delivery Area
4311,LOCKYER WATERS,QLD,-27.420,152.460,Delivery Area
4311,LOWOOD,QLD,-27.420,152.460,Delivery Area
4311,MINDEN,QLD,-27.420,152.460,Delivery Area
4311,MOUNT TARAMPA,QLD,-27.420,152.460,Delivery Area
4311,PATRICK ESTATE,QLD,-27.420,152.460,Delivery Area
4311,PRENZLAU,QLD,-27.420,152.460,Delivery Area
4311,RIFLE RANGE,QLD,-27.420,152.460,Delivery Area
4311,TARAMPA,QLD,-27.420,152.460,Delivery Area
4311,WIVENHOE HILL,QLD,-27.420,152.460,Delivery Area
4312,BRYDEN,QLD,-27.270,152.590,Delivery Area
4312,CABOONBAH,QLD,-27.270,152.590,Delivery Area
4312,COAL CREEK,QLD,-27.270,152.590,Delivery Area
4312,CROSSDALE,QLD,-27.270,152.590,Delivery Area
4312,ESK,QLD,-27.270,152.590,Delivery Area
4312,ESKDALE,QLD,-27.270,152.590,Delivery Area
4312,GLEN ESK,QLD,-27.270,152.590,Delivery Area
4312,MOOMBRA,QLD,-27.270,152.590,Delivery Area
4312,MOUNT BYRON,QLD,-27.270,152.590,Delivery Area
4312,MOUNT HALLEN,QLD,-27.270,152.590,Delivery Area
4312,MURRUMBA,QLD,-27.270,152.590,Delivery Area
4312,REDBANK CREEK,QLD,-27.270,152.590,Delivery Area
4312,SOMERSET DAM,QLD,-27.270,152.590,Delivery Area
4313,BIARRA,QLD,-27.160,152.330,Delivery Area
4313,BRAEMORE,QLD,-27.160,152.330,Delivery Area
4313,COOEEIMBARDI,QLD,-27.160,152.330,Delivery Area
4313,CRESSBROOK,QLD,-27.160,152.330,Delivery Area
4313,FULHAM,QLD,-27.160,152.330,Delivery Area
4313,GREGORS CREEK,QLD,-27.160,152.330,Delivery Area
4313,IVORY CREEK,QLD,-27.160,152.330,Delivery Area
4313,LOWER CRESSBROOK,QLD,-27.160,152.330,Delivery Area
4313,MOUNT BEPPO,QLD,-27.160,152.330,Delivery Area
4313,OTTABA,QLD,-27.160,152.330,Delivery Area
4313,SCRUB CREEK,QLD,-27.160,152.330,Delivery Area
4313,TOOGOOLAWAH,QLD,-27.160,152.330,Delivery Area
4313,YIMBUN,QLD,-27.160,152.330,Delivery Area
4314,AVOCA VALE,QLD,,,Delivery Area
4314,BENARKIN,QLD,,,Delivery Area
4314,BENARKIN NORTH,QLD,,,Delivery Area
4314,BLACKBUTT,QLD,,,Delivery Area
4314,BLACKBUTT NORTH,QLD,,,Delivery Area
4314,BLACKBUTT SOUTH,QLD,,,Delivery Area
4314,CHERRY CREEK,QLD,,,Delivery Area
4314,COLINTON,QLD,,,Delivery Area
4314,GILLA,QLD,,,Delivery Area
4314,GOOGA CREEK,QLD,,,Delivery Area
4314,HARLIN,QLD,,,Delivery Area
4314,LINVILLE,QLD,,,Delivery Area
4314,MOORE,QLD,,,Delivery Area
4314,MOUNT BINGA,QLD,,,Delivery Area
4314,MOUNT STANLEY,QLD,,,Delivery Area
4314,NUKKU,QLD,,,Delivery Area
4314,TAROMEO,QLD,,,Delivery Area
4314,TEELAH,QLD,,,Delivery Area
4340,ASHWELL,QLD,-27.630,152.560,Delivery Area
4340,CALVERT,QLD,-27.630,152.560,Delivery Area
4340,EBENEZER,QLD,-27.630,152.560,Delivery Area
4340,GRANDCHESTER,QLD,-27.630,152.560,Delivery Area
4340,JEEBROPILLY,QLD,-27.630,152.560,Delivery Area
4340,LANEFIELD,QLD,-27.630,152.560,Delivery Area
4340,LOWER MOUNT WALKER,QLD,-27.630,152.560,Delivery Area
4340,MERRYVALE,QLD,-27.630,152.560,Delivery Area
4340,MOORANG,QLD,-27.630,152.560,Delivery Area
4340,MOUNT FORBES,QLD,-27.630,152.560,Delivery Area
4340,MOUNT MORT,QLD,-27.630,152.560,Delivery Area
4340,MOUNT WALKER,QLD,-27.630,152.560,Delivery Area
4340,MOUNT WALKER WEST,QLD,-27.630,152.560,Delivery Area
4340,ROSEVALE,QLD,-27.630,152.560,Delivery Area
4340,ROSEWOOD,QLD,-27.630,152.560,Delivery Area
4340,TALLEGALLA,QLD,-27.630,152.560,Delivery Area
4340,THE BLUFF,QLD,-27.630,152.560,Delivery Area
4340,WOOLSHED,QLD,-27.630,152.560,Delivery Area
4341,BLENHEIM,QLD,-27.650,152.330,Delivery Area
4341,HATTON VALE,QLD,-27.650,152.330,Delivery Area
4341,KENSINGTON GROVE,QLD,-27.650,152.330,Delivery Area
4341,KENTVILLE,QLD,-27.650,152.330,Delivery Area
4341,LAIDLEY,QLD,-27.650,152.330,Delivery Area
4341,LAIDLEY CREEK WEST,QLD,-27.650,152.330,Delivery Area
4341,LAIDLEY HEIGHTS,QLD,-27.650,152.330,Delivery Area
4341,LAIDLEY NORTH,QLD,-27.650,152.330,Delivery Area
4341,LAIDLEY SOUTH,QLD,-27.650,152.330,Delivery Area
4341,MOUNT BERRYMAN,QLD,-27.650,152.330,Delivery Area
4341,MULGOWIE,QLD,-27.650,152.330,Delivery Area
4341,PLAINLAND,QLD,-27.650,152.330,Delivery Area
4341,REGENCY DOWNS,QLD,-27.650,152.330,Delivery Area
4341,SUMMERHOLM,QLD,-27.650,152.330,Delivery Area
4341,THORNTON,QLD,-27.650,152.330,Delivery Area
4341,TOWNSON,QLD,-27.650,152.330,Delivery Area
4342,CROWLEY VALE,QLD,-27.540,152.380,Delivery Area
4342,FOREST HILL,QLD,-27.540,152.380,Delivery Area
4342,GLEN CAIRN,QLD,-27.540,152.380,Delivery Area
4342,GLENORE GROVE,QLD,-27.540,152.380,Delivery Area
4342,LOCKROSE,QLD,-27.540,152.380,Delivery Area
4342,LYNFORD,QLD,-27.540,152.380,Delivery Area
4343,ADARE,QLD,-27.510,152.300,Delivery Area
4343,BLACK DUCK CREEK,QLD,-27.510,152.300,Delivery Area
4343,CAFFEY,QLD,-27.510,152.300,Delivery Area
4343,COLLEGE VIEW,QLD,-27.510,152.300,Delivery Area
4343,EAST HALDON,QLD,-27.510,152.300,Delivery Area
4343,FORDSDALE,QLD,-27.510,152.300,Delivery Area
4343,GATTON,QLD,-27.510,152.300,Delivery Area
4343,INGOLDSBY,QLD,-27.510,152.300,Delivery Area
4343,JUNCTION VIEW,QLD,-27.510,152.300,Delivery Area
4343,LAKE CLARENDON,QLD,-27.510,152.300,Delivery Area
4343,LAWES,QLD,-27.510,152.300,Delivery Area
4343,LEFTHAND BRANCH,QLD,-27.510,152.300,Delivery Area
4343,LOWER TENTHILL,QLD,-27.510,152.300,Delivery Area
4343,MORTON VALE,QLD,-27.510,152.300,Delivery Area
4343,MOUNT SYLVIA,QLD,-27.510,152.300,Delivery Area
4343,PLACID HILLS,QLD,-27.510,152.300,Delivery Area
4343,RINGWOOD,QLD,-27.510,152.300,Delivery Area
4343,ROCKSIDE,QLD,-27.510,152.300,Delivery Area
4343,ROPELEY,QLD,-27.510,152.300,Delivery Area
4343,SPRING CREEK,QLD,-27.510,152.300,Delivery Area
4343,UPPER TENTHILL,QLD,-27.510,152.300,Delivery Area
4343,VINEGAR HILL,QLD,-27.510,152.300,Delivery Area
4343,WOODBINE,QLD,-27.510,152.300,Delivery Area
4343,WOODLANDS,QLD,-27.510,152.300,Delivery Area
4344,CARPENDALE,QLD,-27.590,152.150,Delivery Area
4344,EGYPT,QLD,-27.590,152.150,Delivery Area
4344,FLAGSTONE CREEK,QLD,-27.590,152.150,Delivery Area
4344,HELIDON,QLD,-27.590,152.150,Delivery Area
4344,HELIDON SPA,QLD,-27.590,152.150,Delivery Area
4344,IREDALE,QLD,-27.590,152.150,Delivery Area
4344,LILYDALE,QLD,-27.590,152.150,Delivery Area
4344,LOCKYER,QLD,-27.590,152.150,Delivery Area
4344,ROCKMOUNT,QLD,-27.590,152.150,Delivery Area
4344,SEVENTEEN MILE,QLD,-27.590,152.150,Delivery Area
4344,STOCKYARD,QLD,-27.590,152.150,Delivery Area
4344,UPPER FLAGSTONE,QLD,-27.590,152.150,Delivery Area
4345,GATTON COLLEGE,QLD,-27.550,152.340,Post Office Boxes
4346,MARBURG,QLD,-27.560,152.590,Delivery Area
4347,GRANTHAM,QLD,-27.570,152.200,Delivery Area
4347,MA MA CREEK,QLD,-27.570,152.200,Delivery Area
4347,MOUNT WHITESTONE,QLD,-27.570,152.200,Delivery Area
4347,VERADILLA,QLD,-27.570,152.200,Delivery Area
4347,WINWILL,QLD,-27.570,152.200,Delivery Area
4350,ATHOL,QLD,-27.620,151.770,Delivery Area
4350,BLUE MOUNTAIN HEIGHTS,QLD,-27.620,151.770,Delivery Area
4350,CENTENARY HEIGHTS,QLD,-27.620,151.770,Delivery Area
4350,CHARLTON,QLD,-27.620,151.770,Delivery Area
4350,CLIFFORD GARDENS,QLD,-27.620,151.770,Delivery Area
4350,COTSWOLD HILLS,QLD,-27.620,151.770,Delivery Area
4350,CRANLEY,QLD,-27.620,151.770,Delivery Area
4350,DARLING HEIGHTS,QLD,-27.620,151.770,Delivery Area
4350,DRAYTON,QLD,-27.620,151.770,Delivery Area
4350,DRAYTON NORTH,QLD,-27.620,151.770,Delivery Area
4350,EAST TOOWOOMBA,QLD,-27.620,151.770,Delivery Area
4350,FINNIE,QLD,-27.620,151.770,Delivery Area
4350,GLENVALE,QLD,-27.620,151.770,Delivery Area
4350,GOWRIE MOUNTAIN,QLD,-27.620,151.770,Delivery Area
4350,HARLAXTON,QLD,-27.620,151.770,Delivery Area
4350,HARRISTOWN,QLD,-27.620,151.770,Delivery Area
4350,KEARNEYS SPRING,QLD,-27.620,151.770,Delivery Area
4350,MIDDLE RIDGE,QLD,-27.620,151.770,Delivery Area
4350,MOUNT KYNOCH,QLD,-27.620,151.770,Delivery Area
4350,MOUNT LOFTY,QLD,-27.620,151.770,Delivery Area
4350,MOUNT RASCAL,QLD,-27.620,151.770,Delivery Area
4350,NEWTOWN,QLD,-27.620,151.770,Delivery Area
4350,NORTH TOOWOOMBA,QLD,-27.620,151.770,Delivery Area
4350,NORTHLANDS,QLD,-27.620,151.770,Delivery Area
4350,PRINCE HENRY HEIGHTS,QLD,-27.620,151.770,Delivery Area
4350,RANGEVILLE,QLD,-27.620,151.770,Delivery Area
4350,REDWOOD,QLD,-27.620,151.770,Delivery Area
4350,ROCKVILLE,QLD,-27.620,151.770,Delivery Area
4350,SOUTH TOOWOOMBA,QLD,-27.620,151.770,Delivery Area
4350,TOOWOOMBA,QLD,-27.620,151.770,Delivery Area
4350,TOOWOOMBA CITY,QLD,-27.620,151.770,Delivery Area
4350,TOOWOOMBA DC,QLD,-27.620,151.770,Delivery Area
4350,TOOWOOMBA EAST,QLD,-27.620,151.770,Delivery Area
4350,TOOWOOMBA SOUTH,QLD,-27.620,151.770,Delivery Area
4350,TOOWOOMBA VILLAGE FAIR,QLD,-27.620,151.770,Delivery Area
4350,TOOWOOMBA WEST,QLD,-27.620,151.770,Delivery Area
4350,TOP CAMP,QLD,-27.620,151.770,Delivery Area
4350,TORRINGTON,QLD,-27.620,151.770,Delivery Area
4350,WELLCAMP,QLD,-27.620,151.770,Delivery Area
4350,WESTBROOK,QLD,-27.620,151.770,Delivery Area
4350,WILSONTON,QLD,-27.620,151.770,Delivery Area
4350,WILSONTON HEIGHTS,QLD,-27.620,151.770,Delivery Area
4350,WYALLA PLAZA,QLD,-27.620,151.770,Delivery Area
4352,BALLARD,QLD,-28.580,151.800,Delivery Area
4352,BAPAUME,QLD,-28.580,151.800,Delivery Area
4352,BIRNAM,QLD,-28.580,151.800,Delivery Area
4352,BLANCHVIEW,QLD,-28.580,151.800,Delivery Area
4352,BRANCHVIEW,QLD,-28.580,151.800,Delivery Area
4352,CABARLAH,QLD,-28.580,151.800,Delivery Area
4352,CAWDOR,QLD,-28.580,151.800,Delivery Area
4352,CEMENT MILLS,QLD,-28.580,151.800,Delivery Area
4352,COALBANK,QLD,-28.580,151.800,Delivery Area
4352,CONDAMINE PLAINS,QLD,-28.580,151.800,Delivery Area
4352,CUTELLA,QLD,-28.580,151.800,Delivery Area
4352,DERRYMORE,QLD,-28.580,151.800,Delivery Area
4352,DJUAN,QLD,-28.580,151.800,Delivery Area
4352,DOCTOR CREEK,QLD,-28.580,151.800,Delivery Area
4352,EVERGREEN,QLD,-28.580,151.800,Delivery Area
4352,FIFTEEN MILE,QLD,-28.580,151.800,Delivery Area
4352,GEHAM,QLD,-28.580,151.800,Delivery Area
4352,GLENCOE,QLD,-28.580,151.800,Delivery Area
4352,GORE,QLD,-28.580,151.800,Delivery Area
4352,GOWRIE JUNCTION,QLD,-28.580,151.800,Delivery Area
4352,GOWRIE LITTLE PLAIN,QLD,-28.580,151.800,Delivery Area
4352,GRAPETREE,QLD,-28.580,151.800,Delivery Area
4352,GROOMSVILLE,QLD,-28.580,151.800,Delivery Area
4352,HAMPTON,QLD,-28.580,151.800,Delivery Area
4352,HIGHFIELDS,QLD,-28.580,151.800,Delivery Area
4352,HIGHGROVE,QLD,-28.580,151.800,Delivery Area
4352,HODGSON VALE,QLD,-28.580,151.800,Delivery Area
4352,KARARA,QLD,-28.580,151.800,Delivery Area
4352,KLEINTON,QLD,-28.580,151.800,Delivery Area
4352,KULPI,QLD,-28.580,151.800,Delivery Area
4352,KURROWAH,QLD,-28.580,151.800,Delivery Area
4352,LILYVALE,QLD,-28.580,151.800,Delivery Area
4352,MACLAGAN,QLD,-28.580,151.800,Delivery Area
4352,MALLING,QLD,-28.580,151.800,Delivery Area
4352,MERINGANDAN,QLD,-28.580,151.800,Delivery Area
4352,MERINGANDAN WEST,QLD,-28.580,151.800,Delivery Area
4352,MERRITTS CREEK,QLD,-28.580,151.800,Delivery Area
4352,MOUNT LUKE,QLD,-28.580,151.800,Delivery Area
4352,MUNIGANEEN,QLD,-28.580,151.800,Delivery Area
4352,MURPHYS CREEK,QLD,-28.580,151.800,Delivery Area
4352,NARKO,QLD,-28.580,151.800,Delivery Area
4352,NORTH MACLAGAN,QLD,-28.580,151.800,Delivery Area
4352,NUTGROVE,QLD,-28.580,151.800,Delivery Area
4352,OMAN AMA,QLD,-28.580,151.800,Delivery Area
4352,PALMTREE,QLD,-28.580,151.800,Delivery Area
4352,PAMPAS,QLD,-28.580,151.800,Delivery Area
4352,PECHEY,QLD,-28.580,151.800,Delivery Area
4352,PERANGA,QLD,-28.580,151.800,Delivery Area
4352,PERSEVERANCE,QLD,-28.580,151.800,Delivery Area
4352,POSTMANS RIDGE,QLD,-28.580,151.800,Delivery Area
4352,POZIERES,QLD,-28.580,151.800,Delivery Area
4352,PRESTON,QLD,-28.580,151.800,Delivery Area
4352,RANGEMORE,QLD,-28.580,151.800,Delivery Area
4352,RAVENSBOURNE,QLD,-28.580,151.800,Delivery Area
4352,SILVER RIDGE,QLD,-28.580,151.800,Delivery Area
4352,SPRING BLUFF,QLD,-28.580,151.800,Delivery Area
4352,ST AUBYN,QLD,-28.580,151.800,Delivery Area
4352,THORNVILLE,QLD,-28.580,151.800,Delivery Area
4352,TOOWOOMBA MC,QLD,-28.580,151.800,Delivery Area
4352,TUMMAVILLE,QLD,-28.580,151.800,Delivery Area
4352,UMBIRAM,QLD,-28.580,151.800,Delivery Area
4352,UPPER LOCKYER,QLD,-28.580,151.800,Delivery Area
4352,VALE VIEW,QLD,-28.580,151.800,Delivery Area
4352,WHICHELLO,QLD,-28.580,151.800,Delivery Area
4352,WHITE MOUNTAIN,QLD,-28.580,151.800,Delivery Area
4352,WITHCOTT,QLD,-28.580,151.800,Delivery Area
4352,WOODLEIGH,QLD,-28.580,151.800,Delivery Area
4352,WOOLMER,QLD,-28.580,151.800,Delivery Area
4352,WUTUL,QLD,-28.580,151.800,Delivery Area
4352,WYREEMA,QLD,-28.580,151.800,Delivery Area
4352,YALANGUR,QLD,-28.580,151.800,Delivery Area
4352,YANDILLA,QLD,-28.580,151.800,Delivery Area
4353,BERGEN,QLD,-27.260,151.900,Delivery Area
4353,EAST COOYAR,QLD,-27.260,151.900,Delivery Area
4353,HADEN,QLD,-27.260,151.900,Delivery Area
4353,MOUNT DARRY,QLD,,,Delivery Area
4354,DOUGLAS,QLD,-27.320,151.910,Delivery Area
4354,GOOMBUNGEE,QLD,-27.320,151.910,Delivery Area
4354,KILBIRNIE,QLD,-27.320,151.910,Delivery Area
4355,ANDURAMBA,QLD,-27.130,152.090,Delivery Area
4355,CRESSBROOK CREEK,QLD,-27.130,152.090,Delivery Area
4355,CROWS NEST,QLD,-27.130,152.090,Delivery Area
4355,EMU CREEK,QLD,-27.130,152.090,Delivery Area
4355,GLENAVEN,QLD,-27.130,152.090,Delivery Area
4355,JONES GULLY,QLD,-27.130,152.090,Delivery Area
4355,MOUNTAIN CAMP,QLD,-27.130,152.090,Delivery Area
4355,PIERCES CREEK,QLD,-27.130,152.090,Delivery Area
4355,PINELANDS,QLD,-27.130,152.090,Delivery Area
4355,PLAINBY,QLD,-27.130,152.090,Delivery Area
4355,THE BLUFF,QLD,-27.130,152.090,Delivery Area
4355,UPPER PINELANDS,QLD,-27.130,152.090,Delivery Area
4356,BONGEEN,QLD,-27.570,151.450,Delivery Area
4356,BROXBURN,QLD,-27.570,151.450,Delivery Area
4356,EVANSLEA,QLD,-27.570,151.450,Delivery Area
4356,IRONGATE,QLD,-27.570,151.450,Delivery Area
4356,KINCORA,QLD,-27.570,151.450,Delivery Area
4356,LINTHORPE,QLD,-27.570,151.450,Delivery Area
4356,MOTLEY,QLD,-27.570,151.450,Delivery Area
4356,MOUNT TYSON,QLD,-27.570,151.450,Delivery Area
4356,NORTH BRANCH,QLD,-27.570,151.450,Delivery Area
4356,NORWIN,QLD,-27.570,151.450,Delivery Area
4356,PITTSWORTH,QLD,-27.570,151.450,Delivery Area
4356,PURRAWUNDA,QLD,-27.570,151.450,Delivery Area
4356,ROSSVALE,QLD,-27.570,151.450,Delivery Area
4356,SCRUBBY MOUNTAIN,QLD,-27.570,151.450,Delivery Area
4356,SPRINGSIDE,QLD,-27.570,151.450,Delivery Area
4356,ST HELENS,QLD,-27.570,151.450,Delivery Area
4356,STONELEIGH,QLD,-27.570,151.450,Delivery Area
4356,YARRANLEA,QLD,-27.570,151.450,Delivery Area
4357,BRINGALILY,QLD,-28.060,151.160,Delivery Area
4357,BULLI CREEK,QLD,-28.060,151.160,Delivery Area
4357,CANNING CREEK,QLD,-28.060,151.160,Delivery Area
4357,CAPTAINS MOUNTAIN,QLD,-28.060,151.160,Delivery Area
4357,CLONTARF,QLD,-28.060,151.160,Delivery Area
4357,CONDAMINE FARMS,QLD,-28.060,151.160,Delivery Area
4357,CYPRESS GARDENS,QLD,-28.060,151.160,Delivery Area
4357,DOMVILLE,QLD,-28.060,151.160,Delivery Area
4357,FOREST RIDGE,QLD,-28.060,151.160,Delivery Area
4357,GRAYS GATE,QLD,-28.060,151.160,Delivery Area
4357,KOOROONGARRA,QLD,-28.060,151.160,Delivery Area
4357,LAVELLE,QLD,-28.060,151.160,Delivery Area
4357,LEMONTREE,QLD,-28.060,151.160,Delivery Area
4357,MILLMERRAN,QLD,-28.060,151.160,Delivery Area
4357,MILLMERRAN DOWNS,QLD,-28.060,151.160,Delivery Area
4357,MILLMERRAN WOODS,QLD,-28.060,151.160,Delivery Area
4357,MILLWOOD,QLD,-28.060,151.160,Delivery Area
4357,MOUNT EMLYN,QLD,-28.060,151.160,Delivery Area
4357,PUNCHS CREEK,QLD,-28.060,151.160,Delivery Area
4357,ROCKY CREEK,QLD,-28.060,151.160,Delivery Area
4357,STONEHENGE,QLD,-28.060,151.160,Delivery Area
4357,THE PINES,QLD,-28.060,151.160,Delivery Area
4357,TURALLIN,QLD,-28.060,151.160,Delivery Area
4357,WATTLE RIDGE,QLD,-28.060,151.160,Delivery Area
4357,WESTERN CREEK,QLD,-28.060,151.160,Delivery Area
4357,WOONDUL,QLD,-28.060,151.160,Delivery Area
4358,CAMBOOYA,QLD,-27.710,151.860,Delivery Area
4358,FELTON,QLD,-27.710,151.860,Delivery Area
4358,FELTON SOUTH,QLD,-27.710,151.860,Delivery Area
4358,RAMSAY,QLD,-27.710,151.860,Delivery Area
4359,ASCOT,QLD,,,Delivery Area
4359,BUDGEE,QLD,-27.790,152.020,Delivery Area
4359,EAST GREENMOUNT,QLD,-27.790,152.020,Delivery Area
4359,GREENMOUNT,QLD,-27.790,152.020,Delivery Area
4359,HIRSTGLEN,QLD,-27.790,152.020,Delivery Area
4359,WEST HALDON,QLD,-27.790,152.020,Delivery Area
4360,NOBBY,QLD,-27.840,151.890,Delivery Area
4361,BACK PLAINS,QLD,-27.890,151.800,Delivery Area
4361,CLIFTON,QLD,-27.890,151.800,Delivery Area
4361,ELLANGOWAN,QLD,-27.890,151.800,Delivery Area
4361,ELPHINSTONE,QLD,-27.890,151.800,Delivery Area
4361,HEADINGTON HILL,QLD,-27.890,151.800,Delivery Area
4361,KINGS CREEK,QLD,-27.890,151.800,Delivery Area
4361,MANAPOURI,QLD,-27.890,151.800,Delivery Area
4361,MISSEN FLAT,QLD,-27.890,151.800,Delivery Area
4361,MOUNT MOLAR,QLD,-27.890,151.800,Delivery Area
4361,NEVILTON,QLD,-27.890,151.800,Delivery Area
4361,PILTON,QLD,-27.890,151.800,Delivery Area
4361,RYEFORD,QLD,-27.890,151.800,Delivery Area
4361,SANDY CAMP,QLD,-27.890,151.800,Delivery Area
4361,SPRING CREEK,QLD,-27.890,151.800,Delivery Area
4361,UPPER PILTON,QLD,-27.890,151.800,Delivery Area
4361,VICTORIA HILL,QLD,-27.890,151.800,Delivery Area
4362,ALLORA,QLD,-28.040,151.980,Delivery Area
4362,BERAT,QLD,-28.040,151.980,Delivery Area
4362,DEUCHAR,QLD,-28.040,151.980,Delivery Area
4362,ELLINTHORP,QLD,-28.040,151.980,Delivery Area
4362,FOREST SPRINGS,QLD,,,Delivery Area
4362,GOOMBURRA,QLD,-28.040,151.980,Delivery Area
4362,HENDON,QLD,-28.040,151.980,Delivery Area
4362,MOUNT MARSHALL,QLD,-28.040,151.980,Delivery Area
4362,OLD TALGAI,QLD,,,Delivery Area
4362,TALGAI,QLD,-28.040,151.980,Delivery Area
4363,SOUTHBROOK,QLD,-27.680,151.740,Delivery Area
4364,BROOKSTEAD,QLD,-27.710,151.400,Delivery Area
4365,LEYBURN,QLD,-28.020,151.600,Delivery Area
4370,ALLAN,QLD,-28.200,151.950,Delivery Area
4370,BONY MOUNTAIN,QLD,-28.200,151.950,Delivery Area
4370,CANNINGVALE,QLD,-28.200,151.950,Delivery Area
4370,CHERRY GULLY,QLD,-28.200,151.950,Delivery Area
4370,CLINTONVALE,QLD,-28.200,151.950,Delivery Area
4370,CUNNINGHAM,QLD,-28.200,151.950,Delivery Area
4370,DANDEROO,QLD,-28.200,151.950,Delivery Area
4370,ELBOW VALLEY,QLD,-28.200,151.950,Delivery Area
4370,FREESTONE,QLD,-28.200,151.950,Delivery Area
4370,GLADFIELD,QLD,-28.200,151.950,Delivery Area
4370,GLENGALLAN,QLD,-28.200,151.950,Delivery Area
4370,GREYMARE,QLD,-28.200,151.950,Delivery Area
4370,JUNABEE,QLD,-28.200,151.950,Delivery Area
4370,LESLIE,QLD,-28.200,151.950,Delivery Area
4370,LESLIE DAM,QLD,-28.200,151.950,Delivery Area
4370,LOCH LOMOND,QLD,-28.200,151.950,Delivery Area
4370,MARYVALE,QLD,-28.200,151.950,Delivery Area
4370,MASSIE,QLD,-28.200,151.950,Delivery Area
4370,MONTROSE,QLD,-28.200,151.950,Delivery Area
4370,MORGAN PARK,QLD,-28.200,151.950,Delivery Area
4370,MOUNT COLLIERY,QLD,-28.200,151.950,Delivery Area
4370,MOUNT STURT,QLD,-28.200,151.950,Delivery Area
4370,MOUNT TABOR,QLD,-28.200,151.950,Delivery Area
4370,MURRAYS BRIDGE,QLD,-28.200,151.950,Delivery Area
4370,NORTH BRANCH,QLD,-28.200,151.950,Delivery Area
4370,PRATTEN,QLD,-28.200,151.950,Delivery Area
4370,RODGERS CREEK,QLD,-28.200,151.950,Delivery Area
4370,ROSEHILL,QLD,-28.200,151.950,Delivery Area
4370,ROSENTHAL HEIGHTS,QLD,-28.200,151.950,Delivery Area
4370,SILVERWOOD,QLD,-28.200,151.950,Delivery Area
4370,SLADEVALE,QLD,-28.200,151.950,Delivery Area
4370,SWAN CREEK,QLD,-28.200,151.950,Delivery Area
4370,THANE,QLD,-28.200,151.950,Delivery Area
4370,THANES CREEK,QLD,-28.200,151.950,Delivery Area
4370,THE GLEN,QLD,-28.200,151.950,Delivery Area
4370,THE HERMITAGE,QLD,-28.200,151.950,Delivery Area
4370,TOOLBURRA,QLD,-28.200,151.950,Delivery Area
4370,TREGONY,QLD,-28.200,151.950,Delivery Area
4370,UPPER FREESTONE,QLD,-28.200,151.950,Delivery Area
4370,UPPER WHEATVALE,QLD,-28.200,151.950,Delivery Area
4370,WARWICK,QLD,-28.200,151.950,Delivery Area
4370,WARWICK DC,QLD,-28.200,151.950,Delivery Area
4370,WHEATVALE,QLD,-28.200,151.950,Delivery Area
4370,WILDASH,QLD,-28.200,151.950,Delivery Area
4370,WILLOWVALE,QLD,-28.200,151.950,Delivery Area
4370,WIYARRA,QLD,-28.200,151.950,Delivery Area
4370,WOMINA,QLD,-28.200,151.950,Delivery Area
4371,EMU VALE,QLD,-28.230,152.250,Delivery Area
4371,SWANFELS,QLD,-28.230,152.250,Delivery Area
4371,YANGAN,QLD,-28.230,152.250,Delivery Area
4372,TANNYMOREL,QLD,-28.300,152.230,Delivery Area
4373,KILLARNEY,QLD,-28.340,152.290,Delivery Area
4373,THE FALLS,QLD,-28.340,152.290,Delivery Area
4373,THE HEAD,QLD,-28.340,152.290,Delivery Area
4374,DALVEEN,QLD,-28.490,151.970,Delivery Area
4374,PALGRAVE,QLD,,,Delivery Area
4375,COTTONVALE,NSW,,,Delivery Area
4375,COTTONVALE,QLD,-28.530,151.950,Delivery Area
4375,FLEURBAIX,QLD,-28.530,151.950,Delivery Area
4376,THULIMBAH,QLD,-28.540,151.930,Delivery Area
4377,GLEN NIVEN,QLD,-28.580,151.970,Delivery Area
4377,MARYLAND,NSW,-28.580,151.970,Delivery Area
4377,THE SUMMIT,QLD,-28.580,151.970,Delivery Area
4378,APPLETHORPE,QLD,-28.610,151.960,Delivery Area
4380,AMIENS,QLD,-28.610,151.900,Delivery Area
4380,AMOSFIELD,NSW,,,Delivery Area
4380,BROADWATER,QLD,-28.610,151.900,Delivery Area
4380,CANNON CREEK,QLD,-28.610,151.900,Delivery Area
4380,DALCOUTH,QLD,-28.610,151.900,Delivery Area
4380,DIAMONDVALE,QLD,,,Delivery Area
4380,EUKEY,QLD,-28.610,151.900,Delivery Area
4380,GLENLYON,QLD,-28.610,151.900,Delivery Area
4380,GOLDFIELDS,QLD,,,Delivery Area
4380,GREENLANDS,QLD,-28.610,151.900,Delivery Area
4380,KYOOMBA,QLD,-28.610,151.900,Delivery Area
4380,MINGOOLA,QLD,-28.610,151.900,Delivery Area
4380,MOUNT TULLY,QLD,-28.610,151.900,Delivery Area
4380,NUNDUBBERMERE,QLD,-28.610,151.900,Delivery Area
4380,PASSCHENDAELE,QLD,,,Delivery Area
4380,PIKEDALE,QLD,-28.610,151.900,Delivery Area
4380,PIKES CREEK,QLD,-28.610,151.900,Delivery Area
4380,RUBY CREEK,NSW,,,Delivery Area
4380,SEVERNLEA,QLD,-28.610,151.900,Delivery Area
4380,SPRINGDALE,QLD,-28.610,151.900,Delivery Area
4380,STANTHORPE,QLD,-28.610,151.900,Delivery Area
4380,STORM KING,QLD,-28.610,151.900,Delivery Area
4380,SUGARLOAF,QLD,-28.610,151.900,Delivery Area
4380,THORNDALE,QLD,-28.610,151.900,Delivery Area
4380,UNDERCLIFFE,NSW,,,Delivery Area
4381,FLETCHER,QLD,,,Delivery Area
4381,GLEN APLIN,QLD,-28.740,151.870,Delivery Area
4382,BALLANDEAN,QLD,-28.800,151.840,Delivery Area
4382,GIRRAWEEN,QLD,-28.800,151.840,Delivery Area
4382,LYRA,QLD,-28.800,151.840,Delivery Area
4382,SOMME,QLD,-28.800,151.840,Delivery Area
4382,SUNDOWN,QLD,,,Delivery Area
4382,WYBERBA,QLD,-28.800,151.840,Delivery Area
4383,JENNINGS,NSW,-28.880,151.910,Delivery Area
4383,WALLANGARRA,QLD,-28.880,151.910,Delivery Area
4384,LIMEVALE,QLD,-28.730,151.180,Delivery Area
4385,BEEBO,QLD,-28.720,150.970,Delivery Area
4385,BONSHAW,QLD,-28.720,150.970,Delivery Area
4385,CAMP CREEK,NSW,-28.720,150.970,Delivery Area
4385,GLENARBON,QLD,-28.720,150.970,Delivery Area
4385,MAIDENHEAD,QLD,-28.720,150.970,Delivery Area
4385,RIVERTON,QLD,-28.720,150.970,Delivery Area
4385,SILVER SPUR,QLD,-28.720,150.970,Delivery Area
4385,SMITHLEA,QLD,-28.720,150.970,Delivery Area
4385,TEXAS,NSW,-28.720,150.970,Delivery Area
4385,TEXAS,QLD,-28.720,150.970,Delivery Area
4385,WATSONS CROSSING,QLD,-28.720,150.970,Delivery Area
4387,BRUSH CREEK,QLD,-28.610,151.130,Delivery Area
4387,BYBERA,QLD,-28.610,151.130,Delivery Area
4387,COOLMUNDA,QLD,-28.610,151.130,Delivery Area
4387,GREENUP,QLD,-28.610,151.130,Delivery Area
4387,INGLEWOOD,QLD,-28.610,151.130,Delivery Area
4387,MOSQUITO CREEK,QLD,-28.610,151.130,Delivery Area
4387,TERRICA,QLD,-28.610,151.130,Delivery Area
4387,WARROO,QLD,-28.610,151.130,Delivery Area
4387,WHETSTONE,QLD,-28.610,151.130,Delivery Area
4388,KURUMBUL,QLD,-28.620,150.550,Delivery Area
4388,YELARBON,QLD,-28.620,150.550,Delivery Area
4390,BILLA BILLA,QLD,-28.150,150.290,Delivery Area
4390,CALINGUNEE,QLD,-28.150,150.290,Delivery Area
4390,CALLANDOON,QLD,-28.150,150.290,Delivery Area
4390,GOODAR,QLD,-28.150,150.290,Delivery Area
4390,GOONDIWINDI,QLD,-28.150,150.290,Delivery Area
4390,KINDON,QLD,-28.150,150.290,Delivery Area
4390,LUNDAVRA,QLD,-28.150,150.290,Delivery Area
4390,WONDALLI,QLD,-28.150,150.290,Delivery Area
4390,WYAGA,QLD,-28.150,150.290,Delivery Area
4390,YAGABURNE,QLD,-28.150,150.290,Delivery Area
4400,KINGSTHORPE,QLD,-27.500,151.800,Delivery Area
4401,ACLAND,QLD,-27.300,151.690,Delivery Area
4401,AUBIGNY,QLD,-27.300,151.690,Delivery Area
4401,BALGOWAN,QLD,-27.300,151.690,Delivery Area
4401,BIDDESTON,QLD,-27.300,151.690,Delivery Area
4401,BOODUA,QLD,-27.300,151.690,Delivery Area
4401,DEVON PARK,QLD,-27.300,151.690,Delivery Area
4401,GREENWOOD,QLD,-27.300,151.690,Delivery Area
4401,HIGHLAND PLAINS,QLD,-27.300,151.690,Delivery Area
4401,KELVINHAUGH,QLD,-27.300,151.690,Delivery Area
4401,KINGS SIDING,QLD,,,Delivery Area
4401,MOUNT IRVING,QLD,-27.300,151.690,Delivery Area
4401,MULDU,QLD,-27.300,151.690,Delivery Area
4401,OAKEY,QLD,-27.300,151.690,Delivery Area
4401,ROSALIE PLAINS,QLD,-27.300,151.690,Delivery Area
4401,SABINE,QLD,-27.300,151.690,Delivery Area
4401,SILVERLEIGH,QLD,-27.300,151.690,Delivery Area
4401,YARGULLEN,QLD,-27.300,151.690,Delivery Area
4402,COOYAR,QLD,-26.980,151.830,Delivery Area
4402,KOORALGIN,QLD,-26.980,151.830,Delivery Area
4402,UPPER COOYAR CREEK,QLD,-26.980,151.830,Delivery Area
4403,BRYMAROO,QLD,-27.220,151.590,Delivery Area
4403,JONDARYAN,QLD,-27.220,151.590,Delivery Area
4403,MALU,QLD,-27.220,151.590,Delivery Area
4403,MOUNT MORIAH,QLD,-27.220,151.590,Delivery Area
4403,QUINALOW,QLD,-27.220,151.590,Delivery Area
4403,WEST PRAIRIE,QLD,-27.220,151.590,Delivery Area
4404,BOWENVILLE,QLD,-27.310,151.490,Delivery Area
4404,FORMARTIN,QLD,-27.310,151.490,Delivery Area
4404,IRVINGDALE,QLD,-27.310,151.490,Delivery Area
4404,WAINUI,QLD,-27.310,151.490,Delivery Area
4405,BEELBEE,QLD,,,Delivery Area
4405,BLAXLAND,QLD,-27.190,151.400,Delivery Area
4405,BUNYA MOUNTAINS,QLD,-27.190,151.400,Delivery Area
4405,DALBY,QLD,-27.190,151.400,Delivery Area
4405,DUCKLO,QLD,-27.190,151.400,Delivery Area
4405,GRASSDALE,QLD,-27.190,151.400,Delivery Area
4405,KUMBARILLA,QLD,,,Delivery Area
4405,MARMADUA,QLD,-27.190,151.400,Delivery Area
4405,MOWBULLAN,QLD,,,Delivery Area
4405,NANDI,QLD,,,Delivery Area
4405,PIRRINUAN,QLD,-27.190,151.400,Delivery Area
4405,RANGES BRIDGE,QLD,-27.190,151.400,Delivery Area
4405,SPRINGVALE,QLD,,,Delivery Area
4405,ST RUTH,QLD,-27.190,151.400,Delivery Area
4405,TIPTON,QLD,-27.190,151.400,Delivery Area
4405,WERANGA,QLD,-27.190,151.400,Delivery Area
4406,BOONDANDILLA,QLD,-27.890,150.600,Delivery Area
4406,HALLIFORD,QLD,,,Delivery Area
4406,HANNAFORD,QLD,-27.890,150.600,Delivery Area
4406,JIMBOUR,QLD,-27.890,150.600,Delivery Area
4406,JIMBOUR EAST,QLD,,,Delivery Area
4406,JIMBOUR WEST,QLD,,,Delivery Area
4406,KAIMKILLENBUN,QLD,-27.890,150.600,Delivery Area
4406,KOGAN,QLD,-27.890,150.600,Delivery Area
4406,MACALISTER,QLD,-27.890,150.600,Delivery Area
4406,MOOLA,QLD,,,Delivery Area
4406,MOONIE,QLD,-27.890,150.600,Delivery Area
4406,SOUTHWOOD,QLD,-27.890,150.600,Delivery Area
4406,THE GUMS,QLD,-27.890,150.600,Delivery Area
4406,WEIR RIVER,QLD,-27.890,150.600,Delivery Area
4407,CATTLE CREEK,QLD,-27.650,150.840,Delivery Area
4407,CECIL PLAINS,QLD,-27.650,150.840,Delivery Area
4407,DUNMORE,QLD,-27.650,150.840,Delivery Area
4407,NANGWEE,QLD,-27.650,150.840,Delivery Area
4408,BELL,QLD,-26.930,151.450,Delivery Area
4408,COORANGA,QLD,,,Delivery Area
4410,BURRA BURRI,QLD,,,Delivery Area
4410,DARR CREEK,QLD,,,Delivery Area
4410,DIAMONDY,QLD,,,Delivery Area
4410,JANDOWAE,QLD,-26.780,151.110,Delivery Area
4410,JINGHI,QLD,,,Delivery Area
4410,LANGLANDS,QLD,,,Delivery Area
4411,TUCKERANG,QLD,,,Delivery Area
4411,WARRA,QLD,-26.930,150.920,Delivery Area
4412,BRIGALOW,QLD,-26.840,150.790,Delivery Area
4412,WYCHIE,QLD,,,Delivery Area
4413,AUBURN,QLD,,,Delivery Area
4413,BAKING BOARD,QLD,-26.710,150.550,Delivery Area
4413,BARAKULA,QLD,,,Delivery Area
4413,BLACKSWAMP,QLD,,,Delivery Area
4413,BOONARGA,QLD,-26.710,150.550,Delivery Area
4413,BURNCLUITH,QLD,-26.710,150.550,Delivery Area
4413,CADARGA,QLD,,,Delivery Area
4413,CAMEBY,QLD,,,Delivery Area
4413,CANAGA,QLD,-26.710,150.550,Delivery Area
4413,CHANCES PLAIN,QLD,-26.710,150.550,Delivery Area
4413,CHINCHILLA,QLD,-26.710,150.550,Delivery Area
4413,CROSSROADS,QLD,,,Delivery Area
4413,DURAH,QLD,-26.710,150.550,Delivery Area
4413,FAIRYLAND,QLD,,,Delivery Area
4413,GOOMBI,QLD,,,Delivery Area
4413,GREENSWAMP,QLD,,,Delivery Area
4413,HOPELAND,QLD,-26.710,150.550,Delivery Area
4413,KRAGRA,QLD,,,Delivery Area
4413,MONTROSE,QLD,-26.710,150.550,Delivery Area
4413,PELICAN,QLD,,,Delivery Area
4413,RED HILL,QLD,,,Delivery Area
4413,RYWUNG,QLD,,,Delivery Area
4413,SUJEEWONG,QLD,,,Delivery Area
4413,WIEAMBILLA,QLD,-26.710,150.550,Delivery Area
4415,COLUMBOOLA,QLD,-26.670,150.330,Delivery Area
4415,DALWOGON,QLD,-26.670,150.330,Delivery Area
4415,GURULMUNDI,QLD,-26.670,150.330,Delivery Area
4415,HOOKSWOOD,QLD,-26.670,150.330,Delivery Area
4415,KOWGURAN,QLD,-26.670,150.330,Delivery Area
4415,MILES,QLD,-26.670,150.330,Delivery Area
4415,MYALL PARK,QLD,-26.670,150.330,Delivery Area
4415,PELHAM,QLD,-26.670,150.330,Delivery Area
4416,BARRAMORNIE,QLD,-27.010,150.060,Delivery Area
4416,CONDAMINE,QLD,-27.010,150.060,Delivery Area
4416,MORABY,QLD,-27.010,150.060,Delivery Area
4416,NANGRAM,QLD,-27.010,150.060,Delivery Area
4416,PINE HILLS,QLD,-27.010,150.060,Delivery Area
4416,YULABILLA,QLD,-27.010,150.060,Delivery Area
4417,NOORINDOO,QLD,-27.160,149.160,Delivery Area
4417,OBERINA,QLD,-27.160,149.160,Delivery Area
4417,PARKNOOK,QLD,-27.160,149.160,Delivery Area
4417,SURAT,QLD,-27.160,149.160,Delivery Area
4417,WARKON,QLD,-27.160,149.160,Delivery Area
4417,WELLESLEY,QLD,-27.160,149.160,Delivery Area
4417,WERIBONE,QLD,-27.160,149.160,Delivery Area
4418,GULUGUBA,QLD,-26.260,150.050,Delivery Area
4419,BUNDI,QLD,,,Delivery Area
4419,BUNGABAN,QLD,,,Delivery Area
4419,COCKATOO,QLD,-25.730,150.280,Delivery Area
4419,GROSMONT,QLD,-25.730,150.280,Delivery Area
4419,ROCHE CREEK,QLD,,,Delivery Area
4419,WANDOAN,QLD,-25.730,150.280,Delivery Area
4419,WOLEEBEE,QLD,,,Delivery Area
4420,BAROONDAH,QLD,,,Delivery Area
4420,BROADMERE,QLD,-25.490,149.530,Delivery Area
4420,COORADA,QLD,-25.490,149.530,Delivery Area
4420,EUROMBAH,QLD,,,Delivery Area
4420,GHINGHINDA,QLD,-25.490,149.530,Delivery Area
4420,GLEBE,QLD,,,Delivery Area
4420,GLENHAUGHTON,QLD,-25.490,149.530,Delivery Area
4420,GWAMBEGWINE,QLD,-25.490,149.530,Delivery Area
4420,KINNOUL,QLD,,,Delivery Area
4420,SPRING CREEK,QLD,-25.490,149.530,Delivery Area
4420,TAROOM,QLD,-25.490,149.530,Delivery Area
4420,WAIKOLA,QLD,,,Delivery Area
4421,GORANBA,QLD,-27.290,150.600,Delivery Area
4421,TARA,QLD,-27.290,150.600,Delivery Area
4422,COOMRITH,QLD,-27.560,149.610,Delivery Area
4422,FLINTON,QLD,-27.560,149.610,Delivery Area
4422,INGLESTONE,QLD,-27.560,149.610,Delivery Area
4422,MEANDARRA,QLD,-27.560,149.610,Delivery Area
4422,WESTMAR,QLD,-27.560,149.610,Delivery Area
4423,GLENMORGAN,QLD,-27.250,149.680,Delivery Area
4423,TEELBA,QLD,-27.250,149.680,Delivery Area
4424,DRILLHAM,QLD,-26.640,149.980,Delivery Area
4424,DRILLHAM SOUTH,QLD,-26.640,149.980,Delivery Area
4424,GLENAUBYN,QLD,-26.640,149.980,Delivery Area
4425,BOGANDILLA,QLD,-26.520,149.780,Delivery Area
4425,DULACCA,QLD,-26.520,149.780,Delivery Area
4426,JACKSON,QLD,-26.640,149.620,Delivery Area
4426,JACKSON NORTH,QLD,-26.640,149.620,Delivery Area
4426,JACKSON SOUTH,QLD,-26.640,149.620,Delivery Area
4427,CLIFFORD,QLD,-26.130,149.370,Delivery Area
4427,YULEBA,QLD,-26.130,149.370,Delivery Area
4427,YULEBA NORTH,QLD,-26.130,149.370,Delivery Area
4427,YULEBA SOUTH,QLD,-26.130,149.370,Delivery Area
4428,PICKANJINNIE,QLD,-26.580,149.110,Delivery Area
4428,WALLUMBILLA,QLD,-26.580,149.110,Delivery Area
4428,WALLUMBILLA NORTH,QLD,-26.580,149.110,Delivery Area
4428,WALLUMBILLA SOUTH,QLD,-26.580,149.110,Delivery Area
4454,ARCADIA VALLEY,QLD,,,Delivery Area
4454,BAFFLE WEST,QLD,-25.720,148.670,Delivery Area
4454,BEILBA,QLD,-25.720,148.670,Delivery Area
4454,DURHAM DOWNS,QLD,-25.720,148.670,Delivery Area
4454,HIGHLAND PLAINS,QLD,-25.720,148.670,Delivery Area
4454,HUTTON CREEK,QLD,-25.720,148.670,Delivery Area
4454,INJUNE,QLD,-25.720,148.670,Delivery Area
4454,MOUNT HOWE,QLD,,,Delivery Area
4454,MOUNT HUTTON,QLD,-25.720,148.670,Delivery Area
4454,PONY HILLS,QLD,-25.720,148.670,Delivery Area
4454,SIMMIE,QLD,-25.720,148.670,Delivery Area
4454,UPPER DAWSON,QLD,-25.720,148.670,Delivery Area
4454,WESTGROVE,QLD,-25.720,148.670,Delivery Area
4455,BALLAROO,QLD,-27.120,148.620,Delivery Area
4455,BLYTHDALE,QLD,-27.120,148.620,Delivery Area
4455,BUNGEWORGORAI,QLD,-27.120,148.620,Delivery Area
4455,BUNGIL,QLD,-27.120,148.620,Delivery Area
4455,BYMOUNT,QLD,-27.120,148.620,Delivery Area
4455,CORNWALL,QLD,-27.120,148.620,Delivery Area
4455,DARGAL ROAD,QLD,-27.120,148.620,Delivery Area
4455,EUMAMURRIN,QLD,-27.120,148.620,Delivery Area
4455,EUTHULLA,QLD,-27.120,148.620,Delivery Area
4455,GUNNEWIN,QLD,-27.120,148.620,Delivery Area
4455,HODGSON,QLD,-27.120,148.620,Delivery Area
4455,MOOGA,QLD,-27.120,148.620,Delivery Area
4455,MOUNT ABUNDANCE,QLD,-27.120,148.620,Delivery Area
4455,MOUNT BINDANGO,QLD,-27.120,148.620,Delivery Area
4455,ORALLO,QLD,-27.120,148.620,Delivery Area
4455,ORANGE HILL,QLD,-27.120,148.620,Delivery Area
4455,ROMA,QLD,-27.120,148.620,Delivery Area
4455,TINGUN,QLD,-27.120,148.620,Delivery Area
4455,WYCOMBE,QLD,-27.120,148.620,Delivery Area
4461,MUCKADILLA,QLD,-26.600,148.360,Delivery Area
4462,AMBY,QLD,-26.550,148.190,Delivery Area
4462,EURELLA,QLD,,,Delivery Area
4462,WALHALLOW,QLD,,,Delivery Area
4465,BARGUNYAH,QLD,,,Delivery Area
4465,DUNKELD,QLD,-26.970,148.060,Delivery Area
4465,FORESTVALE,QLD,-26.970,148.060,Delivery Area
4465,KILMOREY FALLS,QLD,,,Delivery Area
4465,MITCHELL,QLD,-26.970,148.060,Delivery Area
4465,MOUNT MOFFATT,QLD,,,Delivery Area
4465,V GATE,QLD,-26.970,148.060,Delivery Area
4465,WOMALILLA,QLD,-26.970,148.060,Delivery Area
4465,WOMBLEBANK,QLD,,,Delivery Area
4467,MUNGALLALA,QLD,-26.450,147.540,Delivery Area
4467,MUNGALLALA SOUTH,QLD,,,Delivery Area
4467,REDFORD,QLD,-26.450,147.540,Delivery Area
4467,TYRCONNEL,QLD,-26.450,147.540,Delivery Area
4468,BOATMAN,QLD,,,Delivery Area
4468,CLARA CREEK,QLD,-26.090,146.830,Delivery Area
4468,MORVEN,QLD,-26.090,146.830,Delivery Area
4470,BAKERS BEND,QLD,-26.650,146.180,Delivery Area
4470,CHARLEVILLE,QLD,-26.650,146.180,Delivery Area
4470,GOWRIE STATION,QLD,-26.650,146.180,Delivery Area
4470,LANGLO,QLD,-26.650,146.180,Delivery Area
4470,MURWEH,QLD,-26.650,146.180,Delivery Area
4470,RIVERSLEIGH,QLD,-26.650,146.180,Delivery Area
4470,SOMMARIVA,QLD,,,Delivery Area
4470,WARD,QLD,,,Delivery Area
4472,BLACKALL,QLD,-24.420,145.470,Delivery Area
4472,MOUNT ENNISKILLEN,QLD,-24.420,145.470,Delivery Area
4474,ADAVALE,QLD,-25.910,144.600,Delivery Area
4477,AUGATHELLA,QLD,-25.790,146.590,Delivery Area
4477,CAROLINE CROSSING,QLD,,,Delivery Area
4477,NIVE,QLD,,,Delivery Area
4477,UPPER WARREGO,QLD,-25.790,146.590,Delivery Area
4478,BAYRICK,QLD,-25.480,146.010,Delivery Area
4478,CALDERVALE,QLD,-25.480,146.010,Delivery Area
4478,LANSDOWNE,QLD,-25.480,146.010,Delivery Area
4478,LUMEAH,QLD,-25.480,146.010,Delivery Area
4478,MACFARLANE,QLD,-25.480,146.010,Delivery Area
4478,MINNIE DOWNS,QLD,-25.480,146.010,Delivery Area
4478,SCRUBBY CREEK,QLD,-25.480,146.010,Delivery Area
4478,TAMBO,QLD,-25.480,146.010,Delivery Area
4478,WINDEYER,QLD,-25.480,146.010,Delivery Area
4478,YANDARLO,QLD,-25.480,146.010,Delivery Area
4479,COOLADDI,QLD,-26.650,145.460,Delivery Area
4480,EROMANGA,QLD,-26.670,143.270,Delivery Area
4480,QUILPIE,QLD,-26.670,143.270,Delivery Area
4481,FARRARS CREEK,QLD,-25.390,141.550,Delivery Area
4481,TANBAR,QLD,-25.390,141.550,Delivery Area
4481,WINDORAH,QLD,-25.390,141.550,Delivery Area
4482,BIRDSVILLE,QLD,-25.900,139.350,Delivery Area
4486,DIRRANBANDI,QLD,-28.590,148.230,Delivery Area
4486,HEBEL,QLD,-28.590,148.230,Delivery Area
4487,BEGONIA,QLD,-27.510,148.320,Delivery Area
4487,ST GEORGE,QLD,-27.510,148.320,Delivery Area
4488,BINDEBANGO,QLD,,,Delivery Area
4488,BOLLON,QLD,-28.030,147.480,Delivery Area
4488,NEBINE,QLD,-28.030,147.480,Delivery Area
4489,WYANDRA,QLD,-27.250,145.980,Delivery Area
4490,BARRINGUN,QLD,-28.840,145.820,Delivery Area
4490,COONGOOLA,QLD,-28.840,145.820,Delivery Area
4490,CUNNAMULLA,QLD,-28.840,145.820,Delivery Area
4490,CUTTABURRA,QLD,-28.840,145.820,Delivery Area
4490,HUMEBURN,QLD,-28.840,145.820,Delivery Area
4490,JOBS GATE,QLD,-28.840,145.820,Delivery Area
4490,LINDEN,QLD,-28.840,145.820,Delivery Area
4490,NOORAMA,QLD,-28.840,145.820,Delivery Area
4490,TUEN,QLD,-28.840,145.820,Delivery Area
4490,WIDGEEGOARA,QLD,-28.840,145.820,Delivery Area
4490,YOWAH,QLD,-28.840,145.820,Delivery Area
4491,EULO,QLD,-28.170,145.040,Delivery Area
4492,BULLOO DOWNS,QLD,-27.780,143.370,Delivery Area
4492,CAMERON CORNER,QLD,,,Delivery Area
4492,DURHAM,QLD,,,Delivery Area
4492,NOCCUNDRA,QLD,,,Delivery Area
4492,THARGOMINDAH,QLD,-27.780,143.370,Delivery Area
4493,HUNGERFORD,QLD,-29.000,144.410,Delivery Area
4494,BUNGUNYA,QLD,-28.420,149.660,Delivery Area
4494,NORTH BUNGUNYA,QLD,-28.420,149.660,Delivery Area
4494,TARAWERA,QLD,-28.420,149.660,Delivery Area
4496,TALWOOD,QLD,-28.440,149.470,Delivery Area
4497,DAYMAR,QLD,-28.600,148.990,Delivery Area
4497,THALLON,QLD,-28.600,148.990,Delivery Area
4497,WEENGALLON,QLD,-28.600,148.990,Delivery Area
4498,KIOMA,QLD,-28.210,149.790,Delivery Area
4498,TOOBEAH,QLD,-28.210,149.790,Delivery Area
4500,BRAY PARK,QLD,-27.290,152.960,Delivery Area
4500,BRENDALE,QLD,-27.290,152.960,Delivery Area
4500,BRENDALE BC,QLD,-27.290,152.960,Delivery Area
4500,BRENDALE DC,QLD,-27.290,152.960,Delivery Area
4500,CASHMERE,QLD,-27.290,152.960,Delivery Area
4500,CLEAR MOUNTAIN,QLD,-27.290,152.960,Delivery Area
4500,JOYNER,QLD,-27.290,152.960,Delivery Area
4500,STRATHPINE,QLD,-27.290,152.960,Delivery Area
4500,STRATHPINE CENTRE,QLD,-27.290,152.960,Delivery Area
4500,WARNER,QLD,-27.290,152.960,Delivery Area
4501,LAWNTON,QLD,-27.280,152.980,Delivery Area
4502,PETRIE,QLD,-27.270,152.980,Delivery Area
4503,DAKABIN,QLD,-27.230,152.980,Delivery Area
4503,GRIFFIN,QLD,-27.230,152.980,Delivery Area
4503,KALLANGUR,QLD,-27.230,152.980,Delivery Area
4503,KURWONGBAH,QLD,-27.230,152.980,Delivery Area
4503,MURRUMBA DOWNS,QLD,-27.230,152.980,Delivery Area
4503,WHITESIDE,QLD,-27.230,152.980,Delivery Area
4504,NARANGBA,QLD,-27.190,152.930,Delivery Area
4505,BURPENGARY,QLD,-27.170,152.950,Delivery Area
4505,BURPENGARY DC,QLD,-27.170,152.950,Delivery Area
4505,BURPENGARY EAST,QLD,,,Delivery Area
4506,MOORINA,QLD,-27.150,152.860,Delivery Area
4506,MORAYFIELD,QLD,-27.150,152.860,Delivery Area
4507,BANKSIA BEACH,QLD,-27.050,153.140,Delivery Area
4507,BELLARA,QLD,-27.050,153.140,Delivery Area
4507,BONGAREE,QLD,-27.050,153.140,Delivery Area
4507,BRIBIE ISLAND,QLD,-27.050,153.140,Delivery Area
4507,BRIBIE ISLAND NORTH,QLD,-27.050,153.140,Delivery Area
4507,WELSBY,QLD,-27.050,153.140,Delivery Area
4507,WHITE PATCH,QLD,-27.050,153.140,Delivery Area
4507,WOORIM,QLD,-27.050,153.140,Delivery Area
4508,DECEPTION BAY,QLD,-27.200,153.030,Delivery Area
4509,MANGO HILL,QLD,-27.230,153.020,Delivery Area
4509,NORTH LAKES,QLD,-27.230,153.020,Delivery Area
4510,BEACHMERE,QLD,-27.130,153.050,Delivery Area
4510,BELLMERE,QLD,-27.130,153.050,Delivery Area
4510,CABOOLTURE,QLD,-27.130,153.050,Delivery Area
4510,CABOOLTURE BC,QLD,-27.130,153.050,Delivery Area
4510,CABOOLTURE SOUTH,QLD,-27.130,153.050,Delivery Area
4510,DONNYBROOK,QLD,-27.130,153.050,Delivery Area
4510,MELDALE,QLD,-27.130,153.050,Delivery Area
4510,MOODLU,QLD,-27.130,153.050,Delivery Area
4510,ROCKSBERG,QLD,-27.130,153.050,Delivery Area
4510,TOORBUL,QLD,-27.130,153.050,Delivery Area
4510,UPPER CABOOLTURE,QLD,-27.130,153.050,Delivery Area
4511,GODWIN BEACH,QLD,-27.080,153.110,Delivery Area
4511,NINGI,QLD,-27.080,153.110,Delivery Area
4511,SANDSTONE POINT,QLD,-27.080,153.110,Delivery Area
4512,BRACALBA,QLD,-27.010,152.840,Delivery Area
4512,WAMURAN,QLD,-27.010,152.840,Delivery Area
4512,WAMURAN BASIN,QLD,-27.010,152.840,Delivery Area
4513,CORYMBIA,QLD,,,Delivery Area
4513,GREENSTONE,QLD,,,Delivery Area
4513,LILYWOOD,QLD,,,Delivery Area
4513,WAGTAIL GROVE,QLD,,,Delivery Area
4513,WARABA,QLD,,,Delivery Area
4514,BELLTHORPE,QLD,-26.850,152.720,Delivery Area
4514,CEDARTON,QLD,-26.850,152.720,Delivery Area
4514,COMMISSIONERS FLAT,QLD,-26.850,152.720,Delivery Area
4514,DELANEYS CREEK,QLD,-26.850,152.720,Delivery Area
4514,MOUNT ARCHER,QLD,-26.850,152.720,Delivery Area
4514,MOUNT DELANEY,QLD,-26.850,152.720,Delivery Area
4514,NEURUM,QLD,-26.850,152.720,Delivery Area
4514,STANMORE,QLD,-26.850,152.720,Delivery Area
4514,STONY CREEK,QLD,-26.850,152.720,Delivery Area
4514,VILLENEUVE,QLD,-26.850,152.720,Delivery Area
4514,WESTVALE,QLD,,,Delivery Area
4514,WOODFORD,QLD,-26.850,152.720,Delivery Area
4515,GLENFERN,QLD,-26.960,152.610,Delivery Area
4515,HAZELDEAN,QLD,-26.960,152.610,Delivery Area
4515,JIMNA,QLD,-26.960,152.610,Delivery Area
4515,KILCOY,QLD,-26.960,152.610,Delivery Area
4515,KINGAHAM,QLD,-26.960,152.610,Delivery Area
4515,MONSILDALE,QLD,-26.960,152.610,Delivery Area
4515,MOUNT KILCOY,QLD,-26.960,152.610,Delivery Area
4515,ROYSTON,QLD,-26.960,152.610,Delivery Area
4515,SANDY CREEK,QLD,-26.960,152.610,Delivery Area
4515,SHEEP STATION CREEK,QLD,-26.960,152.610,Delivery Area
4515,WINYA,QLD,-26.960,152.610,Delivery Area
4515,WOOLMAR,QLD,-26.960,152.610,Delivery Area
4516,ELIMBAH,QLD,-27.020,152.940,Delivery Area
4517,BEERBURRUM,QLD,-26.950,152.960,Delivery Area
4518,GLASS HOUSE MOUNTAINS,QLD,-26.900,152.960,Delivery Area
4519,BEERWAH,QLD,-26.860,152.960,Delivery Area
4519,COOCHIN CREEK,QLD,-26.860,152.960,Delivery Area
4519,CROHAMHURST,QLD,-26.860,152.960,Delivery Area
4519,PEACHESTER,QLD,-26.860,152.960,Delivery Area
4520,ARMSTRONG CREEK,QLD,-27.230,152.800,Delivery Area
4520,CAMP MOUNTAIN,QLD,-27.230,152.800,Delivery Area
4520,CEDAR CREEK,QLD,-27.230,152.800,Delivery Area
4520,CLOSEBURN,QLD,-27.230,152.800,Delivery Area
4520,DRAPER,QLD,-27.230,152.800,Delivery Area
4520,ENOGGERA RESERVOIR,QLD,-27.230,152.800,Delivery Area
4520,HIGHVALE,QLD,-27.230,152.800,Delivery Area
4520,JOLLYS LOOKOUT,QLD,-27.230,152.800,Delivery Area
4520,KOBBLE CREEK,QLD,-27.230,152.800,Delivery Area
4520,MOUNT GLORIOUS,QLD,-27.230,152.800,Delivery Area
4520,MOUNT NEBO,QLD,-27.230,152.800,Delivery Area
4520,MOUNT SAMSON,QLD,-27.230,152.800,Delivery Area
4520,SAMFORD,QLD,-27.230,152.800,Delivery Area
4520,SAMFORD VALLEY,QLD,-27.230,152.800,Delivery Area
4520,SAMFORD VILLAGE,QLD,-27.230,152.800,Delivery Area
4520,SAMSONVALE,QLD,-27.230,152.800,Delivery Area
4520,WIGHTS MOUNTAIN,QLD,-27.230,152.800,Delivery Area
4520,YUGAR,QLD,-27.230,152.800,Delivery Area
4521,CAMPBELLS POCKET,QLD,-27.070,152.810,Delivery Area
4521,DAYBORO,QLD,-27.070,152.810,Delivery Area
4521,KING SCRUB,QLD,-27.070,152.810,Delivery Area
4521,LACEYS CREEK,QLD,-27.070,152.810,Delivery Area
4521,MOUNT MEE,QLD,-27.070,152.810,Delivery Area
4521,MOUNT PLEASANT,QLD,-27.070,152.810,Delivery Area
4521,OCEAN VIEW,QLD,-27.070,152.810,Delivery Area
4521,RUSH CREEK,QLD,-27.070,152.810,Delivery Area
4550,LANDSBOROUGH,QLD,-26.810,152.960,Delivery Area
4550,MOUNT MELLUM,QLD,-26.810,152.960,Delivery Area
4551,AROONA,QLD,-26.780,153.110,Delivery Area
4551,BANYA,QLD,,,Delivery Area
4551,BARINGA,QLD,,,Delivery Area
4551,BATTERY HILL,QLD,-26.780,153.110,Delivery Area
4551,BELLS CREEK,QLD,-26.780,153.110,Delivery Area
4551,CALOUNDRA,QLD,-26.780,153.110,Delivery Area
4551,CALOUNDRA DC,QLD,-26.780,153.110,Delivery Area
4551,CALOUNDRA WEST,QLD,-26.780,153.110,Delivery Area
4551,CORBOULD PARK,QLD,,,Delivery Area
4551,CURRIMUNDI,QLD,-26.780,153.110,Delivery Area
4551,DICKY BEACH,QLD,-26.780,153.110,Delivery Area
4551,GAGALBA,QLD,,,Delivery Area
4551,GOLDEN BEACH,QLD,-26.780,153.110,Delivery Area
4551,KINGS BEACH,QLD,-26.780,153.110,Delivery Area
4551,LITTLE MOUNTAIN,QLD,-26.780,153.110,Delivery Area
4551,MERIDAN PLAINS,QLD,-26.780,153.110,Delivery Area
4551,MOFFAT BEACH,QLD,-26.780,153.110,Delivery Area
4551,NIRIMBA,QLD,,,Delivery Area
4551,PELICAN WATERS,QLD,-26.780,153.110,Delivery Area
4551,SHELLY BEACH,QLD,-26.780,153.110,Delivery Area
4552,BALD KNOB,QLD,-26.780,152.890,Delivery Area
4552,BALMORAL RIDGE,QLD,-26.780,152.890,Delivery Area
4552,BOOROOBIN,QLD,-26.780,152.890,Delivery Area
4552,CAMBROON,QLD,-26.780,152.890,Delivery Area
4552,CONONDALE,QLD,-26.780,152.890,Delivery Area
4552,CRYSTAL WATERS,QLD,-26.780,152.890,Delivery Area
4552,CURRAMORE,QLD,-26.780,152.890,Delivery Area
4552,ELAMAN CREEK,QLD,-26.780,152.890,Delivery Area
4552,MALENY,QLD,-26.780,152.890,Delivery Area
4552,NORTH MALENY,QLD,-26.780,152.890,Delivery Area
4552,REESVILLE,QLD,-26.780,152.890,Delivery Area
4552,WITTA,QLD,-26.780,152.890,Delivery Area
4552,WOOTHA,QLD,-26.780,152.890,Delivery Area
4553,DIAMOND VALLEY,QLD,-26.760,152.930,Delivery Area
4553,GLENVIEW,QLD,-26.760,152.930,Delivery Area
4553,MOOLOOLAH,QLD,-26.760,152.930,Delivery Area
4553,MOOLOOLAH VALLEY,QLD,-26.760,152.930,Delivery Area
4553,PALMVIEW,QLD,-26.760,152.930,Delivery Area
4554,EUDLO,QLD,-26.730,152.960,Delivery Area
4554,ILKLEY,QLD,-26.730,152.960,Delivery Area
4555,CHEVALLUM,QLD,-26.700,152.990,Delivery Area
4555,HUNCHY,QLD,-26.700,152.990,Delivery Area
4555,LANDERS SHOOT,QLD,-26.700,152.990,Delivery Area
4555,PALMWOODS,QLD,-26.700,152.990,Delivery Area
4556,BUDERIM,QLD,-26.690,153.050,Delivery Area
4556,FOREST GLEN,QLD,-26.690,153.050,Delivery Area
4556,KUNDA PARK,QLD,-26.690,153.050,Delivery Area
4556,MONS,QLD,-26.690,153.050,Delivery Area
4556,SIPPY DOWNS,QLD,-26.690,153.050,Delivery Area
4556,TANAWHA,QLD,-26.690,153.050,Delivery Area
4557,MOOLOOLABA,QLD,-26.680,153.120,Delivery Area
4557,MOUNTAIN CREEK,QLD,-26.680,153.120,Delivery Area
4558,COTTON TREE,QLD,-26.660,153.100,Delivery Area
4558,KULUIN,QLD,-26.660,153.100,Delivery Area
4558,MAROOCHYDORE,QLD,-26.660,153.100,Delivery Area
4558,MAROOCHYDORE BC,QLD,-26.660,153.100,Delivery Area
4558,MAROOCHYDORE DC,QLD,-26.660,153.100,Delivery Area
4558,SUNSHINE PLAZA,QLD,-26.660,153.100,Delivery Area
4559,DIDDILLIBAH,QLD,-26.650,153.040,Delivery Area
4559,KIELS MOUNTAIN,QLD,-26.650,153.040,Delivery Area
4559,WEST WOOMBYE,QLD,-26.650,153.040,Delivery Area
4559,WOOMBYE,QLD,-26.650,153.040,Delivery Area
4560,BLI BLI,QLD,-26.620,153.040,Delivery Area
4560,BURNSIDE,QLD,-26.620,153.040,Delivery Area
4560,COES CREEK,QLD,-26.620,153.040,Delivery Area
4560,COOLOOLABIN,QLD,-26.620,153.040,Delivery Area
4560,DULONG,QLD,-26.620,153.040,Delivery Area
4560,FLAXTON,QLD,-26.620,153.040,Delivery Area
4560,HIGHWORTH,QLD,-26.620,153.040,Delivery Area
4560,IMAGE FLAT,QLD,-26.620,153.040,Delivery Area
4560,KIAMBA,QLD,-26.620,153.040,Delivery Area
4560,KULANGOOR,QLD,-26.620,153.040,Delivery Area
4560,KUREELPA,QLD,-26.620,153.040,Delivery Area
4560,MAPLETON,QLD,-26.620,153.040,Delivery Area
4560,MONTVILLE,QLD,-26.620,153.040,Delivery Area
4560,NAMBOUR,QLD,-26.620,153.040,Delivery Area
4560,NAMBOUR BC,QLD,-26.620,153.040,Delivery Area
4560,NAMBOUR DC,QLD,-26.620,153.040,Delivery Area
4560,PARKLANDS,QLD,-26.620,153.040,Delivery Area
4560,PERWILLOWEN,QLD,-26.620,153.040,Delivery Area
4560,ROSEMOUNT,QLD,-26.620,153.040,Delivery Area
4560,SUNSHINE COAST MC,QLD,-26.620,153.040,Delivery Area
4560,TOWEN MOUNTAIN,QLD,-26.620,153.040,Delivery Area
4561,BRIDGES,QLD,-26.530,152.930,Delivery Area
4561,MAROOCHY RIVER,QLD,-26.530,152.930,Delivery Area
4561,NINDERRY,QLD,-26.530,152.930,Delivery Area
4561,NORTH ARM,QLD,-26.530,152.930,Delivery Area
4561,VALDORA,QLD,-26.530,152.930,Delivery Area
4561,YANDINA,QLD,-26.530,152.930,Delivery Area
4561,YANDINA CREEK,QLD,-26.530,152.930,Delivery Area
4562,BELLI PARK,QLD,-26.480,152.800,Delivery Area
4562,DOONAN,QLD,-26.480,152.800,Delivery Area
4562,EERWAH VALE,QLD,-26.480,152.800,Delivery Area
4562,EUMUNDI,QLD,-26.480,152.800,Delivery Area
4562,VERRIERDALE,QLD,-26.480,152.800,Delivery Area
4562,WEYBA DOWNS,QLD,-26.480,152.800,Delivery Area
4563,BLACK MOUNTAIN,QLD,-26.420,152.850,Delivery Area
4563,CARTERS RIDGE,QLD,-26.420,152.850,Delivery Area
4563,COOROY,QLD,-26.420,152.850,Delivery Area
4563,COOROY MOUNTAIN,QLD,-26.420,152.850,Delivery Area
4563,LAKE MACDONALD,QLD,-26.420,152.850,Delivery Area
4563,RIDGEWOOD,QLD,-26.420,152.850,Delivery Area
4563,TINBEERWAH,QLD,-26.420,152.850,Delivery Area
4564,MARCOOLA,QLD,-26.580,153.100,Delivery Area
4564,MUDJIMBA,QLD,-26.580,153.100,Delivery Area
4564,PACIFIC PARADISE,QLD,-26.580,153.100,Delivery Area
4564,TWIN WATERS,QLD,-26.580,153.100,Delivery Area
4565,BOREEN POINT,QLD,-26.290,152.990,Delivery Area
4565,COOROIBAH,QLD,-26.290,152.990,Delivery Area
4565,COOTHARABA,QLD,-26.290,152.990,Delivery Area
4565,NOOSA NORTH SHORE,QLD,-26.290,152.990,Delivery Area
4565,RINGTAIL CREEK,QLD,-26.290,152.990,Delivery Area
4565,TEWANTIN,QLD,-26.290,152.990,Delivery Area
4566,NOOSAVILLE,QLD,-26.400,153.060,Delivery Area
4566,NOOSAVILLE DC,QLD,-26.400,153.060,Delivery Area
4567,CASTAWAYS BEACH,QLD,-26.430,153.110,Delivery Area
4567,NOOSA HEADS,QLD,-26.430,153.110,Delivery Area
4567,SUNRISE BEACH,QLD,-26.430,153.110,Delivery Area
4567,SUNSHINE BEACH,QLD,-26.430,153.110,Delivery Area
4568,FEDERAL,QLD,-26.330,152.860,Delivery Area
4568,PINBARREN,QLD,-26.330,152.860,Delivery Area
4568,POMONA,QLD,-26.330,152.860,Delivery Area
4569,COORAN,QLD,-26.330,152.820,Delivery Area
4570,AMAMOOR,QLD,-26.350,152.670,Delivery Area
4570,AMAMOOR CREEK,QLD,-26.350,152.670,Delivery Area
4570,ANDERLEIGH,QLD,-26.350,152.670,Delivery Area
4570,ARALUEN,QLD,-26.350,152.670,Delivery Area
4570,BANKS POCKET,QLD,-26.350,152.670,Delivery Area
4570,BEENAAM VALLEY,QLD,-26.350,152.670,Delivery Area
4570,BELLA CREEK,QLD,-26.350,152.670,Delivery Area
4570,BELLS BRIDGE,QLD,-26.350,152.670,Delivery Area
4570,BOLLIER,QLD,-26.350,152.670,Delivery Area
4570,BROOLOO,QLD,-26.350,152.670,Delivery Area
4570,CALGOA,QLD,-26.350,152.670,Delivery Area
4570,CALICO CREEK,QLD,-26.350,152.670,Delivery Area
4570,CANINA,QLD,-26.350,152.670,Delivery Area
4570,CEDAR POCKET,QLD,-26.350,152.670,Delivery Area
4570,CHATSWORTH,QLD,-26.350,152.670,Delivery Area
4570,COLES CREEK,QLD,-26.350,152.670,Delivery Area
4570,COONDOO,QLD,-26.350,152.670,Delivery Area
4570,CORELLA,QLD,-26.350,152.670,Delivery Area
4570,CURRA,QLD,-26.350,152.670,Delivery Area
4570,DAGUN,QLD,-26.350,152.670,Delivery Area
4570,DOWNSFIELD,QLD,-26.350,152.670,Delivery Area
4570,EAST DEEP CREEK,QLD,-26.350,152.670,Delivery Area
4570,FISHERMANS POCKET,QLD,-26.350,152.670,Delivery Area
4570,GILLDORA,QLD,-26.350,152.670,Delivery Area
4570,GLANMIRE,QLD,-26.350,152.670,Delivery Area
4570,GLASTONBURY,QLD,-26.350,152.670,Delivery Area
4570,GLEN ECHO,QLD,-26.350,152.670,Delivery Area
4570,GLENWOOD,QLD,-26.350,152.670,Delivery Area
4570,GOOMBOORIAN,QLD,-26.350,152.670,Delivery Area
4570,GREENS CREEK,QLD,-26.350,152.670,Delivery Area
4570,GUNALDA,QLD,-26.350,152.670,Delivery Area
4570,GYMPIE,QLD,-26.350,152.670,Delivery Area
4570,GYMPIE DC,QLD,-26.350,152.670,Delivery Area
4570,IMBIL,QLD,-26.350,152.670,Delivery Area
4570,JONES HILL,QLD,-26.350,152.670,Delivery Area
4570,KANDANGA,QLD,-26.350,152.670,Delivery Area
4570,KANDANGA CREEK,QLD,-26.350,152.670,Delivery Area
4570,KANIGAN,QLD,-26.350,152.670,Delivery Area
4570,KIA ORA,QLD,-26.350,152.670,Delivery Area
4570,KYBONG,QLD,-26.350,152.670,Delivery Area
4570,LAGOON POCKET,QLD,-26.350,152.670,Delivery Area
4570,LAKE BORUMBA,QLD,-26.350,152.670,Delivery Area
4570,LANGSHAW,QLD,-26.350,152.670,Delivery Area
4570,LONG FLAT,QLD,-26.350,152.670,Delivery Area
4570,LOWER WONGA,QLD,-26.350,152.670,Delivery Area
4570,MARODIAN,QLD,-26.350,152.670,Delivery Area
4570,MARYS CREEK,QLD,-26.350,152.670,Delivery Area
4570,MCINTOSH CREEK,QLD,-26.350,152.670,Delivery Area
4570,MELAWONDI,QLD,-26.350,152.670,Delivery Area
4570,MIVA,QLD,-26.350,152.670,Delivery Area
4570,MONKLAND,QLD,-26.350,152.670,Delivery Area
4570,MOOLOO,QLD,-26.350,152.670,Delivery Area
4570,MOTHAR MOUNTAIN,QLD,-26.350,152.670,Delivery Area
4570,MUNNA CREEK,QLD,-26.350,152.670,Delivery Area
4570,NAHRUNDA,QLD,-26.350,152.670,Delivery Area
4570,NEERDIE,QLD,-26.350,152.670,Delivery Area
4570,NEUSA VALE,QLD,-26.350,152.670,Delivery Area
4570,NORTH DEEP CREEK,QLD,-26.350,152.670,Delivery Area
4570,PATERSON,QLD,-26.350,152.670,Delivery Area
4570,PIE CREEK,QLD,-26.350,152.670,Delivery Area
4570,ROSS CREEK,QLD,-26.350,152.670,Delivery Area
4570,SCOTCHY POCKET,QLD,-26.350,152.670,Delivery Area
4570,SCRUBBY CREEK,QLD,-26.350,152.670,Delivery Area
4570,SEXTON,QLD,-26.350,152.670,Delivery Area
4570,SOUTHSIDE,QLD,-26.350,152.670,Delivery Area
4570,TAMAREE,QLD,-26.350,152.670,Delivery Area
4570,TANDUR,QLD,-26.350,152.670,Delivery Area
4570,THE DAWN,QLD,-26.350,152.670,Delivery Area
4570,THE PALMS,QLD,-26.350,152.670,Delivery Area
4570,THEEBINE,QLD,-26.350,152.670,Delivery Area
4570,TOOLARA FOREST,QLD,-26.350,152.670,Delivery Area
4570,TRAVESTON,QLD,-26.350,152.670,Delivery Area
4570,TUCHEKOI,QLD,-26.350,152.670,Delivery Area
4570,TWO MILE,QLD,-26.350,152.670,Delivery Area
4570,UPPER GLASTONBURY,QLD,-26.350,152.670,Delivery Area
4570,UPPER KANDANGA,QLD,-26.350,152.670,Delivery Area
4570,VETERAN,QLD,-26.350,152.670,Delivery Area
4570,VICTORY HEIGHTS,QLD,-26.350,152.670,Delivery Area
4570,WALLU,QLD,-26.350,152.670,Delivery Area
4570,WIDGEE,QLD,-26.350,152.670,Delivery Area
4570,WIDGEE CROSSING NORTH,QLD,-26.350,152.670,Delivery Area
4570,WIDGEE CROSSING SOUTH,QLD,-26.350,152.670,Delivery Area
4570,WILSONS POCKET,QLD,-26.350,152.670,Delivery Area
4570,WOLVI,QLD,-26.350,152.670,Delivery Area
4570,WOOLOOGA,QLD,-26.350,152.670,Delivery Area
4570,WOONDUM,QLD,-26.350,152.670,Delivery Area
4571,COMO,QLD,-26.220,152.930,Delivery Area
4571,KIN KIN,QLD,-26.220,152.930,Delivery Area
4572,ALEXANDRA HEADLAND,QLD,-26.670,153.110,Delivery Area
4573,COOLUM BEACH,QLD,-26.530,153.090,Delivery Area
4573,MARCUS BEACH,QLD,-26.530,153.090,Delivery Area
4573,MOUNT COOLUM,QLD,-26.530,153.090,Delivery Area
4573,PEREGIAN BEACH,QLD,-26.530,153.090,Delivery Area
4573,PEREGIAN SPRINGS,QLD,-26.530,153.090,Delivery Area
4573,POINT ARKWRIGHT,QLD,-26.530,153.090,Delivery Area
4573,YAROOMBA,QLD,-26.530,153.090,Delivery Area
4574,COOLABINE,QLD,-26.600,152.760,Delivery Area
4574,GHEERULLA,QLD,-26.600,152.760,Delivery Area
4574,KENILWORTH,QLD,-26.600,152.760,Delivery Area
4574,KIDAMAN CREEK,QLD,-26.600,152.760,Delivery Area
4574,MOY POCKET,QLD,-26.600,152.760,Delivery Area
4574,OBI OBI,QLD,-26.600,152.760,Delivery Area
4575,BIRTINYA,QLD,-26.750,153.120,Delivery Area
4575,BOKARINA,QLD,-26.750,153.120,Delivery Area
4575,BUDDINA,QLD,-26.750,153.120,Delivery Area
4575,MINYAMA,QLD,-26.750,153.120,Delivery Area
4575,PARREARRA,QLD,-26.750,153.120,Delivery Area
4575,WARANA,QLD,-26.750,153.120,Delivery Area
4575,WURTULLA,QLD,-26.750,153.120,Delivery Area
4580,COOLOOLA,QLD,-26.010,153.060,Delivery Area
4580,COOLOOLA COVE,QLD,-26.010,153.060,Delivery Area
4580,TIN CAN BAY,QLD,-26.010,153.060,Delivery Area
4581,EURONG,QLD,-25.510,153.120,Delivery Area
4581,INSKIP,QLD,-25.510,153.120,Delivery Area
4581,ORCHID BEACH,QLD,-25.510,153.120,Delivery Area
4581,RAINBOW BEACH,QLD,-25.510,153.120,Delivery Area
4600,BLACK SNAKE,QLD,-26.220,152.270,Delivery Area
4600,CINNABAR,QLD,-26.220,152.270,Delivery Area
4600,KILKIVAN,QLD,-26.220,152.270,Delivery Area
4600,MUDLO,QLD,-26.220,152.270,Delivery Area
4600,OAKVIEW,QLD,-26.220,152.270,Delivery Area
4601,BARAMBAH,QLD,-26.330,152.170,Delivery Area
4601,BOONARA,QLD,-26.330,152.170,Delivery Area
4601,BOOUBYJAN,QLD,-26.330,152.170,Delivery Area
4601,GOOMERI,QLD,-26.330,152.170,Delivery Area
4601,GOOMERIBONG,QLD,-26.330,152.170,Delivery Area
4601,KINBOMBI,QLD,-26.330,152.170,Delivery Area
4601,MANUMBAR,QLD,-26.330,152.170,Delivery Area
4601,TANSEY,QLD,-26.330,152.170,Delivery Area
4601,WRATTENS FOREST,QLD,-26.330,152.170,Delivery Area
4605,BARLIL,QLD,-26.200,151.890,Delivery Area
4605,BYEE,QLD,-26.200,151.890,Delivery Area
4605,CHERBOURG,QLD,-26.200,151.890,Delivery Area
4605,CLOYNA,QLD,-26.200,151.890,Delivery Area
4605,COBBS HILL,QLD,-26.200,151.890,Delivery Area
4605,CROWNTHORPE,QLD,-26.200,151.890,Delivery Area
4605,GLENROCK,QLD,-26.200,151.890,Delivery Area
4605,KITOBA,QLD,-26.200,151.890,Delivery Area
4605,MANYUNG,QLD,-26.200,151.890,Delivery Area
4605,MERLWOOD,QLD,-26.200,151.890,Delivery Area
4605,MOFFATDALE,QLD,-26.200,151.890,Delivery Area
4605,MOONDOONER,QLD,-26.200,151.890,Delivery Area
4605,MURGON,QLD,-26.200,151.890,Delivery Area
4605,OAKDALE,QLD,-26.200,151.890,Delivery Area
4605,REDGATE,QLD,-26.200,151.890,Delivery Area
4605,SILVERLEAF,QLD,-26.200,151.890,Delivery Area
4605,SUNNY NOOK,QLD,-26.200,151.890,Delivery Area
4605,TABLELANDS,QLD,-26.200,151.890,Delivery Area
4605,WARNUNG,QLD,-26.200,151.890,Delivery Area
4605,WINDERA,QLD,-26.200,151.890,Delivery Area
4605,WOOROONDEN,QLD,-26.200,151.890,Delivery Area
4606,CHELMSFORD,QLD,-26.250,151.810,Delivery Area
4606,FAIRDALE,QLD,-26.250,151.810,Delivery Area
4606,FICKS CROSSING,QLD,-26.250,151.810,Delivery Area
4606,GREENVIEW,QLD,-26.250,151.810,Delivery Area
4606,LEAFDALE,QLD,-26.250,151.810,Delivery Area
4606,MOUNT MCEUEN,QLD,-26.250,151.810,Delivery Area
4606,MP CREEK,QLD,-26.250,151.810,Delivery Area
4606,WHEATLANDS,QLD,-26.250,151.810,Delivery Area
4606,WONDAI,QLD,-26.250,151.810,Delivery Area
4608,CHARLESTOWN,QLD,-26.370,151.940,Delivery Area
4608,CUSHNIE,QLD,-26.370,151.940,Delivery Area
4608,TINGOORA,QLD,-26.370,151.940,Delivery Area
4608,WILKESDALE,QLD,-26.370,151.940,Delivery Area
4608,WOOROOLIN,QLD,-26.370,151.940,Delivery Area
4610,ALICE CREEK,QLD,-26.760,151.630,Delivery Area
4610,BALLOGIE,QLD,-26.760,151.630,Delivery Area
4610,BENAIR,QLD,-26.760,151.630,Delivery Area
4610,BOOIE,QLD,-26.760,151.630,Delivery Area
4610,BOYNESIDE,QLD,-26.760,151.630,Delivery Area
4610,CHAHPINGAH,QLD,-26.760,151.630,Delivery Area
4610,COOLABUNIA,QLD,-26.760,151.630,Delivery Area
4610,CORNDALE,QLD,-26.760,151.630,Delivery Area
4610,CRAWFORD,QLD,-26.760,151.630,Delivery Area
4610,DANGORE,QLD,-26.760,151.630,Delivery Area
4610,DURONG,QLD,-26.760,151.630,Delivery Area
4610,ELLESMERE,QLD,-26.760,151.630,Delivery Area
4610,GOODGER,QLD,-26.760,151.630,Delivery Area
4610,GORDONBROOK,QLD,-26.760,151.630,Delivery Area
4610,HALY CREEK,QLD,-26.760,151.630,Delivery Area
4610,HODGLEIGH,QLD,-26.760,151.630,Delivery Area
4610,INVERLAW,QLD,-26.760,151.630,Delivery Area
4610,IRONPOT,QLD,-26.760,151.630,Delivery Area
4610,KINGAROY,QLD,-26.760,151.630,Delivery Area
4610,KINGAROY DC,QLD,-26.760,151.630,Delivery Area
4610,KUMBIA,QLD,-26.760,151.630,Delivery Area
4610,MANNUEM,QLD,-26.760,151.630,Delivery Area
4610,MEMERAMBI,QLD,-26.760,151.630,Delivery Area
4610,TAABINGA,QLD,-26.760,151.630,Delivery Area
4610,WATTLE GROVE,QLD,-26.760,151.630,Delivery Area
4611,MARSHLANDS,QLD,-26.160,151.750,Delivery Area
4611,MONDURE,QLD,-26.160,151.750,Delivery Area
4612,HIVESVILLE,QLD,-26.180,151.690,Delivery Area
4612,KAWL KAWL,QLD,-26.180,151.690,Delivery Area
4612,KEYSLAND,QLD,-26.180,151.690,Delivery Area
4612,STONELANDS,QLD,-26.180,151.690,Delivery Area
4612,WIGTON,QLD,-26.180,151.690,Delivery Area
4613,ABBEYWOOD,QLD,-26.110,151.630,Delivery Area
4613,BOONDOOMA,QLD,-26.110,151.630,Delivery Area
4613,BRIGOODA,QLD,-26.110,151.630,Delivery Area
4613,COVERTY,QLD,-26.110,151.630,Delivery Area
4613,KINLEYMORE,QLD,-26.110,151.630,Delivery Area
4613,MELROSE,QLD,-26.110,151.630,Delivery Area
4613,OKEDEN,QLD,-26.110,151.630,Delivery Area
4613,PROSTON,QLD,-26.110,151.630,Delivery Area
4613,SPEEDWELL,QLD,-26.110,151.630,Delivery Area
4613,STALWORTH,QLD,-26.110,151.630,Delivery Area
4614,NEUMGNA,QLD,-26.820,151.900,Delivery Area
4614,UPPER YARRAMAN,QLD,-26.820,151.900,Delivery Area
4614,YARRAMAN,QLD,-26.820,151.900,Delivery Area
4615,BARKER CREEK FLAT,QLD,-26.650,151.950,Delivery Area
4615,BROOKLANDS,QLD,-26.650,151.950,Delivery Area
4615,BULLCAMP,QLD,-26.650,151.950,Delivery Area
4615,EAST NANANGO,QLD,-26.650,151.950,Delivery Area
4615,ELGIN VALE,QLD,-26.650,151.950,Delivery Area
4615,GLAN DEVON,QLD,-26.650,151.950,Delivery Area
4615,JOHNSTOWN,QLD,-26.650,151.950,Delivery Area
4615,KUNIOON,QLD,-26.650,151.950,Delivery Area
4615,MAIDENWELL,QLD,-26.650,151.950,Delivery Area
4615,NANANGO,QLD,-26.650,151.950,Delivery Area
4615,PIMPIMBUDGEE,QLD,-26.650,151.950,Delivery Area
4615,RUNNYMEDE,QLD,-26.650,151.950,Delivery Area
4615,SANDY RIDGES,QLD,-26.650,151.950,Delivery Area
4615,SOUTH EAST NANANGO,QLD,-26.650,151.950,Delivery Area
4615,SOUTH NANANGO,QLD,-26.650,151.950,Delivery Area
4615,TARONG,QLD,-26.650,151.950,Delivery Area
4615,WATTLE CAMP,QLD,-26.650,151.950,Delivery Area
4615,WENGENVILLE,QLD,-26.650,151.950,Delivery Area
4615,WYALLA,QLD,-26.650,151.950,Delivery Area
4620,ARAMARA,QLD,-25.610,152.330,Delivery Area
4620,BROOWEENA,QLD,-25.610,152.330,Delivery Area
4620,DOONGUL,QLD,-25.610,152.330,Delivery Area
4620,GIGOOMGAN,QLD,-25.610,152.330,Delivery Area
4620,GLENBAR,QLD,-25.610,152.330,Delivery Area
4620,GUNGALOON,QLD,-25.610,152.330,Delivery Area
4620,MALARGA,QLD,-25.610,152.330,Delivery Area
4620,NORTH ARAMARA,QLD,-25.610,152.330,Delivery Area
4620,TEEBAR,QLD,-25.610,152.330,Delivery Area
4620,WOOCOO,QLD,-25.610,152.330,Delivery Area
4621,BIGGENDEN,QLD,-25.510,152.050,Delivery Area
4621,BOOMPA,QLD,-25.510,152.050,Delivery Area
4621,COALSTOUN LAKES,QLD,-25.510,152.050,Delivery Area
4621,CORINGA,QLD,-25.510,152.050,Delivery Area
4621,DALLARNIL,QLD,-25.510,152.050,Delivery Area
4621,DEGILBO,QLD,-25.510,152.050,Delivery Area
4621,DIDCOT,QLD,-25.510,152.050,Delivery Area
4621,GOLDEN FLEECE,QLD,-25.510,152.050,Delivery Area
4621,LAKESIDE,QLD,-25.510,152.050,Delivery Area
4621,WATERANGA,QLD,-25.510,152.050,Delivery Area
4621,WOOWOONGA,QLD,-25.510,152.050,Delivery Area
4625,ARANBANGA,QLD,-25.810,151.670,Delivery Area
4625,BAN BAN,QLD,-25.810,151.670,Delivery Area
4625,BAN BAN SPRINGS,QLD,-25.810,151.670,Delivery Area
4625,BARLYNE,QLD,-25.810,151.670,Delivery Area
4625,BINJOUR,QLD,-25.810,151.670,Delivery Area
4625,BLAIRMORE,QLD,-25.810,151.670,Delivery Area
4625,BON ACCORD,QLD,-25.810,151.670,Delivery Area
4625,BRANCH CREEK,QLD,-25.810,151.670,Delivery Area
4625,BYRNESTOWN,QLD,-25.810,151.670,Delivery Area
4625,CAMPBELL CREEK,QLD,-25.810,151.670,Delivery Area
4625,DEEP CREEK,QLD,-25.810,151.670,Delivery Area
4625,DIRNBIR,QLD,-25.810,151.670,Delivery Area
4625,DUNDARRAH,QLD,-25.810,151.670,Delivery Area
4625,GAYNDAH,QLD,-25.810,151.670,Delivery Area
4625,GINOONDAN,QLD,-25.810,151.670,Delivery Area
4625,GOOROOLBA,QLD,-25.810,151.670,Delivery Area
4625,HARRIET,QLD,-25.810,151.670,Delivery Area
4625,HUMPHERY,QLD,-25.810,151.670,Delivery Area
4625,IDERAWAY,QLD,-25.810,151.670,Delivery Area
4625,MINGO,QLD,-25.810,151.670,Delivery Area
4625,MOUNT DEBATEABLE,QLD,-25.810,151.670,Delivery Area
4625,MOUNT LAWLESS,QLD,-25.810,151.670,Delivery Area
4625,MOUNT STEADMAN,QLD,-25.810,151.670,Delivery Area
4625,PENWHAUPELL,QLD,-25.810,151.670,Delivery Area
4625,PILE GULLY,QLD,-25.810,151.670,Delivery Area
4625,REIDS CREEK,QLD,-25.810,151.670,Delivery Area
4625,STOCKHAVEN,QLD,-25.810,151.670,Delivery Area
4625,THE LIMITS,QLD,-25.810,151.670,Delivery Area
4625,TOONDAHRA,QLD,-25.810,151.670,Delivery Area
4625,WAHOON,QLD,-25.810,151.670,Delivery Area
4625,WETHERON,QLD,-25.810,151.670,Delivery Area
4625,WILSON VALLEY,QLD,-25.810,151.670,Delivery Area
4625,WOODMILLAR,QLD,-25.810,151.670,Delivery Area
4625,YENDA,QLD,-25.810,151.670,Delivery Area
4626,BEERON,QLD,-25.810,151.210,Delivery Area
4626,BOYNEWOOD,QLD,-25.810,151.210,Delivery Area
4626,BROVINIA,QLD,-25.810,151.210,Delivery Area
4626,CATTLE CREEK,QLD,-25.810,151.210,Delivery Area
4626,COONAMBULA,QLD,-25.810,151.210,Delivery Area
4626,DERRI DERRA,QLD,-25.810,151.210,Delivery Area
4626,DYKEHEAD,QLD,-25.810,151.210,Delivery Area
4626,GLENRAE,QLD,-25.810,151.210,Delivery Area
4626,GURGEENA,QLD,-25.810,151.210,Delivery Area
4626,HAWKWOOD,QLD,-25.810,151.210,Delivery Area
4626,MONOGORILBY,QLD,-25.810,151.210,Delivery Area
4626,MUNDOWRAN,QLD,-25.810,151.210,Delivery Area
4626,MUNDUBBERA,QLD,-25.810,151.210,Delivery Area
4626,OLD COORANGA,QLD,-25.810,151.210,Delivery Area
4626,PHILPOTT,QLD,-25.810,151.210,Delivery Area
4626,RIVERLEIGH,QLD,-25.810,151.210,Delivery Area
4627,ABERCORN,QLD,-25.140,151.130,Delivery Area
4627,CERATODUS,QLD,-25.140,151.130,Delivery Area
4627,CHELTENHAM,QLD,-25.140,151.130,Delivery Area
4627,CYNTHIA,QLD,-25.140,151.130,Delivery Area
4627,EIDSVOLD,QLD,-25.140,151.130,Delivery Area
4627,EIDSVOLD EAST,QLD,-25.140,151.130,Delivery Area
4627,EIDSVOLD WEST,QLD,-25.140,151.130,Delivery Area
4627,GROSVENOR,QLD,-25.140,151.130,Delivery Area
4627,MALMOE,QLD,-25.140,151.130,Delivery Area
4627,WURUMA DAM,QLD,-25.140,151.130,Delivery Area
4630,BANCROFT,QLD,-24.790,151.230,Delivery Area
4630,BUKALI,QLD,-24.790,151.230,Delivery Area
4630,CANIA,QLD,-24.790,151.230,Delivery Area
4630,CANNINDAH,QLD,-24.790,151.230,Delivery Area
4630,COOMINGLAH,QLD,-24.790,151.230,Delivery Area
4630,COOMINGLAH FOREST,QLD,-24.790,151.230,Delivery Area
4630,DALGA,QLD,-24.790,151.230,Delivery Area
4630,GLENLEIGH,QLD,-24.790,151.230,Delivery Area
4630,HARRAMI,QLD,-24.790,151.230,Delivery Area
4630,KALPOWAR,QLD,-24.790,151.230,Delivery Area
4630,KAPALDO,QLD,-24.790,151.230,Delivery Area
4630,LANGLEY,QLD,-24.790,151.230,Delivery Area
4630,MONAL,QLD,-24.790,151.230,Delivery Area
4630,MONTO,QLD,-24.790,151.230,Delivery Area
4630,MOONFORD,QLD,-24.790,151.230,Delivery Area
4630,MULGILDIE,QLD,-24.790,151.230,Delivery Area
4630,MUNGUNGO,QLD,-24.790,151.230,Delivery Area
4630,RAWBELLE,QLD,-24.790,151.230,Delivery Area
4630,SELENE,QLD,-24.790,151.230,Delivery Area
4630,SPLINTER CREEK,QLD,-24.790,151.230,Delivery Area
4630,TELLEBANG,QLD,-24.790,151.230,Delivery Area
4630,THREE MOON,QLD,-24.790,151.230,Delivery Area
4630,VENTNOR,QLD,-24.790,151.230,Delivery Area
4630,YARROL,QLD,-24.790,151.230,Delivery Area
4650,ALDERSHOT,QLD,-25.470,152.660,Delivery Area
4650,ANTIGUA,QLD,-25.470,152.660,Delivery Area
4650,BAUPLE,QLD,-25.470,152.660,Delivery Area
4650,BAUPLE FOREST,QLD,-25.470,152.660,Delivery Area
4650,BEAVER ROCK,QLD,-25.470,152.660,Delivery Area
4650,BIDWILL,QLD,-25.470,152.660,Delivery Area
4650,BOONOOROO,QLD,-25.470,152.660,Delivery Area
4650,BOONOOROO PLAINS,QLD,-25.470,152.660,Delivery Area
4650,DUCKINWILLA,QLD,-25.470,152.660,Delivery Area
4650,DUNDATHU,QLD,-25.470,152.660,Delivery Area
4650,DUNMORA,QLD,-25.470,152.660,Delivery Area
4650,FERNEY,QLD,-25.470,152.660,Delivery Area
4650,GLENORCHY,QLD,-25.470,152.660,Delivery Area
4650,GOOTCHIE,QLD,-25.470,152.660,Delivery Area
4650,GRAHAMS CREEK,QLD,-25.470,152.660,Delivery Area
4650,GRANVILLE,QLD,-25.470,152.660,Delivery Area
4650,GUNDIAH,QLD,-25.470,152.660,Delivery Area
4650,ISLAND PLANTATION,QLD,-25.470,152.660,Delivery Area
4650,MAAROOM,QLD,-25.470,152.660,Delivery Area
4650,MAGNOLIA,QLD,-25.470,152.660,Delivery Area
4650,MARYBOROUGH,QLD,-25.470,152.660,Delivery Area
4650,MARYBOROUGH DC,QLD,-25.470,152.660,Delivery Area
4650,MARYBOROUGH WEST,QLD,-25.470,152.660,Delivery Area
4650,MOUNT URAH,QLD,-25.470,152.660,Delivery Area
4650,MUNGAR,QLD,-25.470,152.660,Delivery Area
4650,NETHERBY,QLD,-25.470,152.660,Delivery Area
4650,OAKHURST,QLD,-25.470,152.660,Delivery Area
4650,OWANYILLA,QLD,-25.470,152.660,Delivery Area
4650,PALLAS STREET MARYBOROUGH,QLD,-25.470,152.660,Delivery Area
4650,PILERWA,QLD,-25.470,152.660,Delivery Area
4650,PIONEERS REST,QLD,-25.470,152.660,Delivery Area
4650,POONA,QLD,-25.470,152.660,Delivery Area
4650,PRAWLE,QLD,-25.470,152.660,Delivery Area
4650,ST HELENS,QLD,-25.470,152.660,Delivery Area
4650,ST MARY,QLD,-25.470,152.660,Delivery Area
4650,TALEGALLA WEIR,QLD,-25.470,152.660,Delivery Area
4650,TANDORA,QLD,-25.470,152.660,Delivery Area
4650,TEDDINGTON,QLD,-25.470,152.660,Delivery Area
4650,THE DIMONDS,QLD,-25.470,152.660,Delivery Area
4650,THINOOMBA,QLD,-25.470,152.660,Delivery Area
4650,TIARO,QLD,-25.470,152.660,Delivery Area
4650,TINANA,QLD,-25.470,152.660,Delivery Area
4650,TINANA SOUTH,QLD,-25.470,152.660,Delivery Area
4650,TINNANBAR,QLD,-25.470,152.660,Delivery Area
4650,TUAN,QLD,-25.470,152.660,Delivery Area
4650,TUAN FOREST,QLD,-25.470,152.660,Delivery Area
4650,WALKERS POINT,QLD,-25.470,152.660,Delivery Area
4650,YENGARIE,QLD,-25.470,152.660,Delivery Area
4650,YERRA,QLD,-25.470,152.660,Delivery Area
4655,BOORAL,QLD,-25.350,152.890,Delivery Area
4655,BUNYA CREEK,QLD,-25.350,152.890,Delivery Area
4655,CRAIGNISH,QLD,-25.350,152.890,Delivery Area
4655,DUNDOWRAN,QLD,-25.350,152.890,Delivery Area
4655,DUNDOWRAN BEACH,QLD,-25.350,152.890,Delivery Area
4655,ELI WATERS,QLD,-25.350,152.890,Delivery Area
4655,GREAT SANDY STRAIT,QLD,-25.350,152.890,Delivery Area
4655,HERVEY BAY,QLD,-25.350,152.890,Delivery Area
4655,HERVEY BAY DC,QLD,-25.350,152.890,Delivery Area
4655,KAWUNGAN,QLD,-25.350,152.890,Delivery Area
4655,KINGFISHER BAY RESORT,QLD,-25.350,152.890,Delivery Area
4655,NIKENBAH,QLD,-25.350,152.890,Delivery Area
4655,PIALBA,QLD,-25.350,152.890,Delivery Area
4655,POINT VERNON,QLD,-25.350,152.890,Delivery Area
4655,RIVER HEADS,QLD,-25.350,152.890,Delivery Area
4655,SCARNESS,QLD,-25.350,152.890,Delivery Area
4655,SUNSHINE ACRES,QLD,-25.350,152.890,Delivery Area
4655,SUSAN RIVER,QLD,-25.350,152.890,Delivery Area
4655,TAKURA,QLD,-25.350,152.890,Delivery Area
4655,TOOGOOM,QLD,-25.350,152.890,Delivery Area
4655,TORQUAY,QLD,-25.350,152.890,Delivery Area
4655,URANGAN,QLD,-25.350,152.890,Delivery Area
4655,URRAWEEN,QLD,-25.350,152.890,Delivery Area
4655,WALLIEBUM,QLD,-25.350,152.890,Delivery Area
4655,WALLIGAN,QLD,-25.350,152.890,Delivery Area
4655,WONDUNNA,QLD,-25.350,152.890,Delivery Area
4659,BEELBI CREEK,QLD,-25.290,152.630,Delivery Area
4659,BURGOWAN,QLD,-25.290,152.630,Delivery Area
4659,BURRUM HEADS,QLD,-25.290,152.630,Delivery Area
4659,BURRUM RIVER,QLD,-25.290,152.630,Delivery Area
4659,BURRUM TOWN,QLD,-25.290,152.630,Delivery Area
4659,HOWARD,QLD,-25.290,152.630,Delivery Area
4659,PACIFIC HAVEN,QLD,-25.290,152.630,Delivery Area
4660,ABINGTON,QLD,-25.200,152.330,Delivery Area
4660,APPLE TREE CREEK,QLD,-25.200,152.330,Delivery Area
4660,BUXTON,QLD,-25.200,152.330,Delivery Area
4660,CHERWELL,QLD,-25.200,152.330,Delivery Area
4660,CHILDERS,QLD,-25.200,152.330,Delivery Area
4660,CORDALBA,QLD,-25.200,152.330,Delivery Area
4660,DOOLBI,QLD,-25.200,152.330,Delivery Area
4660,EUREKA,QLD,-25.200,152.330,Delivery Area
4660,FARNSFIELD,QLD,-25.200,152.330,Delivery Area
4660,GOODWOOD,QLD,-25.200,152.330,Delivery Area
4660,GREGORY RIVER,QLD,-25.200,152.330,Delivery Area
4660,HORTON,QLD,-25.200,152.330,Delivery Area
4660,ISIS CENTRAL,QLD,-25.200,152.330,Delivery Area
4660,ISIS RIVER,QLD,-25.200,152.330,Delivery Area
4660,KULLOGUM,QLD,-25.200,152.330,Delivery Area
4660,NORTH GREGORY,QLD,-25.200,152.330,Delivery Area
4660,NORTH ISIS,QLD,-25.200,152.330,Delivery Area
4660,PROMISEDLAND,QLD,-25.200,152.330,Delivery Area
4660,REDRIDGE,QLD,-25.200,152.330,Delivery Area
4660,SOUTH ISIS,QLD,-25.200,152.330,Delivery Area
4660,WOODGATE,QLD,-25.200,152.330,Delivery Area
4662,TORBANLEA,QLD,-25.350,152.600,Delivery Area
4670,ABBOTSFORD,QLD,-24.840,152.020,Delivery Area
4670,ALLOWAY,QLD,-24.840,152.020,Delivery Area
4670,ASHFIELD,QLD,-24.840,152.020,Delivery Area
4670,AVENELL HEIGHTS,QLD,-24.840,152.020,Delivery Area
4670,AVOCA,QLD,-24.840,152.020,Delivery Area
4670,AVONDALE,QLD,-24.840,152.020,Delivery Area
4670,BARGARA,QLD,-24.840,152.020,Delivery Area
4670,BRANYAN,QLD,-24.840,152.020,Delivery Area
4670,BUCCA,QLD,-24.840,152.020,Delivery Area
4670,BUNDABERG,QLD,-24.840,152.020,Delivery Area
4670,BUNDABERG CENTRAL,QLD,-24.840,152.020,Delivery Area
4670,BUNDABERG DC,QLD,-24.840,152.020,Delivery Area
4670,BUNDABERG EAST,QLD,-24.840,152.020,Delivery Area
4670,BUNDABERG NORTH,QLD,-24.840,152.020,Delivery Area
4670,BUNDABERG SOUTH,QLD,-24.840,152.020,Delivery Area
4670,BUNDABERG WEST,QLD,-24.840,152.020,Delivery Area
4670,BURNETT HEADS,QLD,-24.840,152.020,Delivery Area
4670,CALAVOS,QLD,-24.840,152.020,Delivery Area
4670,COONARR,QLD,-24.840,152.020,Delivery Area
4670,CORAL COVE,QLD,-24.840,152.020,Delivery Area
4670,ELECTRA,QLD,-24.840,152.020,Delivery Area
4670,ELLIOTT,QLD,-24.840,152.020,Delivery Area
4670,ELLIOTT HEADS,QLD,-24.840,152.020,Delivery Area
4670,FAIRYMEAD,QLD,-24.840,152.020,Delivery Area
4670,GIVELDA,QLD,-24.840,152.020,Delivery Area
4670,GOOBURRUM,QLD,-24.840,152.020,Delivery Area
4670,INNES PARK,QLD,-24.840,152.020,Delivery Area
4670,KALKIE,QLD,-24.840,152.020,Delivery Area
4670,KENSINGTON,QLD,-24.840,152.020,Delivery Area
4670,KEPNOCK,QLD,-24.840,152.020,Delivery Area
4670,KINKUNA,QLD,-24.840,152.020,Delivery Area
4670,MEADOWVALE,QLD,-24.840,152.020,Delivery Area
4670,MILLBANK,QLD,-24.840,152.020,Delivery Area
4670,MON REPOS,QLD,-24.840,152.020,Delivery Area
4670,MOORE PARK BEACH,QLD,-24.840,152.020,Delivery Area
4670,MOORLAND,QLD,-24.840,152.020,Delivery Area
4670,MULLETT CREEK,QLD,-24.840,152.020,Delivery Area
4670,NORVILLE,QLD,-24.840,152.020,Delivery Area
4670,OAKWOOD,QLD,-24.840,152.020,Delivery Area
4670,PINE CREEK,QLD,-24.840,152.020,Delivery Area
4670,QUNABA,QLD,-24.840,152.020,Delivery Area
4670,RUBYANNA,QLD,-24.840,152.020,Delivery Area
4670,SHARON,QLD,-24.840,152.020,Delivery Area
4670,SOUTH BINGERA,QLD,-24.840,152.020,Delivery Area
4670,SOUTH KOLAN,QLD,-24.840,152.020,Delivery Area
4670,SVENSSON HEIGHTS,QLD,-24.840,152.020,Delivery Area
4670,THABEBAN,QLD,-24.840,152.020,Delivery Area
4670,WALKERVALE,QLD,-24.840,152.020,Delivery Area
4670,WATALGAN,QLD,-24.840,152.020,Delivery Area
4670,WELCOME CREEK,QLD,-24.840,152.020,Delivery Area
4670,WINDERMERE,QLD,-24.840,152.020,Delivery Area
4670,WINFIELD,QLD,-24.840,152.020,Delivery Area
4670,WOONGARRA,QLD,-24.840,152.020,Delivery Area
4671,BOOLBOONDA,QLD,-25.080,151.680,Delivery Area
4671,BOOYAL,QLD,-25.080,151.680,Delivery Area
4671,BULLYARD,QLD,-25.080,151.680,Delivery Area
4671,BUNGADOO,QLD,-25.080,151.680,Delivery Area
4671,DALYSFORD,QLD,-25.080,151.680,Delivery Area
4671,DAMASCUS,QLD,-25.080,151.680,Delivery Area
4671,DELAN,QLD,-25.080,151.680,Delivery Area
4671,DOUGHBOY,QLD,-25.080,151.680,Delivery Area
4671,DRINAN,QLD,-25.080,151.680,Delivery Area
4671,DUINGAL,QLD,-25.080,151.680,Delivery Area
4671,GAETA,QLD,-25.080,151.680,Delivery Area
4671,GIN GIN,QLD,-25.080,151.680,Delivery Area
4671,GOOD NIGHT,QLD,-25.080,151.680,Delivery Area
4671,HORSE CAMP,QLD,-25.080,151.680,Delivery Area
4671,KOLONGA,QLD,-25.080,151.680,Delivery Area
4671,LAKE MONDURAN,QLD,-25.080,151.680,Delivery Area
4671,MAROONDAN,QLD,-25.080,151.680,Delivery Area
4671,MCILWRAITH,QLD,-25.080,151.680,Delivery Area
4671,MOLANGUL,QLD,-25.080,151.680,Delivery Area
4671,MONDURAN,QLD,-25.080,151.680,Delivery Area
4671,MOOLBOOLAMAN,QLD,-25.080,151.680,Delivery Area
4671,MORGANVILLE,QLD,-25.080,151.680,Delivery Area
4671,MOUNT PERRY,QLD,-25.080,151.680,Delivery Area
4671,MUNGY,QLD,-25.080,151.680,Delivery Area
4671,NEARUM,QLD,-25.080,151.680,Delivery Area
4671,NEW MOONTA,QLD,-25.080,151.680,Delivery Area
4671,REDHILL FARMS,QLD,-25.080,151.680,Delivery Area
4671,SKYRING RESERVE,QLD,-25.080,151.680,Delivery Area
4671,ST AGNES,QLD,-25.080,151.680,Delivery Area
4671,ST KILDA,QLD,-25.080,151.680,Delivery Area
4671,TAKILBERAN,QLD,-25.080,151.680,Delivery Area
4671,TIRROAN,QLD,-25.080,151.680,Delivery Area
4671,WALLAVILLE,QLD,-25.080,151.680,Delivery Area
4671,WONBAH,QLD,-25.080,151.680,Delivery Area
4671,WONBAH FOREST,QLD,-25.080,151.680,Delivery Area
4673,MIARA,QLD,-24.690,152.170,Delivery Area
4673,WATERLOO,QLD,-24.690,152.170,Delivery Area
4673,YANDARAN,QLD,-24.690,152.170,Delivery Area
4674,BAFFLE CREEK,QLD,-24.470,151.950,Delivery Area
4674,BERAJONDO,QLD,-24.470,151.950,Delivery Area
4674,DEEPWATER,QLD,-24.470,151.950,Delivery Area
4674,EULEILAH,QLD,-24.470,151.950,Delivery Area
4674,MOUNT MARIA,QLD,-24.470,151.950,Delivery Area
4674,OYSTER CREEK,QLD,-24.470,151.950,Delivery Area
4674,ROSEDALE,QLD,-24.470,151.950,Delivery Area
4674,RULES BEACH,QLD,-24.470,151.950,Delivery Area
4674,TAUNTON,QLD,-24.470,151.950,Delivery Area
4676,GINDORAN,QLD,-24.630,151.590,Delivery Area
4676,LOWMEAD,QLD,-24.630,151.590,Delivery Area
4677,AGNES WATER,QLD,-24.210,151.900,Delivery Area
4677,CAPTAIN CREEK,QLD,-24.210,151.900,Delivery Area
4677,COLOSSEUM,QLD,-24.210,151.900,Delivery Area
4677,EURIMBULA,QLD,-24.210,151.900,Delivery Area
4677,MIRIAM VALE,QLD,-24.210,151.900,Delivery Area
4677,MOUNT TOM,QLD,-24.210,151.900,Delivery Area
4677,ROUND HILL,QLD,-24.210,151.900,Delivery Area
4677,SEVENTEEN SEVENTY,QLD,-24.210,151.900,Delivery Area
4678,BOROREN,QLD,-24.240,151.500,Delivery Area
4678,FORESHORES,QLD,-24.240,151.500,Delivery Area
4678,RODDS BAY,QLD,-24.240,151.500,Delivery Area
4678,TURKEY BEACH,QLD,-24.240,151.500,Delivery Area
4680,BARNEY POINT,QLD,-23.860,151.270,Delivery Area
4680,BEECHER,QLD,-23.860,151.270,Delivery Area
4680,BENARABY,QLD,-23.860,151.270,Delivery Area
4680,BOYNE ISLAND,QLD,-23.860,151.270,Delivery Area
4680,BOYNE VALLEY,QLD,-23.860,151.270,Delivery Area
4680,BOYNEDALE,QLD,-23.860,151.270,Delivery Area
4680,BURUA,QLD,-23.860,151.270,Delivery Area
4680,BYELLEE,QLD,-23.860,151.270,Delivery Area
4680,CALLEMONDAH,QLD,-23.860,151.270,Delivery Area
4680,CALLIOPE,QLD,-23.860,151.270,Delivery Area
4680,CLINTON,QLD,-23.860,151.270,Delivery Area
4680,CURTIS ISLAND,QLD,-23.860,151.270,Delivery Area
4680,DIGLUM,QLD,-23.860,151.270,Delivery Area
4680,GLADSTONE,QLD,-23.860,151.270,Delivery Area
4680,GLADSTONE CENTRAL,QLD,,,Delivery Area
4680,GLADSTONE DC,QLD,-23.860,151.270,Delivery Area
4680,GLADSTONE HARBOUR,QLD,,,Delivery Area
4680,GLEN EDEN,QLD,-23.860,151.270,Delivery Area
4680,HERON ISLAND,QLD,-23.860,151.270,Delivery Area
4680,IVERAGH,QLD,-23.860,151.270,Delivery Area
4680,KIN KORA,QLD,-23.860,151.270,Delivery Area
4680,KIRKWOOD,QLD,-23.860,151.270,Delivery Area
4680,MOUNT ALMA,QLD,-23.860,151.270,Delivery Area
4680,NEW AUCKLAND,QLD,-23.860,151.270,Delivery Area
4680,RIVER RANCH,QLD,-23.860,151.270,Delivery Area
4680,SOUTH END,QLD,-23.860,151.270,Delivery Area
4680,SOUTH GLADSTONE,QLD,-23.860,151.270,Delivery Area
4680,SOUTH TREES,QLD,-23.860,151.270,Delivery Area
4680,SUN VALLEY,QLD,-23.860,151.270,Delivery Area
4680,TABLELANDS,QLD,-23.860,151.270,Delivery Area
4680,TANNUM SANDS,QLD,-23.860,151.270,Delivery Area
4680,TARAGOOLA,QLD,-23.860,151.270,Delivery Area
4680,TELINA,QLD,-23.860,151.270,Delivery Area
4680,TOOLOOA,QLD,-23.860,151.270,Delivery Area
4680,UBOBO,QLD,-23.860,151.270,Delivery Area
4680,WEST GLADSTONE,QLD,-23.860,151.270,Delivery Area
4680,WEST STOWE,QLD,-23.860,151.270,Delivery Area
4680,WOODERSON,QLD,-23.860,151.270,Delivery Area
4680,WURDONG HEIGHTS,QLD,-23.860,151.270,Delivery Area
4694,ALDOGA,QLD,-23.840,151.070,Delivery Area
4694,TARGINNIE,QLD,,,Delivery Area
4694,YARWUN,QLD,-23.840,151.070,Delivery Area
4695,AMBROSE,QLD,-23.790,150.930,Delivery Area
4695,BRACEWELL,QLD,-23.790,150.930,Delivery Area
4695,DARTS CREEK,QLD,-23.790,150.930,Delivery Area
4695,EAST END,QLD,-23.790,150.930,Delivery Area
4695,MACHINE CREEK,QLD,-23.790,150.930,Delivery Area
4695,MOUNT LARCOM,QLD,-23.790,150.930,Delivery Area
4695,THE NARROWS,QLD,-23.790,150.930,Delivery Area
4697,RAGLAN,QLD,-23.720,150.820,Delivery Area
4699,BAJOOL,QLD,-23.650,150.640,Delivery Area
4699,PORT ALMA,QLD,-23.650,150.640,Delivery Area
4700,ALLENSTOWN,QLD,-23.390,150.500,Delivery Area
4700,DEPOT HILL,QLD,-23.390,150.500,Delivery Area
4700,FAIRY BOWER,QLD,-23.390,150.500,Delivery Area
4700,GREAT KEPPEL ISLAND,QLD,-23.390,150.500,Delivery Area
4700,PORT CURTIS,QLD,-23.390,150.500,Delivery Area
4700,ROCKHAMPTON,QLD,-23.390,150.500,Delivery Area
4700,ROCKHAMPTON CITY,QLD,-23.390,150.500,Delivery Area
4700,ROCKHAMPTON HOSPITAL,QLD,-23.390,150.500,Delivery Area
4700,THE KEPPELS,QLD,-23.390,150.500,Delivery Area
4700,THE RANGE,QLD,-23.390,150.500,Delivery Area
4700,WANDAL,QLD,-23.390,150.500,Delivery Area
4700,WEST ROCKHAMPTON,QLD,-23.390,150.500,Delivery Area
4701,BERSERKER,QLD,-23.360,150.520,Delivery Area
4701,CENTRAL QUEENSLAND UNIVERSITY,QLD,-23.360,150.520,Delivery Area
4701,FRENCHVILLE,QLD,-23.360,150.520,Delivery Area
4701,GREENLAKE,QLD,-23.360,150.520,Delivery Area
4701,IRONPOT,QLD,-23.360,150.520,Delivery Area
4701,KAWANA,QLD,-23.360,150.520,Delivery Area
4701,KOONGAL,QLD,-23.360,150.520,Delivery Area
4701,LAKES CREEK,QLD,-23.360,150.520,Delivery Area
4701,LIMESTONE CREEK,QLD,-23.360,150.520,Delivery Area
4701,MOUNT ARCHER,QLD,-23.360,150.520,Delivery Area
4701,NANKIN,QLD,-23.360,150.520,Delivery Area
4701,NERIMBERA,QLD,-23.360,150.520,Delivery Area
4701,NORMAN GARDENS,QLD,-23.360,150.520,Delivery Area
4701,PARK AVENUE,QLD,-23.360,150.520,Delivery Area
4701,RED HILL ROCKHAMPTON,QLD,-23.360,150.520,Delivery Area
4701,ROCKHAMPTON DC,QLD,-23.360,150.520,Delivery Area
4701,ROCKYVIEW,QLD,-23.360,150.520,Delivery Area
4701,SANDRINGHAM,QLD,-23.360,150.520,Delivery Area
4701,THE COMMON,QLD,-23.360,150.520,Delivery Area
4702,ALBERTA,QLD,-24.330,149.780,Delivery Area
4702,ALSACE,QLD,-24.330,149.780,Delivery Area
4702,ALTON DOWNS,QLD,-24.330,149.780,Delivery Area
4702,ANAKIE SIDING,QLD,,,Delivery Area
4702,ARCTURUS,QLD,,,Delivery Area
4702,BALCOMBA,QLD,-24.330,149.780,Delivery Area
4702,BANANA,QLD,-24.330,149.780,Delivery Area
4702,BARALABA,QLD,-24.330,149.780,Delivery Area
4702,BARNARD,QLD,-24.330,149.780,Delivery Area
4702,BINGEGANG,QLD,-24.330,149.780,Delivery Area
4702,BLACKDOWN,QLD,-24.330,149.780,Delivery Area
4702,BLUFF,QLD,-24.330,149.780,Delivery Area
4702,BOOLBURRA,QLD,-24.330,149.780,Delivery Area
4702,BOULDERCOMBE,QLD,-24.330,149.780,Delivery Area
4702,BUSHLEY,QLD,-24.330,149.780,Delivery Area
4702,CANAL CREEK,QLD,-24.330,149.780,Delivery Area
4702,CANOONA,QLD,-24.330,149.780,Delivery Area
4702,CARNARVON PARK,QLD,,,Delivery Area
4702,CAWARRAL,QLD,-24.330,149.780,Delivery Area
4702,CENTRAL QUEENSLAND MC,QLD,-24.330,149.780,Delivery Area
4702,CHEESEBOROUGH,QLD,,,Delivery Area
4702,COMET,QLD,-24.330,149.780,Delivery Area
4702,CONSUELO,QLD,-24.330,149.780,Delivery Area
4702,COOMOO,QLD,-24.330,149.780,Delivery Area
4702,COOROOMAN,QLD,-24.330,149.780,Delivery Area
4702,COORUMBENE,QLD,-24.330,149.780,Delivery Area
4702,COOWONGA,QLD,-24.330,149.780,Delivery Area
4702,DALMA,QLD,-24.330,149.780,Delivery Area
4702,DINGO,QLD,-24.330,149.780,Delivery Area
4702,DIXALEA,QLD,-24.330,149.780,Delivery Area
4702,DULULU,QLD,-24.330,149.780,Delivery Area
4702,DUMPY CREEK,QLD,-24.330,149.780,Delivery Area
4702,ETNA CREEK,QLD,-24.330,149.780,Delivery Area
4702,GAINSFORD,QLD,-24.330,149.780,Delivery Area
4702,GARNANT,QLD,-24.330,149.780,Delivery Area
4702,GINDIE,QLD,-24.330,149.780,Delivery Area
4702,GLENROY,QLD,-24.330,149.780,Delivery Area
4702,GOGANGO,QLD,-24.330,149.780,Delivery Area
4702,GOOMALLY,QLD,-24.330,149.780,Delivery Area
4702,GOOVIGEN,QLD,-24.330,149.780,Delivery Area
4702,GOOWARRA,QLD,-24.330,149.780,Delivery Area
4702,GORDONSTONE,QLD,,,Delivery Area
4702,GRACEMERE,QLD,-24.330,149.780,Delivery Area
4702,HUMBOLDT,QLD,,,Delivery Area
4702,JAMBIN,QLD,-24.330,149.780,Delivery Area
4702,JARDINE,QLD,-24.330,149.780,Delivery Area
4702,JELLINBAH,QLD,-24.330,149.780,Delivery Area
4702,JOSKELEIGH,QLD,-24.330,149.780,Delivery Area
4702,KABRA,QLD,-24.330,149.780,Delivery Area
4702,KALAPA,QLD,-24.330,149.780,Delivery Area
4702,KEPPEL SANDS,QLD,-24.330,149.780,Delivery Area
4702,KOKOTUNGO,QLD,-24.330,149.780,Delivery Area
4702,KUNWARARA,QLD,-24.330,149.780,Delivery Area
4702,LOWESBY,QLD,-24.330,149.780,Delivery Area
4702,MACKENZIE,QLD,-24.330,149.780,Delivery Area
4702,MARMOR,QLD,-24.330,149.780,Delivery Area
4702,MIDGEE,QLD,-24.330,149.780,Delivery Area
4702,MILMAN,QLD,-24.330,149.780,Delivery Area
4702,MIMOSA,QLD,-24.330,149.780,Delivery Area
4702,MORINISH,QLD,-24.330,149.780,Delivery Area
4702,MORINISH SOUTH,QLD,-24.330,149.780,Delivery Area
4702,MOUNT CHALMERS,QLD,-24.330,149.780,Delivery Area
4702,NINE MILE,QLD,-24.330,149.780,Delivery Area
4702,PARKHURST,QLD,-24.330,149.780,Delivery Area
4702,PHEASANT CREEK,QLD,-24.330,149.780,Delivery Area
4702,PINK LILY,QLD,-24.330,149.780,Delivery Area
4702,PLUM TREE,QLD,-24.330,149.780,Delivery Area
4702,REWAN,QLD,,,Delivery Area
4702,RIDGELANDS,QLD,-24.330,149.780,Delivery Area
4702,ROLLESTON,QLD,-24.330,149.780,Delivery Area
4702,ROSSMOYA,QLD,-24.330,149.780,Delivery Area
4702,RUBYVALE,QLD,-24.330,149.780,Delivery Area
4702,SAPPHIRE CENTRAL,QLD,,,Delivery Area
4702,SHOALWATER,QLD,-24.330,149.780,Delivery Area
4702,SOUTH YAAMBA,QLD,-24.330,149.780,Delivery Area
4702,STANAGE,QLD,-24.330,149.780,Delivery Area
4702,STANWELL,QLD,-24.330,149.780,Delivery Area
4702,STEWARTON,QLD,-24.330,149.780,Delivery Area
4702,TARRAMBA,QLD,,,Delivery Area
4702,THE CAVES,QLD,-24.330,149.780,Delivery Area
4702,THOMPSON POINT,QLD,-24.330,149.780,Delivery Area
4702,TOGARA,QLD,,,Delivery Area
4702,TUNGAMULL,QLD,-24.330,149.780,Delivery Area
4702,ULOGIE,QLD,-24.330,149.780,Delivery Area
4702,WALLAROO,QLD,-24.330,149.780,Delivery Area
4702,WESTWOOD,QLD,-24.330,149.780,Delivery Area
4702,WILLOWS,QLD,-24.330,149.780,Delivery Area
4702,WILLOWS GEMFIELDS,QLD,-24.330,149.780,Delivery Area
4702,WOOLEIN,QLD,-24.330,149.780,Delivery Area
4702,WOOROONA,QLD,-24.330,149.780,Delivery Area
4702,WOWAN,QLD,-24.330,149.780,Delivery Area
4702,WYCARBAH,QLD,-24.330,149.780,Delivery Area
4703,ADELAIDE PARK,QLD,-23.110,150.700,Delivery Area
4703,BANGALEE,QLD,-23.110,150.700,Delivery Area
4703,BARLOWS HILL,QLD,-23.110,150.700,Delivery Area
4703,BARMARYEE,QLD,-23.110,150.700,Delivery Area
4703,BARMOYA,QLD,-23.110,150.700,Delivery Area
4703,BONDOOLA,QLD,-23.110,150.700,Delivery Area
4703,BUNGUNDARRA,QLD,-23.110,150.700,Delivery Area
4703,BYFIELD,QLD,-23.110,150.700,Delivery Area
4703,CAUSEWAY LAKE,QLD,-23.110,150.700,Delivery Area
4703,COBRABALL,QLD,-23.110,150.700,Delivery Area
4703,COOEE BAY,QLD,-23.110,150.700,Delivery Area
4703,FARNBOROUGH,QLD,-23.110,150.700,Delivery Area
4703,HIDDEN VALLEY,QLD,-23.110,150.700,Delivery Area
4703,INVERNESS,QLD,-23.110,150.700,Delivery Area
4703,KINKA BEACH,QLD,-23.110,150.700,Delivery Area
4703,LAKE MARY,QLD,-23.110,150.700,Delivery Area
4703,LAMMERMOOR,QLD,-23.110,150.700,Delivery Area
4703,MARYVALE,QLD,-23.110,150.700,Delivery Area
4703,MEIKLEVILLE HILL,QLD,-23.110,150.700,Delivery Area
4703,MULAMBIN,QLD,-23.110,150.700,Delivery Area
4703,MULARA,QLD,-23.110,150.700,Delivery Area
4703,PACIFIC HEIGHTS,QLD,-23.110,150.700,Delivery Area
4703,ROSSLYN,QLD,-23.110,150.700,Delivery Area
4703,STOCKYARD,QLD,-23.110,150.700,Delivery Area
4703,TANBY,QLD,-23.110,150.700,Delivery Area
4703,TARANGANBA,QLD,-23.110,150.700,Delivery Area
4703,TAROOMBALL,QLD,-23.110,150.700,Delivery Area
4703,WEERRIBA,QLD,-23.110,150.700,Delivery Area
4703,WOODBURY,QLD,-23.110,150.700,Delivery Area
4703,YEPPOON,QLD,-23.110,150.700,Delivery Area
4704,WATTLEBANK,QLD,-23.120,150.460,Delivery Area
4704,YAAMBA,QLD,-23.120,150.460,Delivery Area
4705,CLARKE CREEK,QLD,-22.740,149.310,Delivery Area
4705,LOTUS CREEK,QLD,-22.740,149.310,Delivery Area
4705,MACKENZIE RIVER,QLD,-22.740,149.310,Delivery Area
4705,MARLBOROUGH,QLD,-22.740,149.310,Delivery Area
4705,MOUNT GARDINER,QLD,-22.740,149.310,Delivery Area
4706,OGMORE,QLD,-22.590,149.640,Delivery Area
4707,COLLAROY,QLD,-21.870,149.140,Delivery Area
4707,ST LAWRENCE,QLD,-21.870,149.140,Delivery Area
4707,THE PERCY GROUP,QLD,-21.870,149.140,Delivery Area
4709,TIERI,QLD,-23.040,148.340,Delivery Area
4710,EMU PARK,QLD,-23.260,150.830,Delivery Area
4710,ZILZIE,QLD,-23.260,150.830,Delivery Area
4711,GLENDALE,QLD,-23.250,150.480,Delivery Area
4711,GLENLEE,QLD,-23.250,150.480,Delivery Area
4712,DUARINGA,QLD,-23.700,149.670,Delivery Area
4713,WOORABINDA,QLD,-24.110,149.430,Delivery Area
4714,BAREE,QLD,-23.620,150.390,Delivery Area
4714,BOULDER CREEK,QLD,-23.620,150.390,Delivery Area
4714,FLETCHER CREEK,QLD,-23.620,150.390,Delivery Area
4714,HAMILTON CREEK,QLD,-23.620,150.390,Delivery Area
4714,HORSE CREEK,QLD,-23.620,150.390,Delivery Area
4714,JOHNSONS HILL,QLD,-23.620,150.390,Delivery Area
4714,LEYDENS HILL,QLD,-23.620,150.390,Delivery Area
4714,LIMESTONE,QLD,-23.620,150.390,Delivery Area
4714,MOONGAN,QLD,-23.620,150.390,Delivery Area
4714,MOUNT MORGAN,QLD,-23.620,150.390,Delivery Area
4714,NINE MILE CREEK,QLD,-23.620,150.390,Delivery Area
4714,OAKEY CREEK,QLD,-23.620,150.390,Delivery Area
4714,STRUCK OIL,QLD,-23.620,150.390,Delivery Area
4714,THE MINE,QLD,-23.620,150.390,Delivery Area
4714,TROTTER CREEK,QLD,-23.620,150.390,Delivery Area
4714,WALMUL,QLD,-23.620,150.390,Delivery Area
4714,WALTERHALL,QLD,-23.620,150.390,Delivery Area
4714,WURA,QLD,-23.620,150.390,Delivery Area
4715,BILOELA,QLD,-24.400,150.510,Delivery Area
4715,CALLIDE,QLD,-24.400,150.510,Delivery Area
4715,CASTLE CREEK,QLD,-24.400,150.510,Delivery Area
4715,DAKENBA,QLD,-24.400,150.510,Delivery Area
4715,DUMGREE,QLD,-24.400,150.510,Delivery Area
4715,GREYCLIFFE,QLD,-24.400,150.510,Delivery Area
4715,MOUNT MURCHISON,QLD,-24.400,150.510,Delivery Area
4715,ORANGE CREEK,QLD,-24.400,150.510,Delivery Area
4715,PROSPECT,QLD,-24.400,150.510,Delivery Area
4715,VALENTINE PLAINS,QLD,-24.400,150.510,Delivery Area
4716,LAWGI DAWES,QLD,-24.580,150.670,Delivery Area
4716,THANGOOL,QLD,-24.580,150.670,Delivery Area
4717,BLACKWATER,QLD,-23.590,148.880,Delivery Area
4718,BAUHINIA,QLD,-24.570,149.300,Delivery Area
4718,DROMEDARY,QLD,-24.570,149.300,Delivery Area
4718,KIANGA,QLD,-24.570,149.300,Delivery Area
4718,MOURA,QLD,-24.570,149.300,Delivery Area
4718,MUNGABUNDA,QLD,-24.570,149.300,Delivery Area
4718,OOMBABEER,QLD,-24.570,149.300,Delivery Area
4718,RHYDDING,QLD,-24.570,149.300,Delivery Area
4718,ROUNDSTONE,QLD,-24.570,149.300,Delivery Area
4718,WARNOAH,QLD,-24.570,149.300,Delivery Area
4719,CAMBOON,QLD,-25.050,150.160,Delivery Area
4719,CRACOW,QLD,-25.050,150.160,Delivery Area
4719,GLENMORAL,QLD,-25.050,150.160,Delivery Area
4719,ISLA,QLD,-25.050,150.160,Delivery Area
4719,LONESOME CREEK,QLD,-25.050,150.160,Delivery Area
4719,THEODORE,QLD,-25.050,150.160,Delivery Area
4720,EMERALD,QLD,-23.530,148.160,Delivery Area
4720,LOCHINGTON,QLD,,,Delivery Area
4720,YAMALA,QLD,-23.530,148.160,Delivery Area
4721,ARGYLL,QLD,-23.280,147.560,Delivery Area
4721,BELYANDO,QLD,,,Delivery Area
4721,CLERMONT,QLD,-23.280,147.560,Delivery Area
4721,ELGIN,QLD,,,Delivery Area
4721,FRANKFIELD,QLD,-23.280,147.560,Delivery Area
4721,GEMINI MOUNTAINS,QLD,-23.280,147.560,Delivery Area
4721,KILCUMMIN,QLD,-23.280,147.560,Delivery Area
4721,LAGLAN,QLD,,,Delivery Area
4721,PASHA,QLD,-23.280,147.560,Delivery Area
4721,PEAK VALE,QLD,,,Delivery Area
4721,THERESA CREEK,QLD,-23.280,147.560,Delivery Area
4721,WINCHESTER,QLD,,,Delivery Area
4721,WOLFANG,QLD,-23.280,147.560,Delivery Area
4722,ALBINIA,QLD,,,Delivery Area
4722,BUCKLAND,QLD,-24.510,147.420,Delivery Area
4722,CAIRDBEIGN,QLD,-24.510,147.420,Delivery Area
4722,CONA CREEK,QLD,-24.510,147.420,Delivery Area
4722,MANTUAN DOWNS,QLD,,,Delivery Area
4722,MINERVA,QLD,,,Delivery Area
4722,NANDOWRIE,QLD,-24.510,147.420,Delivery Area
4722,ORION,QLD,-24.510,147.420,Delivery Area
4722,SPRINGSURE,QLD,-24.510,147.420,Delivery Area
4722,WEALWANDANGIE,QLD,-24.510,147.420,Delivery Area
4723,BELCONG,QLD,-23.010,148.230,Delivery Area
4723,BUNDOORA,QLD,,,Delivery Area
4723,CAPELLA,QLD,-23.010,148.230,Delivery Area
4723,CARBINE CREEK,QLD,-23.010,148.230,Delivery Area
4723,CHIRNSIDE,QLD,-23.010,148.230,Delivery Area
4723,COTHERSTONE,QLD,,,Delivery Area
4723,CRINUM,QLD,-23.010,148.230,Delivery Area
4723,FORK LAGOONS,QLD,,,Delivery Area
4723,HIBERNIA,QLD,-23.010,148.230,Delivery Area
4723,KHOSH BULDUK,QLD,-23.010,148.230,Delivery Area
4723,LILYVALE,QLD,-23.010,148.230,Delivery Area
4723,LOWESTOFF,QLD,-23.010,148.230,Delivery Area
4723,MOUNT MACARTHUR,QLD,-23.010,148.230,Delivery Area
4723,RETRO,QLD,-23.010,148.230,Delivery Area
4723,WYUNA,QLD,,,Delivery Area
4724,ALPHA,QLD,-23.650,146.640,Delivery Area
4724,QUETTA,QLD,,,Delivery Area
4725,BARCALDINE,QLD,-23.550,145.290,Delivery Area
4726,ARAMAC,QLD,-22.970,145.250,Delivery Area
4727,ILFRACOMBE,QLD,-23.850,144.470,Delivery Area
4728,JERICHO,QLD,-22.690,146.150,Delivery Area
4730,LONGREACH,QLD,-23.040,144.530,Delivery Area
4730,STONEHENGE,QLD,-23.040,144.530,Delivery Area
4731,ISISFORD,QLD,-24.260,144.440,Delivery Area
4731,YARAKA,QLD,,,Delivery Area
4732,MUTTABURRA,QLD,-22.590,144.550,Delivery Area
4733,CORFIELD,QLD,-21.710,143.370,Delivery Area
4735,DIAMANTINA LAKES,QLD,-23.760,141.140,Delivery Area
4735,MIDDLETON,QLD,-23.760,141.140,Delivery Area
4735,OPALTON,QLD,-23.760,141.140,Delivery Area
4735,WINTON,QLD,-23.760,141.140,Delivery Area
4736,JUNDAH,QLD,-24.830,143.060,Delivery Area
4737,ARMSTRONG BEACH,QLD,-21.450,149.290,Delivery Area
4737,BLUE MOUNTAIN,QLD,-21.450,149.290,Delivery Area
4737,CAMPWIN BEACH,QLD,-21.450,149.290,Delivery Area
4737,FRESHWATER POINT,QLD,-21.450,149.290,Delivery Area
4737,SARINA,QLD,-21.450,149.290,Delivery Area
4737,SARINA BEACH,QLD,-21.450,149.290,Delivery Area
4737,SARINA RANGE,QLD,-21.450,149.290,Delivery Area
4737,SUNNYSIDE,QLD,-21.450,149.290,Delivery Area
4738,ILBILBIE,QLD,-21.700,149.360,Delivery Area
4738,KOUMALA,QLD,-21.700,149.360,Delivery Area
4739,CARMILA,QLD,-21.910,149.420,Delivery Area
4740,ALEXANDRA,QLD,-21.160,149.100,Delivery Area
4740,ALLIGATOR CREEK,QLD,-21.160,149.100,Delivery Area
4740,ANDERGROVE,QLD,-21.160,149.100,Delivery Area
4740,BAKERS CREEK,QLD,-21.160,149.100,Delivery Area
4740,BALBERRA,QLD,-21.160,149.100,Delivery Area
4740,BALNAGOWAN,QLD,-21.160,149.100,Delivery Area
4740,BEACONSFIELD,QLD,-21.160,149.100,Delivery Area
4740,BELMUNDA,QLD,-21.160,149.100,Delivery Area
4740,BLACKS BEACH,QLD,-21.160,149.100,Delivery Area
4740,CAPE HILLSBOROUGH,QLD,-21.160,149.100,Delivery Area
4740,CHELONA,QLD,-21.160,149.100,Delivery Area
4740,CORAL SEA,QLD,,,Delivery Area
4740,CREMORNE,QLD,-21.160,149.100,Delivery Area
4740,DOLPHIN HEADS,QLD,-21.160,149.100,Delivery Area
4740,DUMBLETON,QLD,-21.160,149.100,Delivery Area
4740,DUNNROCK,QLD,-21.160,149.100,Delivery Area
4740,EAST MACKAY,QLD,-21.160,149.100,Delivery Area
4740,EIMEO,QLD,-21.160,149.100,Delivery Area
4740,ERAKALA,QLD,-21.160,149.100,Delivery Area
4740,FOULDEN,QLD,-21.160,149.100,Delivery Area
4740,GLENELLA,QLD,-21.160,149.100,Delivery Area
4740,GRASSTREE BEACH,QLD,-21.160,149.100,Delivery Area
4740,HABANA,QLD,-21.160,149.100,Delivery Area
4740,HALIDAY BAY,QLD,-21.160,149.100,Delivery Area
4740,HAY POINT,QLD,-21.160,149.100,Delivery Area
4740,HOMEBUSH,QLD,-21.160,149.100,Delivery Area
4740,KESWICK ISLAND,QLD,,,Delivery Area
4740,MACKAY,QLD,-21.160,149.100,Delivery Area
4740,MACKAY CANELAND,QLD,-21.160,149.100,Delivery Area
4740,MACKAY DC,QLD,-21.160,149.100,Delivery Area
4740,MACKAY HARBOUR,QLD,-21.160,149.100,Delivery Area
4740,MACKAY NORTH,QLD,-21.160,149.100,Delivery Area
4740,MACKAY SOUTH,QLD,-21.160,149.100,Delivery Area
4740,MACKAY WEST,QLD,-21.160,149.100,Delivery Area
4740,MCEWENS BEACH,QLD,-21.160,149.100,Delivery Area
4740,MOUNT JUKES,QLD,-21.160,149.100,Delivery Area
4740,MOUNT PLEASANT,QLD,-21.160,149.100,Delivery Area
4740,MUNBURA,QLD,-21.160,149.100,Delivery Area
4740,NINDAROO,QLD,-21.160,149.100,Delivery Area
4740,NORTH MACKAY,QLD,-21.160,149.100,Delivery Area
4740,OORALEA,QLD,-21.160,149.100,Delivery Area
4740,PAGET,QLD,-21.160,149.100,Delivery Area
4740,RACECOURSE,QLD,-21.160,149.100,Delivery Area
4740,RICHMOND,QLD,-21.160,149.100,Delivery Area
4740,ROSELLA,QLD,-21.160,149.100,Delivery Area
4740,RURAL VIEW,QLD,-21.160,149.100,Delivery Area
4740,SANDIFORD,QLD,-21.160,149.100,Delivery Area
4740,SLADE POINT,QLD,-21.160,149.100,Delivery Area
4740,SOUTH MACKAY,QLD,-21.160,149.100,Delivery Area
4740,TE KOWAI,QLD,-21.160,149.100,Delivery Area
4740,THE LEAP,QLD,-21.160,149.100,Delivery Area
4740,WEST MACKAY,QLD,-21.160,149.100,Delivery Area
4741,BALL BAY,QLD,-20.900,149.000,Delivery Area
4741,BRIGHTLY,QLD,-20.900,149.000,Delivery Area
4741,CLAIRVIEW,QLD,-20.900,149.000,Delivery Area
4741,COPPABELLA,QLD,-20.900,149.000,Delivery Area
4741,EPSOM,QLD,-20.900,149.000,Delivery Area
4741,ETON,QLD,-20.900,149.000,Delivery Area
4741,EUNGELLA HINTERLAND,QLD,-20.900,149.000,Delivery Area
4741,FARLEIGH,QLD,-20.900,149.000,Delivery Area
4741,GARGETT,QLD,-20.900,149.000,Delivery Area
4741,HAMPDEN,QLD,-20.900,149.000,Delivery Area
4741,HAZLEDEAN,QLD,-20.900,149.000,Delivery Area
4741,KINCHANT DAM,QLD,-20.900,149.000,Delivery Area
4741,KUTTABUL,QLD,-20.900,149.000,Delivery Area
4741,MACKAY MC,QLD,-20.900,149.000,Delivery Area
4741,MOUNT CHARLTON,QLD,-20.900,149.000,Delivery Area
4741,MOUNT OSSA,QLD,-20.900,149.000,Delivery Area
4741,MOUNT PELION,QLD,-20.900,149.000,Delivery Area
4741,NORTH ETON,QLD,-20.900,149.000,Delivery Area
4741,OAKENDEN,QLD,-20.900,149.000,Delivery Area
4741,ORKABIE,QLD,-20.900,149.000,Delivery Area
4741,OWENS CREEK,QLD,-20.900,149.000,Delivery Area
4741,PINNACLE,QLD,-20.900,149.000,Delivery Area
4741,PLEYSTOWE,QLD,-20.900,149.000,Delivery Area
4741,SEAFORTH,QLD,-20.900,149.000,Delivery Area
4741,YALBOROO,QLD,-20.900,149.000,Delivery Area
4742,BURTON,QLD,-21.540,148.080,Delivery Area
4742,EAGLEFIELD,QLD,-21.540,148.080,Delivery Area
4742,ELPHINSTONE,QLD,-21.540,148.080,Delivery Area
4742,HAIL CREEK,QLD,-21.540,148.080,Delivery Area
4742,KEMMIS,QLD,-21.540,148.080,Delivery Area
4742,MOUNT BRITTON,QLD,-21.540,148.080,Delivery Area
4742,NEBO,QLD,-21.540,148.080,Delivery Area
4742,OXFORD,QLD,-21.540,148.080,Delivery Area
4742,STRATHFIELD,QLD,-21.540,148.080,Delivery Area
4742,TURRAWULLA,QLD,-21.540,148.080,Delivery Area
4742,VALKYRIE,QLD,-21.540,148.080,Delivery Area
4743,GLENDEN,QLD,-21.360,148.120,Delivery Area
4743,SUTTOR,QLD,-21.360,148.120,Delivery Area
4744,MORANBAH,QLD,-22.000,148.050,Delivery Area
4745,DYSART,QLD,-22.590,148.350,Delivery Area
4746,MAY DOWNS,QLD,-22.640,148.920,Delivery Area
4746,MIDDLEMOUNT,QLD,-22.640,148.920,Delivery Area
4750,BUCASIA,QLD,-21.040,149.160,Delivery Area
4750,SHOAL POINT,QLD,-21.040,149.160,Delivery Area
4751,GREENMOUNT,QLD,-21.190,149.030,Delivery Area
4751,PALMYRA,QLD,-21.190,149.030,Delivery Area
4751,VICTORIA PLAINS,QLD,-21.190,149.030,Delivery Area
4751,WALKERSTON,QLD,-21.190,149.030,Delivery Area
4753,DEVEREUX CREEK,QLD,-21.120,148.890,Delivery Area
4753,MARIAN,QLD,-21.120,148.890,Delivery Area
4754,BENHOLME,QLD,-21.160,148.810,Delivery Area
4754,DOWS CREEK,QLD,-21.160,148.810,Delivery Area
4754,MIA MIA,QLD,-21.160,148.810,Delivery Area
4754,MIRANI,QLD,-21.160,148.810,Delivery Area
4754,MOUNT MARTIN,QLD,-21.160,148.810,Delivery Area
4754,PINEVALE,QLD,-21.160,148.810,Delivery Area
4754,SEPTIMUS,QLD,-21.160,148.810,Delivery Area
4756,FINCH HATTON,QLD,-21.140,148.630,Delivery Area
4756,NETHERDALE,QLD,-21.140,148.630,Delivery Area
4757,BROKEN RIVER,QLD,-21.170,148.510,Delivery Area
4757,CREDITON,QLD,-21.170,148.510,Delivery Area
4757,DALRYMPLE HEIGHTS,QLD,-21.170,148.510,Delivery Area
4757,EUNGELLA,QLD,-21.170,148.510,Delivery Area
4757,EUNGELLA DAM,QLD,-21.170,148.510,Delivery Area
4798,CALEN,QLD,-20.900,148.770,Delivery Area
4798,MENTMORE,QLD,-20.900,148.770,Delivery Area
4798,PINDI PINDI,QLD,-20.900,148.770,Delivery Area
4798,ST HELENS BEACH,QLD,-20.900,148.770,Delivery Area
4799,BLOOMSBURY,QLD,-20.710,148.600,Delivery Area
4799,MIDGE POINT,QLD,-20.710,148.600,Delivery Area
4800,ANDROMACHE,QLD,-20.580,148.420,Delivery Area
4800,BRANDY CREEK,QLD,-20.580,148.420,Delivery Area
4800,BREADALBANE,QLD,-20.580,148.420,Delivery Area
4800,CANNON VALLEY,QLD,-20.580,148.420,Delivery Area
4800,CAPE CONWAY,QLD,-20.580,148.420,Delivery Area
4800,CAPE GLOUCESTER,QLD,-20.580,148.420,Delivery Area
4800,CONWAY,QLD,-20.580,148.420,Delivery Area
4800,CONWAY BEACH,QLD,-20.580,148.420,Delivery Area
4800,CRYSTAL BROOK,QLD,-20.580,148.420,Delivery Area
4800,DINGO BEACH,QLD,-20.580,148.420,Delivery Area
4800,DITTMER,QLD,-20.580,148.420,Delivery Area
4800,FOXDALE,QLD,-20.580,148.420,Delivery Area
4800,GLEN ISLA,QLD,-20.580,148.420,Delivery Area
4800,GOORGANGA CREEK,QLD,-20.580,148.420,Delivery Area
4800,GOORGANGA PLAINS,QLD,-20.580,148.420,Delivery Area
4800,GREGORY RIVER,QLD,-20.580,148.420,Delivery Area
4800,GUNYARRA,QLD,-20.580,148.420,Delivery Area
4800,HAMILTON PLAINS,QLD,-20.580,148.420,Delivery Area
4800,HIDEAWAY BAY,QLD,-20.580,148.420,Delivery Area
4800,KELSEY CREEK,QLD,-20.580,148.420,Delivery Area
4800,LAGUNA QUAYS,QLD,-20.580,148.420,Delivery Area
4800,LAKE PROSERPINE,QLD,-20.580,148.420,Delivery Area
4800,LETHEBROOK,QLD,-20.580,148.420,Delivery Area
4800,MOUNT JULIAN,QLD,-20.580,148.420,Delivery Area
4800,MOUNT MARLOW,QLD,-20.580,148.420,Delivery Area
4800,MOUNT PLUTO,QLD,-20.580,148.420,Delivery Area
4800,MYRTLEVALE,QLD,-20.580,148.420,Delivery Area
4800,PALM GROVE,QLD,-20.580,148.420,Delivery Area
4800,PAULS POCKET,QLD,-20.580,148.420,Delivery Area
4800,PRESTON,QLD,-20.580,148.420,Delivery Area
4800,PROSERPINE,QLD,-20.580,148.420,Delivery Area
4800,RIORDANVALE,QLD,-20.580,148.420,Delivery Area
4800,SILVER CREEK,QLD,-20.580,148.420,Delivery Area
4800,STRATHDICKIE,QLD,-20.580,148.420,Delivery Area
4800,SUGARLOAF,QLD,-20.580,148.420,Delivery Area
4800,THOOPARA,QLD,-20.580,148.420,Delivery Area
4800,WILSON BEACH,QLD,-20.580,148.420,Delivery Area
4802,AIRLIE BEACH,QLD,-20.270,148.720,Delivery Area
4802,CANNONVALE,QLD,-20.270,148.720,Delivery Area
4802,FLAMETREE,QLD,-20.270,148.720,Delivery Area
4802,JUBILEE POCKET,QLD,-20.270,148.720,Delivery Area
4802,MANDALAY,QLD,-20.270,148.720,Delivery Area
4802,MOUNT ROOPER,QLD,-20.270,148.720,Delivery Area
4802,SHUTE HARBOUR,QLD,-20.270,148.720,Delivery Area
4802,WHITSUNDAYS,QLD,-20.270,148.720,Delivery Area
4802,WOODWARK,QLD,-20.270,148.720,Delivery Area
4803,HAMILTON ISLAND,QLD,-20.350,148.960,Post Office Boxes
4804,COLLINSVILLE,QLD,-20.550,147.850,Delivery Area
4804,MOUNT COOLON,QLD,-20.550,147.850,Delivery Area
4804,MOUNT WYATT,QLD,-20.550,147.850,Delivery Area
4804,NEWLANDS,QLD,-20.550,147.850,Delivery Area
4804,SCOTTVILLE,QLD,,,Delivery Area
4804,SPRINGLANDS,QLD,-20.550,147.850,Delivery Area
4805,BOGIE,QLD,-20.380,147.890,Delivery Area
4805,BOWEN,QLD,-20.380,147.890,Delivery Area
4805,GUMLU,QLD,-20.380,147.890,Delivery Area
4805,GUTHALUNGRA,QLD,-20.380,147.890,Delivery Area
4805,MERINDA,QLD,-20.380,147.890,Delivery Area
4806,CARSTAIRS,QLD,-19.670,147.450,Delivery Area
4806,FREDERICKSFIELD,QLD,-19.670,147.450,Delivery Area
4806,GROPER CREEK,QLD,,,Delivery Area
4806,HOME HILL,QLD,-19.670,147.450,Delivery Area
4806,INKERMAN,QLD,-19.670,147.450,Delivery Area
4806,KIRKNIE,QLD,-19.670,147.450,Delivery Area
4806,OSBORNE,QLD,-19.670,147.450,Delivery Area
4806,RANGEMORE,QLD,-19.670,147.450,Delivery Area
4806,WANGARATTA,QLD,-19.670,147.450,Delivery Area
4806,WUNJUNGA,QLD,-19.670,147.450,Delivery Area
4807,AIRDMILLAN,QLD,-19.550,147.440,Delivery Area
4807,AIRVILLE,QLD,-19.550,147.440,Delivery Area
4807,ALVA,QLD,-19.550,147.440,Delivery Area
4807,AYR,QLD,-19.550,147.440,Delivery Area
4807,CLARE,QLD,-19.550,147.440,Delivery Area
4807,CLAREDALE,QLD,-19.550,147.440,Delivery Area
4807,DALBEG,QLD,-19.550,147.440,Delivery Area
4807,EIGHT MILE CREEK,QLD,-19.550,147.440,Delivery Area
4807,JARVISFIELD,QLD,-19.550,147.440,Delivery Area
4807,MCDESME,QLD,-19.550,147.440,Delivery Area
4807,MILLAROO,QLD,-19.550,147.440,Delivery Area
4807,MONA PARK,QLD,-19.550,147.440,Delivery Area
4807,MOUNT KELLY,QLD,-19.550,147.440,Delivery Area
4807,MULGRAVE,QLD,-19.550,147.440,Delivery Area
4807,RITA ISLAND,QLD,-19.550,147.440,Delivery Area
4807,SWANS LAGOON,QLD,-19.550,147.440,Delivery Area
4808,BRANDON,QLD,-19.550,147.350,Delivery Area
4808,COLEVALE,QLD,-19.550,147.350,Delivery Area
4809,BARRATTA,QLD,-19.530,147.210,Delivery Area
4809,CROMARTY,QLD,-19.530,147.210,Delivery Area
4809,GIRU,QLD,-19.530,147.210,Delivery Area
4809,HORSESHOE LAGOON,QLD,-19.530,147.210,Delivery Area
4809,JERONA,QLD,-19.530,147.210,Delivery Area
4809,MOUNT SURROUND,QLD,-19.530,147.210,Delivery Area
4809,SHIRBOURNE,QLD,-19.530,147.210,Delivery Area
4809,UPPER HAUGHTON,QLD,-19.530,147.210,Delivery Area
4810,BELGIAN GARDENS,QLD,-19.250,146.800,Delivery Area
4810,CAPE CLEVELAND,QLD,-19.250,146.800,Delivery Area
4810,CASTLE HILL,QLD,-19.250,146.800,Delivery Area
4810,NORTH WARD,QLD,-19.250,146.800,Delivery Area
4810,PALLARENDA,QLD,-19.250,146.800,Delivery Area
4810,RAILWAY ESTATE,QLD,-19.250,146.800,Delivery Area
4810,ROWES BAY,QLD,-19.250,146.800,Delivery Area
4810,SHELLY BEACH,QLD,-19.250,146.800,Delivery Area
4810,SOUTH TOWNSVILLE,QLD,-19.250,146.800,Delivery Area
4810,TOWN COMMON,QLD,-19.250,146.800,Delivery Area
4810,TOWNSVILLE,QLD,-19.250,146.800,Delivery Area
4810,TOWNSVILLE CITY,QLD,-19.250,146.800,Delivery Area
4810,TOWNSVILLE DC,QLD,-19.250,146.800,Delivery Area
4810,TOWNSVILLE MC,QLD,-19.250,146.800,Delivery Area
4810,WEST END,QLD,-19.250,146.800,Delivery Area
4811,CLUDEN,QLD,-19.320,146.820,Delivery Area
4811,IDALIA,QLD,-19.320,146.820,Delivery Area
4811,JAMES COOK UNIVERSITY,QLD,-19.320,146.820,Delivery Area
4811,MOUNT STUART,QLD,-19.320,146.820,Delivery Area
4811,OAK VALLEY,QLD,-19.320,146.820,Delivery Area
4811,OONOONBA,QLD,-19.320,146.820,Delivery Area
4811,ROSENEATH,QLD,-19.320,146.820,Delivery Area
4811,STUART,QLD,-19.320,146.820,Delivery Area
4811,WULGURU,QLD,-19.320,146.820,Delivery Area
4812,CURRAJONG,QLD,-19.270,146.780,Delivery Area
4812,GULLIVER,QLD,-19.270,146.780,Delivery Area
4812,HERMIT PARK,QLD,-19.270,146.780,Delivery Area
4812,HYDE PARK,QLD,-19.270,146.780,Delivery Area
4812,MUNDINGBURRA,QLD,-19.270,146.780,Delivery Area
4812,MYSTERTON,QLD,-19.270,146.780,Delivery Area
4812,PIMLICO,QLD,-19.270,146.780,Delivery Area
4812,ROSSLEA,QLD,-19.270,146.780,Delivery Area
4813,TOWNSVILLE MILPO,QLD,0.000,0.000,Post Office Boxes
4814,AITKENVALE,QLD,-19.300,146.760,Delivery Area
4814,ANNANDALE,QLD,-19.300,146.760,Delivery Area
4814,CRANBROOK,QLD,-19.300,146.760,Delivery Area
4814,DOUGLAS,QLD,-19.300,146.760,Delivery Area
4814,GARBUTT,QLD,-19.300,146.760,Delivery Area
4814,GARBUTT EAST,QLD,-19.300,146.760,Delivery Area
4814,HEATLEY,QLD,-19.300,146.760,Delivery Area
4814,MOUNT LOUISA,QLD,-19.300,146.760,Delivery Area
4814,MURRAY,QLD,-19.300,146.760,Delivery Area
4814,THURINGOWA DC,QLD,-19.300,146.760,Delivery Area
4814,VINCENT,QLD,-19.300,146.760,Delivery Area
4815,CONDON,QLD,-19.330,146.730,Delivery Area
4815,GRANITE VALE,QLD,-19.330,146.730,Delivery Area
4815,GUMLOW,QLD,-19.330,146.730,Delivery Area
4815,KELSO,QLD,-19.330,146.730,Delivery Area
4815,PINNACLES,QLD,-19.330,146.730,Delivery Area
4815,RASMUSSEN,QLD,-19.330,146.730,Delivery Area
4816,ALLIGATOR CREEK,QLD,-19.420,146.950,Delivery Area
4816,BALGAL BEACH,QLD,-19.420,146.950,Delivery Area
4816,BARRINGHA,QLD,-19.420,146.950,Delivery Area
4816,BROOKHILL,QLD,-19.420,146.950,Delivery Area
4816,CALCIUM,QLD,-19.420,146.950,Delivery Area
4816,CLEMANT,QLD,-19.420,146.950,Delivery Area
4816,CRYSTAL CREEK,QLD,-19.420,146.950,Delivery Area
4816,CUNGULLA,QLD,-19.420,146.950,Delivery Area
4816,GREENVALE,QLD,-19.420,146.950,Delivery Area
4816,HOMESTEAD,QLD,-19.420,146.950,Delivery Area
4816,JULAGO,QLD,-19.420,146.950,Delivery Area
4816,MAJORS CREEK,QLD,-19.420,146.950,Delivery Area
4816,MALPAS-TRENTON,QLD,-19.420,146.950,Delivery Area
4816,MINGELA,QLD,-19.420,146.950,Delivery Area
4816,MOUNT ELLIOT,QLD,-19.420,146.950,Delivery Area
4816,MUTARNEE,QLD,-19.420,146.950,Delivery Area
4816,NOME,QLD,-19.420,146.950,Delivery Area
4816,PALM ISLAND,QLD,-19.420,146.950,Delivery Area
4816,PALUMA,QLD,-19.420,146.950,Delivery Area
4816,PENTLAND,QLD,-19.420,146.950,Delivery Area
4816,RAVENSWOOD,QLD,-19.420,146.950,Delivery Area
4816,REID RIVER,QLD,-19.420,146.950,Delivery Area
4816,ROLLINGSTONE,QLD,-19.420,146.950,Delivery Area
4816,ROSS RIVER,QLD,-19.420,146.950,Delivery Area
4816,SAVANNAH,QLD,-19.420,146.950,Delivery Area
4816,SELLHEIM,QLD,-19.420,146.950,Delivery Area
4816,TOOMULLA,QLD,-19.420,146.950,Delivery Area
4816,TOONPAN,QLD,-19.420,146.950,Delivery Area
4816,TORRENS CREEK,QLD,-19.420,146.950,Delivery Area
4816,WOODSTOCK,QLD,-19.420,146.950,Delivery Area
4817,ALICE RIVER,QLD,-19.330,146.600,Delivery Area
4817,BOHLE PLAINS,QLD,-19.330,146.600,Delivery Area
4817,HERVEY RANGE,QLD,-19.330,146.600,Delivery Area
4817,KIRWAN,QLD,-19.330,146.600,Delivery Area
4817,RANGEWOOD,QLD,-19.330,146.600,Delivery Area
4817,THURINGOWA CENTRAL,QLD,-19.330,146.600,Delivery Area
4818,BEACH HOLM,QLD,-19.200,146.660,Delivery Area
4818,BLACK RIVER,QLD,-19.200,146.660,Delivery Area
4818,BLUE HILLS,QLD,-19.200,146.660,Delivery Area
4818,BLUEWATER,QLD,-19.200,146.660,Delivery Area
4818,BLUEWATER PARK,QLD,-19.200,146.660,Delivery Area
4818,BOHLE,QLD,-19.200,146.660,Delivery Area
4818,BURDELL,QLD,-19.200,146.660,Delivery Area
4818,BUSHLAND BEACH,QLD,-19.200,146.660,Delivery Area
4818,COSGROVE,QLD,-19.200,146.660,Delivery Area
4818,DEERAGUN,QLD,-19.200,146.660,Delivery Area
4818,JENSEN,QLD,-19.200,146.660,Delivery Area
4818,LYNAM,QLD,-19.200,146.660,Delivery Area
4818,MOUNT LOW,QLD,-19.200,146.660,Delivery Area
4818,MOUNT ST JOHN,QLD,-19.200,146.660,Delivery Area
4818,SAUNDERS BEACH,QLD,-19.200,146.660,Delivery Area
4818,SHAW,QLD,-19.200,146.660,Delivery Area
4818,TOOLAKEA,QLD,-19.200,146.660,Delivery Area
4818,YABULU,QLD,-19.200,146.660,Delivery Area
4819,ARCADIA,QLD,-19.150,146.860,Delivery Area
4819,FLORENCE BAY,QLD,-19.150,146.860,Delivery Area
4819,HORSESHOE BAY,QLD,-19.150,146.860,Delivery Area
4819,MAGNETIC ISLAND,QLD,-19.150,146.860,Delivery Area
4819,NELLY BAY,QLD,-19.150,146.860,Delivery Area
4819,PICNIC BAY,QLD,-19.150,146.860,Delivery Area
4819,WEST POINT,QLD,-19.150,146.860,Delivery Area
4820,ALABAMA HILL,QLD,-20.080,146.250,Delivery Area
4820,BASALT,QLD,-20.080,146.250,Delivery Area
4820,BLACK JACK,QLD,-20.080,146.250,Delivery Area
4820,BREDDAN,QLD,-20.080,146.250,Delivery Area
4820,BROUGHTON,QLD,-20.080,146.250,Delivery Area
4820,CAMPASPE,QLD,-20.080,146.250,Delivery Area
4820,CHARTERS TOWERS,QLD,-20.080,146.250,Delivery Area
4820,CHARTERS TOWERS CITY,QLD,,,Delivery Area
4820,COLUMBIA,QLD,-20.080,146.250,Delivery Area
4820,DOTSWOOD,QLD,-20.080,146.250,Delivery Area
4820,GRAND SECRET,QLD,-20.080,146.250,Delivery Area
4820,LLANARTH,QLD,-20.080,146.250,Delivery Area
4820,MILLCHESTER,QLD,-20.080,146.250,Delivery Area
4820,MOSMAN PARK,QLD,-20.080,146.250,Delivery Area
4820,QUEENTON,QLD,-20.080,146.250,Delivery Area
4820,RICHMOND HILL,QLD,-20.080,146.250,Delivery Area
4820,SEVENTY MILE,QLD,-20.080,146.250,Delivery Area
4820,SOUTHERN CROSS,QLD,-20.080,146.250,Delivery Area
4820,TOLL,QLD,-20.080,146.250,Delivery Area
4820,TOWERS HILL,QLD,-20.080,146.250,Delivery Area
4821,DUTTON RIVER,QLD,-20.280,143.880,Delivery Area
4821,HUGHENDEN,QLD,-20.280,143.880,Delivery Area
4821,MARATHON,QLD,,,Delivery Area
4821,PORCUPINE,QLD,-20.280,143.880,Delivery Area
4821,PRAIRIE,QLD,,,Delivery Area
4821,STAMFORD,QLD,-20.280,143.880,Delivery Area
4821,TANGORIN,QLD,-20.280,143.880,Delivery Area
4822,ALBION,QLD,-21.510,142.690,Delivery Area
4822,BELLFIELD,QLD,-21.510,142.690,Delivery Area
4822,BURLEIGH,QLD,-21.510,142.690,Delivery Area
4822,CAMBRIDGE,QLD,-21.510,142.690,Delivery Area
4822,MAXWELTON,QLD,-21.510,142.690,Delivery Area
4822,RICHMOND,QLD,-21.510,142.690,Delivery Area
4822,SAXBY,QLD,-21.510,142.690,Delivery Area
4822,VICTORIA VALE,QLD,-21.510,142.690,Delivery Area
4822,WOOLGAR,QLD,-21.510,142.690,Delivery Area
4823,CARPENTARIA,QLD,-18.130,139.960,Delivery Area
4823,JULIA CREEK,QLD,-18.130,139.960,Delivery Area
4823,KYNUNA,QLD,-18.130,139.960,Delivery Area
4823,MCKINLAY,QLD,-18.130,139.960,Delivery Area
4823,STOKES,QLD,-18.130,139.960,Delivery Area
4823,TALDORA,QLD,-18.130,139.960,Delivery Area
4823,WARBURTON,QLD,-18.130,139.960,Delivery Area
4824,CLONCURRY,QLD,-20.700,140.510,Delivery Area
4824,FOUR WAYS,QLD,-20.700,140.510,Delivery Area
4824,GIDYA,QLD,-20.700,140.510,Delivery Area
4824,KURIDALA,QLD,-20.700,140.510,Delivery Area
4824,SELWYN,QLD,,,Delivery Area
4824,THREE RIVERS,QLD,-20.700,140.510,Delivery Area
4825,ALPURRURULAM,NT,-21.160,149.100,Delivery Area
4825,BARKLY,QLD,-21.160,149.100,Delivery Area
4825,BREAKAWAY,QLD,-21.160,149.100,Delivery Area
4825,BUCKINGHAM,QLD,-21.160,149.100,Delivery Area
4825,CARRANDOTTA,QLD,-21.160,149.100,Delivery Area
4825,DAJARRA,QLD,-21.160,149.100,Delivery Area
4825,DUCHESS,QLD,-21.160,149.100,Delivery Area
4825,FIELDING,QLD,-21.160,149.100,Delivery Area
4825,FISHER,QLD,-21.160,149.100,Delivery Area
4825,GEORGINA,QLD,-21.160,149.100,Delivery Area
4825,GUNPOWDER,QLD,-21.160,149.100,Delivery Area
4825,HAPPY VALLEY,QLD,-21.160,149.100,Delivery Area
4825,HEALY,QLD,-21.160,149.100,Delivery Area
4825,KALKADOON,QLD,-21.160,149.100,Delivery Area
4825,LANSKEY,QLD,-21.160,149.100,Delivery Area
4825,LAWN HILL,QLD,-21.160,149.100,Delivery Area
4825,MENZIES,QLD,-21.160,149.100,Delivery Area
4825,MICA CREEK,QLD,-21.160,149.100,Delivery Area
4825,MILES END,QLD,-21.160,149.100,Delivery Area
4825,MORNINGTON,QLD,-21.160,149.100,Delivery Area
4825,MOUNT ISA,QLD,-21.160,149.100,Delivery Area
4825,MOUNT ISA CITY,QLD,-21.160,149.100,Delivery Area
4825,MOUNT ISA DC,QLD,-21.160,149.100,Delivery Area
4825,MOUNT ISA EAST,QLD,-21.160,149.100,Delivery Area
4825,PARKSIDE,QLD,-21.160,149.100,Delivery Area
4825,PIONEER,QLD,-21.160,149.100,Delivery Area
4825,PITURIE,QLD,-21.160,149.100,Delivery Area
4825,RANKEN,NT,-21.160,149.100,Delivery Area
4825,RYAN,QLD,-21.160,149.100,Delivery Area
4825,SOLDIERS HILL,QLD,-21.160,149.100,Delivery Area
4825,SPREADBOROUGH,QLD,-21.160,149.100,Delivery Area
4825,SUNSET,QLD,-21.160,149.100,Delivery Area
4825,THE GAP,QLD,-21.160,149.100,Delivery Area
4825,TOWNVIEW,QLD,-21.160,149.100,Delivery Area
4825,WAVERLEY,QLD,-21.160,149.100,Delivery Area
4825,WINSTON,QLD,-21.160,149.100,Delivery Area
4828,CAMOOWEAL,QLD,-19.920,138.120,Delivery Area
4829,AMAROO,QLD,-23.390,139.670,Delivery Area
4829,BEDOURIE,QLD,-23.390,139.670,Delivery Area
4829,BOULIA,QLD,-23.390,139.670,Delivery Area
4829,MIN MIN,QLD,-23.390,139.670,Delivery Area
4829,STURT,QLD,-23.390,139.670,Delivery Area
4829,TOKO,QLD,-23.390,139.670,Delivery Area
4829,WARENDA,QLD,-23.390,139.670,Delivery Area
4829,WILLS,QLD,-23.390,139.670,Delivery Area
4830,BURKETOWN,QLD,-17.740,139.550,Delivery Area
4830,DOOMADGEE,QLD,-17.740,139.550,Delivery Area
4830,GANGALIDDA,QLD,,,Delivery Area
4830,GREGORY,QLD,-17.740,139.550,Delivery Area
4830,NICHOLSON,QLD,-17.740,139.550,Delivery Area
4849,CARDWELL,QLD,-18.270,146.030,Delivery Area
4849,CARRUCHAN,QLD,,,Delivery Area
4849,DAMPER CREEK,QLD,-18.270,146.030,Delivery Area
4849,ELLERBECK,QLD,,,Delivery Area
4849,HINCHINBROOK,QLD,-18.270,146.030,Delivery Area
4849,KENNEDY,QLD,,,Delivery Area
4849,LUMHOLTZ,QLD,-18.270,146.030,Delivery Area
4849,RUNGOO,QLD,-18.270,146.030,Delivery Area
4850,ABERGOWRIE,QLD,-18.470,145.890,Delivery Area
4850,ALLINGHAM,QLD,-18.470,145.890,Delivery Area
4850,BAMBAROO,QLD,-18.470,145.890,Delivery Area
4850,BEMERSIDE,QLD,-18.470,145.890,Delivery Area
4850,BLACKROCK,QLD,-18.470,145.890,Delivery Area
4850,BRAEMEADOWS,QLD,-18.470,145.890,Delivery Area
4850,COOLBIE,QLD,-18.470,145.890,Delivery Area
4850,CORDELIA,QLD,-18.470,145.890,Delivery Area
4850,DALRYMPLE CREEK,QLD,-18.470,145.890,Delivery Area
4850,FORESTHOME,QLD,-18.470,145.890,Delivery Area
4850,FORREST BEACH,QLD,-18.470,145.890,Delivery Area
4850,GAIRLOCH,QLD,-18.470,145.890,Delivery Area
4850,GARRAWALT,QLD,-18.470,145.890,Delivery Area
4850,HALIFAX,QLD,-18.470,145.890,Delivery Area
4850,HAWKINS CREEK,QLD,-18.470,145.890,Delivery Area
4850,HELENS HILL,QLD,-18.470,145.890,Delivery Area
4850,INGHAM,QLD,-18.470,145.890,Delivery Area
4850,LANNERCOST,QLD,-18.470,145.890,Delivery Area
4850,LONG POCKET,QLD,-18.470,145.890,Delivery Area
4850,LUCINDA,QLD,-18.470,145.890,Delivery Area
4850,MACKNADE,QLD,-18.470,145.890,Delivery Area
4850,MOUNT FOX,QLD,-18.470,145.890,Delivery Area
4850,ORIENT,QLD,-18.470,145.890,Delivery Area
4850,PEACOCK SIDING,QLD,-18.470,145.890,Delivery Area
4850,TAYLORS BEACH,QLD,-18.470,145.890,Delivery Area
4850,TOOBANNA,QLD,-18.470,145.890,Delivery Area
4850,TREBONNE,QLD,-18.470,145.890,Delivery Area
4850,UPPER STONE,QLD,-18.470,145.890,Delivery Area
4850,VALLEY OF LAGOONS,QLD,-18.470,145.890,Delivery Area
4850,VICTORIA PLANTATION,QLD,-18.470,145.890,Delivery Area
4850,WALLAMAN,QLD,-18.470,145.890,Delivery Area
4850,WHARPS,QLD,-18.470,145.890,Delivery Area
4850,YURUGA,QLD,-18.470,145.890,Delivery Area
4852,BINGIL BAY,QLD,-17.830,146.100,Delivery Area
4852,CARMOO,QLD,-17.830,146.100,Delivery Area
4852,DJIRU,QLD,-17.830,146.100,Delivery Area
4852,DUNK,QLD,-17.830,146.100,Delivery Area
4852,GARNERS BEACH,QLD,-17.830,146.100,Delivery Area
4852,MIDGEREE BAR,QLD,-17.830,146.100,Delivery Area
4852,MISSION BEACH,QLD,-17.830,146.100,Delivery Area
4852,SOUTH MISSION BEACH,QLD,-17.830,146.100,Delivery Area
4852,WONGALING BEACH,QLD,-17.830,146.100,Delivery Area
4854,BILYANA,QLD,-18.120,145.910,Delivery Area
4854,BIRKALLA,QLD,-18.120,145.910,Delivery Area
4854,BULGUN,QLD,-18.120,145.910,Delivery Area
4854,CARDSTONE,QLD,-18.120,145.910,Delivery Area
4854,DINGO POCKET,QLD,-18.120,145.910,Delivery Area
4854,DJARAWONG,QLD,-18.120,145.910,Delivery Area
4854,EAST FELUGA,QLD,-18.120,145.910,Delivery Area
4854,EURAMO,QLD,-18.120,145.910,Delivery Area
4854,FELUGA,QLD,-18.120,145.910,Delivery Area
4854,HULL HEADS,QLD,-18.120,145.910,Delivery Area
4854,JARRA CREEK,QLD,-18.120,145.910,Delivery Area
4854,KOOROOMOOL,QLD,-18.120,145.910,Delivery Area
4854,LOWER TULLY,QLD,-18.120,145.910,Delivery Area
4854,MERRYBURN,QLD,-18.120,145.910,Delivery Area
4854,MIDGENOO,QLD,-18.120,145.910,Delivery Area
4854,MOUNT MACKAY,QLD,-18.120,145.910,Delivery Area
4854,MUNRO PLAINS,QLD,-18.120,145.910,Delivery Area
4854,MURRAY UPPER,QLD,-18.120,145.910,Delivery Area
4854,MURRIGAL,QLD,-18.120,145.910,Delivery Area
4854,ROCKINGHAM,QLD,-18.120,145.910,Delivery Area
4854,SILKY OAK,QLD,-18.120,145.910,Delivery Area
4854,TULLY,QLD,-18.120,145.910,Delivery Area
4854,TULLY HEADS,QLD,-18.120,145.910,Delivery Area
4854,WALTER HILL,QLD,-18.120,145.910,Delivery Area
4854,WARRAMI,QLD,-18.120,145.910,Delivery Area
4855,DAVESON,QLD,-17.790,146.020,Delivery Area
4855,EL ARISH,QLD,-17.790,146.020,Delivery Area
4855,FRIDAY POCKET,QLD,-17.790,146.020,Delivery Area
4855,GRANADILLA,QLD,-17.790,146.020,Delivery Area
4855,GULNGAI,QLD,,,Delivery Area
4855,JAFFA,QLD,-17.790,146.020,Delivery Area
4855,MAADI,QLD,-17.790,146.020,Delivery Area
4855,MARIA CREEKS,QLD,-17.790,146.020,Delivery Area
4855,SHELL POCKET,QLD,-17.790,146.020,Delivery Area
4856,GOOLBOO,QLD,-17.720,146.030,Delivery Area
4856,JAPOONVALE,QLD,-17.720,146.030,Delivery Area
4856,MCCUTCHEON,QLD,-17.720,146.030,Delivery Area
4856,NO 4 BRANCH,QLD,-17.720,146.030,Delivery Area
4856,NO 5 BRANCH,QLD,-17.720,146.030,Delivery Area
4856,SILKWOOD,QLD,-17.720,146.030,Delivery Area
4856,WALTER LEVER ESTATE,QLD,-17.720,146.030,Delivery Area
4858,COMOON LOOP,QLD,-17.570,146.040,Delivery Area
4858,ETTY BAY,QLD,-17.570,146.040,Delivery Area
4858,MARTYVILLE,QLD,-17.570,146.040,Delivery Area
4858,MOURILYAN,QLD,-17.570,146.040,Delivery Area
4858,MOURILYAN HARBOUR,QLD,-17.570,146.040,Delivery Area
4858,NEW HARBOURLINE,QLD,-17.570,146.040,Delivery Area
4859,NO 6 BRANCH,QLD,-17.600,145.970,Delivery Area
4859,SOUTH JOHNSTONE,QLD,-17.600,145.970,Delivery Area
4860,BAMBOO CREEK,QLD,-17.560,146.000,Delivery Area
4860,BELVEDERE,QLD,-17.560,146.000,Delivery Area
4860,COCONUTS,QLD,-17.560,146.000,Delivery Area
4860,COOROO LANDS,QLD,-17.560,146.000,Delivery Area
4860,COORUMBA,QLD,-17.560,146.000,Delivery Area
4860,COQUETTE POINT,QLD,-17.560,146.000,Delivery Area
4860,CULLINANE,QLD,-17.560,146.000,Delivery Area
4860,DARADGEE,QLD,-17.560,146.000,Delivery Area
4860,EAST INNISFAIL,QLD,-17.560,146.000,Delivery Area
4860,EAST PALMERSTON,QLD,-17.560,146.000,Delivery Area
4860,EATON,QLD,-17.560,146.000,Delivery Area
4860,EUBENANGEE,QLD,-17.560,146.000,Delivery Area
4860,FITZGERALD CREEK,QLD,-17.560,146.000,Delivery Area
4860,FLYING FISH POINT,QLD,-17.560,146.000,Delivery Area
4860,GARRADUNGA,QLD,-17.560,146.000,Delivery Area
4860,GOONDI,QLD,-17.560,146.000,Delivery Area
4860,GOONDI BEND,QLD,-17.560,146.000,Delivery Area
4860,GOONDI HILL,QLD,-17.560,146.000,Delivery Area
4860,HUDSON,QLD,-17.560,146.000,Delivery Area
4860,INNISFAIL,QLD,-17.560,146.000,Delivery Area
4860,INNISFAIL ESTATE,QLD,-17.560,146.000,Delivery Area
4860,JUBILEE HEIGHTS,QLD,-17.560,146.000,Delivery Area
4860,MIGHELL,QLD,-17.560,146.000,Delivery Area
4860,MUNDOO,QLD,-17.560,146.000,Delivery Area
4860,NERADA,QLD,-17.560,146.000,Delivery Area
4860,NGATJAN,QLD,-17.560,146.000,Delivery Area
4860,PALMERSTON,QLD,-17.560,146.000,Delivery Area
4860,PIN GIN HILL,QLD,-17.560,146.000,Delivery Area
4860,SOUTH INNISFAIL,QLD,-17.560,146.000,Delivery Area
4860,STOTERS HILL,QLD,-17.560,146.000,Delivery Area
4860,SUNDOWN,QLD,-17.560,146.000,Delivery Area
4860,UPPER DARADGEE,QLD,-17.560,146.000,Delivery Area
4860,VASA VIEWS,QLD,-17.560,146.000,Delivery Area
4860,WANJURU,QLD,-17.560,146.000,Delivery Area
4860,WEBB,QLD,-17.560,146.000,Delivery Area
4860,WOOROONOORAN,QLD,-17.560,146.000,Delivery Area
4861,BABINDA,QLD,-17.340,145.920,Delivery Area
4861,BARTLE FRERE,QLD,-17.340,145.920,Delivery Area
4861,EAST RUSSELL,QLD,-17.340,145.920,Delivery Area
4865,GOLDSBOROUGH,QLD,-17.150,145.740,Delivery Area
4865,GORDONVALE,QLD,-17.150,145.740,Delivery Area
4865,GREEN HILL,QLD,-17.150,145.740,Delivery Area
4865,LITTLE MULGRAVE,QLD,-17.150,145.740,Delivery Area
4865,PACKERS CAMP,QLD,-17.150,145.740,Delivery Area
4868,BAYVIEW HEIGHTS,QLD,-16.960,145.730,Delivery Area
4868,MOUNT SHERIDAN,QLD,-16.960,145.730,Delivery Area
4868,WHITE ROCK,QLD,-16.960,145.730,Delivery Area
4868,WOREE,QLD,-16.960,145.730,Delivery Area
4869,BENTLEY PARK,QLD,-17.000,145.740,Delivery Area
4869,EDMONTON,QLD,-17.000,145.740,Delivery Area
4869,MOUNT PETER,QLD,-17.000,145.740,Delivery Area
4869,WRIGHTS CREEK,QLD,-17.000,145.740,Delivery Area
4870,AEROGLEN,QLD,-16.880,145.750,Delivery Area
4870,BARRON GORGE,QLD,-16.880,145.750,Delivery Area
4870,BRINSMEAD,QLD,-16.880,145.750,Delivery Area
4870,BUNGALOW,QLD,-16.880,145.750,Delivery Area
4870,CAIRNS,QLD,-16.880,145.750,Delivery Area
4870,CAIRNS CITY,QLD,-16.880,145.750,Delivery Area
4870,CAIRNS DC,QLD,-16.880,145.750,Delivery Area
4870,CAIRNS MC,QLD,-16.880,145.750,Delivery Area
4870,CAIRNS MCLEOD STREET,QLD,,,Delivery Area
4870,CAIRNS NORTH,QLD,-16.880,145.750,Delivery Area
4870,EARLVILLE,QLD,-16.880,145.750,Delivery Area
4870,EDGE HILL,QLD,-16.880,145.750,Delivery Area
4870,FRESHWATER,QLD,-16.880,145.750,Delivery Area
4870,KAMERUNGA,QLD,-16.880,145.750,Delivery Area
4870,KANIMBLA,QLD,-16.880,145.750,Delivery Area
4870,LAMB RANGE,QLD,-16.880,145.750,Delivery Area
4870,MANOORA,QLD,-16.880,145.750,Delivery Area
4870,MANUNDA,QLD,-16.880,145.750,Delivery Area
4870,MOOROOBOOL,QLD,-16.880,145.750,Delivery Area
4870,PARRAMATTA PARK,QLD,-16.880,145.750,Delivery Area
4870,PORTSMITH,QLD,-16.880,145.750,Delivery Area
4870,REDLYNCH,QLD,-16.880,145.750,Delivery Area
4870,STRATFORD,QLD,-16.880,145.750,Delivery Area
4870,WESTCOURT,QLD,-16.880,145.750,Delivery Area
4870,WHITFIELD,QLD,-16.880,145.750,Delivery Area
4871,ALMADEN,QLD,-17.610,143.190,Delivery Area
4871,ALOOMBA,QLD,-17.610,143.190,Delivery Area
4871,AMBER,QLD,-17.610,143.190,Delivery Area
4871,BASILISK,QLD,-17.610,143.190,Delivery Area
4871,BELLENDEN KER,QLD,-17.610,143.190,Delivery Area
4871,BLACKBULL,QLD,-17.610,143.190,Delivery Area
4871,BOLWARRA,QLD,-17.610,143.190,Delivery Area
4871,BOMBEETA,QLD,-17.610,143.190,Delivery Area
4871,BOOGAN,QLD,-17.610,143.190,Delivery Area
4871,BRAMSTON BEACH,QLD,-17.610,143.190,Delivery Area
4871,BULLERINGA,QLD,-17.610,143.190,Delivery Area
4871,CAMP CREEK,QLD,-17.610,143.190,Delivery Area
4871,CHILLAGOE,QLD,-17.610,143.190,Delivery Area
4871,CLARAVILLE,QLD,-17.610,143.190,Delivery Area
4871,CONJUBOY,QLD,-17.610,143.190,Delivery Area
4871,CORALIE,QLD,-17.610,143.190,Delivery Area
4871,COWLEY,QLD,-17.610,143.190,Delivery Area
4871,COWLEY BEACH,QLD,-17.610,143.190,Delivery Area
4871,COWLEY CREEK,QLD,-17.610,143.190,Delivery Area
4871,CROYDON,QLD,-17.610,143.190,Delivery Area
4871,CRYSTALBROOK,QLD,-17.610,143.190,Delivery Area
4871,CURRAJAH,QLD,-17.610,143.190,Delivery Area
4871,DEERAL,QLD,-17.610,143.190,Delivery Area
4871,DESAILLY,QLD,-17.610,143.190,Delivery Area
4871,EAST CREEK,QLD,-17.610,143.190,Delivery Area
4871,EAST TRINITY,QLD,-17.610,143.190,Delivery Area
4871,EINASLEIGH,QLD,-17.610,143.190,Delivery Area
4871,ESMERALDA,QLD,-17.610,143.190,Delivery Area
4871,FISHERY FALLS,QLD,-17.610,143.190,Delivery Area
4871,FITZROY ISLAND,QLD,-17.610,143.190,Delivery Area
4871,FORSAYTH,QLD,-17.610,143.190,Delivery Area
4871,FOSSILBROOK,QLD,-17.610,143.190,Delivery Area
4871,GEORGETOWN,QLD,-17.610,143.190,Delivery Area
4871,GERMANTOWN,QLD,-17.610,143.190,Delivery Area
4871,GILBERT RIVER,QLD,-17.610,143.190,Delivery Area
4871,GILBERTON,QLD,,,Delivery Area
4871,GLEN BOUGHTON,QLD,-17.610,143.190,Delivery Area
4871,GREEN ISLAND,QLD,-17.610,143.190,Delivery Area
4871,HURRICANE,QLD,-17.610,143.190,Delivery Area
4871,JULATTEN,QLD,-17.610,143.190,Delivery Area
4871,KARRON,QLD,-17.610,143.190,Delivery Area
4871,KURRIMINE BEACH,QLD,-17.610,143.190,Delivery Area
4871,LAKELAND,QLD,-17.610,143.190,Delivery Area
4871,LAKELAND DOWNS,QLD,-17.610,143.190,Delivery Area
4871,LOWER COWLEY,QLD,-17.610,143.190,Delivery Area
4871,LYNDHURST,QLD,-17.610,143.190,Delivery Area
4871,MACALISTER RANGE,QLD,-17.610,143.190,Delivery Area
4871,MAMU,QLD,,,Delivery Area
4871,MENA CREEK,QLD,-17.610,143.190,Delivery Area
4871,MIRRIWINNI,QLD,,,Delivery Area
4871,MORESBY,QLD,-17.610,143.190,Delivery Area
4871,MOUNT CARBINE,QLD,-17.610,143.190,Delivery Area
4871,MOUNT MOLLOY,QLD,-17.610,143.190,Delivery Area
4871,MOUNT MULLIGAN,QLD,-17.610,143.190,Delivery Area
4871,MOUNT SURPRISE,QLD,-17.610,143.190,Delivery Area
4871,NORTHHEAD,QLD,-17.610,143.190,Delivery Area
4871,NYCHUM,QLD,-17.610,143.190,Delivery Area
4871,PETFORD,QLD,-17.610,143.190,Delivery Area
4871,PORTLAND ROADS,QLD,-17.610,143.190,Delivery Area
4871,ROOKWOOD,QLD,-17.610,143.190,Delivery Area
4871,SANDY POCKET,QLD,-17.610,143.190,Delivery Area
4871,SOUTHEDGE,QLD,-17.610,143.190,Delivery Area
4871,SPRINGFIELD,QLD,-17.610,143.190,Delivery Area
4871,STOCKTON,QLD,-17.610,143.190,Delivery Area
4871,STRATHMORE,QLD,-17.610,143.190,Delivery Area
4871,TALAROO,QLD,-17.610,143.190,Delivery Area
4871,THORNBOROUGH,QLD,-17.610,143.190,Delivery Area
4871,UTCHEE CREEK,QLD,-17.610,143.190,Delivery Area
4871,WANGAN,QLD,-17.610,143.190,Delivery Area
4871,WARRUBULLEN,QLD,-17.610,143.190,Delivery Area
4871,WAUGH POCKET,QLD,-17.610,143.190,Delivery Area
4871,WOOPEN CREEK,QLD,-17.610,143.190,Delivery Area
4871,YARRABAH,QLD,-17.610,143.190,Delivery Area
4872,BARRINE,QLD,-17.230,145.620,Delivery Area
4872,BARWIDGI,QLD,-17.230,145.620,Delivery Area
4872,CAIRNS MC,QLD,-17.230,145.620,Delivery Area
4872,DANBULLA,QLD,-17.230,145.620,Delivery Area
4872,DIMBULAH,QLD,-17.230,145.620,Delivery Area
4872,FORTY MILE,QLD,-17.230,145.620,Delivery Area
4872,GLEN RUTH,QLD,-17.230,145.620,Delivery Area
4872,GUNNAWARRA,QLD,-17.230,145.620,Delivery Area
4872,INNOT HOT SPRINGS,QLD,-17.230,145.620,Delivery Area
4872,KAIRI,QLD,-17.230,145.620,Delivery Area
4872,KIRRAMA,QLD,-17.230,145.620,Delivery Area
4872,KOOMBOOLOOMBA,QLD,-17.230,145.620,Delivery Area
4872,LAKE TINAROO,QLD,-17.230,145.620,Delivery Area
4872,MINNAMOOLKA,QLD,-17.230,145.620,Delivery Area
4872,MOUNT GARNET,QLD,-17.230,145.620,Delivery Area
4872,MUNDERRA,QLD,-17.230,145.620,Delivery Area
4872,MUTCHILBA,QLD,-17.230,145.620,Delivery Area
4872,SILVER VALLEY,QLD,-17.230,145.620,Delivery Area
4872,TINAROO,QLD,-17.230,145.620,Delivery Area
4872,WAIRUNA,QLD,-17.230,145.620,Delivery Area
4872,WALKAMIN,QLD,-17.230,145.620,Delivery Area
4873,BAMBOO,QLD,-16.370,145.380,Delivery Area
4873,BONNIE DOON,QLD,-16.370,145.380,Delivery Area
4873,CAPE TRIBULATION,QLD,-16.370,145.380,Delivery Area
4873,CASSOWARY,QLD,-16.370,145.380,Delivery Area
4873,COOYA BEACH,QLD,-16.370,145.380,Delivery Area
4873,COW BAY,QLD,-16.370,145.380,Delivery Area
4873,DAGMAR,QLD,-16.370,145.380,Delivery Area
4873,DAINTREE,QLD,-16.370,145.380,Delivery Area
4873,DEDIN,QLD,-16.370,145.380,Delivery Area
4873,DIWAN,QLD,-16.370,145.380,Delivery Area
4873,FINLAYVALE,QLD,,,Delivery Area
4873,FOREST CREEK,QLD,-16.370,145.380,Delivery Area
4873,KIMBERLEY,QLD,-16.370,145.380,Delivery Area
4873,LOW ISLES,QLD,-16.370,145.380,Delivery Area
4873,LOWER DAINTREE,QLD,-16.370,145.380,Delivery Area
4873,MIALLO,QLD,-16.370,145.380,Delivery Area
4873,MOSSMAN,QLD,-16.370,145.380,Delivery Area
4873,MOSSMAN GORGE,QLD,-16.370,145.380,Delivery Area
4873,NEWELL,QLD,-16.370,145.380,Delivery Area
4873,NOAH,QLD,-16.370,145.380,Delivery Area
4873,ROCKY POINT,QLD,-16.370,145.380,Delivery Area
4873,SHANNONVALE,QLD,-16.370,145.380,Delivery Area
4873,SPURGEON,QLD,-16.370,145.380,Delivery Area
4873,STEWART CREEK VALLEY,QLD,-16.370,145.380,Delivery Area
4873,SYNDICATE,QLD,-16.370,145.380,Delivery Area
4873,THORNTON BEACH,QLD,-16.370,145.380,Delivery Area
4873,UPPER DAINTREE,QLD,-16.370,145.380,Delivery Area
4873,WHYANBEEL,QLD,-16.370,145.380,Delivery Area
4873,WONGA BEACH,QLD,,,Delivery Area
4874,EVANS LANDING,QLD,-12.660,141.850,Delivery Area
4874,JARDINE RIVER,QLD,-12.660,141.850,Delivery Area
4874,MAPOON,QLD,-12.660,141.850,Delivery Area
4874,MISSION RIVER,QLD,-12.660,141.850,Delivery Area
4874,NANUM,QLD,-12.660,141.850,Delivery Area
4874,NAPRANUM,QLD,-12.660,141.850,Delivery Area
4874,ROCKY POINT,QLD,-12.660,141.850,Delivery Area
4874,SHELBURNE,QLD,-12.660,141.850,Delivery Area
4874,TRUNDING,QLD,-12.660,141.850,Delivery Area
4874,WEIPA,QLD,-12.660,141.850,Delivery Area
4874,WEIPA AIRPORT,QLD,-12.660,141.850,Delivery Area
4874,WENLOCK,QLD,-12.660,141.850,Delivery Area
4875,BADU ISLAND,QLD,-10.120,142.140,Delivery Area
4875,BOIGU ISLAND,QLD,-10.120,142.140,Delivery Area
4875,BURRAR ISLET,QLD,,,Delivery Area
4875,COCONUT ISLAND,QLD,-10.120,142.140,Delivery Area
4875,DAUAN ISLAND,QLD,-10.120,142.140,Delivery Area
4875,DOWAR ISLET,QLD,,,Delivery Area
4875,ERUB ISLAND,QLD,,,Delivery Area
4875,GUIJAR ISLET,QLD,,,Delivery Area
4875,HORN,QLD,,,Delivery Area
4875,IAMA ISLAND,QLD,,,Delivery Area
4875,KERIRI ISLAND,QLD,,,Delivery Area
4875,KUBIN,QLD,,,Delivery Area
4875,MABUIAG ISLAND,QLD,-10.120,142.140,Delivery Area
4875,MASIG ISLAND,QLD,,,Delivery Area
4875,MER ISLAND,QLD,,,Delivery Area
4875,MOA ISLAND,QLD,-10.120,142.140,Delivery Area
4875,MURRAY ISLAND,QLD,-10.120,142.140,Delivery Area
4875,PORUMA ISLAND,QLD,,,Delivery Area
4875,PRINCE OF WALES,QLD,,,Delivery Area
4875,SAIBAI ISLAND,QLD,-10.120,142.140,Delivery Area
4875,STEPHENS ISLAND,QLD,-10.120,142.140,Delivery Area
4875,THURSDAY ISLAND,QLD,-10.120,142.140,Delivery Area
4875,UGAR ISLAND,QLD,,,Delivery Area
4875,WARRABER ISLET,QLD,,,Delivery Area
4875,WAUA ISLET,QLD,,,Delivery Area
4875,YAM ISLAND,QLD,-10.120,142.140,Delivery Area
4875,YORKE ISLAND,QLD,-10.120,142.140,Delivery Area
4876,BAMAGA,QLD,-10.850,142.430,Delivery Area
4876,INJINOO,QLD,-10.850,142.430,Delivery Area
4876,NEW MAPOON,QLD,-10.850,142.430,Delivery Area
4876,PUNSAND,QLD,,,Delivery Area
4876,SEISIA,QLD,-10.850,142.430,Delivery Area
4876,SOMERSET,QLD,,,Delivery Area
4876,UMAGICO,QLD,-10.850,142.430,Delivery Area
4877,CRAIGLIE,QLD,-16.540,145.470,Delivery Area
4877,KILLALOE,QLD,-16.540,145.470,Delivery Area
4877,MOWBRAY,QLD,-16.540,145.470,Delivery Area
4877,OAK BEACH,QLD,-16.540,145.470,Delivery Area
4877,PORT DOUGLAS,QLD,-16.540,145.470,Delivery Area
4877,WANGETTI,QLD,-16.540,145.470,Delivery Area
4878,BARRON,QLD,-16.840,145.710,Delivery Area
4878,CARAVONICA,QLD,-16.840,145.710,Delivery Area
4878,HOLLOWAYS BEACH,QLD,-16.840,145.710,Delivery Area
4878,MACHANS BEACH,QLD,-16.840,145.710,Delivery Area
4878,SMITHFIELD,QLD,-16.840,145.710,Delivery Area
4878,YORKEYS KNOB,QLD,-16.840,145.710,Delivery Area
4879,CLIFTON BEACH,QLD,-16.770,145.670,Delivery Area
4879,ELLIS BEACH,QLD,-16.770,145.670,Delivery Area
4879,KEWARRA BEACH,QLD,-16.770,145.670,Delivery Area
4879,PALM COVE,QLD,-16.770,145.670,Delivery Area
4879,TRINITY BEACH,QLD,-16.770,145.670,Delivery Area
4879,TRINITY PARK,QLD,-16.770,145.670,Delivery Area
4880,ARRIGA,QLD,-17.110,145.300,Delivery Area
4880,BIBOOHRA,QLD,-17.110,145.300,Delivery Area
4880,CHEWKO,QLD,-17.110,145.300,Delivery Area
4880,GLEN RUSSELL,QLD,-17.110,145.300,Delivery Area
4880,MAREEBA,QLD,-17.110,145.300,Delivery Area
4880,PADDYS GREEN,QLD,-17.110,145.300,Delivery Area
4881,KOAH,QLD,-16.820,145.510,Delivery Area
4881,KURANDA,QLD,-16.820,145.510,Delivery Area
4881,MONA MONA,QLD,-16.820,145.510,Delivery Area
4881,SPEEWAH,QLD,-16.820,145.510,Delivery Area
4882,TOLGA,QLD,-17.190,145.460,Delivery Area
4883,ATHERTON,QLD,-17.270,145.470,Delivery Area
4883,CARRINGTON,QLD,-17.270,145.470,Delivery Area
4883,EAST BARRON,QLD,-17.270,145.470,Delivery Area
4883,UPPER BARRON,QLD,-17.270,145.470,Delivery Area
4883,WONGABEL,QLD,-17.270,145.470,Delivery Area
4884,GADGARRA,QLD,-17.220,145.700,Delivery Area
4884,LAKE BARRINE,QLD,-17.220,145.700,Delivery Area
4884,LAKE EACHAM,QLD,-17.220,145.700,Delivery Area
4884,YUNGABURRA,QLD,-17.220,145.700,Delivery Area
4885,BUTCHERS CREEK,QLD,-17.360,145.690,Delivery Area
4885,GLEN ALLYN,QLD,-17.360,145.690,Delivery Area
4885,JAGGAN,QLD,-17.360,145.690,Delivery Area
4885,KUREEN,QLD,-17.360,145.690,Delivery Area
4885,MALANDA,QLD,-17.360,145.690,Delivery Area
4885,NORTH JOHNSTONE,QLD,-17.360,145.690,Delivery Area
4885,PEERAMON,QLD,-17.360,145.690,Delivery Area
4885,TARZALI,QLD,-17.360,145.690,Delivery Area
4885,TOPAZ,QLD,-17.360,145.690,Delivery Area
4886,BEATRICE,QLD,-17.540,145.610,Delivery Area
4886,ELLINJAA,QLD,-17.540,145.610,Delivery Area
4886,MAALAN,QLD,-17.540,145.610,Delivery Area
4886,MIDDLEBROOK,QLD,-17.540,145.610,Delivery Area
4886,MILLAA MILLAA,QLD,-17.540,145.610,Delivery Area
4886,MINBUN,QLD,-17.540,145.610,Delivery Area
4886,MOREGATTA,QLD,-17.540,145.610,Delivery Area
4886,MUNGALLI,QLD,-17.540,145.610,Delivery Area
4887,HERBERTON,QLD,-17.380,145.390,Delivery Area
4887,IRVINEBANK,QLD,-17.380,145.390,Delivery Area
4887,KALUNGA,QLD,-17.380,145.390,Delivery Area
4887,MOOMIN,QLD,-17.380,145.390,Delivery Area
4887,WATSONVILLE,QLD,-17.380,145.390,Delivery Area
4887,WONDECLA,QLD,-17.380,145.390,Delivery Area
4888,EVELYN,QLD,-17.500,145.490,Delivery Area
4888,KABAN,QLD,-17.500,145.490,Delivery Area
4888,MILLSTREAM,QLD,-17.500,145.490,Delivery Area
4888,RAVENSHOE,QLD,-17.500,145.490,Delivery Area
4888,TUMOULIN,QLD,-17.500,145.490,Delivery Area
4890,HOWITT,QLD,-17.280,141.630,Delivery Area
4890,NORMANTON,QLD,-17.280,141.630,Delivery Area
4891,KARUMBA,QLD,-17.480,140.840,Delivery Area
4892,ABINGDON DOWNS,QLD,,,Delivery Area
4892,ARBOUIN,QLD,,,Delivery Area
4892,ARCHER RIVER,QLD,,,Delivery Area
4892,AURUKUN,QLD,,,Delivery Area
4892,BELLEVUE,QLD,,,Delivery Area
4892,COEN,QLD,,,Delivery Area
4892,DIXIE,QLD,,,Delivery Area
4892,EDWARD RIVER,QLD,,,Delivery Area
4892,GAMBOOLA,QLD,,,Delivery Area
4892,GROGANVILLE,QLD,,,Delivery Area
4892,GUNUNA,QLD,,,Delivery Area
4892,HIGHBURY,QLD,,,Delivery Area
4892,HOLROYD RIVER,QLD,,,Delivery Area
4892,IRON RANGE,QLD,,,Delivery Area
4892,KOWANYAMA,QLD,,,Delivery Area
4892,LAKEFIELD,QLD,,,Delivery Area
4892,LAURA,QLD,,,Delivery Area
4892,LIZARD,QLD,,,Delivery Area
4892,LOCKHART RIVER,QLD,,,Delivery Area
4892,LYNDSIDE,QLD,,,Delivery Area
4892,MARAMIE,QLD,,,Delivery Area
4892,MOUNT MULGRAVE,QLD,,,Delivery Area
4892,PALMER,QLD,,,Delivery Area
4892,PORMPURAAW,QLD,,,Delivery Area
4892,RAVENSWORTH,QLD,,,Delivery Area
4892,RED RIVER,QLD,,,Delivery Area
4892,SOUTH WELLESLEY ISLANDS,QLD,,,Delivery Area
4892,STAATEN,QLD,,,Delivery Area
4892,WELLESLEY ISLANDS,QLD,,,Delivery Area
4892,WEST WELLESLEY ISLANDS,QLD,,,Delivery Area
4892,WROTHAM,QLD,,,Delivery Area
4892,YAGOONYA,QLD,,,Delivery Area
4892,YARRADEN,QLD,,,Delivery Area
4895,AYTON,QLD,-16.010,145.260,Delivery Area
4895,BLOOMFIELD,QLD,-16.010,145.260,Delivery Area
4895,COOKTOWN,QLD,-16.010,145.260,Delivery Area
4895,DEGARRA,QLD,-16.010,145.260,Delivery Area
4895,HELENVALE,QLD,-16.010,145.260,Delivery Area
4895,HOPE VALE,QLD,-16.010,145.260,Delivery Area
4895,ROSSVILLE,QLD,-16.010,145.260,Delivery Area
4895,STARCKE,QLD,-16.010,145.260,Delivery Area
4895,WUJAL WUJAL,QLD,-16.010,145.260,Delivery Area
