Postcode,Suburb,State,Lat,Lon,Category
3737,ABBEYARD,VIC,-36.980,146.780,Delivery Area
3067,ABBOTSFORD,VIC,-37.800,145.000,Delivery Area
8006,ABECKETT STREET,VIC,-37.810,144.960,Post Office Boxes
3040,ABERFELDIE,VIC,-37.760,144.900,Delivery Area
3825,ABERFELDY,VIC,-37.700,146.360,Delivery Area
3714,ACHERON,VIC,-37.250,145.700,Delivery Area
3833,ADA,VIC,-37.840,145.850,Delivery Area
3984,ADAMS ESTATE,VIC,-38.320,145.540,Delivery Area
3352,ADDINGTON,VIC,-37.380,143.670,Delivery Area
3465,ADELAIDE LEAD,VIC,-37.070,143.680,Delivery Area
3962,AGNES,VIC,-38.670,146.400,Delivery Area
3336,AINTREE,VIC,,,Delivery Area
3237,AIRE VALLEY,VIC,-38.690,143.560,Delivery Area
3231,AIREYS INLET,VIC,-38.460,144.110,Delivery Area
3851,AIRLY,VIC,-38.040,147.080,Delivery Area
3042,AIRPORT WEST,VIC,-37.710,144.890,Delivery Area
3424,ALBACUTYA,VIC,-35.690,141.970,Delivery Area
3021,ALBANVALE,VIC,-37.750,144.770,Delivery Area
3206,ALBERT PARK,VIC,-37.840,144.960,Delivery Area
3971,ALBERTON,VIC,-38.610,146.670,Delivery Area
3971,ALBERTON WEST,VIC,-38.610,146.670,Delivery Area
3020,ALBION,VIC,-37.780,144.820,Delivery Area
3714,ALEXANDRA,VIC,-37.250,145.700,Delivery Area
3350,ALFREDTON,VIC,-37.560,143.820,Delivery Area
3823,ALLAMBEE,VIC,-38.260,146.030,Delivery Area
3871,ALLAMBEE RESERVE,VIC,-38.290,146.050,Delivery Area
3871,ALLAMBEE SOUTH,VIC,-38.290,146.050,Delivery Area
3691,ALLANS FLAT,VIC,-36.280,146.910,Delivery Area
3277,ALLANSFORD,VIC,-38.390,142.590,Delivery Area
3364,ALLENDALE,VIC,-37.370,143.940,Delivery Area
3305,ALLESTREE,VIC,-38.270,141.650,Delivery Area
3465,ALMA,VIC,-37.070,143.680,Delivery Area
3727,ALMONDS,VIC,-36.230,146.060,Delivery Area
3979,ALMURTA,VIC,-38.430,145.560,Delivery Area
3078,ALPHINGTON,VIC,-37.780,145.030,Delivery Area
3018,ALTONA,VIC,-37.870,144.830,Delivery Area
3025,ALTONA EAST,VIC,-37.840,144.860,Delivery Area
3025,ALTONA GATE,VIC,-37.840,144.860,Delivery Area
3028,ALTONA MEADOWS,VIC,-37.870,144.780,Delivery Area
3025,ALTONA NORTH,VIC,-37.840,144.860,Delivery Area
3249,ALVIE,VIC,-38.240,143.480,Delivery Area
3371,AMHERST,VIC,-37.150,143.670,Delivery Area
3825,AMOR,VIC,-37.700,146.360,Delivery Area
3468,AMPHITHEATRE,VIC,-37.180,143.400,Delivery Area
3213,ANAKIE,VIC,,,Delivery Area
3715,ANCONA,VIC,-36.970,145.790,Delivery Area
3995,ANDERSON,VIC,-38.530,145.450,Delivery Area
3898,ANGLERS REST,VIC,-37.020,147.470,Delivery Area
3230,ANGLESEA,VIC,-38.410,144.190,Delivery Area
3549,ANNUELLO,VIC,-34.850,142.830,Delivery Area
3414,ANTWERP,VIC,-36.300,142.020,Delivery Area
3233,APOLLO BAY,VIC,-38.750,143.670,Delivery Area
3579,APPIN,VIC,-35.880,143.870,Delivery Area
3579,APPIN SOUTH,VIC,-35.880,143.870,Delivery Area
3319,APSLEY,VIC,-36.970,141.080,Delivery Area
3409,ARAPILES,VIC,-36.780,141.760,Delivery Area
3377,ARARAT,VIC,-37.280,142.930,Delivery Area
3951,ARAWATA,VIC,-38.390,145.890,Delivery Area
3858,ARBUCKLE,VIC,-37.970,146.690,Delivery Area
3631,ARCADIA,VIC,-36.540,145.360,Delivery Area
3631,ARCADIA SOUTH,VIC,-36.540,145.360,Delivery Area
3475,ARCHDALE,VIC,-36.830,143.500,Delivery Area
3475,ARCHDALE JUNCTION,VIC,-36.830,143.500,Delivery Area
3723,ARCHERTON,VIC,-36.890,146.260,Delivery Area
3995,ARCHIES CREEK,VIC,-38.530,145.450,Delivery Area
3022,ARDEER,VIC,-37.780,144.800,Delivery Area
3629,ARDMONA,VIC,-36.380,145.300,Delivery Area
3480,AREEGRA,VIC,-36.240,142.690,Delivery Area
3523,ARGYLE,VIC,-36.940,144.730,Delivery Area
3143,ARMADALE,VIC,-37.860,145.020,Delivery Area
3143,ARMADALE NORTH,VIC,-37.860,145.020,Delivery Area
3377,ARMSTRONG,VIC,-37.280,142.930,Delivery Area
3217,ARMSTRONG CREEK,VIC,,,Delivery Area
3551,ARNOLD,VIC,-36.690,143.870,Delivery Area
3551,ARNOLD WEST,VIC,-36.690,143.870,Delivery Area
3099,ARTHURS CREEK,VIC,-37.590,145.220,Delivery Area
3936,ARTHURS SEAT,VIC,-38.350,144.950,Delivery Area
3364,ASCOT,VIC,-37.370,143.940,Delivery Area
3551,ASCOT,VIC,-36.690,143.870,Delivery Area
3032,ASCOT VALE,VIC,-37.780,144.920,Delivery Area
3442,ASHBOURNE,VIC,-37.390,144.450,Delivery Area
3147,ASHBURTON,VIC,-37.860,145.080,Delivery Area
3147,ASHWOOD,VIC,-37.860,145.080,Delivery Area
3195,ASPENDALE,VIC,-38.030,145.100,Delivery Area
3195,ASPENDALE GARDENS,VIC,-38.030,145.100,Delivery Area
3818,ATHLONE,VIC,-38.240,145.780,Delivery Area
3049,ATTWOOD,VIC,-37.670,144.890,Delivery Area
3393,AUBREY,VIC,-36.330,142.360,Delivery Area
3123,AUBURN,VIC,-37.830,145.040,Delivery Area
3122,AUBURN SOUTH,VIC,-37.840,145.050,Delivery Area
3570,AUCHMORE,VIC,-36.470,144.110,Delivery Area
3212,AVALON,VIC,-38.020,144.410,Delivery Area
3664,AVENEL,VIC,-36.890,145.230,Delivery Area
3467,AVOCA,VIC,-37.090,143.470,Delivery Area
3477,AVON PLAINS,VIC,0.000,0.000,Delivery Area
3034,AVONDALE HEIGHTS,VIC,-37.740,144.820,Delivery Area
3559,AVONMORE,VIC,-36.530,144.600,Delivery Area
3782,AVONSLEIGH,VIC,-37.920,145.470,Delivery Area
3551,AXE CREEK,VIC,-36.690,143.870,Delivery Area
3551,AXEDALE,VIC,-36.690,143.870,Delivery Area
3268,AYRFORD,VIC,-38.420,142.860,Delivery Area
3340,BACCHUS MARSH,VIC,-37.680,144.440,Delivery Area
3670,BADDAGINNIE,VIC,-36.590,145.860,Delivery Area
3777,BADGER CREEK,VIC,-37.690,145.540,Delivery Area
3579,BAEL BAEL,VIC,-35.880,143.870,Delivery Area
3551,BAGSHOT,VIC,-36.690,143.870,Delivery Area
3551,BAGSHOT NORTH,VIC,-36.690,143.870,Delivery Area
3312,BAHGALLAH,VIC,-37.640,141.370,Delivery Area
3608,BAILIESTON,VIC,-36.700,145.030,Delivery Area
3875,BAIRNSDALE,VIC,-37.830,147.630,Delivery Area
3350,BAKERY HILL,VIC,-37.560,143.820,Delivery Area
3354,BAKERY HILL,VIC,-37.560,143.870,Post Office Boxes
3183,BALACLAVA,VIC,-37.870,145.000,Delivery Area
3364,BALD HILLS,VIC,-37.370,143.940,Delivery Area
3249,BALINTORE,VIC,-38.240,143.480,Delivery Area
3342,BALLAN,VIC,-37.600,144.230,Delivery Area
3279,BALLANGEICH,VIC,-38.210,142.660,Delivery Area
3483,BALLAPUR,VIC,-35.980,142.750,Delivery Area
3350,BALLARAT,VIC,-37.560,143.820,Delivery Area
3353,BALLARAT,VIC,-37.780,144.840,Post Office Boxes
3350,BALLARAT CENTRAL,VIC,-37.560,143.820,Delivery Area
3350,BALLARAT EAST,VIC,-37.560,143.820,Delivery Area
3354,BALLARAT MC,VIC,-37.560,143.870,Post Office Boxes
3350,BALLARAT NORTH,VIC,-37.560,143.820,Delivery Area
3350,BALLARAT WEST,VIC,-37.560,143.820,Delivery Area
3561,BALLENDELLA,VIC,-36.300,144.670,Delivery Area
3340,BALLIANG,VIC,-37.680,144.440,Delivery Area
3340,BALLIANG EAST,VIC,-37.680,144.440,Delivery Area
3375,BALLYROGAN,VIC,-37.430,143.130,Delivery Area
3666,BALMATTUM,VIC,-36.710,145.640,Delivery Area
3407,BALMORAL,VIC,-37.250,141.840,Delivery Area
3926,BALNARRING,VIC,-38.370,145.130,Delivery Area
3926,BALNARRING BEACH,VIC,-38.370,145.130,Delivery Area
3971,BALOOK,VIC,-38.610,146.670,Delivery Area
3103,BALWYN,VIC,-37.810,145.080,Delivery Area
3103,BALWYN EAST,VIC,-37.810,145.080,Delivery Area
3104,BALWYN NORTH,VIC,-37.790,145.070,Delivery Area
3561,BAMAWM,VIC,-36.300,144.670,Delivery Area
3564,BAMAWM EXTENSION,VIC,,,Delivery Area
3241,BAMBRA,VIC,-38.370,143.950,Delivery Area
3333,BAMGANIE,VIC,-37.920,144.030,Delivery Area
3691,BANDIANA,VIC,-36.280,146.910,Delivery Area
3694,BANDIANA MILPO,VIC,-36.140,146.920,Post Office Boxes
3393,BANGERANG,VIC,-36.330,142.360,Delivery Area
3175,BANGHOLME,VIC,-38.030,145.180,Delivery Area
3875,BANKSIA PENINSULA,VIC,-37.830,147.630,Delivery Area
3549,BANNERTON,VIC,-34.850,142.830,Delivery Area
3331,BANNOCKBURN,VIC,-38.050,144.170,Delivery Area
3485,BANYAN,VIC,-35.640,142.770,Delivery Area
3388,BANYENA,VIC,-36.570,142.820,Delivery Area
3084,BANYULE,VIC,-37.740,145.090,Delivery Area
3691,BARANDUDA,VIC,-36.280,146.910,Delivery Area
3220,BAREENA,VIC,-38.180,145.110,Delivery Area
3444,BARFOLD,VIC,-37.090,144.510,Delivery Area
3463,BARINGHUP,VIC,-36.980,143.950,Delivery Area
3463,BARINGHUP WEST,VIC,-36.980,143.950,Delivery Area
3723,BARJARG,VIC,-36.890,146.260,Delivery Area
3451,BARKERS CREEK,VIC,-37.030,144.240,Delivery Area
3384,BARKLY,VIC,-36.980,143.200,Delivery Area
3364,BARKSTEAD,VIC,-37.370,143.940,Delivery Area
3639,BARMAH,VIC,-36.020,144.970,Delivery Area
3557,BARNADOWN,VIC,-36.650,144.510,Delivery Area
3688,BARNAWARTHA,VIC,-36.110,146.670,Delivery Area
3691,BARNAWARTHA NORTH,VIC,-36.280,146.910,Delivery Area
3871,BAROMI,VIC,-38.290,146.050,Delivery Area
3249,BARONGAROOK,VIC,-38.240,143.480,Delivery Area
3249,BARONGAROOK WEST,VIC,-38.240,143.480,Delivery Area
3221,BARRABOOL,VIC,-37.900,144.250,Delivery Area
3525,BARRAKEE,VIC,-36.270,143.430,Delivery Area
3249,BARRAMUNGA,VIC,-38.240,143.480,Delivery Area
3537,BARRAPORT,VIC,-36.010,143.670,Delivery Area
3537,BARRAPORT WEST,VIC,-36.010,143.670,Delivery Area
3458,BARRYS REEF,VIC,-37.450,144.290,Delivery Area
3329,BARUNAH PARK,VIC,-38.020,143.860,Delivery Area
3329,BARUNAH PLAINS,VIC,-38.020,143.860,Delivery Area
3737,BARWIDGEE,VIC,-36.980,146.780,Delivery Area
3722,BARWITE,VIC,-37.010,146.220,Delivery Area
3243,BARWON DOWNS,VIC,-38.470,143.760,Delivery Area
3227,BARWON HEADS,VIC,-38.280,144.490,Delivery Area
3460,BASALT,VIC,-37.310,144.090,Delivery Area
3991,BASS,VIC,-38.480,145.470,Delivery Area
3213,BATESFORD,VIC,,,Delivery Area
3730,BATHUMI,VIC,-36.030,146.080,Delivery Area
3058,BATMAN,VIC,-37.730,144.960,Delivery Area
3833,BAW BAW,VIC,-37.840,145.850,Delivery Area
3833,BAW BAW VILLAGE,VIC,-37.840,145.850,Delivery Area
3911,BAXTER,VIC,-38.200,145.160,Delivery Area
3375,BAYINDEEN,VIC,-37.430,143.130,Delivery Area
3981,BAYLES,VIC,-38.180,145.570,Delivery Area
3444,BAYNTON,VIC,-37.090,144.510,Delivery Area
3444,BAYNTON EAST,VIC,-37.090,144.510,Delivery Area
3153,BAYSWATER,VIC,-37.840,145.270,Delivery Area
8784,BAYSWATER,VIC,,,Post Office Boxes
3153,BAYSWATER NORTH,VIC,-37.840,145.270,Delivery Area
3807,BEACONSFIELD,VIC,-38.050,145.370,Delivery Area
3808,BEACONSFIELD UPPER,VIC,-38.000,145.410,Delivery Area
3475,BEALIBA,VIC,-36.830,143.500,Delivery Area
3641,BEARII,VIC,-35.920,145.330,Delivery Area
3517,BEARS LAGOON,VIC,-36.300,143.920,Delivery Area
3579,BEAUCHAMP,VIC,-35.880,143.870,Delivery Area
3373,BEAUFORT,VIC,-37.430,143.380,Delivery Area
3193,BEAUMARIS,VIC,-37.990,145.030,Delivery Area
3477,BEAZLEYS BRIDGE,VIC,0.000,0.000,Delivery Area
3135,BEDFORD ROAD,VIC,-37.820,145.250,Delivery Area
3251,BEEAC,VIC,-38.190,143.640,Delivery Area
3237,BEECH FOREST,VIC,-38.690,143.560,Delivery Area
3747,BEECHWORTH,VIC,-36.360,146.690,Delivery Area
3139,BEENAK,VIC,-37.800,145.540,Delivery Area
3160,BELGRAVE,VIC,-37.910,145.360,Delivery Area
3160,BELGRAVE HEIGHTS,VIC,-37.910,145.360,Delivery Area
3160,BELGRAVE SOUTH,VIC,-37.910,145.360,Delivery Area
3215,BELL PARK,VIC,-38.110,144.330,Delivery Area
3215,BELL POST HILL,VIC,-38.110,144.330,Delivery Area
3223,BELLARINE,VIC,,,Delivery Area
3889,BELLBIRD CREEK,VIC,-37.930,145.910,Delivery Area
3228,BELLBRAE,VIC,-38.330,144.260,Delivery Area
3691,BELLBRIDGE,VIC,-36.280,146.910,Delivery Area
3381,BELLELLEN,VIC,-36.940,143.210,Delivery Area
3081,BELLFIELD,VIC,-37.750,145.050,Delivery Area
3381,BELLFIELD,VIC,-36.940,143.210,Delivery Area
3228,BELLS BEACH,VIC,-38.330,144.260,Delivery Area
3216,BELMONT,VIC,-38.180,144.340,Delivery Area
3889,BEMM RIVER,VIC,-37.930,145.910,Delivery Area
3946,BENA,VIC,-38.430,145.720,Delivery Area
3671,BENALLA,VIC,-36.390,145.420,Post Office Boxes
3672,BENALLA,VIC,-36.550,145.990,Delivery Area
3900,BENAMBRA,VIC,-36.950,147.700,Delivery Area
3319,BENAYEO,VIC,-36.970,141.080,Delivery Area
3097,BEND OF ISLANDS,VIC,-37.700,145.280,Delivery Area
3550,BENDIGO,VIC,-36.760,144.280,Delivery Area
3552,BENDIGO,VIC,-37.830,145.010,Post Office Boxes
3554,BENDIGO DC,VIC,0.000,0.000,Post Office Boxes
3551,BENDIGO FORWARD,VIC,-36.690,143.870,Delivery Area
3550,BENDIGO SOUTH,VIC,-36.760,144.280,Delivery Area
3888,BENDOC,VIC,-37.150,148.880,Delivery Area
3875,BENGWORDEN,VIC,-37.830,147.630,Delivery Area
3579,BENJEROOP,VIC,-35.880,143.870,Delivery Area
3435,BENLOCH,VIC,-37.190,144.690,Delivery Area
3125,BENNETTSWOOD,VIC,-37.840,145.120,Delivery Area
3960,BENNISON,VIC,-38.670,146.270,Delivery Area
3204,BENTLEIGH,VIC,-37.920,145.040,Delivery Area
3165,BENTLEIGH EAST,VIC,-37.930,145.060,Delivery Area
3235,BENWERRIN,VIC,-38.470,143.930,Delivery Area
3342,BEREMBOKE,VIC,-37.600,144.230,Delivery Area
3518,BERRIMAL,VIC,-36.500,143.460,Delivery Area
3351,BERRINGA,VIC,-37.770,143.680,Delivery Area
3691,BERRINGAMA,VIC,-36.280,146.910,Delivery Area
3531,BERRIWILLOCK,VIC,-35.640,142.990,Delivery Area
3323,BERRYBANK,VIC,-37.990,143.490,Delivery Area
3953,BERRYS CREEK,VIC,-38.410,146.070,Delivery Area
3806,BERWICK,VIC,-38.030,145.340,Delivery Area
3304,BESSIEBELLE,VIC,-38.150,141.970,Delivery Area
3472,BET BET,VIC,-36.920,143.760,Delivery Area
3888,BETE BOLONG,VIC,-37.150,148.880,Delivery Area
3888,BETE BOLONG NORTH,VIC,-37.150,148.880,Delivery Area
3691,BETHANGA,VIC,-36.280,146.910,Delivery Area
3472,BETLEY,VIC,-36.920,143.760,Delivery Area
3395,BEULAH,VIC,-35.940,142.420,Delivery Area
3590,BEVERFORD,VIC,-35.240,143.480,Delivery Area
3753,BEVERIDGE,VIC,-37.470,145.000,Delivery Area
3490,BIG DESERT,VIC,-35.200,141.600,Delivery Area
3231,BIG HILL,VIC,-38.460,144.110,Delivery Area
3555,BIG HILL,VIC,-36.830,144.230,Delivery Area
3799,BIG PATS CREEK,VIC,-37.760,145.750,Delivery Area
3707,BIGGARA,VIC,-36.280,148.030,Delivery Area
3858,BILLABONG,VIC,-37.970,146.690,Delivery Area
3533,BIMBOURIE,VIC,-35.360,142.790,Delivery Area
3896,BINDI,VIC,-37.110,147.810,Delivery Area
3966,BINGINWARRI,VIC,-38.580,146.450,Delivery Area
3898,BINGO MUNJIE,VIC,-37.020,147.470,Delivery Area
3483,BIRCHIP,VIC,-35.980,142.750,Delivery Area
3483,BIRCHIP WEST,VIC,-35.980,142.750,Delivery Area
3505,BIRDWOODTON,VIC,-34.200,142.060,Delivery Area
3242,BIRREGURRA,VIC,-38.310,143.790,Delivery Area
3918,BITTERN,VIC,-38.340,145.180,Delivery Area
3350,BLACK HILL,VIC,-37.560,143.820,Delivery Area
3381,BLACK RANGE,VIC,-36.940,143.210,Delivery Area
3193,BLACK ROCK,VIC,-37.990,145.030,Delivery Area
3193,BLACK ROCK NORTH,VIC,-37.990,145.030,Delivery Area
3130,BLACKBURN,VIC,-37.820,145.150,Delivery Area
3130,BLACKBURN NORTH,VIC,-37.820,145.150,Delivery Area
3130,BLACKBURN SOUTH,VIC,-37.820,145.150,Delivery Area
3401,BLACKHEATH,VIC,-36.460,142.310,Delivery Area
3844,BLACKWARRY,VIC,-38.410,146.640,Delivery Area
3458,BLACKWOOD,VIC,-37.450,144.290,Delivery Area
3992,BLACKWOOD FOREST,VIC,-38.490,145.620,Delivery Area
3942,BLAIRGOWRIE,VIC,-38.360,144.770,Delivery Area
3342,BLAKEVILLE,VIC,-37.600,144.230,Delivery Area
3364,BLAMPIED,VIC,-37.370,143.940,Delivery Area
3980,BLIND BIGHT,VIC,-38.210,145.340,Delivery Area
3352,BLOWHARD,VIC,-37.380,143.670,Delivery Area
3351,BO PEEP,VIC,-37.770,143.680,Delivery Area
3678,BOBINAWARRAH,VIC,-36.520,146.500,Delivery Area
3301,BOCHARA,VIC,-37.700,141.930,Delivery Area
3699,BOGONG,VIC,-36.810,147.220,Delivery Area
3669,BOHO,VIC,-36.700,145.770,Delivery Area
3669,BOHO SOUTH,VIC,-36.700,145.770,Delivery Area
3531,BOIGBEAT,VIC,-35.640,142.990,Delivery Area
3490,BOINKA,VIC,-35.200,141.600,Delivery Area
3860,BOISDALE,VIC,-37.880,146.990,Delivery Area
3387,BOLANGUM,VIC,-36.670,142.870,Delivery Area
3432,BOLINDA,VIC,-37.430,144.780,Delivery Area
3546,BOLTON,VIC,-34.960,142.880,Delivery Area
3305,BOLWARRA,VIC,-38.270,141.650,Delivery Area
3352,BOLWARRAH,VIC,-37.380,143.670,Delivery Area
3820,BONA VISTA,VIC,-38.210,145.960,Delivery Area
3888,BONANG,VIC,-37.150,148.880,Delivery Area
3196,BONBEACH,VIC,-38.060,145.120,Delivery Area
3691,BONEGILLA,VIC,-36.280,146.910,Delivery Area
3939,BONEO,VIC,-38.400,144.900,Delivery Area
3561,BONN,VIC,-36.300,144.670,Delivery Area
3335,BONNIE BROOK,VIC,,,Delivery Area
3720,BONNIE DOON,VIC,-37.020,145.860,Delivery Area
3352,BONSHAW,VIC,-37.380,143.670,Delivery Area
3260,BOOKAAR,VIC,-38.130,143.100,Delivery Area
3825,BOOLA,VIC,-37.700,146.360,Delivery Area
3960,BOOLARONG,VIC,-38.670,146.270,Delivery Area
3870,BOOLARRA,VIC,-38.380,146.280,Delivery Area
3870,BOOLARRA SOUTH,VIC,-38.380,146.280,Delivery Area
3880,BOOLE POOLE,VIC,-37.920,147.690,Delivery Area
3392,BOOLITE,VIC,-36.460,142.590,Delivery Area
3728,BOOMAHNOOMOONAH,VIC,-36.100,146.080,Delivery Area
3235,BOONAH,VIC,-38.470,143.930,Delivery Area
3163,BOORAN ROAD PO,VIC,-37.890,145.060,Delivery Area
3265,BOORCAN,VIC,-38.210,143.010,Delivery Area
3678,BOORHAMAN,VIC,-36.520,146.500,Delivery Area
3678,BOORHAMAN EAST,VIC,-36.520,146.500,Delivery Area
3685,BOORHAMAN NORTH,VIC,-36.100,146.220,Delivery Area
3723,BOOROLITE,VIC,-36.890,146.260,Delivery Area
3953,BOOROOL,VIC,-38.410,146.070,Delivery Area
3537,BOORT,VIC,-36.010,143.670,Delivery Area
3730,BOOSEY,VIC,-36.030,146.080,Delivery Area
3682,BORALMA,VIC,-36.240,146.410,Delivery Area
3379,BORNES HILL,VIC,-37.530,142.520,Delivery Area
3155,BORONIA,VIC,-37.860,145.280,Delivery Area
3518,BORUNG,VIC,-36.500,143.460,Delivery Area
3260,BOSTOCKS CREEK,VIC,-38.130,143.100,Delivery Area
3977,BOTANIC RIDGE,VIC,-38.210,145.320,Delivery Area
3599,BOUNDARY BEND,VIC,-34.740,143.140,Delivery Area
3465,BOWENVALE,VIC,-37.070,143.680,Delivery Area
3675,BOWEYA,VIC,-36.270,146.130,Delivery Area
3675,BOWEYA NORTH,VIC,-36.270,146.130,Delivery Area
3735,BOWMANS FOREST,VIC,-36.520,146.580,Delivery Area
3678,BOWSER,VIC,-36.520,146.500,Delivery Area
3128,BOX HILL,VIC,-37.820,145.120,Delivery Area
3129,BOX HILL NORTH,VIC,-37.800,145.130,Delivery Area
3128,BOX HILL SOUTH,VIC,-37.820,145.120,Delivery Area
3725,BOXWOOD,VIC,-36.320,145.800,Delivery Area
3463,BRADFORD,VIC,-36.980,143.950,Delivery Area
3361,BRADVALE,VIC,-37.780,143.410,Delivery Area
3195,BRAESIDE,VIC,-38.030,145.100,Delivery Area
3631,BRANDITT,VIC,,,Delivery Area
3150,BRANDON PARK,VIC,-37.880,145.170,Delivery Area
3821,BRANDY CREEK,VIC,-38.100,145.920,Delivery Area
3302,BRANXHOLME,VIC,-37.860,141.790,Delivery Area
3821,BRAVINGTON,VIC,-38.100,145.920,Delivery Area
3019,BRAYBROOK,VIC,-37.780,144.860,Delivery Area
3303,BREAKAWAY CREEK,VIC,-38.030,141.810,Delivery Area
3219,BREAKWATER,VIC,-38.180,144.380,Delivery Area
3227,BREAMLEA,VIC,-38.280,144.490,Delivery Area
3517,BRENANAH,VIC,-36.300,143.920,Delivery Area
3131,BRENTFORD SQUARE,VIC,-37.840,145.180,Delivery Area
3352,BREWSTER,VIC,-37.380,143.670,Delivery Area
3860,BRIAGOLONG,VIC,-37.880,146.990,Delivery Area
3088,BRIAR HILL,VIC,-37.710,145.120,Delivery Area
3723,BRIDGE CREEK,VIC,-36.890,146.260,Delivery Area
3516,BRIDGEWATER,VIC,-36.590,143.920,Delivery Area
3516,BRIDGEWATER NORTH,VIC,-36.590,143.920,Delivery Area
3516,BRIDGEWATER ON LODDON,VIC,-36.590,143.920,Delivery Area
3741,BRIGHT,VIC,-36.730,146.960,Delivery Area
3186,BRIGHTON,VIC,-37.910,144.990,Delivery Area
3187,BRIGHTON EAST,VIC,-37.900,145.000,Delivery Area
3186,BRIGHTON NORTH,VIC,-37.910,144.990,Delivery Area
3184,BRIGHTON ROAD,VIC,-37.880,145.000,Delivery Area
3391,BRIM,VIC,-36.070,142.520,Delivery Area
3312,BRIMBOAL,VIC,-37.640,141.370,Delivery Area
3685,BRIMIN,VIC,-36.100,146.220,Delivery Area
3401,BRIMPAEN,VIC,-36.460,142.310,Delivery Area
3319,BRINGALBERT,VIC,-36.970,141.080,Delivery Area
3315,BRIT BRIT,VIC,-37.440,141.760,Delivery Area
3658,BROADFORD,VIC,-37.200,145.050,Delivery Area
3875,BROADLANDS,VIC,-37.830,147.630,Delivery Area
3047,BROADMEADOWS,VIC,-37.680,144.920,Delivery Area
3301,BROADWATER,VIC,-37.700,141.930,Delivery Area
3888,BRODRIBB RIVER,VIC,-37.150,148.880,Delivery Area
3673,BROKEN CREEK,VIC,-36.430,145.890,Delivery Area
3472,BROMLEY,VIC,-36.920,143.760,Delivery Area
3338,BROOKFIELD,VIC,-37.700,144.540,Delivery Area
3012,BROOKLYN,VIC,-37.810,144.850,Delivery Area
3896,BROOKVILLE,VIC,-37.110,147.810,Delivery Area
3364,BROOMFIELD,VIC,-37.370,143.940,Delivery Area
3418,BROUGHTON,VIC,-36.170,141.330,Delivery Area
3350,BROWN HILL,VIC,-37.560,143.820,Delivery Area
3685,BROWNS PLAINS,VIC,-36.100,146.220,Delivery Area
3749,BRUARONG,VIC,-36.410,146.860,Delivery Area
3268,BRUCKNELL,VIC,-38.420,142.860,Delivery Area
3885,BRUMBY,VIC,-37.710,147.830,Delivery Area
3056,BRUNSWICK,VIC,-37.760,144.940,Delivery Area
3057,BRUNSWICK EAST,VIC,-37.760,144.980,Delivery Area
3056,BRUNSWICK LOWER,VIC,-37.760,144.940,Delivery Area
3056,BRUNSWICK NORTH,VIC,-37.760,144.940,Delivery Area
3055,BRUNSWICK SOUTH,VIC,-37.770,144.940,Delivery Area
3055,BRUNSWICK WEST,VIC,-37.770,144.940,Delivery Area
3885,BRUTHEN,VIC,-37.710,147.830,Delivery Area
3375,BUANGOR,VIC,-37.430,143.130,Delivery Area
3885,BUCHAN,VIC,-37.710,147.830,Delivery Area
3885,BUCHAN SOUTH,VIC,-37.710,147.830,Delivery Area
3740,BUCKLAND,VIC,-36.820,146.850,Delivery Area
3240,BUCKLEY,VIC,-38.220,144.080,Delivery Area
3301,BUCKLEY SWAMP,VIC,-37.700,141.930,Delivery Area
3525,BUCKRABANYULE,VIC,-36.270,143.430,Delivery Area
3862,BUDGEE BUDGEE,VIC,-37.570,147.190,Delivery Area
3870,BUDGEREE,VIC,-38.380,146.280,Delivery Area
3579,BUDGERUM EAST,VIC,-35.880,143.870,Delivery Area
3958,BUFFALO,VIC,-38.640,146.070,Delivery Area
3737,BUFFALO RIVER,VIC,-36.980,146.780,Delivery Area
3314,BULART,VIC,-37.590,141.940,Delivery Area
3890,BULDAH,VIC,-37.270,149.140,Delivery Area
3586,BULGA,VIC,-35.300,143.360,Delivery Area
3377,BULGANA,VIC,-37.280,142.930,Delivery Area
3428,BULLA,VIC,-37.640,144.800,Delivery Area
3266,BULLAHARRE,VIC,-38.340,143.140,Delivery Area
3352,BULLAROOK,VIC,-37.380,143.670,Delivery Area
3461,BULLARTO,VIC,-37.390,144.220,Delivery Area
3461,BULLARTO SOUTH,VIC,-37.390,144.220,Delivery Area
3105,BULLEEN,VIC,-37.770,145.080,Delivery Area
3437,BULLENGAROOK,VIC,-37.520,144.480,Delivery Area
3700,BULLIOH,VIC,-36.180,147.340,Delivery Area
3875,BULLUMWAAL,VIC,-37.830,147.630,Delivery Area
3821,BULN BULN,VIC,-38.100,145.920,Delivery Area
3821,BULN BULN EAST,VIC,-38.100,145.920,Delivery Area
3902,BUMBERRAH,VIC,-37.790,147.830,Delivery Area
3634,BUNBARTHA,VIC,-36.220,145.340,Delivery Area
3851,BUNDALAGUAH,VIC,-38.040,147.080,Delivery Area
3730,BUNDALONG,VIC,-36.030,146.080,Delivery Area
3730,BUNDALONG SOUTH,VIC,-36.030,146.080,Delivery Area
3898,BUNDARA,VIC,-37.020,147.470,Delivery Area
3342,BUNDING,VIC,-37.600,144.230,Delivery Area
3083,BUNDOORA,VIC,-37.700,145.070,Delivery Area
3465,BUNG BONG,VIC,-37.070,143.680,Delivery Area
3260,BUNGADOR,VIC,-38.130,143.100,Delivery Area
3334,BUNGAL,VIC,-37.710,144.090,Delivery Area
3401,BUNGALALLY,VIC,-36.460,142.310,Delivery Area
3352,BUNGAREE,VIC,-37.380,143.670,Delivery Area
3726,BUNGEET,VIC,-36.280,146.060,Delivery Area
3726,BUNGEET WEST,VIC,-36.280,146.060,Delivery Area
3691,BUNGIL,VIC,-36.280,146.910,Delivery Area
3527,BUNGULUKE,VIC,-36.060,143.390,Delivery Area
3357,BUNINYONG,VIC,-37.650,143.920,Delivery Area
3352,BUNKERS HILL,VIC,-37.380,143.670,Delivery Area
3815,BUNYIP,VIC,-38.100,145.720,Delivery Area
3815,BUNYIP NORTH,VIC,-38.100,145.720,Delivery Area
3858,BURAGWONDUC,VIC,-37.970,146.690,Delivery Area
3568,BURKES BRIDGE,VIC,-35.840,144.340,Delivery Area
3475,BURKES FLAT,VIC,-36.830,143.500,Delivery Area
3371,BURNBANK,VIC,-37.150,143.670,Delivery Area
3558,BURNEWANG,VIC,-36.490,144.710,Delivery Area
3121,BURNLEY,VIC,-37.830,145.010,Delivery Area
3121,BURNLEY NORTH,VIC,-37.830,145.010,Delivery Area
3023,BURNSIDE,VIC,-37.750,144.750,Delivery Area
3023,BURNSIDE HEIGHTS,VIC,-37.750,144.750,Delivery Area
3559,BURRAMBOOT,VIC,-36.530,144.600,Delivery Area
3730,BURRAMINE,VIC,-36.030,146.080,Delivery Area
3730,BURRAMINE SOUTH,VIC,-36.030,146.080,Delivery Area
3709,BURROWYE,VIC,-36.050,147.560,Delivery Area
3352,BURRUMBEET,VIC,-37.380,143.670,Delivery Area
3125,BURWOOD,VIC,-37.840,145.120,Delivery Area
3151,BURWOOD EAST,VIC,-37.860,145.140,Delivery Area
3151,BURWOOD HEIGHTS,VIC,-37.860,145.140,Delivery Area
3281,BUSHFIELD,VIC,-38.330,142.510,Delivery Area
3860,BUSHY PARK,VIC,-37.880,146.990,Delivery Area
3885,BUTCHERS RIDGE,VIC,-37.710,147.830,Delivery Area
3711,BUXTON,VIC,-37.420,145.710,Delivery Area
3301,BYADUK,VIC,-37.700,141.930,Delivery Area
3300,BYADUK NORTH,VIC,-37.880,141.960,Delivery Area
3678,BYAWATHA,VIC,-36.520,146.500,Delivery Area
3762,BYLANDS,VIC,0.000,0.000,Delivery Area
3617,BYRNESIDE,VIC,-36.420,145.150,Delivery Area
3505,CABARITA,VIC,-34.200,142.060,Delivery Area
3364,CABBAGE TREE,VIC,-37.370,143.940,Delivery Area
3889,CABBAGE TREE CREEK,VIC,-37.930,145.910,Delivery Area
3442,CADELLO,VIC,-37.390,144.450,Delivery Area
3023,CAIRNLEA,VIC,-37.750,144.750,Delivery Area
3037,CALDER PARK,VIC,-37.720,144.780,Delivery Area
3984,CALDERMEADE,VIC,-38.320,145.540,Delivery Area
3556,CALIFORNIA GULLY,VIC,-36.730,144.260,Delivery Area
3573,CALIVIL,VIC,-36.300,144.090,Delivery Area
3387,CALLAWADDA,VIC,-36.670,142.870,Delivery Area
3844,CALLIGNEE,VIC,-38.410,146.640,Delivery Area
3844,CALLIGNEE NORTH,VIC,-38.410,146.640,Delivery Area
3844,CALLIGNEE SOUTH,VIC,-38.410,146.640,Delivery Area
3971,CALROSSIE,VIC,-38.610,146.670,Delivery Area
3875,CALULU,VIC,-37.830,147.630,Delivery Area
3779,CAMBARVILLE,VIC,-37.560,145.890,Delivery Area
3124,CAMBERWELL,VIC,-37.820,145.060,Delivery Area
3126,CAMBERWELL EAST,VIC,-37.840,145.090,Delivery Area
3124,CAMBERWELL NORTH,VIC,-37.820,145.060,Delivery Area
3124,CAMBERWELL SOUTH,VIC,-37.820,145.060,Delivery Area
3124,CAMBERWELL WEST,VIC,-37.820,145.060,Delivery Area
3352,CAMBRIAN HILL,VIC,-37.380,143.670,Delivery Area
3061,CAMPBELLFIELD,VIC,-37.640,144.950,Delivery Area
3387,CAMPBELLS BRIDGE,VIC,-36.670,142.870,Delivery Area
3451,CAMPBELLS CREEK,VIC,-37.030,144.240,Delivery Area
3556,CAMPBELLS FOREST,VIC,-36.730,144.260,Delivery Area
3364,CAMPBELLTOWN,VIC,-37.370,143.940,Delivery Area
3260,CAMPERDOWN,VIC,-38.130,143.100,Delivery Area
3350,CANADIAN,VIC,-37.560,143.820,Delivery Area
3537,CANARY ISLAND,VIC,-36.010,143.670,Delivery Area
3630,CANIAMBO,VIC,-36.360,145.400,Delivery Area
3890,CANN RIVER,VIC,-37.270,149.140,Delivery Area
3540,CANNIE,VIC,-35.760,143.450,Delivery Area
3977,CANNONS CREEK,VIC,-38.210,145.320,Delivery Area
3393,CANNUM,VIC,-36.330,142.360,Delivery Area
3126,CANTERBURY,VIC,-37.840,145.090,Delivery Area
3305,CAPE BRIDGEWATER,VIC,-38.270,141.650,Delivery Area
3351,CAPE CLEAR,VIC,-37.770,143.680,Delivery Area
3888,CAPE CONRAN,VIC,-37.150,148.880,Delivery Area
3233,CAPE OTWAY,VIC,-38.750,143.670,Delivery Area
3995,CAPE PATERSON,VIC,-38.530,145.450,Delivery Area
3939,CAPE SCHANCK,VIC,-38.400,144.900,Delivery Area
3925,CAPE WOOLAMAI,VIC,-38.540,145.340,Delivery Area
3940,CAPEL SOUND,VIC,,,Delivery Area
3579,CAPELS CROSSING,VIC,-35.880,143.870,Delivery Area
3623,CARAG CARAG,VIC,-36.460,144.900,Delivery Area
3371,CARALULUP,VIC,-37.150,143.670,Delivery Area
3274,CARAMUT,VIC,-37.910,142.520,Delivery Area
3477,CARAPOOEE,VIC,0.000,0.000,Delivery Area
3477,CARAPOOEE WEST,VIC,0.000,0.000,Delivery Area
3312,CARAPOOK,VIC,-37.640,141.370,Delivery Area
3678,CARBOOR,VIC,-36.520,146.500,Delivery Area
3352,CARDIGAN,VIC,-37.380,143.670,Delivery Area
3352,CARDIGAN VILLAGE,VIC,-37.380,143.670,Delivery Area
3978,CARDINIA,VIC,-38.150,145.420,Delivery Area
3496,CARDROSS,VIC,-34.290,142.150,Delivery Area
3334,CARGERIE,VIC,-37.710,144.090,Delivery Area
3512,CARINA,VIC,-35.220,141.090,Delivery Area
3825,CARINGAL,VIC,-37.700,146.360,Delivery Area
3464,CARISBROOK,VIC,-37.010,143.800,Delivery Area
3239,CARLISLE RIVER,VIC,-38.560,143.400,Delivery Area
3442,CARLSRUHE,VIC,-37.390,144.450,Delivery Area
3053,CARLTON,VIC,-37.780,144.970,Delivery Area
3054,CARLTON NORTH,VIC,-37.780,144.970,Delivery Area
3053,CARLTON SOUTH,VIC,-37.780,144.970,Delivery Area
3685,CARLYLE,VIC,-36.100,146.220,Delivery Area
3163,CARNEGIE,VIC,-37.890,145.060,Delivery Area
3351,CARNGHAM,VIC,-37.770,143.680,Delivery Area
3023,CAROLINE SPRINGS,VIC,-37.750,144.750,Delivery Area
3260,CARPENDEIT,VIC,-38.130,143.100,Delivery Area
3844,CARRAJUNG,VIC,-38.410,146.640,Delivery Area
3844,CARRAJUNG LOWER,VIC,-38.410,146.640,Delivery Area
3844,CARRAJUNG SOUTH,VIC,-38.410,146.640,Delivery Area
3361,CARRANBALLAC,VIC,-37.780,143.410,Delivery Area
3480,CARRON,VIC,-36.240,142.690,Delivery Area
3197,CARRUM,VIC,-38.080,145.120,Delivery Area
3201,CARRUM DOWNS,VIC,-38.090,145.190,Delivery Area
3494,CARWARP,VIC,-34.460,142.230,Delivery Area
3305,CASHMORE,VIC,-38.270,141.650,Delivery Area
3898,CASSILIS,VIC,-37.020,147.470,Delivery Area
3777,CASTELLA,VIC,-37.690,145.540,Delivery Area
3311,CASTERTON,VIC,-37.580,141.410,Delivery Area
3691,CASTLE CREEK,VIC,-36.280,146.910,Delivery Area
3585,CASTLE DONNINGTON,VIC,-35.420,143.590,Delivery Area
3450,CASTLEMAINE,VIC,-37.060,144.220,Delivery Area
3981,CATANI,VIC,-38.180,145.570,Delivery Area
3377,CATHCART,VIC,-37.280,142.930,Delivery Area
3714,CATHKIN,VIC,-37.250,145.700,Delivery Area
3537,CATUMNAL,VIC,-36.010,143.670,Delivery Area
3162,CAULFIELD,VIC,-37.880,145.030,Delivery Area
3145,CAULFIELD EAST,VIC,-37.880,145.040,Delivery Area
3161,CAULFIELD JUNCTION,VIC,-38.030,145.310,Delivery Area
3161,CAULFIELD NORTH,VIC,-38.030,145.310,Delivery Area
3162,CAULFIELD SOUTH,VIC,-37.880,145.030,Delivery Area
3660,CAVEAT,VIC,-37.090,145.500,Delivery Area
3314,CAVENDISH,VIC,-37.590,141.940,Delivery Area
3145,CENTRAL PARK,VIC,-37.880,145.040,Delivery Area
3221,CERES,VIC,-37.900,144.250,Delivery Area
3148,CHADSTONE,VIC,-37.890,145.080,Delivery Area
3148,CHADSTONE CENTRE,VIC,-37.890,145.080,Delivery Area
3890,CHANDLERS CREEK,VIC,-37.270,149.140,Delivery Area
3352,CHAPEL FLAT,VIC,-37.380,143.670,Delivery Area
3239,CHAPPLE VALE,VIC,-38.560,143.400,Delivery Area
3318,CHARAM,VIC,-36.990,141.510,Delivery Area
3217,CHARLEMONT,VIC,,,Delivery Area
3695,CHARLEROI,VIC,-36.300,147.140,Delivery Area
3525,CHARLTON,VIC,-36.270,143.430,Delivery Area
3379,CHATSWORTH,VIC,-37.530,142.520,Delivery Area
3196,CHELSEA,VIC,-38.060,145.120,Delivery Area
3196,CHELSEA HEIGHTS,VIC,-38.060,145.120,Delivery Area
3192,CHELTENHAM,VIC,-37.960,145.060,Delivery Area
3192,CHELTENHAM EAST,VIC,-37.960,145.060,Delivery Area
3351,CHEPSTOWE,VIC,-37.770,143.680,Delivery Area
3434,CHEROKEE,VIC,-37.390,144.640,Delivery Area
3401,CHERRYPOOL,VIC,-36.460,142.310,Delivery Area
3678,CHESHUNT,VIC,-36.520,146.500,Delivery Area
3678,CHESHUNT SOUTH,VIC,-36.520,146.500,Delivery Area
3725,CHESNEY VALE,VIC,-36.320,145.800,Delivery Area
3312,CHETWYND,VIC,-37.640,141.370,Delivery Area
3451,CHEWTON,VIC,-37.030,144.240,Delivery Area
3451,CHEWTON BUSHLANDS,VIC,-37.030,144.240,Delivery Area
3824,CHILDERS,VIC,-38.300,146.110,Delivery Area
3585,CHILLINGOLLAH,VIC,-35.420,143.590,Delivery Area
3683,CHILTERN,VIC,-36.150,146.610,Delivery Area
3683,CHILTERN VALLEY,VIC,-36.150,146.610,Delivery Area
3544,CHINANGIN,VIC,-35.510,143.200,Delivery Area
3546,CHINKAPOOK,VIC,-34.960,142.880,Delivery Area
3756,CHINTIN,VIC,-37.400,144.800,Delivery Area
3116,CHIRNSIDE PARK,VIC,-37.750,145.330,Delivery Area
3525,CHIRRIP,VIC,-36.270,143.430,Delivery Area
3260,CHOCOLYN,VIC,-38.130,143.100,Delivery Area
3775,CHRISTMAS HILLS,VIC,-37.650,145.320,Delivery Area
3777,CHUM CREEK,VIC,-37.690,145.540,Delivery Area
3842,CHURCHILL,VIC,-38.320,146.420,Delivery Area
3925,CHURCHILL ISLAND,VIC,-38.540,145.340,Delivery Area
3373,CHUTE,VIC,-37.430,143.380,Delivery Area
3352,CLARENDON,VIC,-37.380,143.670,Delivery Area
3352,CLARETOWN,VIC,-37.380,143.670,Delivery Area
3169,CLARINDA,VIC,-37.940,145.100,Delivery Area
3430,CLARKEFIELD,VIC,-37.480,144.750,Delivery Area
3352,CLARKES HILL,VIC,-37.380,143.670,Delivery Area
3168,CLAYTON,VIC,-37.930,145.120,Delivery Area
3169,CLAYTON SOUTH,VIC,-37.940,145.100,Delivery Area
3409,CLEAR LAKE,VIC,-36.780,141.760,Delivery Area
3782,CLEMATIS,VIC,-37.920,145.470,Delivery Area
3875,CLIFTON CREEK,VIC,-37.830,147.630,Delivery Area
3068,CLIFTON HILL,VIC,-37.790,144.990,Delivery Area
3222,CLIFTON SPRINGS,VIC,-38.160,144.560,Delivery Area
3658,CLONBINANE,VIC,-37.200,145.050,Delivery Area
3315,CLOVER FLAT,VIC,-37.440,141.760,Delivery Area
3822,CLOVERLEA,VIC,-38.240,146.000,Delivery Area
3889,CLUB TERRACE,VIC,-37.930,145.910,Delivery Area
3370,CLUNES,VIC,-37.290,143.790,Delivery Area
3978,CLYDE,VIC,-38.150,145.420,Delivery Area
3978,CLYDE NORTH,VIC,-38.150,145.420,Delivery Area
3851,CLYDEBANK,VIC,-38.040,147.080,Delivery Area
3461,CLYDESDALE,VIC,-37.390,144.220,Delivery Area
3825,COALVILLE,VIC,-37.700,146.360,Delivery Area
3851,COBAINS,VIC,-38.040,147.080,Delivery Area
3442,COBAW,VIC,-37.390,144.450,Delivery Area
3862,COBBANNAH,VIC,-37.570,147.190,Delivery Area
3900,COBBERAS,VIC,-36.950,147.700,Delivery Area
3338,COBBLEBANK,VIC,,,Delivery Area
3266,COBDEN,VIC,-38.340,143.140,Delivery Area
3643,COBRAM,VIC,-35.960,145.630,Post Office Boxes
3644,COBRAM,VIC,-35.910,145.690,Delivery Area
3644,COBRAM EAST,VIC,-35.910,145.690,Delivery Area
3266,COBRICO,VIC,-38.340,143.140,Delivery Area
3898,COBUNGRA,VIC,-37.020,147.470,Delivery Area
3058,COBURG,VIC,-37.730,144.960,Delivery Area
3058,COBURG NORTH,VIC,-37.730,144.960,Delivery Area
3546,COCAMBA,VIC,-34.960,142.880,Delivery Area
3475,COCHRANES CREEK,VIC,-36.830,143.500,Delivery Area
3781,COCKATOO,VIC,-37.940,145.490,Delivery Area
3030,COCOROC,VIC,-37.970,144.580,Delivery Area
3285,CODRINGTON,VIC,-38.270,141.970,Delivery Area
3364,COGHILLS CREEK,VIC,-37.370,143.940,Delivery Area
3568,COHUNA,VIC,-35.840,144.340,Delivery Area
3340,COIMADAI,VIC,-37.680,144.440,Delivery Area
3542,COKUM,VIC,-35.760,143.280,Delivery Area
3250,COLAC,VIC,-38.340,143.580,Delivery Area
3707,COLAC COLAC,VIC,-36.280,148.030,Delivery Area
3250,COLAC EAST,VIC,-38.340,143.580,Delivery Area
3250,COLAC WEST,VIC,-38.340,143.580,Delivery Area
3559,COLBINABBIN,VIC,-36.530,144.600,Delivery Area
3342,COLBROOK,VIC,-37.600,144.230,Delivery Area
3770,COLDSTREAM,VIC,-37.720,145.380,Delivery Area
3315,COLERAINE,VIC,-37.440,141.760,Delivery Area
3494,COLIGNAN,VIC,-34.460,142.230,Delivery Area
3066,COLLINGWOOD,VIC,-37.800,144.980,Delivery Area
3066,COLLINGWOOD NORTH,VIC,-37.800,144.980,Delivery Area
8003,COLLINS STREET EAST,VIC,0.000,0.000,Post Office Boxes
8007,COLLINS STREET WEST,VIC,0.000,0.000,Post Office Boxes
3630,COLLIVER,VIC,-36.360,145.400,Delivery Area
3889,COMBIENBAR,VIC,-37.930,145.910,Delivery Area
3384,CONCONGELLA,VIC,-36.980,143.200,Delivery Area
3303,CONDAH,VIC,-38.030,141.810,Delivery Area
3286,CONDAH SWAMP,VIC,-37.970,141.830,Delivery Area
3633,CONGUPNA,VIC,-36.300,145.480,Delivery Area
3227,CONNEWARRE,VIC,-38.280,144.490,Delivery Area
3318,CONNEWIRRICOO,VIC,-36.990,141.510,Delivery Area
3315,COOJAR,VIC,-37.440,141.760,Delivery Area
3048,COOLAROO,VIC,-37.650,144.930,Delivery Area
3616,COOMA,VIC,-36.420,145.070,Delivery Area
3629,COOMBOONA,VIC,-36.380,145.300,Delivery Area
3461,COOMOORA,VIC,-37.390,144.220,Delivery Area
3860,COONGULLA,VIC,-37.880,146.990,Delivery Area
3477,COONOOER BRIDGE,VIC,0.000,0.000,Delivery Area
3477,COONOOER WEST,VIC,0.000,0.000,Delivery Area
3825,COOPERS CREEK,VIC,-37.700,146.360,Delivery Area
3268,COORIEMUNGLE,VIC,-38.420,142.860,Delivery Area
3480,COPE COPE,VIC,-36.240,142.690,Delivery Area
3814,CORA LYNN,VIC,-38.150,145.610,Delivery Area
3480,CORACK,VIC,-36.240,142.690,Delivery Area
3480,CORACK EAST,VIC,-36.240,142.690,Delivery Area
3249,CORAGULAC,VIC,-38.240,143.480,Delivery Area
3691,CORAL BANK,VIC,-36.280,146.910,Delivery Area
3352,CORINDHAP,VIC,-37.380,143.670,Delivery Area
3984,CORINELLA,VIC,-38.320,145.540,Delivery Area
3214,CORIO,VIC,-38.070,144.360,Delivery Area
3311,CORNDALE,VIC,-37.580,141.410,Delivery Area
3551,CORNELLA,VIC,-36.690,143.870,Delivery Area
3683,CORNISHTOWN,VIC,-36.150,146.610,Delivery Area
3984,CORONET BAY,VIC,-38.320,145.540,Delivery Area
3559,COROP,VIC,-36.530,144.600,Delivery Area
3558,COROP WEST,VIC,-36.490,144.710,Delivery Area
3254,COROROOKE,VIC,-38.300,143.520,Delivery Area
3888,CORRINGLE,VIC,-37.150,148.880,Delivery Area
3707,CORRYONG,VIC,-36.280,148.030,Delivery Area
3249,CORUNNUN,VIC,-38.240,143.480,Delivery Area
3631,COSGROVE,VIC,-36.540,145.360,Delivery Area
3631,COSGROVE SOUTH,VIC,-36.540,145.360,Delivery Area
3523,COSTERFIELD,VIC,-36.940,144.730,Delivery Area
3101,COTHAM,VIC,-37.810,145.040,Delivery Area
3465,COTSWOLD,VIC,-37.070,143.680,Delivery Area
3099,COTTLES BRIDGE,VIC,-37.590,145.220,Delivery Area
3862,COWA,VIC,-37.570,147.190,Delivery Area
3506,COWANGIE,VIC,-35.280,141.400,Delivery Area
3922,COWES,VIC,-38.450,145.240,Delivery Area
3268,COWLEYS CREEK,VIC,-38.420,142.860,Delivery Area
3857,COWWARR,VIC,-38.000,146.690,Delivery Area
3465,CRAIGIE,VIC,-37.070,143.680,Delivery Area
3064,CRAIGIEBURN,VIC,-37.600,144.940,Delivery Area
3977,CRANBOURNE,VIC,-38.210,145.320,Delivery Area
3977,CRANBOURNE EAST,VIC,-38.210,145.320,Delivery Area
3977,CRANBOURNE NORTH,VIC,-38.210,145.320,Delivery Area
3977,CRANBOURNE SOUTH,VIC,-38.210,145.320,Delivery Area
3977,CRANBOURNE WEST,VIC,-38.210,145.320,Delivery Area
3669,CREEK JUNCTION,VIC,-36.700,145.770,Delivery Area
3551,CREEK VIEW,VIC,,,Delivery Area
3666,CREIGHTONS CREEK,VIC,-36.710,145.640,Delivery Area
3121,CREMORNE,VIC,-37.830,145.010,Delivery Area
3322,CRESSY,VIC,-38.030,143.640,Delivery Area
3363,CRESWICK,VIC,-37.420,143.890,Delivery Area
3363,CRESWICK NORTH,VIC,-37.420,143.890,Delivery Area
3919,CRIB POINT,VIC,-38.370,145.200,Delivery Area
3193,CROMER,VIC,-37.990,145.030,Delivery Area
3858,CROOKAYAN,VIC,-37.970,146.690,Delivery Area
3862,CROOKED RIVER,VIC,-37.570,147.190,Delivery Area
3041,CROSS KEYS,VIC,,,Delivery Area
3373,CROSS ROADS,VIC,-37.430,143.380,Delivery Area
3283,CROSSLEY,VIC,-38.310,142.330,Delivery Area
3821,CROSSOVER,VIC,-38.100,145.920,Delivery Area
3377,CROWLANDS,VIC,-37.280,142.930,Delivery Area
3301,CROXTON EAST,VIC,-37.700,141.930,Delivery Area
3136,CROYDON,VIC,-37.800,145.280,Delivery Area
3136,CROYDON HILLS,VIC,-37.800,145.280,Delivery Area
3136,CROYDON NORTH,VIC,-37.800,145.280,Delivery Area
3136,CROYDON SOUTH,VIC,-37.800,145.280,Delivery Area
3393,CRYMELON,VIC,-36.330,142.360,Delivery Area
3714,CRYSTAL CREEK,VIC,-37.250,145.700,Delivery Area
3265,CUDGEE,VIC,-38.210,143.010,Delivery Area
3705,CUDGEWA,VIC,-36.190,147.770,Delivery Area
3530,CULGOA,VIC,-35.720,143.110,Delivery Area
3315,CULLA,VIC,-37.440,141.760,Delivery Area
3568,CULLEN,VIC,-35.840,144.340,Delivery Area
3496,CULLULLERAINE,VIC,-34.290,142.150,Delivery Area
3251,CUNDARE,VIC,-38.190,143.640,Delivery Area
3251,CUNDARE NORTH,VIC,-38.190,143.640,Delivery Area
3268,CURDIES RIVER,VIC,-38.420,142.860,Delivery Area
3268,CURDIEVALE,VIC,-38.420,142.860,Delivery Area
3222,CURLEWIS,VIC,-38.160,144.560,Delivery Area
3483,CURYO,VIC,-35.980,142.750,Delivery Area
3385,DADSWELLS BRIDGE,VIC,-36.920,142.510,Delivery Area
3465,DAISY HILL,VIC,-37.070,143.680,Delivery Area
3341,DALES CREEK,VIC,-37.520,144.310,Delivery Area
3047,DALLAS,VIC,-37.680,144.920,Delivery Area
3981,DALMORE,VIC,-38.180,145.570,Delivery Area
3568,DALTONS BRIDGE,VIC,-35.840,144.340,Delivery Area
3477,DALYENONG,VIC,0.000,0.000,Delivery Area
3992,DALYSTON,VIC,-38.490,145.620,Delivery Area
3175,DANDENONG,VIC,-38.030,145.180,Delivery Area
3175,DANDENONG EAST,VIC,-38.030,145.180,Delivery Area
3175,DANDENONG NORTH,VIC,-38.030,145.180,Delivery Area
3164,DANDENONG SOUTH,VIC,-38.020,145.240,Post Office Boxes
3175,DANDENONG SOUTH,VIC,-38.030,145.180,Delivery Area
3737,DANDONGADALE,VIC,-36.980,146.780,Delivery Area
3862,DARGO,VIC,-37.570,147.190,Delivery Area
3340,DARLEY,VIC,-37.680,144.440,Delivery Area
3871,DARLIMURLA,VIC,-38.290,146.050,Delivery Area
3145,DARLING,VIC,-37.880,145.040,Delivery Area
3145,DARLING SOUTH,VIC,-37.880,145.040,Delivery Area
3271,DARLINGTON,VIC,-38.000,143.050,Delivery Area
3822,DARNUM,VIC,-38.240,146.000,Delivery Area
3756,DARRAWEIT GUIM,VIC,-37.400,144.800,Delivery Area
3851,DARRIMAN,VIC,-38.040,147.080,Delivery Area
3304,DARTMOOR,VIC,-38.150,141.970,Delivery Area
3701,DARTMOUTH,VIC,-36.530,147.500,Delivery Area
3858,DAWSON,VIC,-37.970,146.690,Delivery Area
3460,DAYLESFORD,VIC,-37.310,144.090,Delivery Area
3363,DEAN,VIC,-37.420,143.890,Delivery Area
3235,DEANS MARSH,VIC,-38.470,143.930,Delivery Area
3336,DEANSIDE,VIC,,,Delivery Area
3888,DEDDICK VALLEY,VIC,-37.150,148.880,Delivery Area
3691,DEDERANG,VIC,-36.280,146.910,Delivery Area
3385,DEEP LEAD,VIC,-36.920,142.510,Delivery Area
3103,DEEPDENE,VIC,,,Delivery Area
3023,DEER PARK,VIC,-37.750,144.750,Delivery Area
3022,DEER PARK EAST,VIC,-37.780,144.800,Delivery Area
3023,DEER PARK NORTH,VIC,-37.750,144.750,Delivery Area
3356,DELACOMBE,VIC,-37.590,143.830,Delivery Area
3037,DELAHEY,VIC,-37.720,144.780,Delivery Area
3723,DELATITE,VIC,-36.890,146.260,Delivery Area
3871,DELBURN,VIC,-38.290,146.050,Delivery Area
3888,DELEGATE RIVER,VIC,,,Delivery Area
3186,DENDY,VIC,-37.910,144.990,Delivery Area
3377,DENICULL CREEK,VIC,-37.280,142.930,Delivery Area
3858,DENISON,VIC,-37.970,146.690,Delivery Area
3280,DENNINGTON,VIC,-38.360,142.440,Delivery Area
3461,DENVER,VIC,-37.390,144.220,Delivery Area
3875,DEPTFORD,VIC,-37.830,147.630,Delivery Area
3516,DERBY,VIC,-36.590,143.920,Delivery Area
3352,DEREEL,VIC,-37.380,143.670,Delivery Area
3312,DERGHOLM,VIC,-37.640,141.370,Delivery Area
3026,DERRIMUT,VIC,,,Delivery Area
3523,DERRINAL,VIC,-36.940,144.730,Delivery Area
3325,DERRINALLUM,VIC,-37.950,143.220,Delivery Area
3726,DEVENISH,VIC,-36.280,146.060,Delivery Area
3714,DEVILS RIVER,VIC,-37.250,145.700,Delivery Area
3977,DEVON MEADOWS,VIC,-38.210,145.320,Delivery Area
3971,DEVON NORTH,VIC,-38.610,146.670,Delivery Area
3808,DEWHURST,VIC,-38.000,145.410,Delivery Area
3610,DHURRINGILE,VIC,-36.540,145.280,Delivery Area
3089,DIAMOND CREEK,VIC,-37.640,145.220,Delivery Area
3309,DIGBY,VIC,-37.790,141.500,Delivery Area
3427,DIGGERS REST,VIC,-37.630,144.720,Delivery Area
3561,DIGGORA,VIC,-36.300,144.670,Delivery Area
3414,DIMBOOLA,VIC,-36.300,142.020,Delivery Area
3571,DINGEE,VIC,-36.370,144.230,Delivery Area
3172,DINGLEY VILLAGE,VIC,-37.970,145.120,Delivery Area
3579,DINGWALL,VIC,-35.880,143.870,Delivery Area
3898,DINNER PLAIN,VIC,-37.020,147.470,Delivery Area
3265,DIXIE,VIC,-38.210,143.010,Delivery Area
3775,DIXONS CREEK,VIC,-37.650,145.320,Delivery Area
3377,DOBIE,VIC,-37.280,142.930,Delivery Area
3678,DOCKER,VIC,-36.520,146.500,Delivery Area
3678,DOCKERS PLAINS,VIC,-36.520,146.500,Delivery Area
3008,DOCKLANDS,VIC,-37.810,144.950,Delivery Area
8012,DOCKLANDS,VIC,0.000,0.000,Post Office Boxes
3895,DOCTORS FLAT,VIC,-37.300,147.750,Delivery Area
3871,DOLLAR,VIC,-38.290,146.050,Delivery Area
3139,DON VALLEY,VIC,-37.800,145.540,Delivery Area
3480,DONALD,VIC,-36.240,142.690,Delivery Area
3108,DONCASTER,VIC,-37.780,145.120,Delivery Area
3109,DONCASTER EAST,VIC,-37.810,145.190,Delivery Area
3109,DONCASTER HEIGHTS,VIC,-37.810,145.190,Delivery Area
3064,DONNYBROOK,VIC,-37.600,144.940,Delivery Area
3111,DONVALE,VIC,-38.180,144.470,Delivery Area
3478,DOOBOOBETIC,VIC,-36.540,142.920,Delivery Area
3401,DOOEN,VIC,-36.460,142.310,Delivery Area
3646,DOOKIE,VIC,-36.330,145.690,Delivery Area
3647,DOOKIE COLLEGE,VIC,-36.400,145.700,Delivery Area
3754,DOREEN,VIC,-37.620,145.150,Delivery Area
3312,DORODONG,VIC,-37.640,141.370,Delivery Area
3893,DOUBLE BRIDGES,VIC,-37.590,147.890,Delivery Area
3409,DOUGLAS,VIC,-36.780,141.760,Delivery Area
3177,DOVETON,VIC,-38.000,145.240,Delivery Area
3249,DREEITE,VIC,-38.240,143.480,Delivery Area
3249,DREEITE SOUTH,VIC,-38.240,143.480,Delivery Area
3840,DRIFFIELD,VIC,-38.280,146.320,Delivery Area
3304,DRIK DRIK,VIC,-38.150,141.970,Delivery Area
3936,DROMANA,VIC,-38.350,144.950,Delivery Area
3660,DROPMORE,VIC,-37.090,145.500,Delivery Area
3818,DROUIN,VIC,-38.240,145.780,Delivery Area
3818,DROUIN EAST,VIC,-38.240,145.780,Delivery Area
3818,DROUIN SOUTH,VIC,-38.240,145.780,Delivery Area
3818,DROUIN WEST,VIC,-38.240,145.780,Delivery Area
3636,DRUMANURE,VIC,-36.140,145.500,Delivery Area
3304,DRUMBORG,VIC,-38.150,141.970,Delivery Area
3215,DRUMCONDRA,VIC,-38.110,144.330,Delivery Area
3570,DRUMMARTIN,VIC,-36.470,144.110,Delivery Area
3461,DRUMMOND,VIC,-37.390,144.220,Delivery Area
3446,DRUMMOND NORTH,VIC,-37.200,144.290,Delivery Area
3401,DRUNG,VIC,-36.460,142.310,Delivery Area
3461,DRY DIGGINGS,VIC,-37.390,144.220,Delivery Area
3222,DRYSDALE,VIC,-38.160,144.560,Delivery Area
3409,DUCHEMBEGARRA,VIC,-36.780,141.760,Delivery Area
3956,DUMBALK,VIC,-38.530,146.100,Delivery Area
3956,DUMBALK NORTH,VIC,-38.530,146.100,Delivery Area
3527,DUMOSA,VIC,-36.060,143.390,Delivery Area
3371,DUNACH,VIC,-37.150,143.670,Delivery Area
3271,DUNDONNELL,VIC,-38.000,143.050,Delivery Area
3175,DUNEARN,VIC,-38.030,145.180,Delivery Area
3294,DUNKELD,VIC,-37.650,142.340,Delivery Area
3630,DUNKIRK,VIC,-36.360,145.400,Delivery Area
3472,DUNLUCE,VIC,-36.920,143.760,Delivery Area
3377,DUNNEWORTHY,VIC,-37.280,142.930,Delivery Area
3352,DUNNSTOWN,VIC,-37.380,143.670,Delivery Area
3472,DUNOLLY,VIC,-36.920,143.760,Delivery Area
3312,DUNROBIN,VIC,-37.640,141.370,Delivery Area
3342,DURDIDWARRAH,VIC,-37.600,144.230,Delivery Area
3352,DURHAM LEAD,VIC,-37.380,143.670,Delivery Area
3576,DURHAM OX,VIC,-36.200,143.960,Delivery Area
3851,DUTSON,VIC,-38.040,147.080,Delivery Area
3851,DUTSON DOWNS,VIC,-38.040,147.080,Delivery Area
3305,DUTTON WAY,VIC,-38.270,141.650,Delivery Area
3323,DUVERNEY,VIC,-37.990,143.490,Delivery Area
3878,EAGLE POINT,VIC,-37.890,147.670,Delivery Area
3556,EAGLEHAWK,VIC,-36.730,144.260,Delivery Area
3556,EAGLEHAWK NORTH,VIC,-36.730,144.260,Delivery Area
3084,EAGLEMONT,VIC,-37.740,145.090,Delivery Area
3669,EARLSTON,VIC,-36.700,145.770,Delivery Area
3875,EAST BAIRNSDALE,VIC,-37.830,147.630,Delivery Area
3550,EAST BENDIGO,VIC,-36.760,144.280,Delivery Area
3219,EAST GEELONG,VIC,-38.180,144.380,Delivery Area
3002,EAST MELBOURNE,VIC,-37.820,144.990,Delivery Area
8002,EAST MELBOURNE,VIC,-38.110,145.150,Post Office Boxes
3852,EAST SALE,VIC,-38.110,147.130,Delivery Area
3678,EAST WANGARATTA,VIC,-36.520,146.500,Delivery Area
3799,EAST WARBURTON,VIC,-37.760,145.750,Delivery Area
3231,EASTERN VIEW,VIC,-38.460,144.110,Delivery Area
3463,EASTVILLE,VIC,-36.980,143.950,Delivery Area
3875,EASTWOOD,VIC,,,Delivery Area
3691,EBDEN,VIC,-36.280,146.910,Delivery Area
3564,ECHUCA,VIC,-36.130,144.730,Delivery Area
3564,ECHUCA SOUTH,VIC,-36.130,144.730,Delivery Area
3564,ECHUCA VILLAGE,VIC,-36.130,144.730,Delivery Area
3564,ECHUCA WEST,VIC,-36.130,144.730,Delivery Area
3265,ECKLIN SOUTH,VIC,-38.210,143.010,Delivery Area
3472,EDDINGTON,VIC,-36.920,143.760,Delivery Area
3757,EDEN PARK,VIC,-37.450,145.110,Delivery Area
3318,EDENHOPE,VIC,-36.990,141.510,Delivery Area
3444,EDGECOMBE,VIC,-37.090,144.510,Delivery Area
3678,EDI,VIC,-36.520,146.500,Delivery Area
3678,EDI UPPER,VIC,-36.520,146.500,Delivery Area
3196,EDITHVALE,VIC,-38.060,145.120,Delivery Area
3461,EGANSTOWN,VIC,-37.390,144.220,Delivery Area
3713,EILDON,VIC,-37.230,145.910,Delivery Area
3334,ELAINE,VIC,-37.710,144.090,Delivery Area
3746,ELDORADO,VIC,-36.300,146.580,Delivery Area
3461,ELEVATED PLAINS,VIC,-37.390,144.220,Delivery Area
3266,ELINGAMITE,VIC,-38.340,143.140,Delivery Area
3266,ELINGAMITE NORTH,VIC,-38.340,143.140,Delivery Area
3921,ELIZABETH ISLAND,VIC,,,Delivery Area
3875,ELLASWOOD,VIC,-37.830,147.630,Delivery Area
3265,ELLERSLIE,VIC,-38.210,143.010,Delivery Area
3250,ELLIMINYT,VIC,-38.340,143.580,Delivery Area
3821,ELLINBANK,VIC,-38.100,145.920,Delivery Area
3469,ELMHURST,VIC,-37.180,143.250,Delivery Area
3558,ELMORE,VIC,-36.490,144.710,Delivery Area
3448,ELPHINSTONE,VIC,-37.110,144.340,Delivery Area
3185,ELSTERNWICK,VIC,-37.880,145.000,Delivery Area
3095,ELTHAM,VIC,-37.710,145.150,Delivery Area
3095,ELTHAM NORTH,VIC,-37.710,145.150,Delivery Area
3184,ELWOOD,VIC,-37.880,145.000,Delivery Area
3782,EMERALD,VIC,-37.920,145.470,Delivery Area
3475,EMU,VIC,-36.830,143.500,Delivery Area
3551,EMU CREEK,VIC,-36.690,143.870,Delivery Area
3802,ENDEAVOUR HILLS,VIC,-37.980,145.250,Delivery Area
3352,ENFIELD,VIC,-37.380,143.670,Delivery Area
3407,ENGLEFIELD,VIC,-37.250,141.840,Delivery Area
3723,ENOCHS POINT,VIC,-36.890,146.260,Delivery Area
3895,ENSAY,VIC,-37.300,147.750,Delivery Area
3895,ENSAY NORTH,VIC,-37.300,147.750,Delivery Area
3551,EPPALOCK,VIC,-36.690,143.870,Delivery Area
3076,EPPING,VIC,-37.640,145.010,Delivery Area
3551,EPSOM,VIC,-36.690,143.870,Delivery Area
3352,ERCILDOUNE,VIC,-37.380,143.670,Delivery Area
3825,ERICA,VIC,-37.700,146.360,Delivery Area
3889,ERRINUNDRA,VIC,-37.930,145.910,Delivery Area
3701,ESKDALE,VIC,-36.530,147.500,Delivery Area
3730,ESMOND,VIC,-36.030,146.080,Delivery Area
3040,ESSENDON,VIC,-37.760,144.900,Delivery Area
3041,ESSENDON FIELDS,VIC,-37.740,144.910,Delivery Area
3041,ESSENDON NORTH,VIC,-37.740,144.910,Delivery Area
3040,ESSENDON WEST,VIC,-37.760,144.900,Delivery Area
3177,EUMEMMERRING,VIC,-38.000,145.240,Delivery Area
3251,EURACK,VIC,-38.190,143.640,Delivery Area
3350,EUREKA,VIC,-37.560,143.820,Delivery Area
3666,EUROA,VIC,-36.710,145.640,Delivery Area
3739,EUROBIN,VIC,-36.700,146.850,Delivery Area
3371,EVANSFORD,VIC,-37.150,143.670,Delivery Area
3377,EVERSLEY,VIC,-37.280,142.930,Delivery Area
3678,EVERTON,VIC,-36.520,146.500,Delivery Area
3678,EVERTON UPPER,VIC,-36.520,146.500,Delivery Area
3338,EXFORD,VIC,-37.700,144.540,Delivery Area
3338,EYNESBURY,VIC,-37.700,144.540,Delivery Area
3951,FAIRBANK,VIC,-38.390,145.890,Delivery Area
3078,FAIRFIELD,VIC,-37.780,145.030,Delivery Area
3231,FAIRHAVEN,VIC,-38.460,144.110,Delivery Area
3579,FAIRLEY,VIC,-35.880,143.870,Delivery Area
3561,FAIRY DELL,VIC,-36.300,144.670,Delivery Area
3875,FAIRY DELL,VIC,-37.830,147.630,Delivery Area
3699,FALLS CREEK,VIC,-36.810,147.220,Delivery Area
3451,FARADAY,VIC,-37.030,144.240,Delivery Area
3714,FAWCETT,VIC,-37.250,145.700,Delivery Area
3060,FAWKNER,VIC,-37.760,144.900,Delivery Area
3518,FENTONS CREEK,VIC,-36.500,143.460,Delivery Area
3237,FERGUSON,VIC,-38.690,143.560,Delivery Area
3458,FERN HILL,VIC,-37.450,144.290,Delivery Area
3864,FERNBANK,VIC,-37.860,147.340,Delivery Area
3821,FERNDALE,VIC,-38.100,145.920,Delivery Area
3518,FERNIHURST,VIC,-36.500,143.460,Delivery Area
3778,FERNSHAW,VIC,-37.630,145.700,Delivery Area
3156,FERNTREE GULLY,VIC,-37.880,145.300,Delivery Area
3786,FERNY CREEK,VIC,-37.880,145.340,Delivery Area
3024,FIELDSTONE,VIC,,,Delivery Area
3518,FIERY FLAT,VIC,-36.500,143.460,Delivery Area
3939,FINGAL,VIC,-38.400,144.900,Delivery Area
3959,FISH CREEK,VIC,-38.690,146.080,Delivery Area
3585,FISH POINT,VIC,-35.420,143.590,Delivery Area
3342,FISKVILLE,VIC,-37.600,144.230,Delivery Area
3065,FITZROY,VIC,-37.800,144.980,Delivery Area
3068,FITZROY NORTH,VIC,-37.790,144.990,Delivery Area
3875,FLAGGY CREEK,VIC,-37.830,147.630,Delivery Area
3465,FLAGSTAFF,VIC,-37.070,143.680,Delivery Area
3851,FLAMINGO BEACH,VIC,-38.040,147.080,Delivery Area
3031,FLEMINGTON,VIC,-37.790,144.930,Delivery Area
3929,FLINDERS,VIC,-38.470,145.020,Delivery Area
8009,FLINDERS LANE,VIC,-37.820,144.960,Post Office Boxes
3550,FLORA HILL,VIC,-36.760,144.280,Delivery Area
3717,FLOWERDALE,VIC,-37.340,145.290,Delivery Area
3844,FLYNN,VIC,-38.410,146.640,Delivery Area
3844,FLYNNS CREEK,VIC,-38.410,146.640,Delivery Area
3011,FOOTSCRAY,VIC,-37.800,144.900,Delivery Area
3764,FORBES,VIC,-37.310,144.890,Delivery Area
3131,FOREST HILL,VIC,-37.840,145.180,Delivery Area
3875,FORGE CREEK,VIC,-37.830,147.630,Delivery Area
3236,FORREST,VIC,-38.520,143.710,Delivery Area
3960,FOSTER,VIC,-38.670,146.270,Delivery Area
3960,FOSTER NORTH,VIC,-38.670,146.270,Delivery Area
3557,FOSTERVILLE,VIC,-36.650,144.510,Delivery Area
3805,FOUNTAIN GATE,VIC,-38.020,145.300,Delivery Area
3323,FOXHOW,VIC,-37.990,143.490,Delivery Area
3265,FRAMLINGHAM,VIC,-38.210,143.010,Delivery Area
3265,FRAMLINGHAM EAST,VIC,-38.210,143.010,Delivery Area
3461,FRANKLINFORD,VIC,-37.390,144.220,Delivery Area
3199,FRANKSTON,VIC,-38.150,145.120,Delivery Area
3199,FRANKSTON EAST,VIC,-38.150,145.120,Delivery Area
3199,FRANKSTON HEIGHTS,VIC,-38.150,145.120,Delivery Area
3200,FRANKSTON NORTH,VIC,-38.170,145.190,Delivery Area
3199,FRANKSTON SOUTH,VIC,-38.150,145.120,Delivery Area
3336,FRASER RISE,VIC,,,Delivery Area
3741,FREEBURGH,VIC,-36.730,146.960,Delivery Area
3921,FRENCH ISLAND,VIC,-38.340,145.340,Delivery Area
3384,FRENCHMANS,VIC,-36.980,143.200,Delivery Area
3217,FRESHWATER CREEK,VIC,,,Delivery Area
3451,FRYERSTOWN,VIC,-37.030,144.240,Delivery Area
3851,FULHAM,VIC,-38.040,147.080,Delivery Area
3825,FUMINA,VIC,-37.700,146.360,Delivery Area
3825,FUMINA SOUTH,VIC,-37.700,146.360,Delivery Area
3381,FYANS CREEK,VIC,-36.940,143.210,Delivery Area
3218,FYANSFORD,VIC,,,Delivery Area
3723,GAFFNEYS CREEK,VIC,-36.890,146.260,Delivery Area
3822,GAINSBOROUGH,VIC,-38.240,146.000,Delivery Area
3568,GANNAWARRA,VIC,-35.840,144.340,Delivery Area
3737,GAPSTED,VIC,-36.980,146.780,Delivery Area
3207,GARDEN CITY,VIC,-37.830,144.960,Delivery Area
3185,GARDENVALE,VIC,-37.880,145.000,Delivery Area
3814,GARFIELD,VIC,-38.150,145.610,Delivery Area
3814,GARFIELD NORTH,VIC,-38.150,145.610,Delivery Area
3352,GARIBALDI,VIC,-37.380,143.670,Delivery Area
3265,GARVOC,VIC,-38.210,143.010,Delivery Area
3691,GATEWAY ISLAND,VIC,-36.280,146.910,Delivery Area
3407,GATUM,VIC,-37.250,141.840,Delivery Area
3289,GAZETTE,VIC,-37.900,142.170,Delivery Area
3220,GEELONG,VIC,-38.180,145.110,Delivery Area
3221,GEELONG MC,VIC,-37.900,144.250,Delivery Area
3215,GEELONG NORTH,VIC,-38.110,144.330,Delivery Area
3218,GEELONG WEST,VIC,-38.140,144.350,Delivery Area
3885,GELANTIPY,VIC,-37.710,147.830,Delivery Area
3239,GELLIBRAND,VIC,-38.560,143.400,Delivery Area
3237,GELLIBRAND LOWER,VIC,-38.690,143.560,Delivery Area
3971,GELLIONDALE,VIC,-38.610,146.670,Delivery Area
3783,GEMBROOK,VIC,-37.950,145.550,Delivery Area
3891,GENOA,VIC,-37.480,149.590,Delivery Area
3833,GENTLE ANNIE,VIC,-37.840,145.850,Delivery Area
3700,GEORGES CREEK,VIC,-36.180,147.340,Delivery Area
3546,GERAHMIN,VIC,-34.960,142.880,Delivery Area
3418,GERANG GERUNG,VIC,-36.170,141.330,Delivery Area
3249,GERANGAMETE,VIC,-38.240,143.480,Delivery Area
3387,GERMANIA,VIC,-36.670,142.870,Delivery Area
3741,GERMANTOWN,VIC,-36.730,146.960,Delivery Area
3289,GERRIGERRUP,VIC,-37.900,142.170,Delivery Area
3240,GHERANG,VIC,-38.220,144.080,Delivery Area
3331,GHERINGHAP,VIC,-38.050,144.170,Delivery Area
3717,GHIN GHIN,VIC,-37.340,145.290,Delivery Area
3851,GIFFARD,VIC,-38.040,147.080,Delivery Area
3851,GIFFARD WEST,VIC,-38.040,147.080,Delivery Area
3480,GIL GIL,VIC,-36.240,142.690,Delivery Area
3072,GILBERTON,VIC,-37.740,145.030,Delivery Area
3797,GILDEROY,VIC,-37.860,145.710,Delivery Area
3616,GILLIESTON,VIC,-36.420,145.070,Delivery Area
3858,GILLUM,VIC,-37.970,146.690,Delivery Area
3841,GIPPSLAND MC,VIC,0.000,0.000,Post Office Boxes
3891,GIPSY POINT,VIC,-37.480,149.590,Delivery Area
3624,GIRGARRE,VIC,-36.440,145.070,Delivery Area
3616,GIRGARRE EAST,VIC,-36.420,145.070,Delivery Area
3437,GISBORNE,VIC,-37.520,144.480,Delivery Area
3437,GISBORNE SOUTH,VIC,-37.520,144.480,Delivery Area
3575,GLADFIELD,VIC,-36.040,143.990,Delivery Area
3043,GLADSTONE PARK,VIC,-37.690,144.880,Delivery Area
3797,GLADYSDALE,VIC,-37.860,145.710,Delivery Area
3979,GLEN ALVIE,VIC,-38.430,145.560,Delivery Area
3691,GLEN CREEK,VIC,-36.280,146.910,Delivery Area
3990,GLEN FORBES,VIC,-38.450,145.530,Delivery Area
3163,GLEN HUNTLY,VIC,-37.890,145.060,Delivery Area
3146,GLEN IRIS,VIC,-37.850,145.070,Delivery Area
3352,GLEN PARK,VIC,-37.380,143.670,Delivery Area
3898,GLEN VALLEY,VIC,-37.020,147.470,Delivery Area
3150,GLEN WAVERLEY,VIC,-37.880,145.170,Delivery Area
3898,GLEN WILLS,VIC,-37.020,147.470,Delivery Area
3238,GLENAIRE,VIC,-38.780,143.430,Delivery Area
3864,GLENALADALE,VIC,-37.860,147.340,Delivery Area
3517,GLENALBYN,VIC,-36.300,143.920,Delivery Area
3764,GLENAROUA,VIC,-37.310,144.890,Delivery Area
3352,GLENBRAE,VIC,-37.380,143.670,Delivery Area
3717,GLENBURN,VIC,-37.340,145.290,Delivery Area
3363,GLENDARUEL,VIC,-37.420,143.890,Delivery Area
3364,GLENDONALD,VIC,-37.370,143.940,Delivery Area
3858,GLENFALLOCH,VIC,-37.970,146.690,Delivery Area
3122,GLENFERRIE SOUTH,VIC,-37.840,145.050,Delivery Area
3266,GLENFYNE,VIC,-38.340,143.140,Delivery Area
3020,GLENGALA,VIC,-37.780,144.820,Delivery Area
3854,GLENGARRY,VIC,-38.120,146.570,Delivery Area
3854,GLENGARRY NORTH,VIC,-38.120,146.570,Delivery Area
3854,GLENGARRY WEST,VIC,-38.120,146.570,Delivery Area
3370,GLENGOWER,VIC,-37.290,143.790,Delivery Area
3444,GLENHOPE,VIC,-37.090,144.510,Delivery Area
3522,GLENHOPE EAST,VIC,-37.130,144.750,Delivery Area
3314,GLENISLA,VIC,-37.590,141.940,Delivery Area
3418,GLENLEE,VIC,-36.170,141.330,Delivery Area
3469,GLENLOFTY,VIC,-37.180,143.250,Delivery Area
3469,GLENLOGIE,VIC,-37.180,143.250,Delivery Area
3527,GLENLOTH,VIC,-36.060,143.390,Delivery Area
3527,GLENLOTH EAST,VIC,-36.060,143.390,Delivery Area
3451,GLENLUCE,VIC,-37.030,144.240,Delivery Area
3461,GLENLYON,VIC,-37.390,144.220,Delivery Area
3858,GLENMAGGIE,VIC,-37.970,146.690,Delivery Area
3340,GLENMORE,VIC,-37.680,144.440,Delivery Area
3385,GLENORCHY,VIC,-36.920,142.510,Delivery Area
3265,GLENORMISTON,VIC,,,Delivery Area
3265,GLENORMISTON NORTH,VIC,-38.210,143.010,Delivery Area
3265,GLENORMISTON SOUTH,VIC,-38.210,143.010,Delivery Area
3469,GLENPATRICK,VIC,-37.180,143.250,Delivery Area
3675,GLENROWAN,VIC,-36.270,146.130,Delivery Area
3675,GLENROWAN WEST,VIC,-36.270,146.130,Delivery Area
3046,GLENROY,VIC,-37.700,144.920,Delivery Area
3293,GLENTHOMPSON,VIC,-37.640,142.550,Delivery Area
3851,GLOMAR BEACH,VIC,-38.040,147.080,Delivery Area
3221,GNARWARRE,VIC,-37.900,144.250,Delivery Area
3260,GNOTUK,VIC,-38.130,143.100,Delivery Area
3559,GOBARUP,VIC,-36.530,144.600,Delivery Area
3719,GOBUR,VIC,-37.010,145.620,Delivery Area
3851,GOLDEN BEACH,VIC,-38.040,147.080,Delivery Area
3555,GOLDEN GULLY,VIC,-36.830,144.230,Delivery Area
3350,GOLDEN POINT,VIC,-37.560,143.820,Delivery Area
3451,GOLDEN POINT,VIC,-37.030,144.240,Delivery Area
3465,GOLDEN POINT,VIC,-37.070,143.680,Delivery Area
3555,GOLDEN SQUARE,VIC,-36.830,144.230,Delivery Area
3435,GOLDIE,VIC,-37.190,144.690,Delivery Area
3472,GOLDSBOROUGH,VIC,-36.920,143.760,Delivery Area
3352,GONG GONG,VIC,-37.380,143.670,Delivery Area
3579,GONN CROSSING,VIC,-35.880,143.870,Delivery Area
3673,GOOMALIBEE,VIC,-36.430,145.890,Delivery Area
3875,GOON NURE,VIC,-37.830,147.630,Delivery Area
3888,GOONGERAH,VIC,-37.150,148.880,Delivery Area
3666,GOORAM,VIC,-36.710,145.640,Delivery Area
3685,GOORAMADDA,VIC,-36.100,146.220,Delivery Area
3725,GOORAMBAT,VIC,-36.320,145.800,Delivery Area
3557,GOORNONG,VIC,-36.650,144.510,Delivery Area
3477,GOOROC,VIC,0.000,0.000,Delivery Area
3305,GORAE,VIC,-38.270,141.650,Delivery Area
3305,GORAE WEST,VIC,-38.270,141.650,Delivery Area
3345,GORDON,VIC,-37.590,144.100,Delivery Area
3873,GORMANDALE,VIC,-38.290,146.720,Delivery Area
3412,GOROKE,VIC,-36.750,141.470,Delivery Area
3585,GOSCHEN,VIC,-35.420,143.590,Delivery Area
3723,GOUGHS BAY,VIC,-36.890,146.260,Delivery Area
3608,GOULBURN WEIR,VIC,-36.700,145.030,Delivery Area
3043,GOWANBRAE,VIC,-37.690,144.880,Delivery Area
3544,GOWANFORD,VIC,-35.510,143.200,Delivery Area
3669,GOWANGARDIE,VIC,-36.700,145.770,Delivery Area
3477,GOWAR EAST,VIC,0.000,0.000,Delivery Area
3463,GOWER,VIC,,,Delivery Area
3631,GRAHAMVALE,VIC,-36.540,145.360,Delivery Area
3314,GRAMPIANS,VIC,-37.590,141.940,Delivery Area
3870,GRAND RIDGE,VIC,-38.380,146.280,Delivery Area
3335,GRANGEFIELDS,VIC,,,Delivery Area
3525,GRANITE FLAT,VIC,-36.270,143.430,Delivery Area
3875,GRANITE ROCK,VIC,-37.830,147.630,Delivery Area
3984,GRANTVILLE,VIC,-38.320,145.540,Delivery Area
3701,GRANYA,VIC,-36.530,147.500,Delivery Area
3409,GRASS FLAT,VIC,-36.780,141.760,Delivery Area
3302,GRASSDALE,VIC,-37.860,141.790,Delivery Area
3281,GRASSMERE,VIC,-38.330,142.510,Delivery Area
3477,GRAYS BRIDGE,VIC,0.000,0.000,Delivery Area
3608,GRAYTOWN,VIC,-36.700,145.030,Delivery Area
3477,GRE GRE,VIC,0.000,0.000,Delivery Area
3477,GRE GRE NORTH,VIC,0.000,0.000,Delivery Area
3477,GRE GRE SOUTH,VIC,0.000,0.000,Delivery Area
3685,GREAT SOUTHERN,VIC,-36.100,146.220,Delivery Area
3374,GREAT WESTERN,VIC,0.000,0.000,Delivery Area
3537,GREDGWIN,VIC,-36.010,143.670,Delivery Area
3462,GREEN GULLY,VIC,-37.110,144.100,Delivery Area
3341,GREENDALE,VIC,-37.520,144.310,Delivery Area
3444,GREENHILL,VIC,-37.090,144.510,Delivery Area
3387,GREENS CREEK,VIC,-36.670,142.870,Delivery Area
3088,GREENSBOROUGH,VIC,-37.710,145.120,Delivery Area
3059,GREENVALE,VIC,-37.640,144.890,Delivery Area
3304,GREENWALD,VIC,-38.150,141.970,Delivery Area
3352,GRENVILLE,VIC,-37.380,143.670,Delivery Area
3675,GRETA,VIC,-36.270,146.130,Delivery Area
3675,GRETA SOUTH,VIC,-36.270,146.130,Delivery Area
3675,GRETA WEST,VIC,-36.270,146.130,Delivery Area
3234,GREY RIVER,VIC,,,Delivery Area
3104,GREYTHORN,VIC,-37.790,145.070,Delivery Area
3315,GRINGEGALGONA,VIC,-37.440,141.760,Delivery Area
3315,GRITJURK,VIC,-37.440,141.760,Delivery Area
3216,GROVEDALE,VIC,-38.180,144.340,Delivery Area
3216,GROVEDALE EAST,VIC,-38.180,144.340,Delivery Area
3770,GRUYERE,VIC,-37.720,145.380,Delivery Area
3451,GUILDFORD,VIC,-37.030,144.240,Delivery Area
3566,GUNBOWER,VIC,-35.960,144.370,Delivery Area
3691,GUNDOWRING,VIC,-36.280,146.910,Delivery Area
3960,GUNYAH,VIC,-38.670,146.270,Delivery Area
3709,GUYS FOREST,VIC,-36.050,147.560,Delivery Area
3807,GUYS HILL,VIC,-38.050,145.370,Delivery Area
3401,GYMBOWEN,VIC,-36.460,142.310,Delivery Area
3351,HADDON,VIC,-37.770,143.680,Delivery Area
3046,HADFIELD,VIC,-37.700,144.920,Delivery Area
3803,HALLAM,VIC,-38.000,145.270,Delivery Area
3818,HALLORA,VIC,-38.240,145.780,Delivery Area
3381,HALLS GAP,VIC,-36.940,143.210,Delivery Area
3953,HALLSTON,VIC,-38.410,146.070,Delivery Area
3300,HAMILTON,VIC,-37.880,141.960,Delivery Area
3215,HAMLYN HEIGHTS,VIC,-38.110,144.330,Delivery Area
3188,HAMPTON,VIC,-37.930,145.030,Delivery Area
3188,HAMPTON EAST,VIC,-37.930,145.030,Delivery Area
3188,HAMPTON NORTH,VIC,-37.930,145.030,Delivery Area
3976,HAMPTON PARK,VIC,-38.030,145.270,Delivery Area
3675,HANSONVILLE,VIC,-36.270,146.130,Delivery Area
3360,HAPPY VALLEY,VIC,-37.690,143.560,Delivery Area
3549,HAPPY VALLEY,VIC,-34.850,142.830,Delivery Area
3453,HARCOURT,VIC,-37.000,144.260,Delivery Area
3453,HARCOURT NORTH,VIC,-37.000,144.260,Delivery Area
3806,HARKAWAY,VIC,-38.030,145.340,Delivery Area
3337,HARKNESS,VIC,,,Delivery Area
3995,HARMERS HAVEN,VIC,-38.530,145.450,Delivery Area
3741,HARRIETVILLE,VIC,-36.730,146.960,Delivery Area
3317,HARROW,VIC,-37.120,141.600,Delivery Area
3616,HARSTON,VIC,-36.420,145.070,Delivery Area
3124,HARTWELL,VIC,-37.820,145.060,Delivery Area
3915,HASTINGS,VIC,-38.310,145.190,Delivery Area
3501,HATTAH,VIC,-34.850,142.330,Delivery Area
3465,HAVELOCK,VIC,-37.070,143.680,Delivery Area
3401,HAVEN,VIC,-36.460,142.310,Delivery Area
3737,HAVILAH,VIC,-36.980,146.780,Delivery Area
3287,HAWKESDALE,VIC,-38.110,142.320,Delivery Area
3862,HAWKHURST,VIC,-37.570,147.190,Delivery Area
3142,HAWKSBURN,VIC,-37.840,145.000,Delivery Area
3122,HAWTHORN,VIC,-37.840,145.050,Delivery Area
3123,HAWTHORN EAST,VIC,-37.830,145.040,Delivery Area
3122,HAWTHORN NORTH,VIC,-37.840,145.050,Delivery Area
3122,HAWTHORN WEST,VIC,-37.840,145.050,Delivery Area
3888,HAYDENS BOG,VIC,-37.150,148.880,Delivery Area
3966,HAZEL PARK,VIC,-38.580,146.450,Delivery Area
3658,HAZELDENE,VIC,-37.200,145.050,Delivery Area
3840,HAZELWOOD,VIC,-38.280,146.320,Delivery Area
3840,HAZELWOOD NORTH,VIC,-38.280,146.320,Delivery Area
3840,HAZELWOOD SOUTH,VIC,-38.280,146.320,Delivery Area
3777,HEALESVILLE,VIC,-37.690,145.540,Delivery Area
3777,HEALESVILLE MAIN STREET,VIC,-37.690,145.540,Delivery Area
3981,HEATH HILL,VIC,-38.180,145.570,Delivery Area
3523,HEATHCOTE,VIC,-36.940,144.730,Delivery Area
3758,HEATHCOTE JUNCTION,VIC,-37.380,145.030,Delivery Area
3523,HEATHCOTE SOUTH,VIC,-36.940,144.730,Delivery Area
3202,HEATHERTON,VIC,-37.970,145.210,Delivery Area
3305,HEATHMERE,VIC,-38.270,141.650,Delivery Area
3135,HEATHMONT,VIC,-37.820,145.250,Delivery Area
3134,HEATHWOOD,VIC,-37.810,145.230,Delivery Area
3967,HEDLEY,VIC,-37.690,144.960,Delivery Area
3084,HEIDELBERG,VIC,-37.740,145.090,Delivery Area
3081,HEIDELBERG HEIGHTS,VIC,-37.750,145.050,Delivery Area
3081,HEIDELBERG RGH,VIC,-37.750,145.050,Delivery Area
3081,HEIDELBERG WEST,VIC,-37.750,145.050,Delivery Area
3301,HENSLEY PARK,VIC,-37.700,141.930,Delivery Area
3312,HENTY,VIC,-37.640,141.370,Delivery Area
3461,HEPBURN,VIC,-37.390,144.220,Delivery Area
3461,HEPBURN SPRINGS,VIC,-37.390,144.220,Delivery Area
3218,HERNE HILL,VIC,-38.140,144.350,Delivery Area
3825,HERNES OAK,VIC,-37.700,146.360,Delivery Area
3442,HESKET,VIC,-37.390,144.450,Delivery Area
3321,HESSE,VIC,-38.110,143.860,Delivery Area
3273,HEXHAM,VIC,-38.060,142.610,Delivery Area
3858,HEYFIELD,VIC,-37.970,146.690,Delivery Area
3268,HEYTESBURY LOWER,VIC,-38.420,142.860,Delivery Area
3304,HEYWOOD,VIC,-38.150,141.970,Delivery Area
3847,HIAMDALE,VIC,-38.260,146.750,Delivery Area
3971,HIAWATHA,VIC,-38.610,146.670,Delivery Area
3764,HIGH CAMP,VIC,-37.310,144.890,Delivery Area
3190,HIGHETT,VIC,-37.950,145.030,Delivery Area
3660,HIGHLANDS,VIC,-37.090,145.500,Delivery Area
3032,HIGHPOINT CITY,VIC,-37.780,144.920,Delivery Area
3216,HIGHTON,VIC,-38.180,144.340,Delivery Area
3315,HILGAY,VIC,-37.440,141.760,Delivery Area
3825,HILL END,VIC,-37.700,146.360,Delivery Area
3351,HILLCREST,VIC,-37.770,143.680,Delivery Area
3660,HILLDENE,VIC,-37.090,145.500,Delivery Area
3037,HILLSIDE,VIC,-37.720,144.780,Delivery Area
3875,HILLSIDE,VIC,-37.830,147.630,Delivery Area
3898,HINNOMUNJIE,VIC,-37.020,147.470,Delivery Area
3920,HMAS CERBERUS,VIC,0.000,0.000,Delivery Area
3139,HODDLES CREEK,VIC,-37.800,145.540,Delivery Area
3862,HOLLANDS LANDING,VIC,-37.570,147.190,Delivery Area
3148,HOLMESGLEN,VIC,-37.890,145.080,Delivery Area
3465,HOMEBUSH,VIC,-37.070,143.680,Delivery Area
3304,HOMERTON,VIC,-38.150,141.970,Delivery Area
3717,HOMEWOOD,VIC,-37.340,145.290,Delivery Area
3396,HOPETOUN,VIC,-35.730,142.360,Delivery Area
3162,HOPETOUN GARDENS,VIC,-37.880,145.030,Delivery Area
3340,HOPETOUN PARK,VIC,-37.680,144.440,Delivery Area
3029,HOPPERS CROSSING,VIC,-37.880,144.700,Delivery Area
3238,HORDERN VALE,VIC,-38.780,143.430,Delivery Area
3567,HORFIELD,VIC,-35.890,144.240,Delivery Area
3400,HORSHAM,VIC,-36.710,142.200,Delivery Area
3402,HORSHAM,VIC,-37.160,142.670,Post Office Boxes
3741,HOTHAM HEIGHTS,VIC,-36.730,146.960,Delivery Area
3051,HOTHAM HILL,VIC,-37.910,145.060,Delivery Area
3303,HOTSPUR,VIC,-38.030,141.810,Delivery Area
3128,HOUSTON,VIC,-37.820,145.120,Delivery Area
3723,HOWES CREEK,VIC,-36.890,146.260,Delivery Area
3858,HOWITT PLAINS,VIC,-37.970,146.690,Delivery Area
3723,HOWQUA,VIC,-36.890,146.260,Delivery Area
3723,HOWQUA HILLS,VIC,-36.890,146.260,Delivery Area
3723,HOWQUA INLET,VIC,-36.890,146.260,Delivery Area
3166,HUGHESDALE,VIC,-37.900,145.080,Delivery Area
3757,HUMEVALE,VIC,-37.450,145.110,Delivery Area
3558,HUNTER,VIC,-36.490,144.710,Delivery Area
3971,HUNTERSTON,VIC,-38.610,146.670,Delivery Area
3166,HUNTINGDALE,VIC,-37.900,145.080,Delivery Area
3551,HUNTLY,VIC,-36.690,143.870,Delivery Area
3551,HUNTLY NORTH,VIC,-36.690,143.870,Delivery Area
3695,HUON,VIC,-36.300,147.140,Delivery Area
3691,HUON CREEK,VIC,-36.280,146.910,Delivery Area
3099,HURSTBRIDGE,VIC,-37.590,145.220,Delivery Area
3833,ICY CREEK,VIC,-37.840,145.850,Delivery Area
3875,IGUANA CREEK,VIC,-37.830,147.630,Delivery Area
3351,ILLABAROOK,VIC,-37.770,143.680,Delivery Area
3381,ILLAWARRA,VIC,-36.940,143.210,Delivery Area
3282,ILLOWA,VIC,-38.330,142.410,Delivery Area
3223,INDENTED HEAD,VIC,-38.140,144.710,Delivery Area
3688,INDIGO VALLEY,VIC,-36.110,146.670,Delivery Area
3517,INGLEWOOD,VIC,-36.300,143.920,Delivery Area
3342,INGLISTON,VIC,-37.600,144.230,Delivery Area
3472,INKERMAN,VIC,-36.920,143.760,Delivery Area
3636,INVERGORDON,VIC,-36.140,145.500,Delivery Area
3321,INVERLEIGH,VIC,-38.110,143.860,Delivery Area
3996,INVERLOCH,VIC,-38.630,145.730,Delivery Area
3352,INVERMAY,VIC,-37.380,143.670,Delivery Area
3350,INVERMAY PARK,VIC,-37.560,143.820,Delivery Area
3815,IONA,VIC,-38.100,145.720,Delivery Area
3494,IRAAK,VIC,-34.460,142.230,Delivery Area
3451,IRISHTOWN,VIC,-37.030,144.240,Delivery Area
3550,IRONBARK,VIC,-36.760,144.280,Delivery Area
3249,IRREWARRA,VIC,-38.240,143.480,Delivery Area
3249,IRREWILLIPE,VIC,-38.240,143.480,Delivery Area
3249,IRREWILLIPE EAST,VIC,-38.240,143.480,Delivery Area
3498,IRYMPLE,VIC,-34.230,142.180,Delivery Area
3079,IVANHOE,VIC,-37.770,145.040,Delivery Area
3079,IVANHOE EAST,VIC,-37.770,145.040,Delivery Area
3079,IVANHOE NORTH,VIC,-37.770,145.040,Delivery Area
3047,JACANA,VIC,-37.680,144.920,Delivery Area
3971,JACK RIVER,VIC,-38.610,146.670,Delivery Area
3556,JACKASS FLAT,VIC,-36.730,144.260,Delivery Area
3825,JACOB CREEK,VIC,-37.700,146.360,Delivery Area
3984,JAM JERRUP,VIC,-38.320,145.540,Delivery Area
3723,JAMIESON,VIC,-36.890,146.260,Delivery Area
3228,JAN JUC,VIC,-38.330,144.260,Delivery Area
3266,JANCOURT,VIC,-38.340,143.140,Delivery Area
3266,JANCOURT EAST,VIC,-38.340,143.140,Delivery Area
3517,JARKLIN,VIC,-36.300,143.920,Delivery Area
3888,JARRAHMOND,VIC,-37.150,148.880,Delivery Area
3700,JARVIS CREEK,VIC,-36.180,147.340,Delivery Area
3840,JEERALANG,VIC,-38.280,146.320,Delivery Area
3840,JEERALANG JUNCTION,VIC,-38.280,146.320,Delivery Area
3945,JEETHO,VIC,-37.970,145.160,Delivery Area
3480,JEFFCOTT,VIC,-36.240,142.690,Delivery Area
3480,JEFFCOTT NORTH,VIC,-36.240,142.690,Delivery Area
3423,JEPARIT,VIC,-36.140,141.990,Delivery Area
3825,JERICHO,VIC,-37.700,146.360,Delivery Area
3527,JERUK,VIC,-36.060,143.390,Delivery Area
3483,JIL JIL,VIC,-35.980,142.750,Delivery Area
3409,JILPANGER,VIC,-36.780,141.760,Delivery Area
3818,JINDIVICK,VIC,-38.240,145.780,Delivery Area
3384,JOEL JOEL,VIC,-36.980,143.200,Delivery Area
3384,JOEL SOUTH,VIC,-36.980,143.200,Delivery Area
3238,JOHANNA,VIC,-38.780,143.430,Delivery Area
3902,JOHNSONVILLE,VIC,-37.790,147.830,Delivery Area
3870,JOHNSTONES HILL,VIC,-38.380,146.280,Delivery Area
3148,JORDANVILLE,VIC,-37.890,145.080,Delivery Area
3364,JOYCES CREEK,VIC,,,Delivery Area
3869,JUMBUK,VIC,-38.400,146.420,Delivery Area
3951,JUMBUNNA,VIC,-38.390,145.890,Delivery Area
3977,JUNCTION VILLAGE,VIC,-38.210,145.320,Delivery Area
3401,JUNG,VIC,-36.460,142.310,Delivery Area
3575,JUNGABURRA,VIC,-36.040,143.990,Delivery Area
3551,JUNORTOUN,VIC,-36.690,143.870,Delivery Area
3635,KAARIMBA,VIC,-36.160,145.300,Delivery Area
3318,KADNOOK,VIC,-36.990,141.510,Delivery Area
3909,KALIMNA,VIC,-37.860,147.920,Delivery Area
3909,KALIMNA WEST,VIC,-37.860,147.920,Delivery Area
3064,KALKALLO,VIC,-37.600,144.940,Delivery Area
3401,KALKEE,VIC,-36.460,142.310,Delivery Area
3791,KALLISTA,VIC,-37.900,145.410,Delivery Area
3766,KALORAMA,VIC,-37.820,145.370,Delivery Area
3529,KALPIENUNG,VIC,-35.780,143.260,Delivery Area
3570,KAMAROOKA,VIC,-36.470,144.110,Delivery Area
3571,KAMAROOKA NORTH,VIC,-36.370,144.230,Delivery Area
3401,KANAGULK,VIC,-36.460,142.310,Delivery Area
3691,KANCOONA,VIC,-36.280,146.910,Delivery Area
3555,KANGAROO FLAT,VIC,-36.830,144.230,Delivery Area
3097,KANGAROO GROUND,VIC,-37.700,145.280,Delivery Area
3419,KANIVA,VIC,-36.380,141.240,Delivery Area
3719,KANUMBRA,VIC,-37.010,145.620,Delivery Area
3387,KANYA,VIC,-36.670,142.870,Delivery Area
3564,KANYAPELLA,VIC,-36.130,144.730,Delivery Area
3294,KARABEAL,VIC,-37.650,142.340,Delivery Area
3951,KARDELLA,VIC,-38.390,145.890,Delivery Area
3950,KARDELLA SOUTH,VIC,-38.450,145.880,Delivery Area
3260,KARIAH,VIC,-38.130,143.100,Delivery Area
3199,KARINGAL,VIC,-38.150,145.120,Delivery Area
3199,KARINGAL CENTRE,VIC,-38.150,145.120,Delivery Area
3401,KARNAK,VIC,-36.460,142.310,Delivery Area
3631,KARRAMOMUS,VIC,-36.540,145.360,Delivery Area
3483,KARYRIE,VIC,-35.980,142.750,Delivery Area
3649,KATAMATITE,VIC,-36.080,145.690,Delivery Area
3649,KATAMATITE EAST,VIC,-36.080,145.690,Delivery Area
3634,KATANDRA,VIC,-36.220,145.340,Delivery Area
3634,KATANDRA WEST,VIC,-36.220,145.340,Delivery Area
3640,KATUNGA,VIC,-35.970,145.460,Delivery Area
3249,KAWARREN,VIC,-38.240,143.480,Delivery Area
3021,KEALBA,VIC,-37.750,144.770,Delivery Area
3568,KEELY,VIC,-35.840,144.340,Delivery Area
3036,KEILOR,VIC,-37.720,144.830,Delivery Area
3038,KEILOR DOWNS,VIC,-37.730,144.810,Delivery Area
3033,KEILOR EAST,VIC,-37.740,144.800,Delivery Area
3038,KEILOR LODGE,VIC,-37.730,144.810,Delivery Area
3036,KEILOR NORTH,VIC,-37.720,144.830,Delivery Area
3042,KEILOR PARK,VIC,-37.710,144.890,Delivery Area
3393,KELLALAC,VIC,-36.330,142.360,Delivery Area
3666,KELVIN VIEW,VIC,-36.710,145.640,Delivery Area
3597,KENLEY,VIC,-34.860,143.340,Delivery Area
3395,KENMARE,VIC,-35.940,142.420,Delivery Area
3239,KENNEDYS CREEK,VIC,-38.560,143.400,Delivery Area
3234,KENNETT RIVER,VIC,,,Delivery Area
3550,KENNINGTON,VIC,-36.760,144.280,Delivery Area
3031,KENSINGTON,VIC,-37.790,144.930,Delivery Area
3579,KERANG,VIC,-35.880,143.870,Delivery Area
3579,KERANG EAST,VIC,-35.880,143.870,Delivery Area
3691,KERGUNYAH,VIC,-36.280,146.910,Delivery Area
3691,KERGUNYAH SOUTH,VIC,-36.280,146.910,Delivery Area
3979,KERNOT,VIC,-38.430,145.560,Delivery Area
3434,KERRIE,VIC,-37.390,144.640,Delivery Area
3129,KERRIMUIR,VIC,-37.800,145.130,Delivery Area
3660,KERRISDALE,VIC,-37.090,145.500,Delivery Area
3723,KEVINGTON,VIC,-36.890,146.260,Delivery Area
3101,KEW,VIC,-37.810,145.040,Delivery Area
3102,KEW EAST,VIC,-37.800,145.050,Delivery Area
3390,KEWELL,VIC,-36.450,142.420,Delivery Area
3173,KEYSBOROUGH,VIC,-37.990,145.150,Delivery Area
3631,KIALLA,VIC,-36.540,145.360,Delivery Area
3631,KIALLA EAST,VIC,-36.540,145.360,Delivery Area
3631,KIALLA WEST,VIC,-36.540,145.360,Delivery Area
3418,KIATA,VIC,-36.170,141.330,Delivery Area
3691,KIEWA,VIC,-36.280,146.910,Delivery Area
3995,KILCUNDA,VIC,-38.530,145.450,Delivery Area
3312,KILLARA,VIC,-37.640,141.370,Delivery Area
3691,KILLARA,VIC,-36.280,146.910,Delivery Area
3283,KILLARNEY,VIC,-38.310,142.330,Delivery Area
3678,KILLAWARRA,VIC,-36.520,146.500,Delivery Area
3717,KILLINGWORTH,VIC,-37.340,145.290,Delivery Area
3851,KILMANY,VIC,-38.040,147.080,Delivery Area
3764,KILMORE,VIC,-37.310,144.890,Delivery Area
3764,KILMORE EAST,VIC,-37.310,144.890,Delivery Area
3137,KILSYTH,VIC,-37.800,145.310,Delivery Area
3137,KILSYTH SOUTH,VIC,-37.800,145.310,Delivery Area
3551,KIMBOLTON,VIC,-36.690,143.870,Delivery Area
3678,KING VALLEY,VIC,-36.520,146.500,Delivery Area
3763,KINGLAKE,VIC,-37.480,145.280,Delivery Area
3757,KINGLAKE CENTRAL,VIC,-37.450,145.110,Delivery Area
3757,KINGLAKE WEST,VIC,-37.450,145.110,Delivery Area
3517,KINGOWER,VIC,-36.300,143.920,Delivery Area
3021,KINGS PARK,VIC,-37.750,144.770,Delivery Area
3083,KINGSBURY,VIC,-37.700,145.070,Delivery Area
3364,KINGSTON,VIC,-37.370,143.940,Delivery Area
3012,KINGSVILLE,VIC,-37.810,144.850,Delivery Area
3483,KINNABULLA,VIC,-35.980,142.750,Delivery Area
3520,KINYPANIAL,VIC,-36.330,143.840,Delivery Area
3283,KIRKSTALL,VIC,-38.310,142.330,Delivery Area
3608,KIRWANS BRIDGE,VIC,-36.700,145.030,Delivery Area
3666,KITHBROOK,VIC,-36.710,145.640,Delivery Area
3286,KNEBSWORTH,VIC,-37.970,141.830,Delivery Area
3723,KNOCKWOOD,VIC,-36.890,146.260,Delivery Area
3523,KNOWSLEY,VIC,-36.940,144.730,Delivery Area
3152,KNOX CITY CENTRE,VIC,-37.870,145.240,Delivery Area
3180,KNOXFIELD,VIC,-37.890,145.250,Delivery Area
3260,KOALLAH,VIC,-38.130,143.100,Delivery Area
3704,KOETONG,VIC,-36.100,147.540,Delivery Area
3265,KOLORA,VIC,-38.210,143.010,Delivery Area
3951,KONGWAK,VIC,-38.390,145.890,Delivery Area
3315,KONONGWOOTONG,VIC,-37.440,141.760,Delivery Area
3981,KOO WEE RUP,VIC,-38.180,145.570,Delivery Area
3981,KOO WEE RUP NORTH,VIC,-38.180,145.570,Delivery Area
3597,KOOLOONONG,VIC,-34.860,143.340,Delivery Area
3669,KOONDA,VIC,-36.700,145.770,Delivery Area
3580,KOONDROOK,VIC,-35.640,144.110,Delivery Area
3644,KOONOOMOO,VIC,-35.910,145.690,Delivery Area
3954,KOONWARRA,VIC,-38.550,145.950,Delivery Area
3477,KOOREH,VIC,0.000,0.000,Delivery Area
3501,KOORLONG,VIC,-34.850,142.330,Delivery Area
3844,KOORNALLA,VIC,-38.410,146.640,Delivery Area
3364,KOOROOCHEANG,VIC,-37.370,143.940,Delivery Area
3860,KOOROOL,VIC,-37.880,146.990,Delivery Area
3953,KOOROOMAN,VIC,-38.410,146.070,Delivery Area
3144,KOOYONG,VIC,-37.840,145.030,Delivery Area
3714,KORIELLA,VIC,-37.250,145.700,Delivery Area
3341,KOROBEIT,VIC,-37.520,144.310,Delivery Area
3282,KOROIT,VIC,-38.330,142.410,Delivery Area
3520,KORONG VALE,VIC,-36.330,143.840,Delivery Area
3579,KOROOP,VIC,-35.880,143.870,Delivery Area
3950,KORUMBURRA,VIC,-38.450,145.880,Delivery Area
3950,KORUMBURRA SOUTH,VIC,-38.450,145.880,Delivery Area
3461,KORWEINGUBOORA,VIC,-37.390,144.220,Delivery Area
3565,KOTTA,VIC,-36.190,144.530,Delivery Area
3638,KOTUPNA,VIC,-36.150,145.170,Delivery Area
3622,KOYUGA,VIC,-36.160,144.770,Delivery Area
3945,KROWERA,VIC,-37.970,145.160,Delivery Area
3490,KULWIN,VIC,-35.200,141.600,Delivery Area
3585,KUNAT,VIC,-35.420,143.590,Delivery Area
3930,KUNYUNG,VIC,-38.190,145.080,Delivery Area
3518,KURRACA,VIC,-36.500,143.460,Delivery Area
3518,KURRACA WEST,VIC,-36.500,143.460,Delivery Area
3517,KURTING,VIC,-36.300,143.920,Delivery Area
3337,KURUNJANG,VIC,-37.680,144.590,Delivery Area
3619,KYABRAM,VIC,-37.660,144.940,Post Office Boxes
3620,KYABRAM,VIC,-36.310,145.050,Delivery Area
3620,KYABRAM SOUTH,VIC,-36.310,145.050,Delivery Area
3444,KYNETON,VIC,-37.090,144.510,Delivery Area
3444,KYNETON SOUTH,VIC,-37.090,144.510,Delivery Area
3621,KYVALLEY,VIC,-36.270,144.850,Delivery Area
3083,LA TROBE UNIVERSITY,VIC,-37.700,145.070,Delivery Area
3086,LA TROBE UNIVERSITY,VIC,-37.720,145.050,Post Office Boxes
3463,LAANECOORIE,VIC,-36.980,143.950,Delivery Area
3265,LAANG,VIC,-38.210,143.010,Delivery Area
3816,LABERTOUCHE,VIC,-38.050,145.830,Delivery Area
3130,LABURNUM,VIC,-37.820,145.150,Delivery Area
3678,LACEBY,VIC,-36.520,146.500,Delivery Area
3523,LADYS PASS,VIC,-36.940,144.730,Delivery Area
3480,LAEN,VIC,-36.240,142.690,Delivery Area
3480,LAEN EAST,VIC,-36.240,142.690,Delivery Area
3480,LAEN NORTH,VIC,-36.240,142.690,Delivery Area
3393,LAH,VIC,-36.330,142.360,Delivery Area
3401,LAHARUM,VIC,-36.460,142.310,Delivery Area
3584,LAKE BOGA,VIC,-35.460,143.630,Delivery Area
3351,LAKE BOLAC,VIC,-37.770,143.680,Delivery Area
3909,LAKE BUNGA,VIC,-37.860,147.920,Delivery Area
3581,LAKE CHARM,VIC,-35.620,143.800,Delivery Area
3303,LAKE CONDAH,VIC,-38.030,141.810,Delivery Area
3713,LAKE EILDON,VIC,-37.230,145.910,Delivery Area
3551,LAKE EPPALOCK,VIC,-36.690,143.870,Delivery Area
3381,LAKE FYANS,VIC,-36.940,143.210,Delivery Area
3355,LAKE GARDENS,VIC,-37.550,143.820,Delivery Area
3373,LAKE GOLDSMITH,VIC,-37.430,143.380,Delivery Area
3381,LAKE LONSDALE,VIC,-36.940,143.210,Delivery Area
3525,LAKE MARMAL,VIC,-36.270,143.430,Delivery Area
3579,LAKE MERAN,VIC,-35.880,143.870,Delivery Area
3312,LAKE MUNDI,VIC,-37.640,141.370,Delivery Area
3597,LAKE POWELL,VIC,-34.860,143.340,Delivery Area
3727,LAKE ROWAN,VIC,-36.230,146.060,Delivery Area
3887,LAKE TYERS,VIC,-37.840,148.120,Delivery Area
3909,LAKE TYERS BEACH,VIC,-37.860,147.920,Delivery Area
3533,LAKE TYRRELL,VIC,-35.360,142.790,Delivery Area
3851,LAKE WELLINGTON,VIC,-38.040,147.080,Delivery Area
3350,LAKE WENDOUREE,VIC,-37.560,143.820,Delivery Area
3373,LAKE WONGAN,VIC,-37.430,143.380,Delivery Area
3909,LAKES ENTRANCE,VIC,-37.860,147.920,Delivery Area
3352,LAL LAL,VIC,-37.380,143.670,Delivery Area
3542,LALBERT,VIC,-35.760,143.280,Delivery Area
3075,LALOR,VIC,-37.670,145.020,Delivery Area
3352,LAMPLOUGH,VIC,-37.380,143.670,Delivery Area
3620,LANCASTER,VIC,-36.310,145.050,Delivery Area
3995,LANCE CREEK,VIC,-38.530,145.450,Delivery Area
3435,LANCEFIELD,VIC,-37.190,144.690,Delivery Area
3384,LANDSBOROUGH,VIC,-36.980,143.200,Delivery Area
3384,LANDSBOROUGH WEST,VIC,-36.980,143.200,Delivery Area
3984,LANG LANG,VIC,-38.320,145.540,Delivery Area
3984,LANG LANG EAST,VIC,-38.320,145.540,Delivery Area
3363,LANGDONS HILL,VIC,-37.420,143.890,Delivery Area
3352,LANGI KAL KAL,VIC,-37.380,143.670,Delivery Area
3377,LANGI LOGAN,VIC,-37.280,142.930,Delivery Area
3318,LANGKOOP,VIC,-36.990,141.510,Delivery Area
3444,LANGLEY,VIC,-37.090,144.510,Delivery Area
3971,LANGSBOROUGH,VIC,-38.610,146.670,Delivery Area
3910,LANGWARRIN,VIC,-38.150,145.190,Delivery Area
3911,LANGWARRIN SOUTH,VIC,-38.200,145.160,Delivery Area
3555,LANSELL PLAZA,VIC,-36.830,144.230,Delivery Area
3212,LARA,VIC,-38.020,144.410,Delivery Area
3821,LARDNER,VIC,-38.100,145.920,Delivery Area
3249,LARPENT,VIC,-38.240,143.480,Delivery Area
3325,LARRALEA,VIC,-37.950,143.220,Delivery Area
3487,LASCELLES,VIC,-35.610,142.580,Delivery Area
3139,LAUNCHING PLACE,VIC,-37.800,145.540,Delivery Area
3444,LAURISTON,VIC,-37.090,144.510,Delivery Area
3238,LAVERS HILL,VIC,-38.780,143.430,Delivery Area
3028,LAVERTON,VIC,-37.870,144.780,Delivery Area
3026,LAVERTON NORTH,VIC,-37.840,144.800,Delivery Area
8010,LAW COURTS,VIC,-38.190,146.290,Post Office Boxes
3480,LAWLER,VIC,-36.240,142.690,Delivery Area
3418,LAWLOIT,VIC,-36.170,141.330,Delivery Area
3364,LAWRENCE,VIC,-37.370,143.940,Delivery Area
3537,LEAGHUR,VIC,-36.010,143.670,Delivery Area
3352,LEARMONTH,VIC,-37.380,143.670,Delivery Area
3385,LEDCOURT,VIC,-36.920,142.510,Delivery Area
3516,LEICHARDT,VIC,-36.590,143.920,Delivery Area
3352,LEIGH CREEK,VIC,-37.380,143.670,Delivery Area
3567,LEITCHVILLE,VIC,-35.890,144.240,Delivery Area
3631,LEMNOS,VIC,-36.540,145.360,Delivery Area
3691,LENEVA,VIC,-36.280,146.910,Delivery Area
3461,LEONARDS HILL,VIC,-37.390,144.220,Delivery Area
3953,LEONGATHA,VIC,-38.410,146.070,Delivery Area
3953,LEONGATHA NORTH,VIC,-38.410,146.070,Delivery Area
3953,LEONGATHA SOUTH,VIC,-38.410,146.070,Delivery Area
3224,LEOPOLD,VIC,-38.180,144.460,Delivery Area
3458,LERDERDERG,VIC,-37.450,144.290,Delivery Area
3260,LESLIE MANOR,VIC,-38.130,143.100,Delivery Area
3332,LETHBRIDGE,VIC,-37.960,144.140,Delivery Area
3352,LEXTON,VIC,-37.380,143.670,Delivery Area
3858,LICOLA,VIC,-37.970,146.690,Delivery Area
3858,LICOLA NORTH,VIC,-37.970,146.690,Delivery Area
3820,LILLICO,VIC,-38.210,145.960,Delivery Area
3371,LILLICUR,VIC,-37.150,143.670,Delivery Area
3420,LILLIMUR,VIC,-36.360,141.120,Delivery Area
3682,LILLIPUT,VIC,-36.240,146.410,Delivery Area
3140,LILYDALE,VIC,-37.760,145.350,Delivery Area
3673,LIMA,VIC,-36.430,145.890,Delivery Area
3673,LIMA EAST,VIC,-36.430,145.890,Delivery Area
3673,LIMA SOUTH,VIC,-36.430,145.890,Delivery Area
3717,LIMESTONE,VIC,-37.340,145.290,Delivery Area
3865,LINDENOW,VIC,-37.800,147.460,Delivery Area
3875,LINDENOW SOUTH,VIC,-37.830,147.630,Delivery Area
3312,LINDSAY,VIC,-37.640,141.370,Delivery Area
3496,LINDSAY POINT,VIC,-34.290,142.150,Delivery Area
3509,LINGA,VIC,-35.170,141.690,Delivery Area
3360,LINTON,VIC,-37.690,143.560,Delivery Area
3549,LIPAROO,VIC,-34.850,142.830,Delivery Area
3324,LISMORE,VIC,-37.950,143.340,Delivery Area
3480,LITCHFIELD,VIC,-36.240,142.690,Delivery Area
3418,LITTLE DESERT,VIC,-36.170,141.330,Delivery Area
3458,LITTLE HAMPTON,VIC,-37.450,144.290,Delivery Area
8011,LITTLE LONSDALE STREET,VIC,-37.810,144.960,Post Office Boxes
3211,LITTLE RIVER,VIC,-37.970,144.530,Delivery Area
3551,LLANELLY,VIC,-36.690,143.870,Delivery Area
3862,LLOWALONG,VIC,-37.570,147.190,Delivery Area
3945,LOCH,VIC,-37.970,145.160,Delivery Area
3851,LOCH SPORT,VIC,-38.040,147.080,Delivery Area
3833,LOCH VALLEY,VIC,-37.840,145.850,Delivery Area
3563,LOCKINGTON,VIC,-36.270,144.480,Delivery Area
3665,LOCKSLEY,VIC,-36.820,145.360,Delivery Area
3551,LOCKWOOD,VIC,-36.690,143.870,Delivery Area
3551,LOCKWOOD SOUTH,VIC,-36.690,143.870,Delivery Area
3575,LODDON VALE,VIC,-36.040,143.990,Delivery Area
3475,LOGAN,VIC,-36.830,143.500,Delivery Area
3678,LONDRIGAN,VIC,-36.520,146.500,Delivery Area
3340,LONG FOREST,VIC,-37.680,144.440,Delivery Area
3550,LONG GULLY,VIC,-36.760,144.280,Delivery Area
3401,LONGERENONG,VIC,-36.460,142.310,Delivery Area
3851,LONGFORD,VIC,-38.040,147.080,Delivery Area
3551,LONGLEA,VIC,-36.690,143.870,Delivery Area
3816,LONGWARRY,VIC,-38.050,145.830,Delivery Area
3816,LONGWARRY NORTH,VIC,-38.050,145.830,Delivery Area
3665,LONGWOOD,VIC,-36.820,145.360,Delivery Area
3666,LONGWOOD EAST,VIC,-36.710,145.640,Delivery Area
3232,LORNE,VIC,-38.520,144.000,Delivery Area
3418,LORQUON,VIC,-36.170,141.330,Delivery Area
3213,LOVELY BANKS,VIC,,,Delivery Area
3639,LOWER MOIRA,VIC,-36.020,144.970,Delivery Area
3401,LOWER NORTON,VIC,-36.460,142.310,Delivery Area
3093,LOWER PLENTY,VIC,-37.730,145.090,Delivery Area
3844,LOY YANG,VIC,-38.410,146.640,Delivery Area
3385,LUBECK,VIC,-36.920,142.510,Delivery Area
3350,LUCAS,VIC,,,Delivery Area
3875,LUCKNOW,VIC,-37.830,147.630,Delivery Area
3691,LUCYVALE,VIC,-36.280,146.910,Delivery Area
3673,LURG,VIC,-36.430,145.890,Delivery Area
3444,LYAL,VIC,-37.090,144.510,Delivery Area
3975,LYNBROOK,VIC,-38.050,145.260,Delivery Area
3975,LYNDHURST,VIC,-38.050,145.260,Delivery Area
3304,LYONS,VIC,-38.150,141.970,Delivery Area
3461,LYONVILLE,VIC,-37.390,144.220,Delivery Area
3156,LYSTERFIELD,VIC,-37.880,145.300,Delivery Area
3156,LYSTERFIELD SOUTH,VIC,-37.880,145.300,Delivery Area
3286,MACARTHUR,VIC,-37.970,141.830,Delivery Area
3782,MACCLESFIELD,VIC,-37.920,145.470,Delivery Area
3440,MACEDON,VIC,-37.400,144.590,Delivery Area
3971,MACKS CREEK,VIC,-38.610,146.670,Delivery Area
3085,MACLEOD,VIC,-37.730,145.070,Delivery Area
3085,MACLEOD WEST,VIC,-37.730,145.070,Delivery Area
3579,MACORNA,VIC,-35.880,143.870,Delivery Area
3568,MACORNA NORTH,VIC,-35.840,144.340,Delivery Area
3723,MACS COVE,VIC,-36.890,146.260,Delivery Area
3971,MADALYA,VIC,-38.610,146.670,Delivery Area
3340,MADDINGLEY,VIC,-37.680,144.440,Delivery Area
3379,MAFEKING,VIC,-37.530,142.520,Delivery Area
3860,MAFFRA,VIC,-37.880,146.990,Delivery Area
3859,MAFFRA WEST UPPER,VIC,-37.890,146.850,Delivery Area
3352,MAGPIE,VIC,-37.380,143.670,Delivery Area
3551,MAIDEN GULLY,VIC,-36.690,143.870,Delivery Area
3012,MAIDSTONE,VIC,-37.810,144.850,Delivery Area
3275,MAILORS FLAT,VIC,-38.300,142.460,Delivery Area
3373,MAIN LEAD,VIC,-37.430,143.380,Delivery Area
3928,MAIN RIDGE,VIC,-38.400,144.970,Delivery Area
3723,MAINDAMPLE,VIC,-36.890,146.260,Delivery Area
3714,MAINTONGOON,VIC,-37.250,145.700,Delivery Area
3725,MAJOR PLAINS,VIC,-36.320,145.800,Delivery Area
3465,MAJORCA,VIC,-37.070,143.680,Delivery Area
3463,MALDON,VIC,-36.980,143.950,Delivery Area
3892,MALLACOOTA,VIC,-37.550,149.730,Delivery Area
3446,MALMSBURY,VIC,-37.200,144.290,Delivery Area
3144,MALVERN,VIC,-37.840,145.030,Delivery Area
3145,MALVERN EAST,VIC,-37.880,145.040,Delivery Area
3144,MALVERN NORTH,VIC,-37.840,145.030,Delivery Area
3024,MAMBOURIN,VIC,-37.900,144.560,Delivery Area
3546,MANANGATANG,VIC,-34.960,142.880,Delivery Area
3551,MANDURANG,VIC,-36.690,143.870,Delivery Area
3551,MANDURANG SOUTH,VIC,-36.690,143.870,Delivery Area
3663,MANGALORE,VIC,-36.940,145.160,Delivery Area
3218,MANIFOLD HEIGHTS,VIC,-38.140,144.350,Delivery Area
3222,MANNERIM,VIC,-38.160,144.560,Delivery Area
3360,MANNIBADAR,VIC,-37.690,143.560,Delivery Area
3971,MANNS BEACH,VIC,-38.610,146.670,Delivery Area
3024,MANOR LAKES,VIC,,,Delivery Area
3889,MANORINA,VIC,-37.930,145.910,Delivery Area
3722,MANSFIELD,VIC,-37.010,146.220,Delivery Area
3724,MANSFIELD,VIC,-37.050,146.080,Post Office Boxes
3891,MARAMINGO CREEK,VIC,-37.480,149.590,Delivery Area
3222,MARCUS HILL,VIC,-38.160,144.560,Delivery Area
3953,MARDAN,VIC,-38.410,146.070,Delivery Area
3233,MARENGO,VIC,-38.750,143.670,Delivery Area
3032,MARIBYRNONG,VIC,-37.780,144.920,Delivery Area
3634,MARIONVALE,VIC,-36.220,145.340,Delivery Area
3678,MARKWOOD,VIC,-36.520,146.500,Delivery Area
3483,MARLBED,VIC,-35.980,142.750,Delivery Area
3888,MARLO,VIC,-37.150,148.880,Delivery Area
3387,MARNOO,VIC,-36.670,142.870,Delivery Area
3477,MARNOO EAST,VIC,0.000,0.000,Delivery Area
3387,MARNOO WEST,VIC,-36.670,142.870,Delivery Area
3515,MARONG,VIC,-36.740,144.130,Delivery Area
3377,MAROONA,VIC,-37.280,142.930,Delivery Area
3669,MARRAWEENEY,VIC,-36.700,145.770,Delivery Area
3216,MARSHALL,VIC,-38.180,144.340,Delivery Area
3875,MARTHAVALE,VIC,-37.830,147.630,Delivery Area
3634,MARUNGI,VIC,-36.220,145.340,Delivery Area
3465,MARYBOROUGH,VIC,-37.070,143.680,Delivery Area
3812,MARYKNOLL,VIC,-38.040,145.610,Delivery Area
3779,MARYSVILLE,VIC,-37.560,145.890,Delivery Area
3840,MARYVALE,VIC,-38.280,146.320,Delivery Area
3482,MASSEY,VIC,-36.230,142.860,Delivery Area
3723,MATLOCK,VIC,-36.890,146.260,Delivery Area
3331,MAUDE,VIC,-38.050,144.170,Delivery Area
3938,MCCRAE,VIC,-37.990,145.220,Delivery Area
3472,MCINTYRE,VIC,-36.920,143.760,Delivery Area
3401,MCKENZIE CREEK,VIC,-36.460,142.310,Delivery Area
3451,MCKENZIE HILL,VIC,-37.030,144.240,Delivery Area
3204,MCKINNON,VIC,-37.920,145.040,Delivery Area
3874,MCLOUGHLINS BEACH,VIC,-38.380,146.790,Delivery Area
3799,MCMAHONS CREEK,VIC,-37.760,145.750,Delivery Area
3568,MCMILLANS,VIC,-35.840,144.340,Delivery Area
3568,MEAD,VIC,-35.840,144.340,Delivery Area
3678,MEADOW CREEK,VIC,-36.520,146.500,Delivery Area
3048,MEADOW HEIGHTS,VIC,-37.650,144.930,Delivery Area
3585,MEATIAN,VIC,-35.420,143.590,Delivery Area
3478,MEDLYN,VIC,-36.540,142.920,Delivery Area
3956,MEENIYAN,VIC,-38.530,146.100,Delivery Area
3579,MEERING WEST,VIC,-35.880,143.870,Delivery Area
3862,MEERLIEU,VIC,-37.570,147.190,Delivery Area
3000,MELBOURNE,VIC,-37.810,144.970,Delivery Area
3001,MELBOURNE,VIC,-38.370,144.770,Post Office Boxes
3004,MELBOURNE,VIC,-37.840,144.980,Delivery Area
8001,MELBOURNE,VIC,-38.370,144.770,Post Office Boxes
3045,MELBOURNE AIRPORT,VIC,-37.670,144.830,Delivery Area
8783,MELBOURNE AIRPORT,VIC,,,Post Office Boxes
3052,MELBOURNE UNIVERSITY,VIC,-37.800,144.960,Delivery Area
3337,MELTON,VIC,-37.680,144.590,Delivery Area
3338,MELTON SOUTH,VIC,-37.700,144.540,Delivery Area
3337,MELTON WEST,VIC,-37.680,144.590,Delivery Area
3315,MELVILLE FOREST,VIC,-37.440,141.760,Delivery Area
3875,MELWOOD,VIC,-37.830,147.630,Delivery Area
3373,MENA PARK,VIC,-37.430,143.380,Delivery Area
3194,MENTONE,VIC,-37.980,145.060,Delivery Area
3194,MENTONE EAST,VIC,-37.980,145.060,Delivery Area
3159,MENZIES CREEK,VIC,-37.920,145.400,Delivery Area
3277,MEPUNGA,VIC,-38.390,142.590,Delivery Area
3277,MEPUNGA EAST,VIC,-38.390,142.590,Delivery Area
3277,MEPUNGA WEST,VIC,-38.390,142.590,Delivery Area
3505,MERBEIN,VIC,-34.200,142.060,Delivery Area
3505,MERBEIN SOUTH,VIC,-34.200,142.060,Delivery Area
3505,MERBEIN WEST,VIC,-34.200,142.060,Delivery Area
3333,MEREDITH,VIC,-37.920,144.030,Delivery Area
3496,MERINGUR,VIC,-34.290,142.150,Delivery Area
3310,MERINO,VIC,-37.720,141.550,Delivery Area
3058,MERLYNSTON,VIC,-37.730,144.960,Delivery Area
3754,MERNDA,VIC,-37.620,145.150,Delivery Area
3737,MERRIANG,VIC,-36.980,146.780,Delivery Area
3737,MERRIANG SOUTH,VIC,-36.980,146.780,Delivery Area
3916,MERRICKS,VIC,-38.390,145.090,Delivery Area
3926,MERRICKS BEACH,VIC,-38.370,145.130,Delivery Area
3926,MERRICKS NORTH,VIC,-38.370,145.130,Delivery Area
3618,MERRIGUM,VIC,-36.370,145.170,Delivery Area
3723,MERRIJIG,VIC,-36.890,146.260,Delivery Area
3875,MERRIJIG,VIC,-37.830,147.630,Delivery Area
3340,MERRIMU,VIC,-37.680,144.440,Delivery Area
3496,MERRINEE,VIC,-34.290,142.150,Delivery Area
3715,MERTON,VIC,-36.970,145.790,Delivery Area
3448,METCALFE,VIC,-37.110,144.340,Delivery Area
3444,METCALFE EAST,VIC,-37.090,144.510,Delivery Area
3904,METUNG,VIC,-37.870,147.850,Delivery Area
3444,MIA MIA,VIC,-37.090,144.510,Delivery Area
3064,MICKLEHAM,VIC,-37.600,144.940,Delivery Area
3124,MIDDLE CAMBERWELL,VIC,-37.820,145.060,Delivery Area
3375,MIDDLE CREEK,VIC,-37.430,143.130,Delivery Area
3206,MIDDLE PARK,VIC,-37.840,144.960,Delivery Area
3956,MIDDLE TARWIN,VIC,-38.530,146.100,Delivery Area
3666,MIEPOLL,VIC,-36.710,145.640,Delivery Area
3409,MIGA LAKE,VIC,-36.780,141.760,Delivery Area
3678,MILAWA,VIC,-36.520,146.500,Delivery Area
3500,MILDURA,VIC,-34.180,142.160,Delivery Area
3502,MILDURA,VIC,-37.970,145.260,Post Office Boxes
3501,MILDURA CENTRE PLAZA,VIC,-34.850,142.330,Delivery Area
3501,MILDURA SOUTH,VIC,-34.850,142.330,Delivery Area
3500,MILDURA WEST,VIC,-34.180,142.160,Delivery Area
3082,MILL PARK,VIC,-37.670,145.060,Delivery Area
3352,MILLBROOK,VIC,-37.380,143.670,Delivery Area
3799,MILLGROVE,VIC,-37.760,145.750,Delivery Area
3572,MILLOO,VIC,-36.360,144.380,Delivery Area
3304,MILLTOWN,VIC,-38.150,141.970,Delivery Area
3579,MILNES BRIDGE,VIC,-35.880,143.870,Delivery Area
3575,MINCHA,VIC,-36.040,143.990,Delivery Area
3568,MINCHA WEST,VIC,-35.840,144.340,Delivery Area
3352,MINERS REST,VIC,-37.380,143.670,Delivery Area
3324,MINGAY,VIC,-37.950,143.340,Delivery Area
3287,MINHAMITE,VIC,-38.110,142.320,Delivery Area
3413,MINIMAY,VIC,-36.710,141.180,Delivery Area
3351,MININERA,VIC,-37.770,143.680,Delivery Area
3276,MINJAH,VIC,-38.040,142.440,Delivery Area
3537,MINMINDIE,VIC,-36.010,143.670,Delivery Area
3392,MINYIP,VIC,-36.460,142.590,Delivery Area
3862,MIOWERA,VIC,-37.570,147.190,Delivery Area
3596,MIRALIE,VIC,-35.120,143.330,Delivery Area
3415,MIRAM,VIC,-36.380,141.360,Delivery Area
3871,MIRBOO,VIC,-38.290,146.050,Delivery Area
3871,MIRBOO NORTH,VIC,-38.290,146.050,Delivery Area
3722,MIRIMBAH,VIC,-37.010,146.220,Delivery Area
3294,MIRRANATWA,VIC,-37.650,142.340,Delivery Area
3132,MITCHAM,VIC,-37.820,145.190,Delivery Area
3132,MITCHAM NORTH,VIC,-37.820,145.190,Delivery Area
3355,MITCHELL PARK,VIC,-37.550,143.820,Delivery Area
3608,MITCHELLSTOWN,VIC,-36.700,145.030,Delivery Area
3573,MITIAMO,VIC,-36.300,144.090,Delivery Area
3409,MITRE,VIC,-36.780,141.760,Delivery Area
3701,MITTA MITTA,VIC,-36.530,147.500,Delivery Area
3490,MITTYACK,VIC,-35.200,141.600,Delivery Area
3401,MOCKINYA,VIC,-36.460,142.310,Delivery Area
3816,MODELLA,VIC,-38.050,145.830,Delivery Area
3240,MODEWARRE,VIC,-38.220,144.080,Delivery Area
3825,MOE,VIC,-37.700,146.360,Delivery Area
3825,MOE SOUTH,VIC,-37.700,146.360,Delivery Area
3231,MOGGS CREEK,VIC,-38.460,144.110,Delivery Area
3666,MOGLONEMBY,VIC,-36.710,145.640,Delivery Area
3381,MOKEPILLY,VIC,-36.940,143.210,Delivery Area
3718,MOLESWORTH,VIC,-37.130,145.530,Delivery Area
3472,MOLIAGUL,VIC,-36.920,143.760,Delivery Area
3666,MOLKA,VIC,-36.710,145.640,Delivery Area
3352,MOLLONGGHIP,VIC,-37.380,143.670,Delivery Area
3575,MOLOGA,VIC,-36.040,143.990,Delivery Area
3673,MOLYULLAH,VIC,-36.430,145.890,Delivery Area
3800,MONASH UNIVERSITY,VIC,-37.910,145.130,Post Office Boxes
3793,MONBULK,VIC,-37.870,145.410,Delivery Area
3433,MONEGEETTA,VIC,0.000,0.000,Delivery Area
3691,MONGANS BRIDGE,VIC,-36.280,146.910,Delivery Area
3860,MONOMAK,VIC,-37.880,146.990,Delivery Area
3984,MONOMEITH,VIC,-38.320,145.540,Delivery Area
3127,MONT ALBERT,VIC,-37.820,145.100,Delivery Area
3129,MONT ALBERT NORTH,VIC,-37.800,145.130,Delivery Area
3851,MONTGOMERY,VIC,-38.040,147.080,Delivery Area
3094,MONTMORENCY,VIC,-37.720,145.120,Delivery Area
3765,MONTROSE,VIC,-37.810,145.340,Delivery Area
3224,MOOLAP,VIC,,,Delivery Area
3477,MOOLERR,VIC,0.000,0.000,Delivery Area
3465,MOOLORT,VIC,-37.070,143.680,Delivery Area
3478,MOONAMBEL,VIC,-36.540,142.920,Delivery Area
3825,MOONDARRA,VIC,-37.700,146.360,Delivery Area
3039,MOONEE PONDS,VIC,-37.770,144.920,Delivery Area
3055,MOONEE VALE,VIC,-37.770,144.940,Delivery Area
3450,MOONLIGHT FLAT,VIC,-37.060,144.220,Delivery Area
3465,MOONLIGHT FLAT,VIC,-37.070,143.680,Delivery Area
3612,MOORA,VIC,-36.590,144.950,Delivery Area
3189,MOORABBIN,VIC,-37.930,145.040,Delivery Area
3194,MOORABBIN AIRPORT,VIC,-37.980,145.060,Delivery Area
3189,MOORABBIN EAST,VIC,-37.930,145.040,Delivery Area
3213,MOORABOOL,VIC,,,Delivery Area
3314,MOORALLA,VIC,-37.590,141.940,Delivery Area
3610,MOORILIM,VIC,-36.540,145.280,Delivery Area
3523,MOORMBOOL WEST,VIC,-36.940,144.730,Delivery Area
3862,MOORNAPA,VIC,-37.570,147.190,Delivery Area
3673,MOORNGAG,VIC,-36.430,145.890,Delivery Area
3933,MOOROODUC,VIC,-38.240,145.090,Delivery Area
3138,MOOROOLBARK,VIC,-37.770,145.330,Delivery Area
3629,MOOROOPNA,VIC,-36.380,145.300,Delivery Area
3629,MOOROOPNA NORTH,VIC,-36.380,145.300,Delivery Area
3616,MOOROOPNA NORTH WEST,VIC,-36.420,145.070,Delivery Area
3764,MORANDING,VIC,-37.310,144.890,Delivery Area
3195,MORDIALLOC,VIC,-38.030,145.100,Delivery Area
3058,MORELAND,VIC,-37.730,144.960,Delivery Area
3055,MORELAND WEST,VIC,-37.770,144.940,Delivery Area
3301,MORGIANA,VIC,-37.700,141.930,Delivery Area
3240,MORIAC,VIC,-38.220,144.080,Delivery Area
3931,MORNINGTON,VIC,-38.240,145.060,Delivery Area
3860,MOROKA,VIC,-37.880,146.990,Delivery Area
3334,MORRISONS,VIC,-37.710,144.090,Delivery Area
3387,MORRL MORRL,VIC,-36.670,142.870,Delivery Area
3272,MORTLAKE,VIC,-38.080,142.810,Delivery Area
3482,MORTON PLAINS,VIC,-36.230,142.860,Delivery Area
3840,MORWELL,VIC,-38.280,146.320,Delivery Area
3885,MOSSIFACE,VIC,-37.710,147.830,Delivery Area
3709,MOUNT ALFRED,VIC,-36.050,147.560,Delivery Area
3699,MOUNT BEAUTY,VIC,-36.810,147.220,Delivery Area
3363,MOUNT BECKWORTH,VIC,-37.420,143.890,Delivery Area
3960,MOUNT BEST,VIC,-38.670,146.270,Delivery Area
3352,MOUNT BOLTON,VIC,-37.380,143.670,Delivery Area
3675,MOUNT BRUNO,VIC,-36.270,146.130,Delivery Area
3740,MOUNT BUFFALO,VIC,-36.820,146.850,Delivery Area
3723,MOUNT BULLER,VIC,-36.890,146.260,Delivery Area
3781,MOUNT BURNETT,VIC,-37.940,145.490,Delivery Area
3324,MOUNT BUTE,VIC,-37.950,143.340,Delivery Area
3523,MOUNT CAMEL,VIC,-36.940,144.730,Delivery Area
3370,MOUNT CAMERON,VIC,-37.290,143.790,Delivery Area
3350,MOUNT CLEAR,VIC,-37.560,143.820,Delivery Area
3377,MOUNT COLE,VIC,-37.280,142.930,Delivery Area
3377,MOUNT COLE CREEK,VIC,-37.280,142.930,Delivery Area
3024,MOUNT COTTRELL,VIC,-37.900,144.560,Delivery Area
3767,MOUNT DANDENONG,VIC,-37.840,145.360,Delivery Area
3334,MOUNT DORAN,VIC,-37.710,144.090,Delivery Area
3381,MOUNT DRYDEN,VIC,-36.940,143.210,Delivery Area
3217,MOUNT DUNEED,VIC,,,Delivery Area
3953,MOUNT ECCLES,VIC,-38.410,146.070,Delivery Area
3953,MOUNT ECCLES SOUTH,VIC,-38.410,146.070,Delivery Area
3352,MOUNT EGERTON,VIC,-37.380,143.670,Delivery Area
3930,MOUNT ELIZA,VIC,-38.190,145.080,Delivery Area
3351,MOUNT EMU,VIC,-37.770,143.680,Delivery Area
3796,MOUNT EVELYN,VIC,-37.790,145.380,Delivery Area
3461,MOUNT FRANKLIN,VIC,-37.390,144.220,Delivery Area
3371,MOUNT GLASGOW,VIC,-37.150,143.670,Delivery Area
3350,MOUNT HELEN,VIC,-37.560,143.820,Delivery Area
3472,MOUNT HOOGHLY,VIC,-36.920,143.760,Delivery Area
3741,MOUNT HOTHAM,VIC,-36.730,146.960,Delivery Area
3468,MOUNT LONARCH,VIC,-37.180,143.400,Delivery Area
3441,MOUNT MACEDON,VIC,-37.400,144.590,Delivery Area
3646,MOUNT MAJOR,VIC,-36.330,145.690,Delivery Area
3934,MOUNT MARTHA,VIC,-38.300,144.990,Delivery Area
3352,MOUNT MERCER,VIC,-37.380,143.670,Delivery Area
3240,MOUNT MORIAC,VIC,-38.220,144.080,Delivery Area
3301,MOUNT NAPIER,VIC,-37.700,141.930,Delivery Area
3350,MOUNT PLEASANT,VIC,-37.560,143.820,Delivery Area
3364,MOUNT PROSPECT,VIC,-37.370,143.940,Delivery Area
3305,MOUNT RICHMOND,VIC,-38.270,141.650,Delivery Area
3352,MOUNT ROWAN,VIC,-37.380,143.670,Delivery Area
3236,MOUNT SABINE,VIC,-38.520,143.710,Delivery Area
3844,MOUNT TASSIE,VIC,-38.410,146.640,Delivery Area
3875,MOUNT TAYLOR,VIC,-37.830,147.630,Delivery Area
3777,MOUNT TOOLEBEWONG,VIC,-37.690,145.540,Delivery Area
3342,MOUNT WALLACE,VIC,-37.600,144.230,Delivery Area
3149,MOUNT WAVERLEY,VIC,-37.880,145.130,Delivery Area
3723,MOUNTAIN BAY,VIC,-36.890,146.260,Delivery Area
3156,MOUNTAIN GATE,VIC,-37.880,145.300,Delivery Area
3988,MOUNTAIN VIEW,VIC,-38.290,145.890,Delivery Area
3294,MOUTAJUP,VIC,-37.650,142.340,Delivery Area
3951,MOYARRA,VIC,-38.390,145.890,Delivery Area
3732,MOYHU,VIC,-36.580,146.380,Delivery Area
3477,MOYREISK,VIC,0.000,0.000,Delivery Area
3377,MOYSTON,VIC,-37.280,142.930,Delivery Area
3644,MUCKATAH,VIC,-35.910,145.690,Delivery Area
3451,MUCKLEFORD,VIC,-37.030,144.240,Delivery Area
3462,MUCKLEFORD SOUTH,VIC,-37.110,144.100,Delivery Area
3737,MUDGEGONGA,VIC,-36.980,146.780,Delivery Area
3170,MULGRAVE,VIC,-37.870,145.100,Delivery Area
3304,MUMBANNAR,VIC,-38.150,141.970,Delivery Area
3635,MUNDOONA,VIC,-36.160,145.300,Delivery Area
3862,MUNRO,VIC,-37.570,147.190,Delivery Area
3315,MUNTHAM,VIC,-37.440,141.760,Delivery Area
3610,MURCHISON,VIC,-36.540,145.280,Delivery Area
3610,MURCHISON EAST,VIC,-36.540,145.280,Delivery Area
3610,MURCHISON NORTH,VIC,-36.540,145.280,Delivery Area
3218,MURGHEBOLUC,VIC,,,Delivery Area
3747,MURMUNGEE,VIC,-36.360,146.690,Delivery Area
3544,MURNUNGIN,VIC,-35.510,143.200,Delivery Area
3551,MURPHYS CREEK,VIC,-36.690,143.870,Delivery Area
3401,MURRA WARRA,VIC,-36.460,142.310,Delivery Area
3579,MURRABIT,VIC,-35.880,143.870,Delivery Area
3579,MURRABIT WEST,VIC,-35.880,143.870,Delivery Area
3586,MURRAWEE,VIC,-35.300,143.360,Delivery Area
3490,MURRAY-SUNSET,VIC,-35.200,141.600,Delivery Area
3586,MURRAYDALE,VIC,-35.300,143.360,Delivery Area
3512,MURRAYVILLE,VIC,-35.220,141.090,Delivery Area
3885,MURRINDAL,VIC,-37.710,147.830,Delivery Area
3717,MURRINDINDI,VIC,-37.340,145.290,Delivery Area
3243,MURROON,VIC,-38.470,143.760,Delivery Area
3163,MURRUMBEENA,VIC,-37.890,145.060,Delivery Area
3390,MURTOA,VIC,-36.450,142.420,Delivery Area
3461,MUSK,VIC,-37.390,144.220,Delivery Area
3461,MUSK VALE,VIC,-37.390,144.220,Delivery Area
3557,MUSKERRY,VIC,-36.650,144.510,Delivery Area
3533,MYALL,VIC,-35.360,142.790,Delivery Area
3579,MYALL,VIC,-35.880,143.870,Delivery Area
3304,MYAMYN,VIC,-38.150,141.970,Delivery Area
3556,MYERS FLAT,VIC,-36.730,144.260,Delivery Area
3551,MYOLA,VIC,-36.690,143.870,Delivery Area
3341,MYRNIONG,VIC,-37.520,144.310,Delivery Area
3732,MYRRHEE,VIC,-36.580,146.380,Delivery Area
3551,MYRTLE CREEK,VIC,,,Delivery Area
3851,MYRTLEBANK,VIC,-38.040,147.080,Delivery Area
3736,MYRTLEFORD,VIC,-36.460,146.480,Post Office Boxes
3737,MYRTLEFORD,VIC,-36.980,146.780,Delivery Area
3518,MYSIA,VIC,-36.500,143.460,Delivery Area
3579,MYSTIC PARK,VIC,-35.880,143.870,Delivery Area
3641,MYWEE,VIC,-35.920,145.330,Delivery Area
3608,NAGAMBIE,VIC,-36.700,145.030,Delivery Area
3249,NALANGIL,VIC,-38.240,143.480,Delivery Area
3646,NALINGA,VIC,-36.330,145.690,Delivery Area
3847,NAMBROK,VIC,-38.260,146.750,Delivery Area
3533,NANDALY,VIC,-35.360,142.790,Delivery Area
3781,NANGANA,VIC,-37.940,145.490,Delivery Area
3312,NANGEELA,VIC,-37.640,141.370,Delivery Area
3494,NANGILOC,VIC,-34.460,142.230,Delivery Area
3561,NANNEELLA,VIC,-36.300,144.670,Delivery Area
3860,NAP NAP MARRA,VIC,-37.880,146.990,Delivery Area
3352,NAPOLEONS,VIC,-37.380,143.670,Delivery Area
3812,NAR NAR GOON,VIC,-38.040,145.610,Delivery Area
3812,NAR NAR GOON NORTH,VIC,-38.040,145.610,Delivery Area
3778,NARBETHONG,VIC,-37.630,145.700,Delivery Area
3293,NAREEB,VIC,-37.640,142.550,Delivery Area
3315,NAREEN,VIC,-37.440,141.760,Delivery Area
3525,NAREEWILLOCK,VIC,-36.270,143.430,Delivery Area
3707,NARIEL VALLEY,VIC,-36.280,148.030,Delivery Area
3636,NARING,VIC,-36.140,145.500,Delivery Area
3277,NARINGAL,VIC,-38.390,142.590,Delivery Area
3277,NARINGAL EAST,VIC,-38.390,142.590,Delivery Area
3266,NAROGHID,VIC,-38.340,143.140,Delivery Area
3824,NARRACAN,VIC,-38.300,146.110,Delivery Area
3483,NARRAPORT,VIC,-35.980,142.750,Delivery Area
3293,NARRAPUMELAP SOUTH,VIC,-37.640,142.550,Delivery Area
3285,NARRAWONG,VIC,-38.270,141.970,Delivery Area
3805,NARRE WARREN,VIC,-38.020,145.300,Delivery Area
3804,NARRE WARREN EAST,VIC,-37.970,145.360,Delivery Area
3804,NARRE WARREN NORTH,VIC,-37.970,145.360,Delivery Area
3805,NARRE WARREN SOUTH,VIC,-38.020,145.300,Delivery Area
3597,NARRUNG,VIC,-34.860,143.340,Delivery Area
3638,NATHALIA,VIC,-36.150,145.170,Delivery Area
3409,NATIMUK,VIC,-36.780,141.760,Delivery Area
3465,NATTE YALLOCK,VIC,-37.070,143.680,Delivery Area
3597,NATYA,VIC,-34.860,143.340,Delivery Area
3384,NAVARRE,VIC,-36.980,143.200,Delivery Area
3352,NAVIGATORS,VIC,-37.380,143.670,Delivery Area
3832,NAYOOK,VIC,-37.910,145.930,Delivery Area
3496,NEDS CORNER,VIC,-34.290,142.150,Delivery Area
3463,NEEREMAN,VIC,-36.980,143.950,Delivery Area
3831,NEERIM,VIC,-37.960,145.990,Delivery Area
3831,NEERIM EAST,VIC,-37.960,145.990,Delivery Area
3832,NEERIM JUNCTION,VIC,-37.910,145.930,Delivery Area
3832,NEERIM NORTH,VIC,-37.910,145.930,Delivery Area
3831,NEERIM SOUTH,VIC,-37.960,145.990,Delivery Area
3570,NEILBOROUGH,VIC,-36.470,144.110,Delivery Area
3699,NELSE,VIC,-36.810,147.220,Delivery Area
3292,NELSON,VIC,-38.050,141.010,Delivery Area
3953,NERRENA,VIC,-38.410,146.070,Delivery Area
3351,NERRIN NERRIN,VIC,-37.770,143.680,Delivery Area
3350,NERRINA,VIC,-37.560,143.820,Delivery Area
3373,NERRING,VIC,-37.430,143.380,Delivery Area
3418,NETHERBY,VIC,-36.170,141.330,Delivery Area
3413,NEUARPURR,VIC,-36.710,141.180,Delivery Area
3438,NEW GISBORNE,VIC,-37.460,144.600,Delivery Area
3825,NEWBOROUGH,VIC,-37.700,146.360,Delivery Area
3551,NEWBRIDGE,VIC,-36.690,143.870,Delivery Area
3458,NEWBURY,VIC,-37.450,144.290,Delivery Area
3219,NEWCOMB,VIC,-38.180,144.380,Delivery Area
3268,NEWFIELD,VIC,-38.420,142.860,Delivery Area
3442,NEWHAM,VIC,-37.390,144.450,Delivery Area
3925,NEWHAVEN,VIC,-38.540,145.340,Delivery Area
3350,NEWINGTON,VIC,-37.560,143.820,Delivery Area
3875,NEWLANDS ARM,VIC,-37.830,147.630,Delivery Area
3364,NEWLYN,VIC,-37.370,143.940,Delivery Area
3364,NEWLYN NORTH,VIC,-37.370,143.940,Delivery Area
3886,NEWMERELLA,VIC,-37.740,148.430,Delivery Area
3015,NEWPORT,VIC,-37.840,144.880,Delivery Area
3859,NEWRY,VIC,-37.890,146.850,Delivery Area
3462,NEWSTEAD,VIC,-37.110,144.100,Delivery Area
3220,NEWTOWN,VIC,-38.180,145.110,Delivery Area
3351,NEWTOWN,VIC,-37.770,143.680,Delivery Area
3418,NHILL,VIC,-36.170,141.330,Delivery Area
3501,NICHOLS POINT,VIC,-34.850,142.330,Delivery Area
3882,NICHOLSON,VIC,-37.820,147.730,Delivery Area
3042,NIDDRIE,VIC,-37.710,144.890,Delivery Area
3042,NIDDRIE NORTH,VIC,,,Delivery Area
3821,NILMA,VIC,-38.100,145.920,Delivery Area
3821,NILMA NORTH,VIC,-38.100,145.920,Delivery Area
3533,NINDA,VIC,-35.360,142.790,Delivery Area
3518,NINE MILE,VIC,-36.500,143.460,Delivery Area
3351,NINTINGBOOL,VIC,-37.770,143.680,Delivery Area
3527,NINYEUNOOK,VIC,-36.060,143.390,Delivery Area
3268,NIRRANDA,VIC,-38.420,142.860,Delivery Area
3268,NIRRANDA EAST,VIC,-38.420,142.860,Delivery Area
3268,NIRRANDA SOUTH,VIC,-38.420,142.860,Delivery Area
3174,NOBLE PARK,VIC,-37.970,145.180,Delivery Area
3174,NOBLE PARK NORTH,VIC,-37.970,145.180,Delivery Area
3833,NOOJEE,VIC,-37.840,145.850,Delivery Area
3265,NOORAT,VIC,-38.210,143.010,Delivery Area
3265,NOORAT EAST,VIC,-38.210,143.010,Delivery Area
3890,NOORINBEE,VIC,-37.270,149.140,Delivery Area
3890,NOORINBEE NORTH,VIC,-37.270,149.140,Delivery Area
3409,NORADJUHA,VIC,-36.780,141.760,Delivery Area
3214,NORLANE,VIC,-38.070,144.360,Delivery Area
3579,NORMANVILLE,VIC,-35.880,143.870,Delivery Area
3682,NORONG,VIC,-36.240,146.410,Delivery Area
3550,NORTH BENDIGO,VIC,-36.760,144.280,Delivery Area
3458,NORTH BLACKWOOD,VIC,-37.450,144.290,Delivery Area
3215,NORTH GEELONG,VIC,-38.110,144.330,Delivery Area
3051,NORTH MELBOURNE,VIC,-37.910,145.060,Delivery Area
9999,NORTH POLE,VIC,,,Delivery Area
3187,NORTH ROAD,VIC,-37.900,145.000,Delivery Area
3214,NORTH SHORE,VIC,-38.070,144.360,Delivery Area
3678,NORTH WANGARATTA,VIC,-36.520,146.500,Delivery Area
3113,NORTH WARRANDYTE,VIC,-37.730,145.220,Delivery Area
3995,NORTH WONTHAGGI,VIC,-38.530,145.450,Delivery Area
3070,NORTHCOTE,VIC,-37.770,145.000,Delivery Area
3070,NORTHCOTE SOUTH,VIC,-37.770,145.000,Delivery Area
3072,NORTHLAND CENTRE,VIC,-37.740,145.030,Delivery Area
3660,NORTHWOOD,VIC,-37.090,145.500,Delivery Area
3377,NORVAL,VIC,-37.280,142.930,Delivery Area
3168,NOTTING HILL,VIC,-37.930,145.120,Delivery Area
3887,NOWA NOWA,VIC,-37.840,148.120,Delivery Area
3469,NOWHERE CREEK,VIC,-37.180,143.250,Delivery Area
3585,NOWIE,VIC,-35.420,143.590,Delivery Area
3737,NUG NUG,VIC,-36.980,146.780,Delivery Area
3463,NUGGETTY,VIC,-36.980,143.950,Delivery Area
3435,NULLA VALE,VIC,-37.190,144.690,Delivery Area
3268,NULLAWARRE,VIC,-38.420,142.860,Delivery Area
3268,NULLAWARRE NORTH,VIC,-38.420,142.860,Delivery Area
3529,NULLAWIL,VIC,-35.780,143.260,Delivery Area
3636,NUMURKAH,VIC,-36.140,145.500,Delivery Area
3131,NUNAWADING,VIC,-37.840,145.180,Delivery Area
3909,NUNGURNER,VIC,-37.860,147.920,Delivery Area
3896,NUNNIONG,VIC,-37.110,147.810,Delivery Area
3401,NURCOUNG,VIC,-36.460,142.310,Delivery Area
3401,NURRABIEL,VIC,-36.460,142.310,Delivery Area
3888,NURRAN,VIC,-37.150,148.880,Delivery Area
3099,NUTFIELD,VIC,-37.590,145.220,Delivery Area
3594,NYAH,VIC,-35.150,143.360,Delivery Area
3595,NYAH WEST,VIC,-35.190,143.350,Delivery Area
3533,NYARRIN,VIC,-35.360,142.790,Delivery Area
3909,NYERIMILANG,VIC,-37.860,147.920,Delivery Area
3987,NYORA,VIC,-38.330,145.670,Delivery Area
3585,NYRRABY,VIC,-35.420,143.590,Delivery Area
3046,OAK PARK,VIC,-37.700,144.920,Delivery Area
3063,OAKLANDS JUNCTION,VIC,-37.630,144.840,Delivery Area
3166,OAKLEIGH,VIC,-37.900,145.080,Delivery Area
3166,OAKLEIGH EAST,VIC,-37.900,145.080,Delivery Area
3167,OAKLEIGH SOUTH,VIC,-37.930,145.100,Delivery Area
3540,OAKVALE,VIC,-35.760,143.450,Delivery Area
3880,OCEAN GRANGE,VIC,-37.920,147.690,Delivery Area
3226,OCEAN GROVE,VIC,-38.270,144.540,Delivery Area
3809,OFFICER,VIC,-38.060,145.410,Delivery Area
3809,OFFICER SOUTH,VIC,-38.060,145.410,Delivery Area
3701,OLD TALLANGATTA,VIC,-36.530,147.500,Delivery Area
3788,OLINDA,VIC,-37.860,145.360,Delivery Area
3241,OMBERSLEY,VIC,-38.370,143.950,Delivery Area
3898,OMEO,VIC,-37.020,147.470,Delivery Area
3898,OMEO VALLEY,VIC,-37.020,147.470,Delivery Area
3249,ONDIT,VIC,-38.240,143.480,Delivery Area
3888,ORBOST,VIC,-37.150,148.880,Delivery Area
3284,ORFORD,VIC,-38.210,142.150,Delivery Area
3204,ORMOND,VIC,-37.920,145.040,Delivery Area
3631,ORRVALE,VIC,-36.540,145.360,Delivery Area
3691,OSBORNES FLAT,VIC,-36.280,146.910,Delivery Area
3951,OUTTRIM,VIC,-38.390,145.890,Delivery Area
3490,OUYEN,VIC,-35.200,141.600,Delivery Area
3738,OVENS,VIC,-36.610,146.790,Delivery Area
3678,OXLEY,VIC,-36.520,146.500,Delivery Area
3678,OXLEY FLATS,VIC,-36.520,146.500,Delivery Area
3413,OZENKADNOOK,VIC,-36.710,141.180,Delivery Area
3268,PAARATTE,VIC,-38.420,142.860,Delivery Area
3551,PAINSWICK,VIC,-36.690,143.870,Delivery Area
3810,PAKENHAM,VIC,-38.080,145.490,Delivery Area
3810,PAKENHAM SOUTH,VIC,-38.080,145.490,Delivery Area
3810,PAKENHAM UPPER,VIC,-38.080,145.490,Delivery Area
3512,PANITYA,VIC,-35.220,141.090,Delivery Area
3265,PANMURE,VIC,-38.210,143.010,Delivery Area
3759,PANTON HILL,VIC,-37.640,145.240,Delivery Area
3477,PARADISE,VIC,0.000,0.000,Delivery Area
3851,PARADISE BEACH,VIC,-38.040,147.080,Delivery Area
3240,PARAPARAP,VIC,-38.220,144.080,Delivery Area
3114,PARK ORCHARDS,VIC,-37.780,145.210,Delivery Area
3195,PARKDALE,VIC,-38.030,145.100,Delivery Area
3052,PARKVILLE,VIC,-37.800,144.960,Delivery Area
3340,PARWAN,VIC,-37.680,144.440,Delivery Area
3315,PASCHENDALE,VIC,-37.440,141.760,Delivery Area
3044,PASCOE VALE,VIC,-37.730,144.940,Delivery Area
3044,PASCOE VALE SOUTH,VIC,-37.730,144.940,Delivery Area
3444,PASTORIA,VIC,-37.090,144.510,Delivery Area
3444,PASTORIA EAST,VIC,-37.090,144.510,Delivery Area
3491,PATCHEWOLLOCK,VIC,-35.380,142.190,Delivery Area
3564,PATHO,VIC,-36.130,144.730,Delivery Area
3204,PATTERSON,VIC,-37.920,145.040,Delivery Area
3197,PATTERSON LAKES,VIC,-38.080,145.120,Delivery Area
3318,PATYAH,VIC,-36.990,141.510,Delivery Area
3880,PAYNESVILLE,VIC,-37.920,147.690,Delivery Area
3912,PEARCEDALE,VIC,-38.200,145.230,Delivery Area
3851,PEARSONDALE,VIC,-38.040,147.080,Delivery Area
3678,PEECHELBA,VIC,-36.520,146.500,Delivery Area
3678,PEECHELBA EAST,VIC,-36.520,146.500,Delivery Area
3727,PELLUEBLA,VIC,-36.230,146.060,Delivery Area
3235,PENNYROYAL,VIC,-38.470,143.930,Delivery Area
3289,PENSHURST,VIC,-37.900,142.170,Delivery Area
3586,PENTAL ISLAND,VIC,-35.300,143.360,Delivery Area
3341,PENTLAND HILLS,VIC,-37.520,144.310,Delivery Area
3478,PERCYDALE,VIC,-36.540,142.920,Delivery Area
3413,PERONNE,VIC,-36.710,141.180,Delivery Area
3862,PERRY BRIDGE,VIC,-37.570,147.190,Delivery Area
3270,PETERBOROUGH,VIC,-38.580,142.860,Delivery Area
3233,PETTICOAT CREEK,VIC,-38.750,143.670,Delivery Area
3757,PHEASANT CREEK,VIC,-37.450,145.110,Delivery Area
3597,PIANGIL,VIC,-34.860,143.340,Delivery Area
3572,PIAVELLA,VIC,-36.360,144.380,Delivery Area
3639,PICOLA,VIC,-36.020,144.970,Delivery Area
3639,PICOLA WEST,VIC,-36.020,144.970,Delivery Area
3833,PIEDMONT,VIC,-37.840,145.850,Delivery Area
3533,PIER MILAN,VIC,-35.360,142.790,Delivery Area
3407,PIGEON PONDS,VIC,-37.250,141.840,Delivery Area
3351,PIGGOREET,VIC,-37.770,143.680,Delivery Area
3401,PIMPINIO,VIC,-36.460,142.310,Delivery Area
3573,PINE GROVE,VIC,-36.300,144.090,Delivery Area
3631,PINE LODGE,VIC,-36.540,145.360,Delivery Area
3709,PINE MOUNTAIN,VIC,-36.050,147.560,Delivery Area
3579,PINE VIEW,VIC,-35.880,143.870,Delivery Area
3200,PINES FOREST,VIC,-38.170,145.190,Delivery Area
3149,PINEWOOD,VIC,-37.880,145.130,Delivery Area
3984,PIONEER BAY,VIC,-38.320,145.540,Delivery Area
3444,PIPERS CREEK,VIC,-37.090,144.510,Delivery Area
3585,PIRA,VIC,-35.420,143.590,Delivery Area
3723,PIRIES,VIC,-36.890,146.260,Delivery Area
3249,PIRRON YALLOCK,VIC,-38.240,143.480,Delivery Area
3351,PITFIELD,VIC,-37.770,143.680,Delivery Area
3360,PITTONG,VIC,-37.690,143.560,Delivery Area
3090,PLENTY,VIC,-37.670,145.120,Delivery Area
3335,PLUMPTON,VIC,-37.690,144.690,Delivery Area
3030,POINT COOK,VIC,-37.970,144.580,Delivery Area
3916,POINT LEO,VIC,-38.390,145.090,Delivery Area
3225,POINT LONSDALE,VIC,-38.290,144.610,Delivery Area
3212,POINT WILSON,VIC,-38.020,144.410,Delivery Area
3585,POLISBET,VIC,-35.420,143.590,Delivery Area
3260,POMBORNEIT,VIC,-38.130,143.100,Delivery Area
3249,POMBORNEIT EAST,VIC,-38.240,143.480,Delivery Area
3260,POMBORNEIT NORTH,VIC,-38.130,143.100,Delivery Area
3381,POMONAL,VIC,-36.940,143.210,Delivery Area
3571,POMPAPIEL,VIC,-36.370,144.230,Delivery Area
3312,POOLAIJELO,VIC,-37.640,141.370,Delivery Area
3352,POOTILLA,VIC,-37.380,143.670,Delivery Area
3988,POOWONG,VIC,-38.290,145.890,Delivery Area
3988,POOWONG EAST,VIC,-38.290,145.890,Delivery Area
3988,POOWONG NORTH,VIC,-38.290,145.890,Delivery Area
3461,PORCUPINE RIDGE,VIC,-37.390,144.220,Delivery Area
3740,POREPUNKAH,VIC,-36.820,146.850,Delivery Area
3971,PORT ALBERT,VIC,-38.610,146.670,Delivery Area
3269,PORT CAMPBELL,VIC,-38.620,143.000,Delivery Area
3284,PORT FAIRY,VIC,-38.210,142.150,Delivery Area
3964,PORT FRANKLIN,VIC,-38.680,146.270,Delivery Area
3207,PORT MELBOURNE,VIC,-37.830,144.960,Delivery Area
3965,PORT WELSHPOOL,VIC,-38.690,146.450,Delivery Area
3223,PORTARLINGTON,VIC,-38.140,144.710,Delivery Area
3305,PORTLAND,VIC,-38.270,141.650,Delivery Area
3305,PORTLAND NORTH,VIC,-38.270,141.650,Delivery Area
3305,PORTLAND WEST,VIC,-38.270,141.650,Delivery Area
3944,PORTSEA,VIC,-38.340,144.710,Delivery Area
3996,POUND CREEK,VIC,-38.630,145.730,Delivery Area
3797,POWELLTOWN,VIC,-37.860,145.710,Delivery Area
3312,POWERS CREEK,VIC,-37.640,141.370,Delivery Area
3517,POWLETT PLAINS,VIC,-36.300,143.920,Delivery Area
3181,PRAHRAN,VIC,-37.850,144.990,Delivery Area
3181,PRAHRAN EAST,VIC,-37.850,144.990,Delivery Area
3572,PRAIRIE,VIC,-36.360,144.380,Delivery Area
3666,PRANJIP,VIC,-36.710,145.640,Delivery Area
3685,PRENTICE NORTH,VIC,-36.100,146.220,Delivery Area
3072,PRESTON,VIC,-37.740,145.030,Delivery Area
3072,PRESTON LOWER,VIC,-37.740,145.030,Delivery Area
3072,PRESTON SOUTH,VIC,-37.740,145.030,Delivery Area
3072,PRESTON WEST,VIC,-37.740,145.030,Delivery Area
3054,PRINCES HILL,VIC,-37.780,144.970,Delivery Area
3269,PRINCETOWN,VIC,-38.620,143.000,Delivery Area
3662,PUCKAPUNYAL,VIC,0.000,0.000,Delivery Area
3271,PURA PURA,VIC,-38.000,143.050,Delivery Area
3289,PURDEET,VIC,-37.900,142.170,Delivery Area
3278,PURNIM,VIC,-38.280,142.620,Delivery Area
3278,PURNIM WEST,VIC,-38.280,142.620,Delivery Area
3521,PYALONG,VIC,-37.120,144.880,Delivery Area
3575,PYRAMID HILL,VIC,-36.040,143.990,Delivery Area
3540,QUAMBATOOK,VIC,-35.760,143.450,Delivery Area
3030,QUANDONG,VIC,-37.970,144.580,Delivery Area
3401,QUANTONG,VIC,-36.460,142.310,Delivery Area
3550,QUARRY HILL,VIC,-36.760,144.280,Delivery Area
3225,QUEENSCLIFF,VIC,-38.290,144.610,Delivery Area
3984,QUEENSFERRY,VIC,-38.320,145.540,Delivery Area
3373,RAGLAN,VIC,-37.430,143.380,Delivery Area
3424,RAINBOW,VIC,-35.690,141.970,Delivery Area
3951,RANCEBY,VIC,-38.390,145.890,Delivery Area
3132,RANGEVIEW,VIC,-37.820,145.190,Delivery Area
3465,RATHSCAR,VIC,-37.070,143.680,Delivery Area
3465,RATHSCAR WEST,VIC,-37.070,143.680,Delivery Area
3023,RAVENHALL,VIC,-37.750,144.750,Delivery Area
3453,RAVENSWOOD,VIC,-37.000,144.260,Delivery Area
3453,RAVENSWOOD SOUTH,VIC,-37.000,144.260,Delivery Area
3825,RAWSON,VIC,-37.700,146.360,Delivery Area
3880,RAYMOND ISLAND,VIC,-37.920,147.690,Delivery Area
3570,RAYWOOD,VIC,-36.470,144.110,Delivery Area
3496,RED CLIFFS,VIC,-34.290,142.150,Delivery Area
3937,RED HILL,VIC,-38.370,145.010,Delivery Area
3937,RED HILL SOUTH,VIC,-38.370,145.010,Delivery Area
3371,RED LION,VIC,-37.150,143.670,Delivery Area
3350,REDAN,VIC,-37.560,143.820,Delivery Area
3477,REDBANK,VIC,0.000,0.000,Delivery Area
3523,REDCASTLE,VIC,-36.940,144.730,Delivery Area
3444,REDESDALE,VIC,-37.090,144.510,Delivery Area
3658,REEDY CREEK,VIC,-37.200,145.050,Delivery Area
3395,REEDY DAM,VIC,-35.940,142.420,Delivery Area
3895,REEDY FLAT,VIC,-37.300,147.750,Delivery Area
3579,REEDY LAKE,VIC,-35.880,143.870,Delivery Area
3799,REEFTON,VIC,-37.760,145.750,Delivery Area
3072,REGENT WEST,VIC,-37.740,145.030,Delivery Area
3095,RESEARCH,VIC,-37.710,145.150,Delivery Area
3073,RESERVOIR,VIC,-37.690,145.010,Delivery Area
3858,REYNARD,VIC,-37.970,146.690,Delivery Area
3517,RHEOLA,VIC,-36.300,143.920,Delivery Area
3923,RHYLL,VIC,-38.460,145.310,Delivery Area
3377,RHYMNEY,VIC,-37.280,142.930,Delivery Area
3385,RIACHELLA,VIC,-36.920,142.510,Delivery Area
3480,RICH AVON,VIC,-36.240,142.690,Delivery Area
3480,RICH AVON EAST,VIC,-36.240,142.690,Delivery Area
3480,RICH AVON WEST,VIC,-36.240,142.690,Delivery Area
3121,RICHMOND,VIC,-37.830,145.010,Delivery Area
3121,RICHMOND EAST,VIC,-37.830,145.010,Delivery Area
3121,RICHMOND NORTH,VIC,-37.830,145.010,Delivery Area
3518,RICHMOND PLAINS,VIC,-36.500,143.460,Delivery Area
3121,RICHMOND SOUTH,VIC,-37.830,145.010,Delivery Area
3431,RIDDELLS CREEK,VIC,-37.460,144.670,Delivery Area
3666,RIGGS CREEK,VIC,-36.710,145.640,Delivery Area
3134,RINGWOOD,VIC,-37.810,145.230,Delivery Area
3135,RINGWOOD EAST,VIC,-37.820,145.250,Delivery Area
3134,RINGWOOD NORTH,VIC,-37.810,145.230,Delivery Area
3818,RIPPLEBROOK,VIC,-38.240,145.780,Delivery Area
3215,RIPPLESIDE,VIC,-38.110,144.330,Delivery Area
3185,RIPPONLEA,VIC,-37.880,145.000,Delivery Area
3401,RIVERSIDE,VIC,-36.460,142.310,Delivery Area
3860,RIVERSLEA,VIC,-37.880,146.990,Delivery Area
3971,ROBERTSONS BEACH,VIC,-38.610,146.670,Delivery Area
3019,ROBINSON,VIC,-37.780,144.860,Delivery Area
3549,ROBINVALE,VIC,-34.850,142.830,Delivery Area
3549,ROBINVALE IRRIGATION DISTRICT SECTION B,VIC,-34.850,142.830,Delivery Area
3549,ROBINVALE IRRIGATION DISTRICT SECTION C,VIC,-34.850,142.830,Delivery Area
3549,ROBINVALE IRRIGATION DISTRICT SECTION D,VIC,-34.850,142.830,Delivery Area
3549,ROBINVALE IRRIGATION DISTRICT SECTION E,VIC,-34.850,142.830,Delivery Area
3561,ROCHESTER,VIC,-36.300,144.670,Delivery Area
3442,ROCHFORD,VIC,-37.390,144.450,Delivery Area
3335,ROCKBANK,VIC,-37.690,144.690,Delivery Area
3401,ROCKLANDS,VIC,-36.460,142.310,Delivery Area
3364,ROCKLYN,VIC,-37.370,143.940,Delivery Area
3377,ROCKY POINT,VIC,-37.280,142.930,Delivery Area
3821,ROKEBY,VIC,-38.100,145.920,Delivery Area
3330,ROKEWOOD,VIC,-37.840,143.680,Delivery Area
3351,ROKEWOOD JUNCTION,VIC,-37.770,143.680,Delivery Area
3434,ROMSEY,VIC,-37.390,144.640,Delivery Area
3084,ROSANNA,VIC,-37.740,145.090,Delivery Area
3678,ROSE RIVER,VIC,-36.520,146.500,Delivery Area
3395,ROSEBERY,VIC,-35.940,142.420,Delivery Area
3285,ROSEBROOK,VIC,-38.270,141.970,Delivery Area
3939,ROSEBUD,VIC,-38.400,144.900,Delivery Area
3939,ROSEBUD PLAZA,VIC,-38.400,144.900,Delivery Area
3847,ROSEDALE,VIC,-38.260,146.750,Delivery Area
3385,ROSES GAP,VIC,-36.920,142.510,Delivery Area
3737,ROSEWHITE,VIC,-36.980,146.780,Delivery Area
3564,ROSLYNMEAD,VIC,-36.130,144.730,Delivery Area
3351,ROSS CREEK,VIC,-37.770,143.680,Delivery Area
3377,ROSSBRIDGE,VIC,-37.280,142.930,Delivery Area
3477,ROSTRON,VIC,0.000,0.000,Delivery Area
3340,ROWSLEY,VIC,-37.680,144.440,Delivery Area
3178,ROWVILLE,VIC,-37.930,145.240,Delivery Area
3064,ROXBURGH PARK,VIC,-37.600,144.940,Delivery Area
3050,ROYAL MELBOURNE HOSPITAL,VIC,-37.800,144.960,Post Office Boxes
3712,RUBICON,VIC,-37.330,145.860,Delivery Area
3953,RUBY,VIC,-38.410,146.070,Delivery Area
3666,RUFFY,VIC,-36.710,145.640,Delivery Area
3691,RUNNING CREEK,VIC,-36.280,146.910,Delivery Area
3558,RUNNYMEDE,VIC,-36.490,144.710,Delivery Area
3388,RUPANYUP,VIC,-36.570,142.820,Delivery Area
3612,RUSHWORTH,VIC,-36.590,144.950,Delivery Area
3331,RUSSELLS BRIDGE,VIC,-38.050,144.170,Delivery Area
3685,RUTHERGLEN,VIC,-36.100,146.220,Delivery Area
3875,RYANS,VIC,-37.830,147.630,Delivery Area
3992,RYANSTON,VIC,-38.490,145.620,Delivery Area
3941,RYE,VIC,-38.370,144.820,Delivery Area
3810,RYTHDALE,VIC,-38.080,145.490,Delivery Area
3936,SAFETY BEACH,VIC,-38.350,144.950,Delivery Area
3461,SAILORS FALLS,VIC,-37.390,144.220,Delivery Area
3556,SAILORS GULLY,VIC,-36.730,144.260,Delivery Area
3461,SAILORS HILL,VIC,-37.390,144.220,Delivery Area
3850,SALE,VIC,-38.420,147.080,Delivery Area
3853,SALE,VIC,-38.100,146.060,Post Office Boxes
3852,SALE EAST RAAF,VIC,-38.110,147.130,Delivery Area
3517,SALISBURY WEST,VIC,-36.300,143.920,Delivery Area
3673,SAMARIA,VIC,-36.430,145.890,Delivery Area
3925,SAN REMO,VIC,-38.540,145.340,Delivery Area
3312,SANDFORD,VIC,-37.640,141.370,Delivery Area
3579,SANDHILL LAKE,VIC,-35.880,143.870,Delivery Area
3977,SANDHURST,VIC,-38.210,145.320,Delivery Area
3550,SANDHURST EAST,VIC,-36.760,144.280,Delivery Area
3462,SANDON,VIC,-37.110,144.100,Delivery Area
3171,SANDOWN VILLAGE,VIC,-37.950,145.160,Delivery Area
3191,SANDRINGHAM,VIC,-37.950,145.010,Delivery Area
3695,SANDY CREEK,VIC,-36.300,147.140,Delivery Area
3959,SANDY POINT,VIC,-38.690,146.080,Delivery Area
3858,SARGOOD,VIC,-37.970,146.690,Delivery Area
3875,SARSFIELD,VIC,-37.830,147.630,Delivery Area
3787,SASSAFRAS,VIC,-37.880,145.370,Delivery Area
3787,SASSAFRAS GULLY,VIC,-37.880,145.370,Delivery Area
3723,SAWMILL SETTLEMENT,VIC,-36.890,146.260,Delivery Area
3351,SCARSDALE,VIC,-37.770,143.680,Delivery Area
3179,SCORESBY,VIC,-37.860,145.260,Delivery Area
3176,SCORESBY BC,VIC,0.000,0.000,Post Office Boxes
3352,SCOTCHMANS LEAD,VIC,-37.380,143.670,Delivery Area
3352,SCOTSBURN,VIC,-37.380,143.670,Delivery Area
3267,SCOTTS CREEK,VIC,-38.450,143.110,Delivery Area
3533,SEA LAKE,VIC,-35.360,142.790,Delivery Area
3028,SEABROOK,VIC,-37.870,144.780,Delivery Area
3851,SEACOMBE,VIC,-38.040,147.080,Delivery Area
3198,SEAFORD,VIC,-38.110,145.160,Delivery Area
3018,SEAHOLME,VIC,-37.870,144.830,Delivery Area
3851,SEASPRAY,VIC,-38.040,147.080,Delivery Area
3858,SEATON,VIC,-37.970,146.690,Delivery Area
3821,SEAVIEW,VIC,-38.100,145.920,Delivery Area
3556,SEBASTIAN,VIC,-36.730,144.260,Delivery Area
3356,SEBASTOPOL,VIC,-37.590,143.830,Delivery Area
3011,SEDDON,VIC,-37.800,144.900,Delivery Area
3011,SEDDON WEST,VIC,-37.800,144.900,Delivery Area
3551,SEDGWICK,VIC,-36.690,143.870,Delivery Area
3159,SELBY,VIC,-37.920,145.400,Delivery Area
3737,SELWYN,VIC,-36.980,146.780,Delivery Area
3234,SEPARATION CREEK,VIC,,,Delivery Area
3517,SERPENTINE,VIC,-36.300,143.920,Delivery Area
3420,SERVICETON,VIC,-36.360,141.120,Delivery Area
3139,SEVILLE,VIC,-37.800,145.540,Delivery Area
3139,SEVILLE EAST,VIC,-37.800,145.540,Delivery Area
3660,SEYMOUR,VIC,-37.090,145.500,Delivery Area
3661,SEYMOUR,VIC,-38.200,146.540,Post Office Boxes
3660,SEYMOUR SOUTH,VIC,-37.090,145.500,Delivery Area
3821,SHADY CREEK,VIC,-38.100,145.920,Delivery Area
3960,SHALLOW INLET,VIC,-38.670,146.270,Delivery Area
3898,SHANNONVALE,VIC,-37.020,147.470,Delivery Area
3377,SHAYS FLAT,VIC,-37.280,142.930,Delivery Area
3331,SHE OAKS,VIC,-38.050,144.170,Delivery Area
3666,SHEANS CREEK,VIC,-36.710,145.640,Delivery Area
3392,SHEEP HILLS,VIC,-36.460,142.590,Delivery Area
3515,SHELBOURNE,VIC,-36.740,144.130,Delivery Area
3329,SHELFORD,VIC,-38.020,143.860,Delivery Area
3701,SHELLEY,VIC,-36.530,147.500,Delivery Area
3461,SHEPHERDS FLAT,VIC,-37.390,144.220,Delivery Area
3630,SHEPPARTON,VIC,-36.360,145.400,Delivery Area
3632,SHEPPARTON,VIC,-36.540,145.600,Post Office Boxes
3631,SHEPPARTON EAST,VIC,-36.540,145.360,Delivery Area
3631,SHEPPARTON NORTH,VIC,-36.540,145.360,Delivery Area
3630,SHEPPARTON SOUTH,VIC,-36.360,145.400,Delivery Area
3789,SHERBROOKE,VIC,-37.880,145.360,Delivery Area
3916,SHOREHAM,VIC,-38.390,145.090,Delivery Area
3444,SIDONIA,VIC,-37.090,144.510,Delivery Area
3795,SILVAN,VIC,-37.840,145.410,Delivery Area
3922,SILVERLEAVES,VIC,-38.450,145.240,Delivery Area
3266,SIMPSON,VIC,-38.340,143.140,Delivery Area
3888,SIMPSONS CREEK,VIC,-37.150,148.880,Delivery Area
3465,SIMSON,VIC,-37.070,143.680,Delivery Area
3233,SKENES CREEK,VIC,-38.750,143.670,Delivery Area
3233,SKENES CREEK NORTH,VIC,-38.750,143.670,Delivery Area
3260,SKIBO,VIC,-38.130,143.100,Delivery Area
3518,SKINNERS FLAT,VIC,-36.500,143.460,Delivery Area
3361,SKIPTON,VIC,-37.780,143.410,Delivery Area
3977,SKYE,VIC,-38.210,145.320,Delivery Area
3477,SLATY CREEK,VIC,0.000,0.000,Delivery Area
3364,SMEATON,VIC,-37.370,143.940,Delivery Area
3922,SMITHS BEACH,VIC,-38.450,145.240,Delivery Area
3760,SMITHS GULLY,VIC,-37.620,145.290,Delivery Area
3364,SMOKEYTOWN,VIC,-37.370,143.940,Delivery Area
3741,SMOKO,VIC,-36.730,146.960,Delivery Area
3351,SMYTHES CREEK,VIC,-37.770,143.680,Delivery Area
3351,SMYTHESDALE,VIC,-37.770,143.680,Delivery Area
3971,SNAKE ISLAND,VIC,-38.610,146.670,Delivery Area
3351,SNAKE VALLEY,VIC,-37.770,143.680,Delivery Area
3350,SOLDIERS HILL,VIC,-37.560,143.820,Delivery Area
3927,SOMERS,VIC,-38.380,145.150,Delivery Area
3062,SOMERTON,VIC,-37.640,144.940,Delivery Area
3851,SOMERTON PARK,VIC,-38.040,147.080,Delivery Area
3912,SOMERVILLE,VIC,-38.200,145.230,Delivery Area
3943,SORRENTO,VIC,-38.340,144.740,Delivery Area
3995,SOUTH DUDLEY,VIC,-38.530,145.450,Delivery Area
3220,SOUTH GEELONG,VIC,-38.180,145.110,Delivery Area
3015,SOUTH KINGSVILLE,VIC,-37.840,144.880,Delivery Area
3205,SOUTH MELBOURNE,VIC,-37.930,145.030,Delivery Area
3752,SOUTH MORANG,VIC,-37.650,145.100,Delivery Area
3260,SOUTH PURRUMBETE,VIC,-38.130,143.100,Delivery Area
3006,SOUTH WHARF,VIC,-37.820,144.970,Delivery Area
3141,SOUTH YARRA,VIC,-36.990,144.060,Delivery Area
3006,SOUTHBANK,VIC,-37.820,144.970,Delivery Area
3283,SOUTHERN CROSS,VIC,-38.310,142.330,Delivery Area
3192,SOUTHLAND CENTRE,VIC,-37.960,145.060,Delivery Area
3461,SPARGO CREEK,VIC,-37.390,144.220,Delivery Area
3488,SPEED,VIC,-35.400,142.440,Delivery Area
3585,SPEEWA,VIC,-35.420,143.590,Delivery Area
3015,SPOTSWOOD,VIC,-37.840,144.880,Delivery Area
3550,SPRING GULLY,VIC,-36.760,144.280,Delivery Area
3444,SPRING HILL,VIC,-37.090,144.510,Delivery Area
3352,SPRINGBANK,VIC,-37.380,143.670,Delivery Area
3351,SPRINGDALLAH,VIC,-37.770,143.680,Delivery Area
3434,SPRINGFIELD,VIC,-37.390,144.640,Delivery Area
3544,SPRINGFIELD,VIC,-35.510,143.200,Delivery Area
3682,SPRINGHURST,VIC,-36.240,146.410,Delivery Area
3364,SPRINGMOUNT,VIC,-37.370,143.940,Delivery Area
3171,SPRINGVALE,VIC,-37.950,145.160,Delivery Area
3172,SPRINGVALE SOUTH,VIC,-37.970,145.120,Delivery Area
3021,ST ALBANS,VIC,-37.750,144.770,Delivery Area
3219,ST ALBANS PARK,VIC,-38.180,144.380,Delivery Area
3761,ST ANDREWS,VIC,0.000,0.000,Delivery Area
3941,ST ANDREWS BEACH,VIC,-38.370,144.820,Delivery Area
3478,ST ARNAUD,VIC,-36.540,142.920,Delivery Area
3477,ST ARNAUD EAST,VIC,0.000,0.000,Delivery Area
3477,ST ARNAUD NORTH,VIC,0.000,0.000,Delivery Area
3995,ST CLAIR,VIC,-38.530,145.450,Delivery Area
3620,ST GERMAINS,VIC,-36.310,145.050,Delivery Area
3088,ST HELENA,VIC,-37.710,145.120,Delivery Area
3285,ST HELENS,VIC,-38.270,141.970,Delivery Area
3401,ST HELENS PLAINS,VIC,-36.460,142.310,Delivery Area
3727,ST JAMES,VIC,-36.230,146.060,Delivery Area
3182,ST KILDA,VIC,-37.870,144.980,Delivery Area
3183,ST KILDA EAST,VIC,-37.870,145.000,Delivery Area
8004,ST KILDA ROAD,VIC,-37.840,144.980,Post Office Boxes
3004,ST KILDA ROAD CENTRAL,VIC,-37.840,144.980,Delivery Area
8008,ST KILDA ROAD CENTRAL,VIC,0.000,0.000,Post Office Boxes
3004,ST KILDA ROAD MELBOURNE,VIC,,,Delivery Area
3182,ST KILDA SOUTH,VIC,-37.870,144.980,Delivery Area
3182,ST KILDA WEST,VIC,-37.870,144.980,Delivery Area
3223,ST LEONARDS,VIC,-38.140,144.710,Delivery Area
3971,STACEYS BRIDGE,VIC,-38.610,146.670,Delivery Area
3351,STAFFORDSHIRE REEF,VIC,-37.770,143.680,Delivery Area
3691,STAGHORN FLAT,VIC,-36.280,146.910,Delivery Area
3623,STANHOPE,VIC,-36.460,144.900,Delivery Area
3623,STANHOPE SOUTH,VIC,-36.460,144.900,Delivery Area
3747,STANLEY,VIC,-36.360,146.690,Delivery Area
3340,STAUGHTON VALE,VIC,,,Delivery Area
3379,STAVELY,VIC,-37.530,142.520,Delivery Area
3380,STAWELL,VIC,-37.160,142.700,Delivery Area
3380,STAWELL WEST,VIC,-37.160,142.700,Delivery Area
3775,STEELS CREEK,VIC,-37.650,145.320,Delivery Area
3331,STEIGLITZ,VIC,-38.050,144.170,Delivery Area
3725,STEWARTON,VIC,-36.320,145.800,Delivery Area
3893,STIRLING,VIC,-37.590,147.890,Delivery Area
3862,STOCKDALE,VIC,-37.570,147.190,Delivery Area
3373,STOCKYARD HILL,VIC,-37.430,143.380,Delivery Area
3218,STONEHAVEN,VIC,,,Delivery Area
3373,STONELEIGH,VIC,-37.430,143.380,Delivery Area
3371,STONY CREEK,VIC,-37.150,143.670,Delivery Area
3957,STONY CREEK,VIC,-37.940,145.270,Delivery Area
3260,STONYFORD,VIC,-38.130,143.100,Delivery Area
3851,STRADBROKE,VIC,-38.040,147.080,Delivery Area
3103,STRADBROKE PARK,VIC,,,Delivery Area
3461,STRANGWAYS,VIC,-37.390,144.220,Delivery Area
3533,STRATEN,VIC,-35.360,142.790,Delivery Area
3862,STRATFORD,VIC,-37.570,147.190,Delivery Area
3658,STRATH CREEK,VIC,-37.200,145.050,Delivery Area
3622,STRATHALLAN,VIC,-36.160,144.770,Delivery Area
3666,STRATHBOGIE,VIC,-36.710,145.640,Delivery Area
3550,STRATHDALE,VIC,-36.760,144.280,Delivery Area
3312,STRATHDOWNIE,VIC,-37.640,141.370,Delivery Area
3099,STRATHEWEN,VIC,-37.590,145.220,Delivery Area
3551,STRATHFIELDSAYE,VIC,-36.690,143.870,Delivery Area
3301,STRATHKELLAR,VIC,-37.700,141.930,Delivery Area
3364,STRATHLEA,VIC,-37.370,143.940,Delivery Area
3641,STRATHMERTON,VIC,-35.920,145.330,Delivery Area
3041,STRATHMORE,VIC,-37.740,144.910,Delivery Area
3041,STRATHMORE HEIGHTS,VIC,-37.740,144.910,Delivery Area
3338,STRATHTULLOH,VIC,,,Delivery Area
3351,STREATHAM,VIC,-37.770,143.680,Delivery Area
3950,STRZELECKI,VIC,-38.450,145.880,Delivery Area
3477,STUART MILL,VIC,0.000,0.000,Delivery Area
3152,STUDFIELD,VIC,-37.870,145.240,Delivery Area
3234,SUGARLOAF,VIC,,,Delivery Area
3658,SUGARLOAF CREEK,VIC,-37.200,145.050,Delivery Area
3885,SUGGAN BUGGAN,VIC,-37.710,147.830,Delivery Area
3352,SULKY,VIC,-37.380,143.670,Delivery Area
3922,SUMMERLANDS,VIC,-38.450,145.240,Delivery Area
3057,SUMNER,VIC,-37.760,144.980,Delivery Area
3429,SUNBURY,VIC,-37.580,144.730,Delivery Area
3658,SUNDAY CREEK,VIC,-37.200,145.050,Delivery Area
3922,SUNDERLAND BAY,VIC,-38.450,145.240,Delivery Area
3496,SUNNYCLIFFS,VIC,-34.290,142.150,Delivery Area
3922,SUNSET STRIP,VIC,-38.450,145.240,Delivery Area
3020,SUNSHINE,VIC,-37.780,144.820,Delivery Area
3020,SUNSHINE NORTH,VIC,-37.780,144.820,Delivery Area
3020,SUNSHINE WEST,VIC,-37.780,144.820,Delivery Area
8438,SUNSHINE WEST,VIC,,,Post Office Boxes
8780,SUNSHINE WEST,VIC,,,Post Office Boxes
8781,SUNSHINE WEST,VIC,,,Post Office Boxes
3922,SURF BEACH,VIC,-38.450,145.240,Delivery Area
3127,SURREY HILLS,VIC,-37.820,145.100,Delivery Area
3127,SURREY HILLS NORTH,VIC,-37.820,145.100,Delivery Area
3125,SURREY HILLS SOUTH,VIC,-37.840,145.120,Delivery Area
3477,SUTHERLAND,VIC,0.000,0.000,Delivery Area
3331,SUTHERLANDS CREEK,VIC,-38.050,144.170,Delivery Area
3530,SUTTON,VIC,-35.720,143.110,Delivery Area
3448,SUTTON GRANGE,VIC,-37.110,144.340,Delivery Area
3225,SWAN BAY,VIC,-38.290,144.610,Delivery Area
3585,SWAN HILL,VIC,-35.420,143.590,Delivery Area
3585,SWAN HILL WEST,VIC,-35.420,143.590,Delivery Area
3225,SWAN ISLAND,VIC,-38.290,144.610,Delivery Area
3249,SWAN MARSH,VIC,-38.240,143.480,Delivery Area
3903,SWAN REACH,VIC,-37.810,147.840,Delivery Area
3673,SWANPOOL,VIC,-36.430,145.890,Delivery Area
3477,SWANWATER,VIC,0.000,0.000,Delivery Area
3480,SWANWATER WEST,VIC,-36.240,142.690,Delivery Area
3896,SWIFTS CREEK,VIC,-37.110,147.810,Delivery Area
3037,SYDENHAM,VIC,-37.720,144.780,Delivery Area
3575,SYLVATERRE,VIC,-36.040,143.990,Delivery Area
3149,SYNDAL,VIC,-37.880,145.130,Delivery Area
3875,TABBERABBERA,VIC,-37.830,147.630,Delivery Area
3607,TABILK,VIC,-36.850,145.200,Delivery Area
3289,TABOR,VIC,-37.900,142.170,Delivery Area
3714,TAGGERTY,VIC,-37.250,145.700,Delivery Area
3301,TAHARA,VIC,-37.700,141.930,Delivery Area
3315,TAHARA BRIDGE,VIC,-37.440,141.760,Delivery Area
3310,TAHARA WEST,VIC,-37.720,141.550,Delivery Area
3371,TALBOT,VIC,-37.150,143.670,Delivery Area
3691,TALGARNO,VIC,-36.280,146.910,Delivery Area
3701,TALLANDOON,VIC,-36.530,147.500,Delivery Area
3700,TALLANGATTA,VIC,-36.180,147.340,Delivery Area
3700,TALLANGATTA EAST,VIC,-36.180,147.340,Delivery Area
3701,TALLANGATTA SOUTH,VIC,-36.530,147.500,Delivery Area
3701,TALLANGATTA VALLEY,VIC,-36.530,147.500,Delivery Area
3659,TALLAROOK,VIC,-37.130,145.020,Delivery Area
3634,TALLYGAROOPNA,VIC,-36.220,145.340,Delivery Area
3893,TAMBO CROSSING,VIC,-37.590,147.890,Delivery Area
3885,TAMBO UPPER,VIC,-37.710,147.830,Delivery Area
3890,TAMBOON,VIC,-37.270,149.140,Delivery Area
3858,TAMBORITHA,VIC,-37.970,146.690,Delivery Area
3675,TAMINICK,VIC,-36.270,146.130,Delivery Area
3669,TAMLEUGH,VIC,-36.700,145.770,Delivery Area
3669,TAMLEUGH NORTH,VIC,-36.700,145.770,Delivery Area
3260,TANDAROOK,VIC,-38.130,143.100,Delivery Area
3571,TANDARRA,VIC,-36.370,144.230,Delivery Area
3691,TANGAMBALANGA,VIC,-36.280,146.910,Delivery Area
3825,TANJIL,VIC,-37.700,146.360,Delivery Area
3833,TANJIL BREN,VIC,-37.840,145.850,Delivery Area
3825,TANJIL SOUTH,VIC,-37.700,146.360,Delivery Area
3764,TANTARABOO,VIC,-37.310,144.890,Delivery Area
3478,TANWOOD,VIC,-36.540,142.920,Delivery Area
3249,TANYBRYN,VIC,-38.240,143.480,Delivery Area
3447,TARADALE,VIC,-37.130,144.360,Delivery Area
3666,TARCOMBE,VIC,-36.710,145.640,Delivery Area
3451,TARILTA,VIC,-37.030,144.240,Delivery Area
3551,TARNAGULLA,VIC,-36.690,143.870,Delivery Area
3029,TARNEIT,VIC,-37.880,144.700,Delivery Area
3670,TARNOOK,VIC,-36.590,145.860,Delivery Area
3265,TAROON,VIC,-38.210,143.010,Delivery Area
3971,TARRA VALLEY,VIC,-38.610,146.670,Delivery Area
3414,TARRANYURK,VIC,-36.300,142.020,Delivery Area
3971,TARRAVILLE,VIC,-38.610,146.670,Delivery Area
3775,TARRAWARRA,VIC,-37.650,145.320,Delivery Area
3678,TARRAWINGEE,VIC,-36.520,146.500,Delivery Area
3315,TARRAYOUKYAN,VIC,-37.440,141.760,Delivery Area
3463,TARRENGOWER,VIC,-36.980,143.950,Delivery Area
3315,TARRENLEA,VIC,-37.440,141.760,Delivery Area
3301,TARRINGTON,VIC,-37.700,141.930,Delivery Area
3283,TARRONE,VIC,-38.310,142.330,Delivery Area
3956,TARWIN,VIC,-38.530,146.100,Delivery Area
3956,TARWIN LOWER,VIC,-38.530,146.100,Delivery Area
3673,TATONG,VIC,-36.430,145.890,Delivery Area
3616,TATURA,VIC,-36.420,145.070,Delivery Area
3616,TATURA EAST,VIC,-36.420,145.070,Delivery Area
3378,TATYOON,VIC,-37.530,142.940,Delivery Area
3697,TAWONGA,VIC,-36.670,147.210,Delivery Area
3698,TAWONGA SOUTH,VIC,0.000,0.000,Delivery Area
3713,TAYLOR BAY,VIC,-37.230,145.910,Delivery Area
3037,TAYLORS HILL,VIC,-37.720,144.780,Delivery Area
3038,TAYLORS LAKES,VIC,-37.730,144.810,Delivery Area
3579,TEAL POINT,VIC,-35.880,143.870,Delivery Area
3160,TECOMA,VIC,-37.910,145.360,Delivery Area
3527,TEDDYWADDY,VIC,-36.060,143.390,Delivery Area
3527,TEDDYWADDY WEST,VIC,-36.060,143.390,Delivery Area
3328,TEESDALE,VIC,-38.040,144.050,Delivery Area
3401,TELANGATUK EAST,VIC,-36.460,142.310,Delivery Area
3730,TELFORD,VIC,-36.030,146.080,Delivery Area
3420,TELOPEA DOWNS,VIC,-36.360,141.120,Delivery Area
3106,TEMPLESTOWE,VIC,-37.770,145.120,Delivery Area
3107,TEMPLESTOWE LOWER,VIC,-37.760,145.100,Delivery Area
3489,TEMPY,VIC,-35.340,142.480,Delivery Area
3984,TENBY POINT,VIC,-38.320,145.540,Delivery Area
3572,TENNYSON,VIC,-36.360,144.380,Delivery Area
3264,TERANG,VIC,-38.240,142.910,Delivery Area
3719,TERIP TERIP,VIC,-37.010,145.620,Delivery Area
3525,TERRAPPEE,VIC,-36.270,143.430,Delivery Area
3575,TERRICK TERRICK,VIC,-36.040,143.990,Delivery Area
3573,TERRICK TERRICK EAST,VIC,-36.300,144.090,Delivery Area
3260,TESBURY,VIC,-38.130,143.100,Delivery Area
3821,TETOORA ROAD,VIC,-38.100,145.920,Delivery Area
3527,THALIA,VIC,-36.060,143.390,Delivery Area
3825,THALLOO,VIC,-37.700,146.360,Delivery Area
3154,THE BASIN,VIC,-37.850,145.310,Delivery Area
3268,THE COVE,VIC,-38.420,142.860,Delivery Area
3984,THE GURDIES,VIC,-38.320,145.540,Delivery Area
3851,THE HEART,VIC,-38.040,147.080,Delivery Area
3851,THE HONEYSUCKLES,VIC,-38.040,147.080,Delivery Area
3792,THE PATCH,VIC,-37.890,145.390,Delivery Area
3265,THE SISTERS,VIC,-38.210,143.010,Delivery Area
3691,THOLOGOLONG,VIC,-36.280,146.910,Delivery Area
3074,THOMASTOWN,VIC,-37.680,145.010,Delivery Area
3219,THOMSON,VIC,-38.180,144.380,Delivery Area
3825,THOMSON,VIC,-37.700,146.360,Delivery Area
3726,THOONA,VIC,-36.280,146.060,Delivery Area
3071,THORNBURY,VIC,-37.760,145.000,Delivery Area
3335,THORNHILL PARK,VIC,,,Delivery Area
3712,THORNTON,VIC,-37.330,145.860,Delivery Area
3835,THORPDALE,VIC,-38.330,146.120,Delivery Area
3824,THORPDALE SOUTH,VIC,-38.300,146.110,Delivery Area
3707,THOWGLA VALLEY,VIC,-36.280,148.030,Delivery Area
3797,THREE BRIDGES,VIC,-37.860,145.710,Delivery Area
3960,TIDAL RIVER,VIC,-38.670,146.270,Delivery Area
3885,TIMBARRA,VIC,-37.710,147.830,Delivery Area
3268,TIMBOON,VIC,-38.420,142.860,Delivery Area
3268,TIMBOON WEST,VIC,-38.420,142.860,Delivery Area
3561,TIMMERING,VIC,-36.300,144.670,Delivery Area
3465,TIMOR,VIC,-37.070,143.680,Delivery Area
3465,TIMOR WEST,VIC,-37.070,143.680,Delivery Area
3859,TINAMBA,VIC,-37.890,146.850,Delivery Area
3859,TINAMBA WEST,VIC,-37.890,146.850,Delivery Area
3708,TINTALDRA,VIC,-36.050,147.930,Delivery Area
3542,TITTYBONG,VIC,-35.760,143.280,Delivery Area
3549,TOL TOL,VIC,-34.850,142.830,Delivery Area
3723,TOLMIE,VIC,-36.890,146.260,Delivery Area
3707,TOM GROGGIN,VIC,-36.280,148.030,Delivery Area
3621,TONGALA,VIC,-36.270,144.850,Delivery Area
3890,TONGHI CREEK,VIC,-37.270,149.140,Delivery Area
3896,TONGIO,VIC,-37.110,147.810,Delivery Area
3815,TONIMBUK,VIC,-38.100,145.720,Delivery Area
3409,TOOAN,VIC,-36.780,141.760,Delivery Area
3522,TOOBORAC,VIC,-37.130,144.750,Delivery Area
3614,TOOLAMBA,VIC,-36.480,145.260,Delivery Area
3614,TOOLAMBA WEST,VIC,-36.480,145.260,Delivery Area
3777,TOOLANGI,VIC,-37.690,145.540,Delivery Area
3337,TOOLERN VALE,VIC,-37.680,144.590,Delivery Area
3551,TOOLLEEN,VIC,-36.690,143.870,Delivery Area
3860,TOOLOME,VIC,-37.880,146.990,Delivery Area
3401,TOOLONDO,VIC,-36.460,142.310,Delivery Area
3285,TOOLONG,VIC,-38.270,141.970,Delivery Area
3825,TOOMBON,VIC,-37.700,146.360,Delivery Area
3856,TOONGABBIE,VIC,-38.070,146.670,Delivery Area
3962,TOORA,VIC,-38.670,146.400,Delivery Area
3962,TOORA NORTH,VIC,-38.670,146.400,Delivery Area
3980,TOORADIN,VIC,-38.210,145.340,Delivery Area
3142,TOORAK,VIC,-37.840,145.000,Delivery Area
3909,TOORLOO ARM,VIC,-37.860,147.920,Delivery Area
3146,TOORONGA,VIC,,,Delivery Area
3833,TOORONGO,VIC,-37.840,145.850,Delivery Area
3941,TOOTGAROOK,VIC,-38.370,144.820,Delivery Area
3228,TORQUAY,VIC,-38.330,144.260,Delivery Area
3490,TORRITA,VIC,-35.200,141.600,Delivery Area
3562,TORRUMBARRY,VIC,-35.980,144.460,Delivery Area
3821,TORWOOD,VIC,-38.100,145.920,Delivery Area
3888,TOSTAREE,VIC,-37.150,148.880,Delivery Area
3012,TOTTENHAM,VIC,-37.810,144.850,Delivery Area
3477,TOTTINGTON,VIC,0.000,0.000,Delivery Area
3363,TOURELLO,VIC,-37.420,143.890,Delivery Area
3596,TOWAN,VIC,-35.120,143.330,Delivery Area
3527,TOWANINNY,VIC,-36.060,143.390,Delivery Area
3527,TOWANINNY SOUTH,VIC,-36.060,143.390,Delivery Area
3283,TOWER HILL,VIC,-38.310,142.330,Delivery Area
3707,TOWONG,VIC,-36.280,148.030,Delivery Area
3707,TOWONG UPPER,VIC,-36.280,148.030,Delivery Area
3824,TRAFALGAR,VIC,-38.300,146.110,Delivery Area
3824,TRAFALGAR EAST,VIC,-38.300,146.110,Delivery Area
3824,TRAFALGAR SOUTH,VIC,-38.300,146.110,Delivery Area
3579,TRAGOWEL,VIC,-35.880,143.870,Delivery Area
3844,TRARALGON,VIC,-38.410,146.640,Delivery Area
3844,TRARALGON EAST,VIC,-38.410,146.640,Delivery Area
3844,TRARALGON SOUTH,VIC,-38.410,146.640,Delivery Area
3032,TRAVANCORE,VIC,-37.780,144.920,Delivery Area
3373,TRAWALLA,VIC,-37.430,143.380,Delivery Area
3660,TRAWOOL,VIC,-37.090,145.500,Delivery Area
3477,TRAYNORS LAGOON,VIC,0.000,0.000,Delivery Area
3785,TREMONT,VIC,-38.270,144.490,Delivery Area
3458,TRENTHAM,VIC,-37.450,144.290,Delivery Area
3458,TRENTHAM EAST,VIC,-37.450,144.290,Delivery Area
3583,TRESCO,VIC,-35.510,143.640,Delivery Area
3584,TRESCO WEST,VIC,-35.460,143.630,Delivery Area
3953,TRIDA,VIC,-38.410,146.070,Delivery Area
3029,TRUGANINA,VIC,-37.880,144.700,Delivery Area
3888,TUBBUT,VIC,-37.150,148.880,Delivery Area
3915,TUERONG,VIC,-38.310,145.190,Delivery Area
3384,TULKARA,VIC,-36.980,143.200,Delivery Area
3043,TULLAMARINE,VIC,-37.690,144.880,Delivery Area
3728,TUNGAMAH,VIC,-36.100,146.080,Delivery Area
3546,TUROAR,VIC,-34.960,142.880,Delivery Area
3488,TURRIFF,VIC,-35.400,142.440,Delivery Area
3488,TURRIFF EAST,VIC,-35.400,142.440,Delivery Area
3960,TURTONS CREEK,VIC,-38.670,146.270,Delivery Area
3490,TUTYE,VIC,-35.200,141.600,Delivery Area
3658,TYAAK,VIC,-37.200,145.050,Delivery Area
3913,TYABB,VIC,-38.260,145.190,Delivery Area
3533,TYENNA,VIC,-35.360,142.790,Delivery Area
3844,TYERS,VIC,-38.410,146.640,Delivery Area
3444,TYLDEN,VIC,-37.090,144.510,Delivery Area
3444,TYLDEN SOUTH,VIC,-37.090,144.510,Delivery Area
3813,TYNONG,VIC,-38.090,145.630,Delivery Area
3813,TYNONG NORTH,VIC,-38.090,145.630,Delivery Area
3586,TYNTYNDER,VIC,-35.300,143.360,Delivery Area
3586,TYNTYNDER SOUTH,VIC,-35.300,143.360,Delivery Area
3285,TYRENDARRA,VIC,-38.270,141.970,Delivery Area
3285,TYRENDARRA EAST,VIC,-38.270,141.970,Delivery Area
3533,TYRRELL,VIC,-35.360,142.790,Delivery Area
3533,TYRRELL DOWNS,VIC,-35.360,142.790,Delivery Area
3370,ULLINA,VIC,-37.290,143.790,Delivery Area
3318,ULLSWATER,VIC,-36.990,141.510,Delivery Area
3544,ULTIMA,VIC,-35.510,143.200,Delivery Area
3544,ULTIMA EAST,VIC,-35.510,143.200,Delivery Area
3641,ULUPNA,VIC,-35.920,145.330,Delivery Area
3629,UNDERA,VIC,-36.380,145.300,Delivery Area
3509,UNDERBOOL,VIC,-35.170,141.690,Delivery Area
3010,UNIVERSITY OF MELBOURNE,VIC,-37.800,144.960,Delivery Area
3669,UPOTIPOTPON,VIC,-36.700,145.770,Delivery Area
3156,UPPER FERNTREE GULLY,VIC,-37.880,145.300,Delivery Area
3691,UPPER GUNDOWRING,VIC,-36.280,146.910,Delivery Area
3673,UPPER LURG,VIC,-36.430,145.890,Delivery Area
3756,UPPER PLENTY,VIC,-37.400,144.800,Delivery Area
3673,UPPER RYANS CREEK,VIC,-36.430,145.890,Delivery Area
3664,UPTON HILL,VIC,-36.890,145.230,Delivery Area
3158,UPWEY,VIC,-37.900,145.330,Delivery Area
3860,VALENCIA CREEK,VIC,-37.880,146.990,Delivery Area
3407,VASEY,VIC,-37.250,141.840,Delivery Area
3451,VAUGHAN,VIC,-37.030,144.240,Delivery Area
3401,VECTIS,VIC,-36.460,142.310,Delivery Area
3922,VENTNOR,VIC,-38.450,145.240,Delivery Area
3956,VENUS BAY,VIC,-38.530,146.100,Delivery Area
3133,VERMONT,VIC,-37.840,145.190,Delivery Area
3133,VERMONT SOUTH,VIC,-37.840,145.190,Delivery Area
3814,VERVALE,VIC,-38.150,145.610,Delivery Area
3833,VESPER,VIC,-37.840,145.850,Delivery Area
3294,VICTORIA POINT,VIC,-37.650,142.340,Delivery Area
3294,VICTORIA VALLEY,VIC,-37.650,142.340,Delivery Area
3084,VIEWBANK,VIC,-37.740,145.090,Delivery Area
3591,VINIFERA,VIC,-35.220,143.410,Delivery Area
3669,VIOLET TOWN,VIC,-36.700,145.770,Delivery Area
3325,VITE VITE,VIC,-37.950,143.220,Delivery Area
3325,VITE VITE NORTH,VIC,-37.950,143.220,Delivery Area
3885,W TREE,VIC,-37.710,147.830,Delivery Area
3637,WAAIA,VIC,-36.050,145.330,Delivery Area
3551,WAANYARRA,VIC,-36.690,143.870,Delivery Area
3269,WAARRE,VIC,-38.620,143.000,Delivery Area
3678,WABONGA,VIC,-36.520,146.500,Delivery Area
3646,WAGGARANDALL,VIC,-36.330,145.690,Delivery Area
3687,WAHGUNYAH,VIC,-36.010,146.400,Delivery Area
3608,WAHRING,VIC,-36.700,145.030,Delivery Area
3401,WAIL,VIC,-36.460,142.310,Delivery Area
3887,WAIREWA,VIC,-37.840,148.120,Delivery Area
3544,WAITCHIE,VIC,-35.510,143.200,Delivery Area
3385,WAL WAL,VIC,-36.920,142.510,Delivery Area
3678,WALDARA,VIC,-36.520,146.500,Delivery Area
3825,WALHALLA,VIC,-37.700,146.360,Delivery Area
3825,WALHALLA EAST,VIC,-37.700,146.360,Delivery Area
3956,WALKERVILLE,VIC,-38.530,146.100,Delivery Area
3956,WALKERVILLE NORTH,VIC,,,Delivery Area
3956,WALKERVILLE SOUTH,VIC,-38.530,146.100,Delivery Area
3352,WALLACE,VIC,-37.380,143.670,Delivery Area
3303,WALLACEDALE,VIC,-38.030,141.810,Delivery Area
3891,WALLAGARAUGH,VIC,-37.480,149.590,Delivery Area
3387,WALLALOO,VIC,-36.670,142.870,Delivery Area
3387,WALLALOO EAST,VIC,-36.670,142.870,Delivery Area
3756,WALLAN,VIC,-37.400,144.800,Delivery Area
3351,WALLINDUC,VIC,-37.770,143.680,Delivery Area
3222,WALLINGTON,VIC,,,Delivery Area
3401,WALLUP,VIC,-36.460,142.310,Delivery Area
3463,WALMER,VIC,-36.980,143.950,Delivery Area
3875,WALPA,VIC,-37.830,147.630,Delivery Area
3507,WALPEUP,VIC,-35.190,142.020,Delivery Area
3709,WALWA,VIC,-36.050,147.560,Delivery Area
3612,WANALTA,VIC,-36.590,144.950,Delivery Area
3216,WANDANA HEIGHTS,VIC,-38.180,144.340,Delivery Area
3579,WANDELLA,VIC,-35.880,143.870,Delivery Area
3744,WANDILIGONG,VIC,-36.750,146.980,Delivery Area
3139,WANDIN EAST,VIC,-37.800,145.540,Delivery Area
3139,WANDIN NORTH,VIC,-37.800,145.540,Delivery Area
3312,WANDO BRIDGE,VIC,-37.640,141.370,Delivery Area
3312,WANDO VALE,VIC,-37.640,141.370,Delivery Area
3758,WANDONG,VIC,-37.380,145.030,Delivery Area
3549,WANDOWN,VIC,-34.850,142.830,Delivery Area
3678,WANGANDARY,VIC,-36.520,146.500,Delivery Area
3891,WANGARABELL,VIC,-37.480,149.590,Delivery Area
3676,WANGARATTA,VIC,-36.340,146.340,Post Office Boxes
3677,WANGARATTA,VIC,-36.350,146.300,Delivery Area
3678,WANGARATTA FORWARD,VIC,-36.520,146.500,Delivery Area
3678,WANGARATTA SOUTH,VIC,-36.520,146.500,Delivery Area
3530,WANGIE,VIC,-35.720,143.110,Delivery Area
3279,WANGOOM,VIC,-38.210,142.660,Delivery Area
3301,WANNON,VIC,-37.700,141.930,Delivery Area
3152,WANTIRNA,VIC,-37.870,145.240,Delivery Area
3152,WANTIRNA SOUTH,VIC,-37.870,145.240,Delivery Area
3616,WARANGA,VIC,-36.420,145.070,Delivery Area
3612,WARANGA SHORES,VIC,-36.590,144.950,Delivery Area
3959,WARATAH BAY,VIC,-38.690,146.080,Delivery Area
3799,WARBURTON,VIC,-37.760,145.750,Delivery Area
3465,WAREEK,VIC,-37.070,143.680,Delivery Area
3505,WARGAN,VIC,-34.200,142.060,Delivery Area
3482,WARMUR,VIC,-36.230,142.860,Delivery Area
3243,WARNCOORT,VIC,-38.470,143.760,Delivery Area
3530,WARNE,VIC,-35.720,143.110,Delivery Area
3980,WARNEET,VIC,-38.210,145.340,Delivery Area
3286,WARRABKOOK,VIC,-37.970,141.830,Delivery Area
3393,WARRACKNABEAL,VIC,-36.330,142.360,Delivery Area
3820,WARRAGUL,VIC,-38.210,145.960,Delivery Area
3821,WARRAGUL SOUTH,VIC,-38.100,145.920,Delivery Area
3821,WARRAGUL WEST,VIC,-38.100,145.920,Delivery Area
3377,WARRAK,VIC,-37.280,142.930,Delivery Area
3113,WARRANDYTE,VIC,-37.730,145.220,Delivery Area
3134,WARRANDYTE SOUTH,VIC,-37.810,145.230,Delivery Area
3134,WARRANWOOD,VIC,-37.810,145.230,Delivery Area
3301,WARRAYURE,VIC,-37.700,141.930,Delivery Area
3670,WARRENBAYNE,VIC,-36.590,145.860,Delivery Area
3352,WARRENHEIP,VIC,-37.380,143.670,Delivery Area
3478,WARRENMANG,VIC,-36.540,142.920,Delivery Area
3249,WARRION,VIC,-38.240,143.480,Delivery Area
3280,WARRNAMBOOL,VIC,-38.360,142.440,Delivery Area
3312,WARROCK,VIC,-37.640,141.370,Delivery Area
3283,WARRONG,VIC,-38.310,142.330,Delivery Area
3401,WARTOOK,VIC,-36.460,142.310,Delivery Area
3482,WATCHEM,VIC,-36.230,142.860,Delivery Area
3482,WATCHEM WEST,VIC,-36.230,142.860,Delivery Area
3485,WATCHUPGA,VIC,-35.640,142.770,Delivery Area
3862,WATERFORD,VIC,-37.570,147.190,Delivery Area
3658,WATERFORD PARK,VIC,-37.200,145.050,Delivery Area
3038,WATERGARDENS,VIC,-37.730,144.810,Delivery Area
3875,WATERHOLES,VIC,-37.830,147.630,Delivery Area
3373,WATERLOO,VIC,-37.430,143.380,Delivery Area
3195,WATERWAYS,VIC,-38.030,145.100,Delivery Area
3087,WATSONIA,VIC,-37.710,145.080,Delivery Area
3087,WATSONIA NORTH,VIC,-37.710,145.080,Delivery Area
3097,WATSONS CREEK,VIC,-37.700,145.280,Delivery Area
3995,WATTLE BANK,VIC,-38.530,145.450,Delivery Area
3384,WATTLE CREEK,VIC,-36.980,143.200,Delivery Area
3352,WATTLE FLAT,VIC,-37.380,143.670,Delivery Area
3096,WATTLE GLEN,VIC,-37.670,145.190,Delivery Area
3237,WATTLE HILL,VIC,-38.690,143.560,Delivery Area
3128,WATTLE PARK,VIC,-37.820,145.120,Delivery Area
3145,WATTLETREE ROAD PO,VIC,-37.880,145.040,Delivery Area
3352,WAUBRA,VIC,-37.380,143.670,Delivery Area
3216,WAURN PONDS,VIC,-38.180,144.340,Delivery Area
3170,WAVERLEY GARDENS,VIC,-37.870,145.100,Delivery Area
3888,WAYGARA,VIC,-37.150,148.880,Delivery Area
3352,WEATHERBOARD,VIC,-37.380,143.670,Delivery Area
3518,WEDDERBURN,VIC,-36.500,143.460,Delivery Area
3518,WEDDERBURN JUNCTION,VIC,-36.500,143.460,Delivery Area
3568,WEE WEE RUP,VIC,-35.840,144.340,Delivery Area
3237,WEEAPROINAH,VIC,-38.690,143.560,Delivery Area
3251,WEERING,VIC,-38.190,143.640,Delivery Area
3260,WEERITE,VIC,-38.130,143.100,Delivery Area
3518,WEHLA,VIC,-36.500,143.460,Delivery Area
3338,WEIR VIEWS,VIC,,,Delivery Area
3551,WELLSFORD,VIC,-36.690,143.870,Delivery Area
3462,WELSHMANS REEF,VIC,-37.110,144.100,Delivery Area
3966,WELSHPOOL,VIC,-38.580,146.450,Delivery Area
3549,WEMEN,VIC,-34.850,142.830,Delivery Area
3355,WENDOUREE,VIC,-37.550,143.820,Delivery Area
3355,WENDOUREE VILLAGE,VIC,-37.550,143.820,Delivery Area
3241,WENSLEYDALE,VIC,-38.370,143.950,Delivery Area
3875,WENTWORTH,VIC,-37.830,147.630,Delivery Area
3186,WERE STREET PO,VIC,-37.910,144.990,Delivery Area
3352,WERNETH,VIC,-37.380,143.670,Delivery Area
3364,WERONA,VIC,-37.370,143.940,Delivery Area
3030,WERRIBEE,VIC,-37.970,144.580,Delivery Area
3029,WERRIBEE PLAZA,VIC,,,Delivery Area
3030,WERRIBEE SOUTH,VIC,-37.970,144.580,Delivery Area
3496,WERRIMULL,VIC,-34.290,142.150,Delivery Area
3799,WESBURN,VIC,-37.760,145.750,Delivery Area
3550,WEST BENDIGO,VIC,-36.760,144.280,Delivery Area
3992,WEST CREEK,VIC,-38.490,145.620,Delivery Area
3012,WEST FOOTSCRAY,VIC,-37.810,144.850,Delivery Area
3003,WEST MELBOURNE,VIC,-37.810,144.940,Delivery Area
3690,WEST WODONGA,VIC,-36.100,146.820,Delivery Area
3825,WESTBURY,VIC,-37.700,146.360,Delivery Area
3579,WESTBY,VIC,-35.880,143.870,Delivery Area
3049,WESTMEADOWS,VIC,-37.670,144.890,Delivery Area
3351,WESTMERE,VIC,-37.770,143.680,Delivery Area
3714,WHANREGARWEN,VIC,-37.250,145.700,Delivery Area
3564,WHARPARILLA,VIC,-36.130,144.730,Delivery Area
3461,WHEATSHEAF,VIC,-37.390,144.220,Delivery Area
3150,WHEELERS HILL,VIC,-37.880,145.170,Delivery Area
3556,WHIPSTICK,VIC,-36.730,144.260,Delivery Area
3483,WHIRILY,VIC,-35.980,142.750,Delivery Area
3550,WHITE HILLS,VIC,-36.760,144.280,Delivery Area
3660,WHITEHEADS CREEK,VIC,-37.090,145.500,Delivery Area
3950,WHITELAW,VIC,-38.450,145.880,Delivery Area
3733,WHITFIELD,VIC,-36.750,146.410,Delivery Area
3678,WHITLANDS,VIC,-36.520,146.500,Delivery Area
3219,WHITTINGTON,VIC,-38.180,144.380,Delivery Area
3757,WHITTLESEA,VIC,-37.450,145.110,Delivery Area
3243,WHOOREL,VIC,-38.470,143.760,Delivery Area
3735,WHOROULY,VIC,-36.520,146.580,Delivery Area
3735,WHOROULY EAST,VIC,-36.520,146.580,Delivery Area
3735,WHOROULY SOUTH,VIC,-36.520,146.580,Delivery Area
3612,WHROO,VIC,-36.590,144.950,Delivery Area
3379,WICKLIFFE,VIC,-37.530,142.520,Delivery Area
3728,WILBY,VIC,-36.100,146.080,Delivery Area
3953,WILD DOG VALLEY,VIC,-38.410,146.070,Delivery Area
3429,WILDWOOD,VIC,-37.580,144.730,Delivery Area
3393,WILKUR,VIC,-36.330,142.360,Delivery Area
3485,WILLANGIE,VIC,-35.640,142.770,Delivery Area
3283,WILLATOOK,VIC,-38.310,142.330,Delivery Area
3379,WILLAURA,VIC,-37.530,142.520,Delivery Area
3379,WILLAURA NORTH,VIC,-37.530,142.520,Delivery Area
3393,WILLENABRINA,VIC,-36.330,142.360,Delivery Area
3027,WILLIAMS LANDING,VIC,-37.860,144.760,Delivery Area
3016,WILLIAMSTOWN,VIC,-37.860,144.900,Delivery Area
3016,WILLIAMSTOWN NORTH,VIC,-37.860,144.900,Delivery Area
3825,WILLOW GROVE,VIC,-37.700,146.360,Delivery Area
3764,WILLOWMAVIN,VIC,-37.310,144.890,Delivery Area
3360,WILLOWVALE,VIC,-37.690,143.560,Delivery Area
3847,WILLUNG,VIC,-38.260,146.750,Delivery Area
3847,WILLUNG SOUTH,VIC,-38.260,146.750,Delivery Area
3515,WILSONS HILL,VIC,-36.740,144.130,Delivery Area
3960,WILSONS PROMONTORY,VIC,-38.670,146.270,Delivery Area
3922,WIMBLEDON HEIGHTS,VIC,-38.450,145.240,Delivery Area
3241,WINCHELSEA,VIC,-38.370,143.950,Delivery Area
3241,WINCHELSEA SOUTH,VIC,-38.370,143.950,Delivery Area
3352,WINDERMERE,VIC,-37.380,143.670,Delivery Area
3181,WINDSOR,VIC,-37.850,144.990,Delivery Area
3891,WINGAN RIVER,VIC,-37.480,149.590,Delivery Area
3321,WINGEEL,VIC,-38.110,143.860,Delivery Area
3477,WINJALLOK,VIC,0.000,0.000,Delivery Area
3585,WINLATON,VIC,-35.420,143.590,Delivery Area
3546,WINNAMBOOL,VIC,-34.960,142.880,Delivery Area
3304,WINNAP,VIC,-38.150,141.970,Delivery Area
3858,WINNINDOO,VIC,-37.970,146.690,Delivery Area
3281,WINSLOW,VIC,-38.330,142.510,Delivery Area
3358,WINTER VALLEY,VIC,,,Delivery Area
3673,WINTON,VIC,-36.430,145.890,Delivery Area
3673,WINTON NORTH,VIC,-36.430,145.890,Delivery Area
3608,WIRRATE,VIC,-36.700,145.030,Delivery Area
3885,WISELEIGH,VIC,-37.710,147.830,Delivery Area
3189,WISHART,VIC,-37.930,145.040,Delivery Area
3689,WODONGA,VIC,-37.680,144.990,Post Office Boxes
3690,WODONGA,VIC,-36.100,146.820,Delivery Area
3691,WODONGA FORWARD,VIC,-36.280,146.910,Delivery Area
3690,WODONGA PLAZA,VIC,-36.100,146.820,Delivery Area
3750,WOLLERT,VIC,-38.380,144.810,Delivery Area
3888,WOMBAT CREEK,VIC,-37.150,148.880,Delivery Area
3409,WOMBELANO,VIC,-36.780,141.760,Delivery Area
3971,WON WRON,VIC,-38.610,146.670,Delivery Area
3960,WONGA,VIC,-38.670,146.270,Delivery Area
3115,WONGA PARK,VIC,-37.740,145.270,Delivery Area
3234,WONGARRA,VIC,,,Delivery Area
3862,WONGUNGARRA,VIC,-37.570,147.190,Delivery Area
3737,WONNANGATTA,VIC,-36.980,146.780,Delivery Area
3995,WONTHAGGI,VIC,-38.530,145.450,Delivery Area
3401,WONWONDAH,VIC,-36.460,142.310,Delivery Area
3962,WONYIP,VIC,-38.670,146.400,Delivery Area
3596,WOOD WOOD,VIC,-35.120,143.330,Delivery Area
3442,WOODEND,VIC,-37.390,144.450,Delivery Area
3442,WOODEND NORTH,VIC,-37.390,144.450,Delivery Area
3715,WOODFIELD,VIC,-36.970,145.790,Delivery Area
3281,WOODFORD,VIC,-38.330,142.510,Delivery Area
3875,WOODGLEN,VIC,-37.830,147.630,Delivery Area
3294,WOODHOUSE,VIC,-37.650,142.340,Delivery Area
3945,WOODLEIGH,VIC,-37.970,145.160,Delivery Area
3723,WOODS POINT,VIC,-36.890,146.260,Delivery Area
3874,WOODSIDE,VIC,-38.380,146.790,Delivery Area
3874,WOODSIDE BEACH,VIC,-38.380,146.790,Delivery Area
3874,WOODSIDE NORTH,VIC,-38.380,146.790,Delivery Area
3751,WOODSTOCK,VIC,-37.690,144.890,Delivery Area
3551,WOODSTOCK ON LODDON,VIC,-36.690,143.870,Delivery Area
3463,WOODSTOCK WEST,VIC,-36.980,143.950,Delivery Area
3556,WOODVALE,VIC,-36.730,144.260,Delivery Area
3249,WOOL WOOL,VIC,-38.240,143.480,Delivery Area
3995,WOOLAMAI,VIC,-38.530,145.450,Delivery Area
3860,WOOLENOOK,VIC,-37.880,146.990,Delivery Area
3518,WOOLSHED FLAT,VIC,-36.500,143.460,Delivery Area
3276,WOOLSTHORPE,VIC,-38.040,142.440,Delivery Area
3485,WOOMELANG,VIC,-35.640,142.770,Delivery Area
3747,WOORAGEE,VIC,-36.360,146.690,Delivery Area
3962,WOORARRA EAST,VIC,-38.670,146.400,Delivery Area
3960,WOORARRA WEST,VIC,-38.670,146.270,Delivery Area
3953,WOOREEN,VIC,,,Delivery Area
3139,WOORI YALLOCK,VIC,-37.800,145.540,Delivery Area
3589,WOORINEN,VIC,-35.260,143.470,Delivery Area
3589,WOORINEN NORTH,VIC,-35.260,143.470,Delivery Area
3588,WOORINEN SOUTH,VIC,-35.270,143.450,Delivery Area
3272,WOORNDOO,VIC,-38.080,142.810,Delivery Area
3525,WOOROONOOK,VIC,-36.270,143.430,Delivery Area
3518,WOOSANG,VIC,-36.500,143.460,Delivery Area
3315,WOOTONG VALE,VIC,-37.440,141.760,Delivery Area
3858,WORROWING,VIC,-37.970,146.690,Delivery Area
3860,WRATHUNG,VIC,-37.880,146.990,Delivery Area
3860,WRIXON,VIC,-37.880,146.990,Delivery Area
3891,WROXHAM,VIC,-37.480,149.590,Delivery Area
3875,WUK WUK,VIC,-37.830,147.630,Delivery Area
3885,WULGULMERANG,VIC,-37.710,147.830,Delivery Area
3885,WULGULMERANG EAST,VIC,-37.710,147.830,Delivery Area
3885,WULGULMERANG WEST,VIC,-37.710,147.830,Delivery Area
3635,WUNGHNU,VIC,-36.160,145.300,Delivery Area
3241,WURDIBOLUC,VIC,-38.370,143.950,Delivery Area
3850,WURRUK,VIC,-38.420,147.080,Delivery Area
3875,WY YUNG,VIC,-37.830,147.630,Delivery Area
3527,WYCHEPROOF,VIC,-36.060,143.390,Delivery Area
3527,WYCHEPROOF SOUTH,VIC,-36.060,143.390,Delivery Area
3525,WYCHITELLA,VIC,-36.270,143.430,Delivery Area
3525,WYCHITELLA NORTH,VIC,-36.270,143.430,Delivery Area
3234,WYE RIVER,VIC,,,Delivery Area
3237,WYELANGTA,VIC,-38.690,143.560,Delivery Area
3024,WYNDHAM VALE,VIC,-37.900,144.560,Delivery Area
3620,WYUNA,VIC,-36.310,145.050,Delivery Area
3620,WYUNA EAST,VIC,-36.310,145.050,Delivery Area
3424,YAAPEET,VIC,-35.690,141.970,Delivery Area
3646,YABBA NORTH,VIC,-36.330,145.690,Delivery Area
3646,YABBA SOUTH,VIC,-36.330,145.690,Delivery Area
3749,YACKANDANDAH,VIC,-36.410,146.860,Delivery Area
3637,YALCA,VIC,-36.050,145.330,Delivery Area
3378,YALLA-Y-POORA,VIC,-37.530,142.940,Delivery Area
3085,YALLAMBIE,VIC,-37.730,145.070,Delivery Area
3825,YALLOURN,VIC,-37.700,146.360,Delivery Area
3825,YALLOURN NORTH,VIC,-37.700,146.360,Delivery Area
3885,YALMY,VIC,-37.710,147.830,Delivery Area
3285,YAMBUK,VIC,-38.270,141.970,Delivery Area
3621,YAMBUNA,VIC,-36.270,144.850,Delivery Area
3755,YAN YEAN,VIC,-37.570,145.140,Delivery Area
3418,YANAC,VIC,-36.170,141.330,Delivery Area
3960,YANAKIE,VIC,-38.670,146.270,Delivery Area
3537,YANDO,VIC,-36.010,143.670,Delivery Area
3461,YANDOIT,VIC,-37.390,144.220,Delivery Area
3461,YANDOIT HILLS,VIC,-37.390,144.220,Delivery Area
3283,YANGERY,VIC,-38.310,142.330,Delivery Area
3858,YANGOURA,VIC,-37.970,146.690,Delivery Area
3981,YANNATHAN,VIC,-38.180,145.570,Delivery Area
3451,YAPEEN,VIC,-37.030,144.240,Delivery Area
3719,YARCK,VIC,-37.010,145.620,Delivery Area
3283,YARPTURK,VIC,-38.310,142.330,Delivery Area
3775,YARRA GLEN,VIC,-37.650,145.320,Delivery Area
3797,YARRA JUNCTION,VIC,-37.860,145.710,Delivery Area
3516,YARRABERB,VIC,-36.590,143.920,Delivery Area
3823,YARRAGON,VIC,-38.260,146.030,Delivery Area
3823,YARRAGON SOUTH,VIC,-38.260,146.030,Delivery Area
3971,YARRAM,VIC,-38.610,146.670,Delivery Area
3091,YARRAMBAT,VIC,-37.640,145.130,Delivery Area
3013,YARRAVILLE,VIC,-37.820,144.890,Delivery Area
3013,YARRAVILLE WEST,VIC,-37.820,144.890,Delivery Area
3575,YARRAWALLA,VIC,-36.040,143.990,Delivery Area
3730,YARRAWONGA,VIC,-36.030,146.080,Delivery Area
3730,YARRAWONGA SOUTH,VIC,-36.030,146.080,Delivery Area
3644,YARROWEYAH,VIC,-35.910,145.690,Delivery Area
3677,YARRUNGA,VIC,-36.350,146.300,Delivery Area
3301,YATCHAW,VIC,-37.700,141.930,Delivery Area
3478,YAWONG HILLS,VIC,-36.540,142.920,Delivery Area
3717,YEA,VIC,-37.340,145.290,Delivery Area
3139,YELLINGBO,VIC,-37.800,145.540,Delivery Area
3505,YELTA,VIC,-34.200,142.060,Delivery Area
3352,YENDON,VIC,-37.380,143.670,Delivery Area
3249,YEO,VIC,-38.240,143.480,Delivery Area
3249,YEODENE,VIC,-38.240,143.480,Delivery Area
3770,YERING,VIC,-37.720,145.380,Delivery Area
3525,YEUNGROON,VIC,-36.270,143.430,Delivery Area
3525,YEUNGROON EAST,VIC,-36.270,143.430,Delivery Area
3638,YIELIMA,VIC,-36.150,145.170,Delivery Area
3869,YINNAR,VIC,-38.400,146.420,Delivery Area
3869,YINNAR SOUTH,VIC,-38.400,146.420,Delivery Area
3477,YORK PLAINS,VIC,0.000,0.000,Delivery Area
3646,YOUANMITE,VIC,-36.330,145.690,Delivery Area
3728,YOUARANG,VIC,-36.100,146.080,Delivery Area
3301,YULECART,VIC,-37.700,141.930,Delivery Area
3727,YUNDOOL,VIC,-36.230,146.060,Delivery Area
3063,YUROKE,VIC,-37.630,144.840,Delivery Area
3237,YUULONG,VIC,-38.690,143.560,Delivery Area
3634,ZEERUST,VIC,-36.220,145.340,Delivery Area
3401,ZUMSTEINS,VIC,-36.460,142.310,Delivery Area
