Postcode,Suburb,State
2601,ACTON,ACT
2602,AINSLIE,ACT
2914,AMAROO,ACT
2614,ARANDA,ACT
0200,AUSTRALIAN NATIONAL UNIVERSITY,ACT
2906,BANKS,ACT
2600,BARTON,ACT
2620,BEARD,ACT
2616,BELCONNEN,ACT
2617,BELCONNEN,ACT
2617,BELCONNEN DC,ACT
2914,BONNER,ACT
2905,BONYTHON,ACT
2620,BOOTH,ACT
2612,BRADDON,ACT
2617,BRUCE,ACT
2905,CALWELL,ACT
2612,CAMPBELL,ACT
2600,CANBERRA,ACT
2601,CANBERRA,ACT
2609,CANBERRA AIRPORT,ACT
2610,CANBERRA BC,ACT
2610,CANBERRA MC,ACT
2600,CAPITAL HILL,ACT
2913,CASEY,ACT
2604,CAUSEWAY,ACT
2611,CHAPMAN,ACT
2615,CHARNWOOD,ACT
2606,CHIFLEY,ACT
2905,CHISHOLM,ACT
2601,CITY,ACT
2608,CIVIC SQUARE,ACT
2906,CONDER,ACT
2614,COOK,ACT
2611,COOMBS,ACT
2611,COREE,ACT
2911,CRACE,ACT
2605,CURTIN,ACT
2600,DEAKIN,ACT
2600,DEAKIN WEST,ACT
2611,DENMAN PROSPECT,ACT
2602,DICKSON,ACT
2602,DOWNER,ACT
2611,DUFFY,ACT
2615,DUNLOP,ACT
2903,ERINDALE CENTRE,ACT
2617,EVATT,ACT
2904,FADDEN,ACT
2607,FARRER,ACT
2611,FISHER,ACT
2615,FLOREY,ACT
2615,FLYNN,ACT
2914,FORDE,ACT
2603,FORREST,ACT
2913,FRANKLIN,ACT
2615,FRASER,ACT
2609,FYSHWICK,ACT
2605,GARRAN,ACT
2905,GILMORE,ACT
2617,GIRALANG,ACT
2906,GORDON,ACT
2904,GOWRIE,ACT
2900,GREENWAY,ACT
2603,GRIFFITH,ACT
2912,GUNGAHLIN,ACT
2602,HACKETT,ACT
2618,HALL,ACT
2600,HARMAN,ACT
2914,HARRISON,ACT
2614,HAWKER,ACT
2615,HIGGINS,ACT
2540,HMAS CRESWELL,ACT
2600,HMAS HARMAN,ACT
2611,HOLDER,ACT
2615,HOLT,ACT
2605,HUGHES,ACT
2620,HUME,ACT
2607,ISAACS,ACT
2905,ISABELLA PLAINS,ACT
2914,JACKA,ACT
2614,JAMISON CENTRE,ACT
2540,JERVIS BAY,ACT
2617,KALEEN,ACT
2902,KAMBAH,ACT
2902,KAMBAH VILLAGE,ACT
2911,KENNY,ACT
2604,KINGSTON,ACT
2615,KIPPAX,ACT
2620,KOWEN,ACT
2615,LATHAM,ACT
2617,LAWSON,ACT
2602,LYNEHAM,ACT
2606,LYONS,ACT
2904,MACARTHUR,ACT
2615,MACGREGOR,ACT
2615,MACNAMARA,ACT
2614,MACQUARIE,ACT
2609,MAJURA,ACT
2603,MANUKA,ACT
2607,MAWSON,ACT
2617,MCKELLAR,ACT
2615,MELBA,ACT
2911,MITCHELL,ACT
2611,MOLONGLO,ACT
2904,MONASH,ACT
2914,MONCRIEFF,ACT
2604,NARRABUNDAH,ACT
2913,NGUNNAWAL,ACT
2913,NICHOLLS,ACT
2620,OAKS ESTATE,ACT
2903,OXLEY,ACT
2620,PADDYS RIVER,ACT
2614,PAGE,ACT
2913,PALMERSTON,ACT
2600,PARKES,ACT
2607,PEARCE,ACT
2606,PHILLIP,ACT
2609,PIALLIGO,ACT
2603,RED HILL,ACT
2612,REID,ACT
2905,RICHARDSON,ACT
2611,RIVETT,ACT
2600,RUSSELL,ACT
2614,SCULLIN,ACT
2615,SPENCE,ACT
2611,STIRLING,ACT
2615,STRATHNAIRN,ACT
2611,STROMLO,ACT
2609,SYMONSTON,ACT
2913,TAYLOR,ACT
2620,TENNENT,ACT
2620,THARWA,ACT
2905,THEODORE,ACT
2914,THROSBY,ACT
2607,TORRENS,ACT
2901,TUGGERANONG DC,ACT
2612,TURNER,ACT
2617,UNIVERSITY OF CANBERRA,ACT
2611,URIARRA VILLAGE,ACT
2903,WANNIASSA,ACT
2611,WARAMANGA,ACT
2602,WATSON,ACT
2614,WEETANGERA,ACT
2611,WESTON,ACT
2611,WESTON CREEK,ACT
2611,WHITLAM,ACT
2620,WILLIAMSDALE,ACT
2606,WODEN,ACT
2540,WRECK BAY,ACT
2611,WRIGHT,ACT
2600,YARRALUMLA,ACT
2850,AARONS PASS,NSW
2176,ABBOTSBURY,NSW
2046,ABBOTSFORD,NSW
2795,ABERCROMBIE,NSW
2795,ABERCROMBIE RIVER,NSW
2325,ABERDARE,NSW
2336,ABERDEEN,NSW
2350,ABERFOYLE,NSW
2320,ABERGLASSLYN,NSW
2326,ABERMAIN,NSW
2325,ABERNETHY,NSW
2350,ABINGTON,NSW
2476,ACACIA CREEK,NSW
2763,ACACIA GARDENS,NSW
2629,ADAMINABY,NSW
2289,ADAMSTOWN,NSW
2289,ADAMSTOWN HEIGHTS,NSW
2729,ADELONG,NSW
2727,ADJUNGBILLY,NSW
2474,AFTERLEE,NSW
2753,AGNES BANKS,NSW
2560,AIRDS,NSW
2546,AKOLELE,NSW
2873,ALBERT,NSW
2527,ALBION PARK,NSW
2527,ALBION PARK RAIL,NSW
2640,ALBURY,NSW
2440,ALDAVILLA,NSW
2870,ALECTOWN,NSW
1435,ALEXANDRIA,NSW
2015,ALEXANDRIA,NSW
2234,ALFORDS POINT,NSW
2650,ALFREDTOWN,NSW
2469,ALICE,NSW
2259,ALISON,NSW
2420,ALISON,NSW
2100,ALLAMBIE HEIGHTS,NSW
2320,ALLANDALE,NSW
2218,ALLAWAH,NSW
2671,ALLEENA,NSW
2441,ALLGOMERA,NSW
2425,ALLWORTH,NSW
2311,ALLYNBROOK,NSW
2659,ALMA PARK,NSW
2575,ALPINE,NSW
2477,ALSTONVALE,NSW
2477,ALSTONVILLE,NSW
2460,ALUMY CREEK,NSW
2866,AMAROO,NSW
2560,AMBARVALE,NSW
4380,AMOSFIELD,NSW
2648,ANABRANCH NORTH,NSW
2648,ANABRANCH SOUTH,NSW
2320,ANAMBAH,NSW
2631,ANDO,NSW
2621,ANEMBO,NSW
2550,ANGLEDALE,NSW
2834,ANGLEDOOL,NSW
2629,ANGLERS REACH,NSW
2464,ANGOURIE,NSW
2765,ANGUS,NSW
2316,ANNA BAY,NSW
2038,ANNANDALE,NSW
2156,ANNANGROVE,NSW
2560,APPIN,NSW
2850,APPLE TREE FLAT,NSW
2340,APPLEBY,NSW
2330,APPLETREE FLAT,NSW
2820,APSLEY,NSW
2630,ARABLE,NSW
2431,ARAKOON,NSW
2622,ARALUEN,NSW
2714,ARATULA,NSW
2159,ARCADIA,NSW
2283,ARCADIA VALE,NSW
2338,ARDGLEN,NSW
2358,ARDING,NSW
2665,ARDLETHAN,NSW
2720,ARGALONG,NSW
2284,ARGENTON,NSW
2449,ARGENTS HILL,NSW
2707,ARGOON,NSW
2350,ARGYLE,NSW
2665,ARIAH PARK,NSW
2795,ARKELL,NSW
2795,ARKSTONE,NSW
2828,ARMATREE,NSW
2350,ARMIDALE,NSW
2350,ARMIDALE DC,NSW
2205,ARNCLIFFE,NSW
2148,ARNDELL PARK,NSW
2456,ARRAWARRA,NSW
2456,ARRAWARRA HEADLAND,NSW
1570,ARTARMON,NSW
2064,ARTARMON,NSW
2820,ARTHURVILLE,NSW
2715,ARUMPO,NSW
2193,ASHBURY,NSW
2463,ASHBY,NSW
2463,ASHBY HEIGHTS,NSW
2463,ASHBY ISLAND,NSW
2168,ASHCROFT,NSW
1800,ASHFIELD,NSW
2131,ASHFIELD,NSW
2361,ASHFORD,NSW
2400,ASHLEY,NSW
2650,ASHMONT,NSW
2323,ASHTONFIELD,NSW
2077,ASQUITH,NSW
2361,ATHOLWOOD,NSW
2345,ATTUNGA,NSW
1835,AUBURN,NSW
2144,AUBURN,NSW
2360,AUBURN VALE,NSW
2232,AUDLEY,NSW
2515,AUSTINMER,NSW
2179,AUSTRAL,NSW
2440,AUSTRAL EDEN,NSW
1215,AUSTRALIA SQUARE,NSW
2890,AUSTRALIAN DEFENCE FORCES,NSW
2107,AVALON BEACH,NSW
2850,AVISFORD,NSW
2577,AVOCA,NSW
2251,AVOCA BEACH,NSW
2574,AVON,NSW
2530,AVONDALE,NSW
2628,AVONSIDE,NSW
2283,AWABA,NSW
2575,AYLMERTON,NSW
2390,BAAN BAA,NSW
2825,BABINDA,NSW
2470,BABYL CREEK,NSW
2372,BACK CREEK,NSW
2390,BACK CREEK,NSW
2422,BACK CREEK,NSW
2484,BACK CREEK,NSW
2622,BACK CREEK,NSW
2671,BACK CREEK,NSW
2535,BACK FOREST,NSW
2470,BACKMEDE,NSW
2365,BACKWATER,NSW
2540,BADAGARANG,NSW
2555,BADGERYS CREEK,NSW
2630,BADJA,NSW
2333,BAERAMI,NSW
2333,BAERAMI CREEK,NSW
2446,BAGNOO,NSW
2446,BAGO,NSW
2477,BAGOTVILLE,NSW
2359,BAKERS CREEK,NSW
2422,BAKERS CREEK,NSW
2447,BAKERS CREEK,NSW
2820,BAKERS SWAMP,NSW
2575,BALACLAVA,NSW
2358,BALALA,NSW
2264,BALCOLYN,NSW
2365,BALD BLAIR,NSW
2549,BALD HILLS,NSW
2370,BALD NOB,NSW
2795,BALD RIDGE,NSW
2365,BALDERSLEIGH,NSW
2867,BALDRY,NSW
2403,BALFOURS PEAK,NSW
2093,BALGOWLAH,NSW
2093,BALGOWLAH HEIGHTS,NSW
2519,BALGOWNIE,NSW
2324,BALICKERA,NSW
2822,BALLADORAN,NSW
2622,BALLALABA,NSW
2646,BALLDALE,NSW
2441,BALLENGARRA,NSW
2830,BALLIMORE,NSW
2478,BALLINA,NSW
2478,BALLINA DC,NSW
2795,BALLYROE,NSW
2041,BALMAIN,NSW
2041,BALMAIN EAST,NSW
2283,BALMORAL,NSW
2571,BALMORAL VILLAGE,NSW
2715,BALRANALD,NSW
2540,BAMARANG,NSW
2446,BANDA BANDA,NSW
2420,BANDON GROVE,NSW
2729,BANGADANG,NSW
2541,BANGALEE,NSW
2479,BANGALOW,NSW
2404,BANGHEET,NSW
2582,BANGO,NSW
2234,BANGOR,NSW
2216,BANKSIA,NSW
2019,BANKSMEADOW,NSW
1885,BANKSTOWN,NSW
2200,BANKSTOWN,NSW
2200,BANKSTOWN AERODROME,NSW
2200,BANKSTOWN NORTH,NSW
2200,BANKSTOWN SQUARE,NSW
2580,BANNABY,NSW
2580,BANNISTER,NSW
2347,BANOON,NSW
2486,BANORA POINT,NSW
2460,BANYABBA,NSW
2300,BAR BEACH,NSW
2083,BAR POINT,NSW
2850,BARA,NSW
2396,BARADINE,NSW
2000,BARANGAROO,NSW
2460,BARCOONGERE,NSW
2234,BARDEN RIDGE,NSW
2565,BARDIA,NSW
2207,BARDWELL PARK,NSW
2207,BARDWELL VALLEY,NSW
2665,BARELLAN,NSW
2574,BARGO,NSW
2732,BARHAM,NSW
2850,BARIGAN,NSW
2556,BARKER,NSW
2474,BARKERS VALE,NSW
2668,BARMEDMAN,NSW
2852,BARNEYS REEF,NSW
2278,BARNSLEY,NSW
3644,BAROOGA,NSW
2347,BARRABA,NSW
2528,BARRACK HEIGHTS,NSW
2528,BARRACK POINT,NSW
2441,BARRAGANYATTI,NSW
2546,BARRAGGA BAY,NSW
2710,BARRATTA,NSW
2577,BARREN GROUNDS,NSW
2577,BARRENGARRY,NSW
2460,BARRETTS CREEK,NSW
2540,BARRINGELLA,NSW
2422,BARRINGTON,NSW
2422,BARRINGTON TOPS,NSW
2840,BARRINGUN,NSW
2340,BARRY,NSW
2799,BARRY,NSW
2594,BARWANG,NSW
2396,BARWON,NSW
2460,BARYULGIL,NSW
2540,BASIN VIEW,NSW
2197,BASS HILL,NSW
2365,BASSENDEAN,NSW
2439,BATAR CREEK,NSW
2261,BATEAU BAY,NSW
2536,BATEHAVEN,NSW
2536,BATEMANS BAY,NSW
2795,BATHAMPTON,NSW
2795,BATHURST,NSW
2795,BATHURST WEST,NSW
2730,BATLOW,NSW
1755,BAULKHAM HILLS,NSW
2153,BAULKHAM HILLS,NSW
2580,BAW BAW,NSW
2539,BAWLEY POINT,NSW
2422,BAXTERS RIDGE,NSW
2261,BAY VILLAGE,NSW
2104,BAYVIEW,NSW
2100,BEACON HILL,NSW
2015,BEACONSFIELD,NSW
2469,BEAN CREEK,NSW
2827,BEARBONG,NSW
2577,BEAUMONT,NSW
2155,BEAUMONT HILLS,NSW
2665,BECKOM,NSW
2340,BECTIVE,NSW
2665,BECTRIC,NSW
2871,BEDGERABONG,NSW
2446,BEECHWOOD,NSW
2119,BEECROFT,NSW
2540,BEECROFT PENINSULA,NSW
2680,BEELBANGERA,NSW
2824,BEEMUNNEL,NSW
2550,BEGA,NSW
2587,BEGGAN BEGGAN,NSW
2577,BELANGLO,NSW
2422,BELBORA,NSW
2191,BELFIELD,NSW
2335,BELFORD,NSW
2650,BELFRAYDEN,NSW
2800,BELGRAVIA,NSW
2570,BELIMBLA PARK,NSW
2786,BELL,NSW
2153,BELLA VISTA,NSW
2518,BELLAMBI,NSW
2446,BELLANGRY,NSW
2397,BELLATA,NSW
2535,BELLAWONGARAH,NSW
2325,BELLBIRD,NSW
2325,BELLBIRD HEIGHTS,NSW
2440,BELLBROOK,NSW
2023,BELLEVUE HILL,NSW
2440,BELLIMBOPINNI,NSW
2454,BELLINGEN,NSW
2581,BELLMOUNT FOREST,NSW
2337,BELLTREES,NSW
2280,BELMONT,NSW
2280,BELMONT NORTH,NSW
2280,BELMONT SOUTH,NSW
2192,BELMORE,NSW
2440,BELMORE RIVER,NSW
2628,BELOKA,NSW
2787,BELOON,NSW
2545,BELOWRA,NSW
2085,BELROSE,NSW
2085,BELROSE WEST,NSW
2550,BEMBOKA,NSW
2790,BEN BULLEN,NSW
2365,BEN LOMOND,NSW
2536,BENANDARAH,NSW
2539,BENDALONG,NSW
2355,BENDEMEER,NSW
2803,BENDICK MURRELL,NSW
2420,BENDOLBA,NSW
2622,BENDOURA,NSW
2680,BENEREMBAH,NSW
2333,BENGALLA,NSW
2290,BENNETTS GREEN,NSW
2818,BENOLONG,NSW
2251,BENSVILLE,NSW
2480,BENTLEY,NSW
2141,BERALA,NSW
2758,BERAMBING,NSW
2322,BERESFIELD,NSW
2537,BERGALIA,NSW
2506,BERKELEY,NSW
2261,BERKELEY VALE,NSW
2765,BERKSHIRE PARK,NSW
2622,BERLANG,NSW
2546,BERMAGUI,NSW
2081,BEROWRA,NSW
2082,BEROWRA CREEK,NSW
2082,BEROWRA HEIGHTS,NSW
2082,BEROWRA WATERS,NSW
2548,BERRAMBOOL,NSW
2540,BERRARA,NSW
2582,BERREMANGRA,NSW
2422,BERRICO,NSW
2628,BERRIDALE,NSW
2390,BERRIGAL,NSW
2712,BERRIGAN,NSW
2159,BERRILEE,NSW
2577,BERRIMA,NSW
2539,BERRINGER LAKE,NSW
2535,BERRY,NSW
2701,BERRY JERRY,NSW
2535,BERRY MOUNTAIN,NSW
2321,BERRY PARK,NSW
2594,BERTHONG,NSW
2852,BERYL,NSW
2590,BETHUNGRA,NSW
2581,BEVENDALE,NSW
2217,BEVERLEY PARK,NSW
2209,BEVERLY HILLS,NSW
2540,BEWONG,NSW
2480,BEXHILL,NSW
2207,BEXLEY,NSW
2207,BEXLEY NORTH,NSW
2207,BEXLEY SOUTH,NSW
2581,BIALA,NSW
2632,BIBBENLUKE,NSW
2570,BICKLEY VALE,NSW
2827,BIDDON,NSW
2642,BIDGEEMIA,NSW
2770,BIDWILL,NSW
2453,BIELSDOWN HILLS,NSW
2579,BIG HILL,NSW
2339,BIG JACKS CREEK,NSW
2330,BIG RIDGE,NSW
2650,BIG SPRINGS,NSW
2330,BIG YENGO,NSW
2583,BIGGA,NSW
2486,BILAMBIL,NSW
2486,BILAMBIL HEIGHTS,NSW
2680,BILBUL,NSW
2107,BILGOLA BEACH,NSW
2107,BILGOLA PLATEAU,NSW
2829,BILLEROY,NSW
2630,BILLILINGRA,NSW
2804,BILLIMARI,NSW
2483,BILLINUDGEL,NSW
2453,BILLYS CREEK,NSW
2795,BILLYWILLINGA,NSW
2758,BILPIN,NSW
2611,BIMBERI,NSW
2810,BIMBI,NSW
2536,BIMBIMBIE,NSW
2787,BIMLOW,NSW
2584,BINALONG,NSW
2583,BINDA,NSW
2422,BINDERA,NSW
2787,BINDOOK,NSW
2404,BINGARA,NSW
2469,BINGEEBEEBRA CREEK,NSW
2537,BINGIE,NSW
2311,BINGLEBURRA,NSW
2399,BINIGUY,NSW
2630,BINJURA,NSW
2479,BINNA BURRA,NSW
2395,BINNAWAY,NSW
2665,BINYA,NSW
2041,BIRCHGROVE,NSW
2446,BIRDWOOD,NSW
2710,BIRGANBIGIL,NSW
2287,BIRMINGHAM GARDENS,NSW
2844,BIRRIWA,NSW
2143,BIRRONG,NSW
2326,BISHOPS BRIDGE,NSW
2340,BITHRAMERE,NSW
2439,BLACK CREEK,NSW
2729,BLACK CREEK,NSW
2430,BLACK HEAD,NSW
2322,BLACK HILL,NSW
2828,BLACK HOLLOW,NSW
2365,BLACK MOUNTAIN,NSW
2550,BLACK RANGE,NSW
2787,BLACK SPRINGS,NSW
2283,BLACKALLS PARK,NSW
2529,BLACKBUTT,NSW
2770,BLACKETT,NSW
2785,BLACKHEATH,NSW
2790,BLACKMANS FLAT,NSW
2444,BLACKMANS POINT,NSW
2281,BLACKSMITHS,NSW
2148,BLACKTOWN,NSW
2148,BLACKTOWN WESTPOINT,NSW
2343,BLACKVILLE,NSW
2256,BLACKWALL,NSW
2560,BLAIR ATHOL,NSW
2559,BLAIRMOUNT,NSW
2480,BLAKEBROOK,NSW
2221,BLAKEHURST,NSW
2581,BLAKNEY CREEK,NSW
2721,BLAND,NSW
2338,BLANDFORD,NSW
2142,BLAXCELL,NSW
2774,BLAXLAND,NSW
2774,BLAXLAND EAST,NSW
2460,BLAXLANDS CREEK,NSW
2758,BLAXLANDS RIDGE,NSW
2799,BLAYNEY,NSW
2113,BLENHEIM ROAD,NSW
2756,BLIGH PARK,NSW
2713,BLIGHTY,NSW
2720,BLOWERING,NSW
2261,BLUE BAY,NSW
2624,BLUE COW,NSW
2262,BLUE HAVEN,NSW
2480,BLUE KNOB,NSW
2408,BLUE NOBBY,NSW
2380,BLUE VALE,NSW
2428,BLUEYS BEACH,NSW
2450,BOAMBEE,NSW
2452,BOAMBEE EAST,NSW
2582,BOAMBOLO,NSW
2316,BOAT HARBOUR,NSW
2480,BOAT HARBOUR,NSW
2877,BOBADAH,NSW
2429,BOBIN,NSW
2439,BOBS CREEK,NSW
2316,BOBS FARM,NSW
2630,BOBUNDARA,NSW
2631,BOCO,NSW
2850,BOCOBLE,NSW
2865,BOCOBRA,NSW
2545,BODALLA,NSW
2820,BODANGORA,NSW
2739,BOEILL CREEK,NSW
2826,BOGAN,NSW
2876,BOGAN GATE,NSW
2488,BOGANGAR,NSW
2849,BOGEE,NSW
2409,BOGGABILLA,NSW
2382,BOGGABRI,NSW
2720,BOGONG PEAKS WILDERNESS,NSW
2390,BOHENA CREEK,NSW
2430,BOHNOCK,NSW
2629,BOLARO,NSW
2372,BOLIVIA,NSW
2540,BOLONG,NSW
2283,BOLTON POINT,NSW
2320,BOLWARRA,NSW
2320,BOLWARRA HEIGHTS,NSW
2460,BOM BOM,NSW
2541,BOMADERRY,NSW
2423,BOMBAH POINT,NSW
2632,BOMBALA,NSW
2622,BOMBAY,NSW
2850,BOMBIRA,NSW
2533,BOMBO,NSW
2720,BOMBOWLEE,NSW
2720,BOMBOWLEE CREEK,NSW
2650,BOMEN,NSW
2357,BOMERA,NSW
2469,BONALBO,NSW
2026,BONDI,NSW
2026,BONDI BEACH,NSW
2632,BONDI FOREST,NSW
1355,BONDI JUNCTION,NSW
2022,BONDI JUNCTION,NSW
2264,BONNELLS BAY,NSW
2226,BONNET BAY,NSW
2232,BONNIE VALE,NSW
2445,BONNY HILLS,NSW
2177,BONNYRIGG,NSW
2177,BONNYRIGG HEIGHTS,NSW
2361,BONSHAW,NSW
2450,BONVILLE,NSW
2480,BOOERIE CREEK,NSW
2650,BOOK BOOK,NSW
2257,BOOKER BAY,NSW
2582,BOOKHAM,NSW
2372,BOOKOOKOORARA,NSW
2460,BOOKRAM,NSW
2423,BOOLAMBAYTE,NSW
2284,BOOLAROO,NSW
2388,BOOLCARROLL,NSW
2711,BOOLIGAL,NSW
2540,BOOLIJAH,NSW
2712,BOOMANOOMANA,NSW
2428,BOOMERANG BEACH,NSW
2866,BOOMEY,NSW
2405,BOOMI,NSW
2476,BOOMI CREEK,NSW
2877,BOONA MOUNT,NSW
2409,BOONAL,NSW
2372,BOONOO BOONOO,NSW
2480,BOORABEE PARK,NSW
2284,BOORAGUL,NSW
2425,BOORAL,NSW
2652,BOORGA,NSW
2429,BOORGANNA,NSW
2350,BOOROLONG,NSW
2372,BOOROOK,NSW
2650,BOOROOMA,NSW
2710,BOOROORBAN,NSW
2586,BOOROWA,NSW
2430,BOOTAWA,NSW
2428,BOOTI BOOTI,NSW
2480,BOOYONG,NSW
2471,BORA RIDGE,NSW
2346,BORAH CREEK,NSW
2343,BORAMBIL,NSW
2650,BORAMBOLA,NSW
2474,BORDER RANGES,NSW
2800,BOREE,NSW
2652,BOREE CREEK,NSW
2800,BORENORE,NSW
2622,BORO,NSW
2176,BOSSLEY PARK,NSW
2453,BOSTOBRICK,NSW
1455,BOTANY,NSW
1781,BOTANY,NSW
2019,BOTANY,NSW
2850,BOTOBOLAR,NSW
2469,BOTTLE CREEK,NSW
2251,BOUDDI,NSW
2828,BOURBAH,NSW
2840,BOURKE,NSW
2650,BOURKELANDS,NSW
2548,BOURNDA,NSW
2868,BOURNEWOOD,NSW
2566,BOW BOWING,NSW
2864,BOWAN PARK,NSW
2753,BOWEN MOUNTAIN,NSW
2790,BOWENFELS,NSW
2340,BOWLING ALLEY POINT,NSW
2422,BOWMAN,NSW
2422,BOWMAN FARM,NSW
2330,BOWMANS CREEK,NSW
2644,BOWNA,NSW
2582,BOWNING,NSW
2576,BOWRAL,NSW
2449,BOWRAVILLE,NSW
2257,BOX HEAD,NSW
2765,BOX HILL,NSW
2357,BOX RIDGE,NSW
2580,BOXERS CREEK,NSW
2551,BOYDTOWN,NSW
2560,BRADBURY,NSW
2556,BRADFIELD,NSW
2339,BRAEFIELD,NSW
2575,BRAEMAR,NSW
2628,BRAEMAR BAY,NSW
2622,BRAIDWOOD,NSW
2324,BRANDY HILL,NSW
2335,BRANXTON,NSW
2460,BRAUNSTONE,NSW
2337,BRAWBOY,NSW
2484,BRAY PARK,NSW
2484,BRAYS CREEK,NSW
2579,BRAYTON,NSW
2581,BREADALBANE,NSW
2849,BREAKFAST CREEK,NSW
2137,BREAKFAST POINT,NSW
2540,BREAM BEACH,NSW
2626,BREDBO,NSW
2827,BREELONG,NSW
2381,BREEZA,NSW
2752,BRERETON,NSW
2422,BRETTI,NSW
2839,BREWARRINA,NSW
2795,BREWONGLE,NSW
2365,BRIARBROOK,NSW
2594,BRIBBAREE,NSW
2330,BRIDGMAN,NSW
2454,BRIERFIELD,NSW
2216,BRIGHTON-LE-SANDS,NSW
2264,BRIGHTWATERS,NSW
2441,BRIL BRIL,NSW
2430,BRIMBIN,NSW
2611,BRINDABELLA,NSW
2454,BRINERVILLE,NSW
2556,BRINGELLY,NSW
3707,BRINGENBRONG,NSW
2580,BRISBANE GROVE,NSW
2292,BROADMEADOW,NSW
2472,BROADWATER,NSW
2549,BROADWATER,NSW
2007,BROADWAY,NSW
2581,BROADWAY,NSW
2705,BROBENAH,NSW
2830,BROCKLEHURST,NSW
2642,BROCKLESBY,NSW
2365,BROCKLEY,NSW
2360,BRODIES PLAINS,NSW
2848,BROGANS CREEK,NSW
2535,BROGERS CREEK,NSW
2550,BROGO,NSW
2330,BROKE,NSW
2629,BROKEN DAM,NSW
2481,BROKEN HEAD,NSW
2880,BROKEN HILL,NSW
2880,BROKEN HILL NORTH,NSW
2880,BROKEN HILL WEST,NSW
2446,BROMBIN,NSW
2024,BRONTE,NSW
2656,BROOKDALE,NSW
2420,BROOKFIELD,NSW
2450,BROOKLANA,NSW
2479,BROOKLET,NSW
2083,BROOKLYN,NSW
2656,BROOKONG,NSW
2100,BROOKVALE,NSW
2538,BROOMAN,NSW
2463,BROOMS HEAD,NSW
2880,BROUGHAMS GATE,NSW
2535,BROUGHTON,NSW
2535,BROUGHTON VALE,NSW
2534,BROUGHTON VILLAGE,NSW
2537,BROULEE,NSW
2570,BROWNLOW HILL,NSW
2799,BROWNS CREEK,NSW
2540,BROWNS MOUNTAIN,NSW
2530,BROWNSVILLE,NSW
2650,BRUCEDALE,NSW
2875,BRUIE PLAINS,NSW
2795,BRUINBUN,NSW
2476,BRUMBY PLAINS,NSW
2540,BRUNDEE,NSW
2722,BRUNGLE,NSW
2722,BRUNGLE CREEK,NSW
2323,BRUNKERVILLE,NSW
2483,BRUNSWICK HEADS,NSW
2460,BRUSHGROVE,NSW
2365,BRUSHY CREEK,NSW
2540,BUANGLA,NSW
2450,BUCCA,NSW
2429,BUCCA WAUKA,NSW
2460,BUCCARUMBI,NSW
2323,BUCHANAN,NSW
2550,BUCKAJO,NSW
2850,BUCKAROO,NSW
2536,BUCKENBOWRA,NSW
2630,BUCKENDERRA,NSW
2472,BUCKENDOON,NSW
2250,BUCKETTY,NSW
2449,BUCKRA BENDINNI,NSW
2622,BUDAWANG,NSW
2825,BUDDABADAH,NSW
2849,BUDDEN,NSW
2535,BUDDEROO,NSW
2720,BUDDONG,NSW
2850,BUDGEE BUDGEE,NSW
2262,BUDGEWOI,NSW
2262,BUDGEWOI PENINSULA,NSW
2577,BUDGONG,NSW
2262,BUFF POINT,NSW
2357,BUGALDIE,NSW
2632,BUKALONG,NSW
2360,BUKKULLA,NSW
2423,BULAHDELAH,NSW
2622,BULEE,NSW
2330,BULGA,NSW
2429,BULGA FOREST,NSW
2650,BULGARY,NSW
2835,BULLA,NSW
2594,BULLA CREEK,NSW
2784,BULLABURRA,NSW
2824,BULLAGREEN,NSW
2400,BULLARAH,NSW
2710,BULLATALE,NSW
2390,BULLAWA CREEK,NSW
2469,BULLDOG,NSW
2516,BULLI,NSW
2422,BULLIAC,NSW
2575,BULLIO,NSW
2627,BULLOCKS FLAT,NSW
2387,BULYEROI,NSW
2794,BUMBALDRY,NSW
2626,BUMBALONG,NSW
2870,BUMBERRY,NSW
2324,BUNDABAH,NSW
2454,BUNDAGEN,NSW
2578,BUNDANOON,NSW
2359,BUNDARRA,NSW
2230,BUNDEENA,NSW
2343,BUNDELLA,NSW
2823,BUNDEMAR,NSW
2535,BUNDEWALLAH,NSW
2473,BUNDJALUNG,NSW
2422,BUNDOOK,NSW
2700,BUNDURE,NSW
2852,BUNGABA,NSW
2480,BUNGABBEE,NSW
2486,BUNGALORA,NSW
2630,BUNGARBY,NSW
2767,BUNGARRIBEE,NSW
2469,BUNGAWALBIN,NSW
2621,BUNGENDORE,NSW
2580,BUNGONIA,NSW
2640,BUNGOWANNAH,NSW
2423,BUNGWAHL,NSW
2731,BUNNALOO,NSW
2337,BUNNAN,NSW
2429,BUNYAH,NSW
2630,BUNYAN,NSW
2671,BURCHER,NSW
2328,BUREEN,NSW
2440,BURNT BRIDGE,NSW
2792,BURNT YARDS,NSW
2739,BURONGA,NSW
2620,BURRA,NSW
2653,BURRA,NSW
2722,BURRA CREEK,NSW
2732,BURRABOI,NSW
2576,BURRADOO,NSW
2795,BURRAGA,NSW
2550,BURRAGATE,NSW
2570,BURRAGORANG VALLEY,NSW
2650,BURRANDANA,NSW
2230,BURRANEER,NSW
2594,BURRANGONG,NSW
2447,BURRAPINE,NSW
2577,BURRAWANG,NSW
2429,BURRELL CREEK,NSW
2386,BURREN JUNCTION,NSW
2540,BURRIER,NSW
2539,BURRILL LAKE,NSW
2483,BURRINGBAR,NSW
2582,BURRINJUCK,NSW
2821,BURROWAY,NSW
2642,BURRUMBUTTOCK,NSW
2850,BURRUNDULLA,NSW
2627,BURRUNGUBUGGE,NSW
1805,BURWOOD,NSW
2134,BURWOOD,NSW
2136,BURWOOD HEIGHTS,NSW
2134,BURWOOD NORTH,NSW
2168,BUSBY,NSW
2469,BUSBYS FLAT,NSW
2259,BUSHELLS RIDGE,NSW
2283,BUTTABA,NSW
2323,BUTTAI,NSW
2321,BUTTERWICK,NSW
2571,BUXTON,NSW
2446,BYABARRA,NSW
2628,BYADBO WILDERNESS,NSW
2484,BYANGUM,NSW
2849,BYLONG,NSW
2800,BYNG,NSW
2831,BYROCK,NSW
2481,BYRON BAY,NSW
2484,BYRRILL CREEK,NSW
2621,BYWONG,NSW
2137,CABARITA,NSW
2488,CABARITA BEACH,NSW
2430,CABBAGE TREE ISLAND,NSW
2477,CABBAGE TREE ISLAND,NSW
2166,CABRAMATTA,NSW
2166,CABRAMATTA WEST,NSW
2629,CABRAMURRA,NSW
2747,CADDENS,NSW
2545,CADGEE,NSW
2800,CADIA,NSW
2850,CAERLEON,NSW
2424,CAFFREYS FLAT,NSW
2446,CAIRNCROSS,NSW
2340,CALALA,NSW
2460,CALAMIA,NSW
2527,CALDERWOOD,NSW
2710,CALDWELL,NSW
2250,CALGA,NSW
2729,CALIFAT,NSW
2710,CALIMO,NSW
2308,CALLAGHAN,NSW
2422,CALLAGHANS CREEK,NSW
2540,CALLALA BAY,NSW
2540,CALLALA BEACH,NSW
2462,CALLIOPE,NSW
2795,CALOOLA,NSW
2632,CAMBALONG,NSW
2330,CAMBERWELL,NSW
2540,CAMBEWARRA,NSW
2540,CAMBEWARRA VILLAGE,NSW
2849,CAMBOON,NSW
2420,CAMBRA,NSW
2747,CAMBRIDGE GARDENS,NSW
2747,CAMBRIDGE PARK,NSW
2469,CAMBRIDGE PLATEAU,NSW
2570,CAMDEN,NSW
2443,CAMDEN HEAD,NSW
2570,CAMDEN PARK,NSW
2570,CAMDEN SOUTH,NSW
2142,CAMELLIA,NSW
2285,CAMERON PARK,NSW
2359,CAMERONS CREEK,NSW
2469,CAMIRA,NSW
2062,CAMMERAY,NSW
4385,CAMP CREEK,NSW
2560,CAMPBELLTOWN,NSW
2560,CAMPBELLTOWN NORTH,NSW
1450,CAMPERDOWN,NSW
2050,CAMPERDOWN,NSW
2194,CAMPSIE,NSW
2318,CAMPVALE,NSW
2281,CAMS WHARF,NSW
2046,CANADA BAY,NSW
2850,CANADIAN LEAD,NSW
2835,CANBELEGO,NSW
2550,CANDELO,NSW
2460,CANGAI,NSW
2480,CANIABA,NSW
2166,CANLEY HEIGHTS,NSW
2166,CANLEY VALE,NSW
2800,CANOBOLAS,NSW
2157,CANOELANDS,NSW
2825,CANONBA,NSW
2804,CANOWINDRA,NSW
2193,CANTERBURY,NSW
2263,CANTON BEACH,NSW
2577,CANYONLEIGH,NSW
2429,CAPARRA,NSW
2469,CAPEEN CREEK,NSW
2846,CAPERTEE,NSW
2371,CAPOOMPETA,NSW
2623,CAPTAINS FLAT,NSW
2650,CARABOST,NSW
2810,CARAGABAL,NSW
2850,CARCALGONG,NSW
2791,CARCOAR,NSW
2285,CARDIFF,NSW
2285,CARDIFF HEIGHTS,NSW
2285,CARDIFF SOUTH,NSW
2283,CAREY BAY,NSW
2800,CARGO,NSW
2831,CARINDA,NSW
1495,CARINGBAH,NSW
2229,CARINGBAH,NSW
2229,CARINGBAH SOUTH,NSW
2630,CARLAMINDA,NSW
2118,CARLINGFORD,NSW
2118,CARLINGFORD COURT,NSW
2118,CARLINGFORD NORTH,NSW
2218,CARLTON,NSW
2171,CARNES HILL,NSW
2460,CARNHAM,NSW
2486,CAROOL,NSW
2343,CAROONA,NSW
2311,CARRABOLLA,NSW
2440,CARRAI,NSW
2163,CARRAMAR,NSW
2711,CARRATHOOL,NSW
2580,CARRICK,NSW
2294,CARRINGTON,NSW
2324,CARRINGTON,NSW
2577,CARRINGTON FALLS,NSW
2340,CARROLL,NSW
2372,CARROLLS CREEK,NSW
2330,CARROWBROOK,NSW
2460,CARRS CREEK,NSW
2460,CARRS ISLAND,NSW
2460,CARRS PENINSULA,NSW
2221,CARSS PARK,NSW
2168,CARTWRIGHT,NSW
2650,CARTWRIGHTS HILL,NSW
2849,CARWELL,NSW
2620,CARWOOLA,NSW
2453,CASCADE,NSW
2470,CASINO,NSW
2329,CASSILIS,NSW
2069,CASTLE COVE,NSW
2350,CASTLE DOYLE,NSW
1765,CASTLE HILL,NSW
2154,CASTLE HILL,NSW
2333,CASTLE ROCK,NSW
2068,CASTLECRAG,NSW
2749,CASTLEREAGH,NSW
2487,CASUARINA,NSW
2170,CASULA,NSW
2170,CASULA MALL,NSW
2536,CATALINA,NSW
2560,CATARACT,NSW
2632,CATHCART,NSW
2557,CATHERINE FIELD,NSW
2281,CATHERINE HILL BAY,NSW
2823,CATHUNDRAL,NSW
2756,CATTAI,NSW
2339,CATTLE CREEK,NSW
2582,CAVAN,NSW
2281,CAVES BEACH,NSW
2570,CAWDOR,NSW
2474,CAWONGLA,NSW
2171,CECIL HILLS,NSW
2178,CECIL PARK,NSW
2259,CEDAR BRUSH CREEK,NSW
2325,CEDAR CREEK,NSW
2484,CEDAR CREEK,NSW
2429,CEDAR PARTY,NSW
2474,CEDAR POINT,NSW
2424,CELLS RIVER,NSW
2021,CENTENNIAL PARK,NSW
2252,CENTRAL COAST MC,NSW
2756,CENTRAL COLO,NSW
2775,CENTRAL MACDONALD,NSW
2250,CENTRAL MANGROVE,NSW
2546,CENTRAL TILBA,NSW
2325,CESSNOCK,NSW
2325,CESSNOCK WEST,NSW
2460,CHAELUNDI,NSW
2259,CHAIN VALLEY BAY,NSW
2630,CHAKOLA,NSW
2460,CHAMBIGNE,NSW
2848,CHARBON,NSW
2678,CHARLES STURT UNIVERSITY,NSW
2795,CHARLES STURT UNIVERSITY,NSW
2290,CHARLESTOWN,NSW
2622,CHARLEYS FOREST,NSW
2428,CHARLOTTE BAY,NSW
2624,CHARLOTTE PASS,NSW
2795,CHARLTON,NSW
2263,CHARMHAVEN,NSW
2430,CHATHAM,NSW
2787,CHATHAM VALLEY,NSW
2580,CHATSBURY,NSW
2057,CHATSWOOD,NSW
2067,CHATSWOOD,NSW
2067,CHATSWOOD WEST,NSW
2469,CHATSWORTH,NSW
2083,CHEERO POINT,NSW
2119,CHELTENHAM,NSW
2360,CHERRY TREE HILL,NSW
2126,CHERRYBROOK,NSW
2162,CHESTER HILL,NSW
2420,CHICHESTER,NSW
2036,CHIFLEY,NSW
2339,CHILCOTTS CREEK,NSW
2480,CHILCOTTS GRASS,NSW
2484,CHILLINGHAM,NSW
2487,CHINDERAH,NSW
2550,CHINNOCK,NSW
2008,CHIPPENDALE,NSW
2170,CHIPPING NORTON,NSW
2322,CHISHOLM,NSW
2046,CHISWICK,NSW
2261,CHITTAWAY BAY,NSW
2261,CHITTAWAY POINT,NSW
2484,CHOWAN CREEK,NSW
1405,CHULLORA,NSW
1782,CHULLORA,NSW
2190,CHULLORA,NSW
2105,CHURCH POINT,NSW
2848,CLANDULLA,NSW
2711,CLARE,NSW
2747,CLAREMONT MEADOWS,NSW
2790,CLARENCE,NSW
2321,CLARENCE TOWN,NSW
2756,CLARENDON,NSW
2460,CLARENZA,NSW
2107,CLAREVILLE,NSW
2559,CLAYMORE,NSW
2795,CLEAR CREEK,NSW
2620,CLEAR RANGE,NSW
2469,CLEARFIELD,NSW
2206,CLEMTON PARK,NSW
2800,CLERGATE,NSW
2530,CLEVELAND,NSW
2460,CLIFDEN,NSW
2321,CLIFTLEIGH,NSW
2515,CLIFTON,NSW
2800,CLIFTON GROVE,NSW
2093,CLONTARF,NSW
2484,CLOTHIERS CREEK,NSW
2453,CLOUDS CREEK,NSW
2480,CLOVASS,NSW
2031,CLOVELLY,NSW
2031,CLOVELLY WEST,NSW
2480,CLUNES,NSW
2440,CLYBUCCA,NSW
2142,CLYDE,NSW
2330,CLYDESDALE,NSW
2283,COAL POINT,NSW
2508,COALCLIFF,NSW
2460,COALDALE,NSW
2108,COASTERS RETREAT,NSW
2486,COBAKI,NSW
2486,COBAKI LAKES,NSW
2835,COBAR,NSW
2790,COBAR PARK,NSW
2550,COBARGO,NSW
2422,COBARK,NSW
2347,COBBADAH,NSW
2570,COBBITTY,NSW
2844,COBBORA,NSW
2732,COBRAMUNGA,NSW
2539,COCKWHY,NSW
2471,CODRINGTON,NSW
2480,COFFEE CAMP,NSW
2450,COFFS HARBOUR,NSW
2450,COFFS HARBOUR DC,NSW
2450,COFFS HARBOUR JETTY,NSW
2450,COFFS HARBOUR PLAZA,NSW
2849,COGGAN,NSW
2083,COGRA BAY,NSW
2537,COILA,NSW
2462,COLDSTREAM,NSW
2707,COLEAMBALLY,NSW
2761,COLEBEE,NSW
2515,COLEDALE,NSW
2700,COLINROOBIE,NSW
2626,COLINTON,NSW
2833,COLLARENEBRI,NSW
2097,COLLAROY,NSW
2097,COLLAROY BEACH,NSW
2097,COLLAROY PLATEAU,NSW
2581,COLLECTOR,NSW
2646,COLLENDINA,NSW
2839,COLLERINA,NSW
2827,COLLIE,NSW
2650,COLLINGULLIE,NSW
2850,COLLINGWOOD,NSW
2474,COLLINS CREEK,NSW
2440,COLLOMBATTI,NSW
2460,COLLUM COLLUM,NSW
2343,COLLY BLUE,NSW
2756,COLO,NSW
2795,COLO,NSW
2756,COLO HEIGHTS,NSW
2575,COLO VALE,NSW
2262,COLONGRA,NSW
2760,COLYTON,NSW
2440,COMARA,NSW
2666,COMBANING,NSW
2829,COMBARA,NSW
2540,COMBERTON,NSW
2330,COMBO,NSW
2429,COMBOYNE,NSW
2832,COME BY CHANCE,NSW
2540,COMERONG ISLAND,NSW
2484,COMMISSIONERS CREEK,NSW
2226,COMO,NSW
2820,COMOBELLA,NSW
2710,CONARGO,NSW
2137,CONCORD,NSW
2138,CONCORD WEST,NSW
2138,CONCORD WEST DC,NSW
2200,CONDELL PARK,NSW
2877,CONDOBOLIN,NSW
2484,CONDONG,NSW
2422,CONEAC,NSW
2447,CONGARINNI,NSW
2447,CONGARINNI NORTH,NSW
2325,CONGEWAI,NSW
2537,CONGO,NSW
2829,CONIMBIA,NSW
2500,CONISTON,NSW
2539,CONJOLA,NSW
2539,CONJOLA PARK,NSW
2221,CONNELLS POINT,NSW
2145,CONSTITUTION HILL,NSW
2034,COOGEE,NSW
2870,COOKAMIDGERA,NSW
2650,COOKARDINIA,NSW
2850,COOKS GAP,NSW
2300,COOKS HILL,NSW
2870,COOKS MYALLS,NSW
2831,COOLABAH,NSW
2727,COOLAC,NSW
2550,COOLAGOLITE,NSW
2843,COOLAH,NSW
2701,COOLAMON,NSW
2535,COOLANGATTA,NSW
2550,COOLANGUBRA,NSW
2402,COOLATAI,NSW
2611,COOLEMAN,NSW
2729,COOLEYS CREEK,NSW
2478,COOLGARDIE,NSW
2423,COOLONGOLOOK,NSW
2630,COOLRINGDON,NSW
2632,COOLUMBOOKA,NSW
2622,COOLUMBURRA,NSW
2630,COOMA,NSW
2428,COOMBA BAY,NSW
2428,COOMBA PARK,NSW
2460,COOMBADJHA,NSW
2470,COOMBELL,NSW
2717,COOMEALLA,NSW
2343,COOMOO COOMOO,NSW
2357,COONABARABRAN,NSW
2829,COONAMBLE,NSW
2726,COONEYS CREEK,NSW
2469,COONGBAR,NSW
2441,COOPERABUNG,NSW
2426,COOPERNOOK,NSW
2550,COOPERS GULLY,NSW
2479,COOPERS SHOOT,NSW
2424,COOPLACURRIPA,NSW
2479,COORABELL,NSW
2265,COORANBONG,NSW
2590,COOTAMUNDRA,NSW
2628,COOTRALANTRA,NSW
2850,COOYAL,NSW
2251,COPACABANA,NSW
2852,COPE,NSW
2422,COPELAND,NSW
2360,COPETON,NSW
2460,COPMANHURST,NSW
2644,COPPABELLA,NSW
2795,COPPERHANNIA,NSW
2471,CORAKI,NSW
2443,CORALVILLE,NSW
2450,CORAMBA,NSW
2622,CORANG,NSW
2440,CORANGULA,NSW
2705,CORBIE HILL,NSW
2526,CORDEAUX,NSW
2526,CORDEAUX HEIGHTS,NSW
2710,COREE,NSW
2646,COREEN,NSW
2456,CORINDI BEACH,NSW
2871,CORINELLA,NSW
2315,CORLETTE,NSW
2480,CORNDALE,NSW
2790,CORNEY TOWN,NSW
2756,CORNWALLIS,NSW
2700,COROBIMILLA,NSW
2646,COROWA,NSW
2325,CORRABARE,NSW
2518,CORRIMAL,NSW
2518,CORRIMAL EAST,NSW
2711,CORRONG,NSW
2633,CORROWONG,NSW
2546,CORUNNA,NSW
2084,COTTAGE POINT,NSW
4375,COTTONVALE,NSW
2474,COUGAL,NSW
2630,COUNTEGANY,NSW
2653,COURABYRA,NSW
2390,COURADDA,NSW
2720,COURAGAGO,NSW
2571,COURIDJAH,NSW
2460,COUTTS CROSSING,NSW
2795,COW FLAT,NSW
2652,COWABBIE,NSW
2081,COWAN,NSW
2460,COWPER,NSW
2794,COWRA,NSW
2849,COXS CREEK,NSW
2849,COXS CROWN,NSW
2483,CRABBES CREEK,NSW
2627,CRACKENBACK,NSW
2632,CRAIGIE,NSW
2749,CRANEBROOK,NSW
2259,CRANGAN BAY,NSW
2422,CRAVEN,NSW
2422,CRAVEN PLATEAU,NSW
2423,CRAWFORD RIVER,NSW
2338,CRAWNEY,NSW
2627,CREEL BAY,NSW
2631,CREEWAH,NSW
2090,CREMORNE,NSW
2090,CREMORNE JUNCTION,NSW
2090,CREMORNE POINT,NSW
2440,CRESCENT HEAD,NSW
2620,CRESTWOOD,NSW
2502,CRINGILA,NSW
2430,CROKI,NSW
2099,CROMER,NSW
2230,CRONULLA,NSW
2400,CROOBLE,NSW
2539,CROOBYAR,NSW
2583,CROOKED CORNER,NSW
2583,CROOKWELL,NSW
2527,CROOM,NSW
2411,CROPPA CREEK,NSW
2850,CROSS ROADS,NSW
2446,CROSSLANDS,NSW
2280,CROUDACE BAY,NSW
2443,CROWDY BAY,NSW
2427,CROWDY HEAD,NSW
1585,CROWS NEST,NSW
2065,CROWS NEST,NSW
2065,CROWS NEST DC,NSW
2803,CROWTHER,NSW
2460,CROWTHER ISLAND,NSW
2132,CROYDON,NSW
2133,CROYDON PARK,NSW
2795,CRUDINE,NSW
2832,CRYON,NSW
2484,CRYSTAL CREEK,NSW
2835,CUBBA,NSW
2864,CUDAL,NSW
2850,CUDGEGONG,NSW
2700,CUDGEL,NSW
2487,CUDGEN,NSW
2484,CUDGERA CREEK,NSW
2540,CUDMIRRAH,NSW
2540,CULBURRA BEACH,NSW
2660,CULCAIRN,NSW
2790,CULLEN BULLEN,NSW
2850,CULLENBONE,NSW
2372,CULLENDORE,NSW
2581,CULLERIN,NSW
2645,CULLIVEL,NSW
2469,CULMARAN CREEK,NSW
2478,CUMBALUM,NSW
2852,CUMBANDRY,NSW
2756,CUMBERLAND REACH,NSW
2850,CUMBO,NSW
2832,CUMBORAH,NSW
2867,CUMNOCK,NSW
2424,CUNDLE FLAT,NSW
2430,CUNDLETOWN,NSW
2866,CUNDUMBUL,NSW
2539,CUNJURONG POINT,NSW
2587,CUNNINGAR,NSW
2734,CUNNINYEUK,NSW
2827,CURBAN,NSW
2096,CURL CURL,NSW
2672,CURLEW WATERS,NSW
2381,CURLEWIS,NSW
2648,CURLWAA,NSW
2820,CURRA CREEK,NSW
2342,CURRABUBULA,NSW
2795,CURRAGH,NSW
2533,CURRAMORE,NSW
2567,CURRANS HILL,NSW
2540,CURRARONG,NSW
2580,CURRAWANG,NSW
2650,CURRAWARNA,NSW
2580,CURRAWEELA,NSW
2108,CURRAWONG BEACH,NSW
2422,CURRICABARK,NSW
2536,CURROWAN,NSW
2388,CUTTABRI,NSW
2546,CUTTAGEE,NSW
2849,DABEE,NSW
2032,DACEYVILLE,NSW
2325,DAIRY ARM,NSW
2474,DAIRY FLAT,NSW
2630,DAIRYMANS PLAINS,NSW
2257,DALEYS POINT,NSW
2628,DALGETY,NSW
2546,DALMENY,NSW
2460,DALMORTON,NSW
2328,DALSWINTON,NSW
2581,DALTON,NSW
2335,DALWOOD,NSW
2477,DALWOOD,NSW
2823,DANDALOO,NSW
2357,DANDRY,NSW
2309,DANGAR,NSW
2083,DANGAR ISLAND,NSW
2350,DANGARSLEIGH,NSW
2630,DANGELONG,NSW
2530,DAPTO,NSW
2428,DARAWANK,NSW
2722,DARBALARA,NSW
2793,DARBYS FALLS,NSW
2717,DARETON,NSW
2786,DARGAN,NSW
2795,DARK CORNER,NSW
2508,DARKES FOREST,NSW
2454,DARKWOOD,NSW
2027,DARLING POINT,NSW
1300,DARLINGHURST,NSW
2010,DARLINGHURST,NSW
2008,DARLINGTON,NSW
2330,DARLINGTON,NSW
2706,DARLINGTON POINT,NSW
2729,DARLOW,NSW
2870,DAROOBALGIE,NSW
2336,DARTBROOK,NSW
2340,DARUKA,NSW
2085,DAVIDSON,NSW
2336,DAVIS CREEK,NSW
2251,DAVISTOWN,NSW
2000,DAWES POINT,NSW
2646,DAYSDALE,NSW
2761,DEAN PARK,NSW
2443,DEAUVILLE,NSW
2446,DEBENHAM,NSW
2099,DEE WHY,NSW
2440,DEEP CREEK,NSW
2460,DEEP CREEK,NSW
2469,DEEP CREEK,NSW
2371,DEEPWATER,NSW
2453,DEER VALE,NSW
2633,DELEGATE,NSW
2403,DELUNGRA,NSW
2565,DENHAM COURT,NSW
2536,DENHAMS BEACH,NSW
2710,DENILIQUIN,NSW
2710,DENILIQUIN NORTH,NSW
2114,DENISTONE,NSW
2112,DENISTONE EAST,NSW
2114,DENISTONE WEST,NSW
2328,DENMAN,NSW
2536,DEPOT BEACH,NSW
2877,DERRIWONG,NSW
2537,DEUA,NSW
2537,DEUA RIVER VALLEY,NSW
2550,DEVILS HOLE,NSW
2422,DEWITT,NSW
2770,DHARRUK,NSW
2650,DHULURA,NSW
2733,DHURAGOON,NSW
2430,DIAMOND BEACH,NSW
2443,DIAMOND HEAD,NSW
2370,DIEHARD,NSW
2462,DIGGERS CAMP,NSW
2546,DIGNAMS CREEK,NSW
2460,DILKOON,NSW
2734,DILPURRA,NSW
2429,DINGO FOREST,NSW
2404,DINOGA,NSW
2666,DIRNASEER,NSW
2456,DIRTY CREEK,NSW
2470,DOBIES BIGHT,NSW
2550,DOCTOR GEORGE MOUNTAIN,NSW
2790,DOCTORS GAP,NSW
2795,DOG ROCKS,NSW
2229,DOLANS BAY,NSW
2219,DOLLS POINT,NSW
2429,DOLLYS FLAT,NSW
2539,DOLPHIN POINT,NSW
2530,DOMBARTON,NSW
2350,DONALD CREEK,NSW
2440,DONDINGALONG,NSW
2447,DONNELLYVILLE,NSW
2484,DOON DOON,NSW
2473,DOONBAH,NSW
2767,DOONSIDE,NSW
2259,DOORALONG,NSW
2264,DORA CREEK,NSW
2453,DORRIGO,NSW
2453,DORRIGO MOUNTAIN,NSW
2480,DORROUGHBY,NSW
1360,DOUBLE BAY,NSW
2028,DOUBLE BAY,NSW
2470,DOUBTFUL CREEK,NSW
2569,DOUGLAS PARK,NSW
2030,DOVER HEIGHTS,NSW
2650,DOWNSIDE,NSW
2262,DOYALSON,NSW
2262,DOYALSON NORTH,NSW
2330,DOYLES CREEK,NSW
2446,DOYLES RIVER,NSW
2469,DRAKE,NSW
2469,DRAKE VILLAGE,NSW
2386,DRILDOOL,NSW
2820,DRIPSTONE,NSW
1470,DRUMMOYNE,NSW
2047,DRUMMOYNE,NSW
2337,DRY CREEK,NSW
2630,DRY PLAIN,NSW
2830,DUBBO,NSW
2830,DUBBO DC,NSW
2830,DUBBO EAST,NSW
2830,DUBBO GROVE,NSW
2830,DUBBO WEST,NSW
2469,DUCK CREEK,NSW
2321,DUCKENFIELD,NSW
2787,DUCKMALOI,NSW
2290,DUDLEY,NSW
2084,DUFFYS FOREST,NSW
2484,DULGUIGAN,NSW
2203,DULWICH HILL,NSW
2484,DUM DUM,NSW
2350,DUMARESQ,NSW
2430,DUMARESQ ISLAND,NSW
2372,DUMARESQ VALLEY,NSW
2460,DUMBUDGERY,NSW
2484,DUNBIBLE,NSW
2443,DUNBOGAN,NSW
2340,DUNCANS CREEK,NSW
2117,DUNDAS,NSW
2117,DUNDAS VALLEY,NSW
2370,DUNDEE,NSW
2453,DUNDURRABIN,NSW
2844,DUNEDOO,NSW
2480,DUNGARUBBA,NSW
2484,DUNGAY,NSW
2849,DUNGEREE,NSW
2420,DUNGOG,NSW
2340,DUNGOWAN,NSW
2795,DUNKELD,NSW
2529,DUNMORE,NSW
2330,DUNOLLY,NSW
2480,DUNOON,NSW
2321,DUNS CREEK,NSW
2849,DUNVILLE LOOP,NSW
2158,DURAL,NSW
2330,DURAL,NSW
2158,DURAL DC,NSW
2795,DURAMANA,NSW
2487,DURANBAH,NSW
2344,DURI,NSW
2486,DUROBY,NSW
2622,DURRAN DURRA,NSW
2536,DURRAS NORTH,NSW
2259,DURREN DURREN,NSW
2350,DUVAL,NSW
2429,DYERS CROSSING,NSW
2470,DYRAABA,NSW
2330,DYRRING,NSW
2558,EAGLE VALE,NSW
2324,EAGLETON,NSW
2206,EARLWOOD,NSW
2640,EAST ALBURY,NSW
2478,EAST BALLINA,NSW
2576,EAST BOWRAL,NSW
2335,EAST BRANXTON,NSW
2471,EAST CORAKI,NSW
2518,EAST CORRIMAL,NSW
2250,EAST GOSFORD,NSW
2311,EAST GRESFORD,NSW
2213,EAST HILLS,NSW
2627,EAST JINDABYNE,NSW
2576,EAST KANGALOON,NSW
2440,EAST KEMPSEY,NSW
2071,EAST KILLARA,NSW
2758,EAST KURRAJONG,NSW
2070,EAST LINDFIELD,NSW
2480,EAST LISMORE,NSW
2536,EAST LYNNE,NSW
2323,EAST MAITLAND,NSW
2113,EAST RYDE,NSW
2324,EAST SEAHAM,NSW
2340,EAST TAMWORTH,NSW
2650,EAST WAGGA WAGGA,NSW
2477,EAST WARDELL,NSW
2766,EASTERN CREEK,NSW
2004,EASTERN SUBURBS MC,NSW
2036,EASTGARDENS,NSW
2018,EASTLAKES,NSW
2122,EASTWOOD,NSW
2460,EATONSVILLE,NSW
2756,EBENEZER,NSW
2453,EBOR,NSW
2311,ECCLESTON,NSW
2333,EDDERTON,NSW
2551,EDEN,NSW
2474,EDEN CREEK,NSW
2176,EDENSOR PARK,NSW
2474,EDENVILLE,NSW
2027,EDGECLIFF,NSW
2390,EDGEROI,NSW
2285,EDGEWORTH,NSW
2787,EDITH,NSW
2174,EDMONDSON PARK,NSW
2551,EDROM,NSW
2824,EENAWEENA,NSW
2795,EGLINTON,NSW
2460,EIGHTEEN MILE,NSW
2429,ELANDS,NSW
2101,ELANORA HEIGHTS,NSW
2404,ELCOMBE,NSW
2335,ELDERSLIE,NSW
2570,ELDERSLIE,NSW
2282,ELEEBANA,NSW
2287,ELERMORE VALE,NSW
2011,ELIZABETH BAY,NSW
2428,ELIZABETH BEACH,NSW
2171,ELIZABETH HILLS,NSW
2325,ELLALONG,NSW
2460,ELLAND,NSW
2470,ELLANGOWAN,NSW
2446,ELLENBOROUGH,NSW
2648,ELLERSLIE,NSW
2729,ELLERSLIE,NSW
2337,ELLERSTON,NSW
2570,ELLIS LANE,NSW
2831,ELONG ELONG,NSW
2325,ELRINGTON,NSW
2360,ELSMORE,NSW
2480,ELTHAM,NSW
2105,ELVINA BAY,NSW
2456,EMERALD BEACH,NSW
2380,EMERALD HILL,NSW
2770,EMERTON,NSW
2371,EMMAVILLE,NSW
2257,EMPIRE BAY,NSW
2478,EMPIRE VALE,NSW
2750,EMU HEIGHTS,NSW
2750,EMU PLAINS,NSW
2800,EMU SWAMP,NSW
2622,ENDRICK,NSW
2136,ENFIELD,NSW
2133,ENFIELD SOUTH,NSW
2233,ENGADINE,NSW
2560,ENGLORIE PARK,NSW
2042,ENMORE,NSW
2350,ENMORE,NSW
2840,ENNGONIA,NSW
2620,ENVIRONA,NSW
1710,EPPING,NSW
2121,EPPING,NSW
2264,ERARING,NSW
2877,EREMERANG,NSW
2669,ERIGOLIA,NSW
2663,ERIN VALE,NSW
2250,ERINA,NSW
2250,ERINA FAIR,NSW
2260,ERINA HEIGHTS,NSW
1700,ERMINGTON,NSW
2115,ERMINGTON,NSW
2540,EROWAL BAY,NSW
2791,ERROWANBANG,NSW
2759,ERSKINE PARK,NSW
2043,ERSKINEVILLE,NSW
2850,ERUDGERE,NSW
2558,ESCHOL PARK,NSW
2472,ESK,NSW
2787,ESSINGTON,NSW
2650,ESTELLA,NSW
2257,ETTALONG BEACH,NSW
2640,ETTAMOGAH,NSW
2540,ETTREMA,NSW
2474,ETTRICK,NSW
2877,EUABALONG,NSW
2877,EUABALONG WEST,NSW
2650,EUBERTA,NSW
2866,EUCHAREENA,NSW
2628,EUCUMBENE,NSW
2806,EUGOWRA,NSW
2390,EULAH CREEK,NSW
2822,EUMUNGERIE,NSW
2650,EUNANOREENYA,NSW
2441,EUNGAI CREEK,NSW
2441,EUNGAI RAIL,NSW
2484,EUNGELLA,NSW
2480,EUREKA,NSW
2867,EURIMBLA,NSW
2545,EUROBODALLA,NSW
2440,EUROKA,NSW
2700,EUROLEY,NSW
2663,EURONGILLY,NSW
2850,EURUNDEREE,NSW
2737,EUSTON,NSW
2473,EVANS HEAD,NSW
2795,EVANS PLAINS,NSW
2015,EVELEIGH,NSW
2484,EVIRON,NSW
2469,EWINGAR,NSW
2481,EWINGSDALE,NSW
2579,EXETER,NSW
2430,FAILFORD,NSW
1860,FAIRFIELD,NSW
2165,FAIRFIELD,NSW
2165,FAIRFIELD EAST,NSW
2165,FAIRFIELD HEIGHTS,NSW
2165,FAIRFIELD WEST,NSW
2871,FAIRHOLME,NSW
2094,FAIRLIGHT,NSW
2470,FAIRY HILL,NSW
2519,FAIRY MEADOW,NSW
2330,FALBROOK,NSW
2365,FALCONER,NSW
2540,FALLS CREEK,NSW
2535,FAR MEADOW,NSW
2656,FARGUNYAH,NSW
2320,FARLEY,NSW
2526,FARMBOROUGH HEIGHTS,NSW
2820,FARNHAM,NSW
2484,FARRANTS HILL,NSW
2622,FARRINGDON,NSW
2283,FASSIFERN,NSW
2776,FAULCONBRIDGE,NSW
2422,FAULKLAND,NSW
2474,FAWCETTS PLAIN,NSW
2480,FEDERAL,NSW
2283,FENNELL BAY,NSW
2295,FERN BAY,NSW
2330,FERN GULLY,NSW
2775,FERNANCES,NSW
2325,FERNANCES CROSSING,NSW
2444,FERNBANK CREEK,NSW
2453,FERNBROOK,NSW
2519,FERNHILL,NSW
2479,FERNLEIGH,NSW
2454,FERNMOUNT,NSW
2480,FERNSIDE,NSW
2484,FERNVALE,NSW
2318,FERODALE,NSW
2159,FIDDLETOWN,NSW
2875,FIFIELD,NSW
2525,FIGTREE,NSW
2474,FINDON CREEK,NSW
2460,FINE FLOWER,NSW
2315,FINGAL BAY,NSW
2487,FINGAL HEAD,NSW
2713,FINLEY,NSW
2429,FIREFLY,NSW
2316,FISHERMANS BAY,NSW
2539,FISHERMANS PARADISE,NSW
2441,FISHERMANS REACH,NSW
2421,FISHERS HILL,NSW
2283,FISHING POINT,NSW
2799,FITZGERALDS MOUNT,NSW
2795,FITZGERALDS VALLEY,NSW
2577,FITZROY FALLS,NSW
2046,FIVE DOCK,NSW
2873,FIVE WAYS,NSW
2420,FLAT TOPS,NSW
2287,FLETCHER,NSW
2529,FLINDERS,NSW
2280,FLORAVILLE,NSW
2444,FLYNNS BEACH,NSW
2871,FORBES,NSW
2621,FORBES CREEK,NSW
2446,FORBES RIVER,NSW
2422,FORBESDALE,NSW
2840,FORDS BRIDGE,NSW
2330,FORDWICH,NSW
2157,FOREST GLEN,NSW
2795,FOREST GROVE,NSW
2651,FOREST HILL,NSW
2372,FOREST LAND,NSW
2037,FOREST LODGE,NSW
2798,FOREST REEFS,NSW
2087,FORESTVILLE,NSW
2260,FORRESTERS BEACH,NSW
2428,FORSTER,NSW
2428,FORSTER SHOPPING VILLAGE,NSW
2460,FORTIS CREEK,NSW
2795,FOSTERS VALLEY,NSW
2420,FOSTERTON,NSW
2258,FOUNTAINDALE,NSW
2716,FOUR CORNERS,NSW
2800,FOUR MILE CREEK,NSW
2880,FOWLERS GAP,NSW
2534,FOXGROUND,NSW
2259,FRAZER PARK,NSW
2446,FRAZERS CREEK,NSW
2440,FREDERICKTON,NSW
2464,FREEBURN ISLAND,NSW
2259,FREEMANS,NSW
2756,FREEMANS REACH,NSW
2323,FREEMANS WATERHOLE,NSW
2795,FREEMANTLE,NSW
2655,FRENCH PARK,NSW
1640,FRENCHS FOREST,NSW
2086,FRENCHS FOREST,NSW
2086,FRENCHS FOREST EAST,NSW
2096,FRESHWATER,NSW
2850,FROG ROCK,NSW
2586,FROGMORE,NSW
2550,FROGS HOLLOW,NSW
2630,FRYING PAN,NSW
2583,FULLERTON,NSW
2318,FULLERTON COVE,NSW
2370,FURRACABAD,NSW
2765,GABLES,NSW
2720,GADARA,NSW
2716,GALA VALE,NSW
2850,GALAMBINE,NSW
2585,GALONG,NSW
2650,GALORE,NSW
2159,GALSTON,NSW
2790,GANBENANG,NSW
2422,GANGAT,NSW
2702,GANMAIN,NSW
2405,GARAH,NSW
2289,GARDEN SUBURB,NSW
2871,GAREMA,NSW
2232,GARIE,NSW
2797,GARLAND,NSW
2330,GARLAND VALLEY,NSW
2340,GAROO,NSW
2866,GARRA,NSW
2345,GARTHOWEN,NSW
2290,GATESHEAD,NSW
2441,GEARYS FLAT,NSW
2642,GEEHI,NSW
2650,GELSTON PARK,NSW
2795,GEMALLA,NSW
2474,GENEVA,NSW
2365,GEORGES CREEK,NSW
2198,GEORGES HALL,NSW
2795,GEORGES PLAINS,NSW
2298,GEORGETOWN,NSW
2480,GEORGICA,NSW
2642,GEROGERY,NSW
2534,GERRINGONG,NSW
2534,GERROA,NSW
2818,GEURIE,NSW
2474,GHINNI GHI,NSW
2430,GHINNI GHINNI,NSW
2380,GHOOLENDAADI,NSW
2328,GIANTS CREEK,NSW
2469,GIBBERAGEE,NSW
2370,GIBRALTAR RANGE,NSW
2666,GIDGINBUNG,NSW
2340,GIDLEY,NSW
2560,GILEAD,NSW
2360,GILGAI,NSW
2827,GILGANDRA,NSW
2829,GILGOOMA,NSW
2877,GILGUNNIA,NSW
2700,GILLENBAH,NSW
2462,GILLETTS RIDGE,NSW
2321,GILLIESTON HEIGHTS,NSW
2795,GILMANDYKE,NSW
2720,GILMORE,NSW
2823,GIN GIN,NSW
2404,GINEROI,NSW
2849,GINGHI,NSW
2787,GINGKIN,NSW
2480,GIRARDS HILL,NSW
2831,GIRILAMBONE,NSW
2422,GIRO,NSW
2669,GIRRAL,NSW
2449,GIRRALONG,NSW
2145,GIRRAWEEN,NSW
2425,GIRVAN,NSW
1675,GLADESVILLE,NSW
2111,GLADESVILLE,NSW
2440,GLADSTONE,NSW
2795,GLANMIRE,NSW
2037,GLEBE,NSW
2557,GLEDSWOOD HILLS,NSW
2849,GLEN ALICE,NSW
2631,GLEN ALLEN,NSW
2560,GLEN ALPINE,NSW
2846,GLEN DAVIS,NSW
2370,GLEN ELGIN,NSW
2630,GLEN FERGUS,NSW
2370,GLEN INNES,NSW
2321,GLEN MARTIN,NSW
2365,GLEN NEVIS,NSW
2320,GLEN OAK,NSW
2422,GLEN WARD,NSW
2321,GLEN WILLIAM,NSW
2337,GLENBAWN,NSW
2773,GLENBROOK,NSW
2365,GLENCOE,NSW
2285,GLENDALE,NSW
2761,GLENDENNING,NSW
2330,GLENDON,NSW
2330,GLENDON BROOK,NSW
2810,GLENELG,NSW
2642,GLENELLEN,NSW
2167,GLENFIELD,NSW
2650,GLENFIELD PARK,NSW
2486,GLENGARRIE,NSW
2156,GLENHAVEN,NSW
2454,GLENIFFER,NSW
2570,GLENMORE,NSW
2745,GLENMORE PARK,NSW
2330,GLENNIES CREEK,NSW
2261,GLENNING VALLEY,NSW
2157,GLENORIE,NSW
2564,GLENQUARIE,NSW
2576,GLENQUARRY,NSW
2450,GLENREAGH,NSW
2330,GLENRIDDING,NSW
2337,GLENROCK,NSW
2640,GLENROY,NSW
2653,GLENROY,NSW
2430,GLENTHORNE,NSW
2460,GLENUGIE,NSW
2768,GLENWOOD,NSW
2250,GLENWORTH VALLEY,NSW
2756,GLOSSODIA,NSW
2422,GLOUCESTER,NSW
2422,GLOUCESTER TOPS,NSW
2232,GOARRA,NSW
2477,GOAT ISLAND,NSW
2727,GOBARRALONG,NSW
2650,GOBBAGOMBALIN,NSW
2720,GOCUP,NSW
2586,GODFREYS CREEK,NSW
2705,GOGELDRIE,NSW
2738,GOL GOL,NSW
2820,GOLLAN,NSW
2580,GOLSPIE,NSW
2839,GONGOLGON,NSW
2732,GONN,NSW
2629,GOOANDRA,NSW
2720,GOOBARRAGANDRA,NSW
2790,GOOD FOREST,NSW
2582,GOOD HOPE,NSW
2575,GOODMANS FORD,NSW
2736,GOODNIGHT,NSW
2838,GOODOOGA,NSW
2469,GOODWOOD ISLAND,NSW
2620,GOOGONG,NSW
2652,GOOLGOWI,NSW
2379,GOOLHI,NSW
2852,GOOLMA,NSW
2480,GOOLMANGAR,NSW
2805,GOOLOOGONG,NSW
2646,GOOMBARGANA,NSW
2480,GOONELLABAH,NSW
2482,GOONENGERRY,NSW
2830,GOONOO FOREST,NSW
2340,GOONOO GOONOO,NSW
2870,GOONUMBLA,NSW
2330,GOORANGOOLA,NSW
2396,GOORIANAWA,NSW
2072,GORDON,NSW
2469,GORGE CREEK,NSW
2795,GORMANS HILL,NSW
2263,GOROKAN,NSW
2250,GOSFORD,NSW
2320,GOSFORTH,NSW
2358,GOSTWYCK,NSW
2580,GOULBURN,NSW
2580,GOULBURN NORTH,NSW
2330,GOULDSVILLE,NSW
2795,GOWAN,NSW
2357,GOWANG,NSW
2330,GOWRIE,NSW
2340,GOWRIE,NSW
2583,GRABBEN GULLEN,NSW
2474,GRADYS CREEK,NSW
2460,GRAFTON,NSW
2403,GRAGIN,NSW
2729,GRAHAMSTOWN,NSW
2360,GRAMAN,NSW
2765,GRANTHAM FARM,NSW
2445,GRANTS BEACH,NSW
1783,GRANVILLE,NSW
2142,GRANVILLE,NSW
2570,GRASMERE,NSW
2441,GRASSY HEAD,NSW
2850,GRATTAI,NSW
2401,GRAVESEND,NSW
2832,GRAWIN OPAL FIELDS,NSW
2232,GRAYS POINT,NSW
2108,GREAT MACKEREL BEACH,NSW
2460,GREAT MARLOW,NSW
2551,GREEN CAPE,NSW
2338,GREEN CREEK,NSW
2471,GREEN FOREST,NSW
2850,GREEN GULLY,NSW
2323,GREEN HILLS,NSW
2365,GREEN HILLS,NSW
2730,GREEN HILLS,NSW
2474,GREEN PIGEON,NSW
2251,GREEN POINT,NSW
2428,GREEN POINT,NSW
2168,GREEN VALLEY,NSW
2190,GREENACRE,NSW
2550,GREENDALE,NSW
2745,GREENDALE,NSW
2809,GREENETHORPE,NSW
2176,GREENFIELD PARK,NSW
2250,GREENGROVE,NSW
2440,GREENHILL,NSW
2230,GREENHILLS BEACH,NSW
2330,GREENLANDS,NSW
2631,GREENLANDS,NSW
2620,GREENLEIGH,NSW
2471,GREENRIDGE,NSW
2540,GREENWELL POINT,NSW
2065,GREENWICH,NSW
2580,GREENWICH PARK,NSW
2642,GREG GREG,NSW
2650,GREGADOO,NSW
2557,GREGORY HILLS,NSW
2549,GREIGS FLAT,NSW
2810,GRENFELL,NSW
2311,GRESFORD,NSW
2334,GRETA,NSW
2325,GRETA MAIN,NSW
2474,GREVILLIA,NSW
2145,GREYSTANES,NSW
2680,GRIFFITH,NSW
2680,GRIFFITH DC,NSW
2680,GRIFFITH EAST,NSW
2666,GROGAN,NSW
2652,GRONG GRONG,NSW
2753,GROSE VALE,NSW
2753,GROSE WOLD,NSW
2627,GROSSES PLAIN,NSW
1220,GROSVENOR PLACE,NSW
2849,GROWEE,NSW
2536,GUERILLA BAY,NSW
2161,GUILDFORD,NSW
2161,GUILDFORD WEST,NSW
2828,GULARGAMBONE,NSW
2347,GULF CREEK,NSW
2852,GULGONG,NSW
2463,GULMARRAD,NSW
2360,GUM FLAT,NSW
2441,GUM SCRUB,NSW
2840,GUMBALIE,NSW
2865,GUMBLE,NSW
2652,GUMLY GUMLY,NSW
2447,GUMMA,NSW
2711,GUNBAR,NSW
2722,GUNDAGAI,NSW
2347,GUNDAMULDA,NSW
2620,GUNDAROO,NSW
2580,GUNDARY,NSW
2840,GUNDERBOOKA,NSW
2775,GUNDERMAN,NSW
2337,GUNDY,NSW
2333,GUNGAL,NSW
2829,GUNGALMAN,NSW
2380,GUNNEDAH,NSW
2581,GUNNING,NSW
2876,GUNNING GAP,NSW
2876,GUNNINGBLAND,NSW
2632,GUNNINGRAH,NSW
2852,GUNTAWANG,NSW
2398,GURLEY,NSW
2787,GURNANG,NSW
2460,GURRANANG,NSW
2581,GURRUNDAH,NSW
2624,GUTHEGA,NSW
2798,GUYONG,NSW
2365,GUYRA,NSW
2356,GWABEGAR,NSW
2259,GWANDALAN,NSW
2500,GWYNNEVILLE,NSW
2227,GYMEA,NSW
2227,GYMEA BAY,NSW
2045,HABERFIELD,NSW
2441,HACKS FERRY,NSW
2262,HALEKULANI,NSW
2460,HALFWAY CREEK,NSW
2430,HALLIDAYS POINT,NSW
2259,HALLORAN,NSW
2346,HALLS CREEK,NSW
2340,HALLSVILLE,NSW
2311,HALTON,NSW
2330,HAMBLEDON HILL,NSW
2303,HAMILTON,NSW
2303,HAMILTON DC,NSW
2303,HAMILTON EAST,NSW
2292,HAMILTON NORTH,NSW
2303,HAMILTON SOUTH,NSW
2641,HAMILTON VALLEY,NSW
2259,HAMLYN TERRACE,NSW
2170,HAMMONDVILLE,NSW
2440,HAMPDEN HALL,NSW
2790,HAMPTON,NSW
2340,HANGING ROCK,NSW
2420,HANLEYS CREEK,NSW
2443,HANNAM VALE,NSW
2680,HANWOOD,NSW
2587,HARDEN,NSW
2257,HARDYS BAY,NSW
2650,HAREFIELD,NSW
2850,HARGRAVES,NSW
2622,HAROLDS CROSS,NSW
2390,HARPARARY,NSW
2321,HARPERS HILL,NSW
2427,HARRINGTON,NSW
2567,HARRINGTON PARK,NSW
2150,HARRIS PARK,NSW
2790,HARTLEY,NSW
2790,HARTLEY VALE,NSW
2710,HARTWOOD,NSW
2446,HARTYS PLAINS,NSW
2465,HARWOOD,NSW
2761,HASSALL GROVE,NSW
2790,HASSANS WALLS,NSW
2489,HASTINGS POINT,NSW
2440,HAT HEAD,NSW
2715,HATFIELD,NSW
2850,HAVILAH,NSW
2777,HAWKESBURY HEIGHTS,NSW
2324,HAWKS NEST,NSW
2711,HAY,NSW
2711,HAY SOUTH,NSW
2850,HAYES GAP,NSW
1240,HAYMARKET,NSW
2000,HAYMARKET,NSW
2469,HAYSTACK,NSW
2481,HAYTERS HILL,NSW
2530,HAYWARDS BAY,NSW
2779,HAZELBROOK,NSW
2787,HAZELGROVE,NSW
2233,HEATHCOTE,NSW
2324,HEATHERBRAE,NSW
2330,HEBDEN,NSW
2770,HEBERSHAM,NSW
2168,HECKENBERG,NSW
2321,HEDDON GRETA,NSW
2460,HEIFER STATION,NSW
2508,HELENSBURGH,NSW
2111,HENLEY,NSW
2658,HENTY,NSW
2622,HEREFORD HALL,NSW
2831,HERMIDALE,NSW
2790,HERMITAGE FLAT,NSW
2453,HERNANI,NSW
2439,HERONS CREEK,NSW
2322,HEXHAM,NSW
2440,HICKEYS CREEK,NSW
2575,HIGH RANGE,NSW
2775,HIGHER MACDONALD,NSW
2289,HIGHFIELDS,NSW
2850,HILL END,NSW
2575,HILL TOP,NSW
2628,HILL TOP,NSW
2420,HILLDALE,NSW
2350,HILLGROVE,NSW
2650,HILLGROVE,NSW
2290,HILLSBOROUGH,NSW
2320,HILLSBOROUGH,NSW
2036,HILLSDALE,NSW
2675,HILLSTON,NSW
2430,HILLVILLE,NSW
2340,HILLVUE,NSW
2168,HINCHINBROOK,NSW
2321,HINTON,NSW
2540,HMAS ALBATROSS,NSW
2060,HMAS PLATYPUS,NSW
2027,HMAS RUSHCUTTERS,NSW
2060,HMAS WATERHEN,NSW
2030,HMAS WATSON,NSW
2753,HOBARTVILLE,NSW
2795,HOBBYS YARDS,NSW
2469,HOGARTH RANGE,NSW
2644,HOLBROOK,NSW
2250,HOLGATE,NSW
2446,HOLLISDALE,NSW
2328,HOLLYDEEN,NSW
2286,HOLMESVILLE,NSW
2142,HOLROYD,NSW
2173,HOLSWORTHY,NSW
2631,HOLTS FLAT,NSW
2850,HOME RULE,NSW
2140,HOMEBUSH,NSW
2140,HOMEBUSH SOUTH,NSW
2140,HOMEBUSH WEST,NSW
2474,HOMELEIGH,NSW
2825,HONEYBUGLE,NSW
2646,HOPEFIELD,NSW
2484,HOPKINS CREEK,NSW
2171,HORNINGSEA PARK,NSW
1630,HORNSBY,NSW
2077,HORNSBY,NSW
2077,HORNSBY HEIGHTS,NSW
1635,HORNSBY WESTFIELD,NSW
2474,HORSE STATION CREEK,NSW
2320,HORSESHOE BEND,NSW
2474,HORSESHOE CREEK,NSW
2256,HORSFIELD BAY,NSW
2530,HORSLEY,NSW
2175,HORSLEY PARK,NSW
2621,HOSKINSTOWN,NSW
2794,HOVELLS CREEK,NSW
2480,HOWARDS GRASS,NSW
2360,HOWELL,NSW
2330,HOWES VALLEY,NSW
2330,HOWICK,NSW
2643,HOWLONG,NSW
2171,HOXTON PARK,NSW
2652,HUMULA,NSW
2840,HUNGERFORD,NSW
2310,HUNTER REGION MC,NSW
2110,HUNTERS HILL,NSW
2330,HUNTERVIEW,NSW
2446,HUNTINGDON,NSW
2148,HUNTINGWOOD,NSW
2530,HUNTLEY,NSW
2800,HUNTLEY,NSW
2111,HUNTLEYS COVE,NSW
2111,HUNTLEYS POINT,NSW
2482,HUONBROOK,NSW
2193,HURLSTONE PARK,NSW
2220,HURSTVILLE,NSW
1481,HURSTVILLE BC,NSW
2220,HURSTVILLE GROVE,NSW
2220,HURSTVILLE WESTFIELD,NSW
2540,HUSKISSON,NSW
2540,HYAMS BEACH,NSW
2454,HYDES CREEK,NSW
2448,HYLAND PARK,NSW
2446,HYNDMANS CREEK,NSW
2463,ILARWILL,NSW
2850,ILFORD,NSW
2590,ILLABO,NSW
2540,ILLAROO,NSW
2234,ILLAWONG,NSW
2466,ILUKA,NSW
2642,INDI,NSW
2627,INGEBIRAH,NSW
2627,INGEEGOODBEE,NSW
1890,INGLEBURN,NSW
2565,INGLEBURN,NSW
2101,INGLESIDE,NSW
2429,INNES VIEW,NSW
2891,INTERNATIONAL MC,NSW
2360,INVERELL,NSW
2422,INVERGORDON,NSW
2350,INVERGOWRIE,NSW
2473,IRON GATES,NSW
2474,IRON POT CREEK,NSW
2347,IRONBARK,NSW
2630,IRONMUNGY,NSW
2470,IRVINGTON,NSW
2835,IRYMPLE,NSW
2795,ISABELLA,NSW
2296,ISLINGTON,NSW
2878,IVANHOE,NSW
2460,JACKADGERY,NSW
2390,JACKS CREEK,NSW
2469,JACKSONS FLAT,NSW
2463,JACKY BULBIN FLAT,NSW
2627,JACOBS RIVER,NSW
2642,JAGUMBA,NSW
2642,JAGUNGAL WILDERNESS,NSW
2533,JAMBEROO,NSW
2463,JAMES CREEK,NSW
2750,JAMISONTOWN,NSW
2226,JANNALI,NSW
2535,JASPERS BRUSH,NSW
2787,JAUNTER,NSW
2582,JEIR,NSW
2550,JELLAT JELLAT,NSW
2871,JEMALONG,NSW
2622,JEMBAICUMBENE,NSW
4383,JENNINGS,NSW
2790,JENOLAN,NSW
2350,JEOGLA,NSW
2630,JERANGLE,NSW
2536,JEREMADRA,NSW
2795,JEREMY,NSW
2716,JERILDERIE,NSW
2622,JERRABATTGULLA,NSW
2619,JERRABOMBERRA,NSW
2533,JERRARA,NSW
2582,JERRAWA,NSW
2540,JERRAWANGALA,NSW
2580,JERRONG,NSW
2330,JERRYS PLAINS,NSW
2431,JERSEYVILLE,NSW
2299,JESMOND,NSW
2280,JEWELLS,NSW
2397,JEWS LAGOON,NSW
2232,JIBBON,NSW
2480,JIGGI,NSW
2259,JILLIBY,NSW
2628,JIMENBUEN,NSW
2631,JINCUMBILLY,NSW
2627,JINDABYNE,NSW
2622,JINDEN,NSW
2642,JINDERA,NSW
2642,JINGELLIC,NSW
2622,JINGERA,NSW
2575,JOADJA,NSW
2469,JOES BOX,NSW
2443,JOHNS RIVER,NSW
2445,JOLLY NOSE,NSW
2720,JONES BRIDGE,NSW
2430,JONES ISLAND,NSW
2787,JOORILAND,NSW
2747,JORDAN SPRINGS,NSW
2795,JUDDS CREEK,NSW
2726,JUGIONG,NSW
2460,JUNCTION HILL,NSW
2663,JUNEE,NSW
2666,JUNEE REEFS,NSW
2290,KAHIBAH,NSW
2850,KAINS FLAT,NSW
2454,KALANG,NSW
2550,KALARU,NSW
2627,KALKITE,NSW
2665,KAMARAH,NSW
2550,KAMERUKA,NSW
2530,KANAHOOKA,NSW
2787,KANANGRA,NSW
2848,KANDOS,NSW
2576,KANGALOON,NSW
2460,KANGAROO CREEK,NSW
2224,KANGAROO POINT,NSW
2577,KANGAROO VALLEY,NSW
2800,KANGAROOBIE,NSW
2582,KANGIARA,NSW
2258,KANGY ANGY,NSW
2790,KANIMBLA,NSW
2550,KANOONA,NSW
2259,KANWAL,NSW
2661,KAPOOKA,NSW
2390,KAPUTAR,NSW
2429,KARAAK FLAT,NSW
2620,KARABAR,NSW
2450,KARANGI,NSW
2232,KAREELA,NSW
2250,KARIONG,NSW
2337,KARS SPRINGS,NSW
2324,KARUAH,NSW
2780,KATOOMBA,NSW
2780,KATOOMBA DC,NSW
2333,KAYUGA,NSW
2558,KEARNS,NSW
2325,KEARSLEY,NSW
2782,KEDUMBA,NSW
2340,KEEPIT,NSW
2404,KEERA,NSW
2480,KEERRONG,NSW
2320,KEINBAH,NSW
2500,KEIRAVILLE,NSW
2478,KEITH HALL,NSW
2849,KELGOOLA,NSW
2350,KELLYS PLAINS,NSW
2155,KELLYVILLE,NSW
2155,KELLYVILLE RIDGE,NSW
2795,KELSO,NSW
2380,KELVIN,NSW
2526,KEMBLA GRANGE,NSW
2526,KEMBLA HEIGHTS,NSW
1780,KEMPS CREEK,NSW
2178,KEMPS CREEK,NSW
2440,KEMPSEY,NSW
2439,KENDALL,NSW
2396,KENEBRI,NSW
2449,KENNAICLE CREEK,NSW
1465,KENSINGTON,NSW
2033,KENSINGTON,NSW
2156,KENTHURST,NSW
2560,KENTLYN,NSW
2354,KENTUCKY,NSW
2354,KENTUCKY SOUTH,NSW
2439,KEREWONG,NSW
2711,KERI KERI,NSW
2328,KERRABEE,NSW
2835,KERRIGUNDI,NSW
2800,KERRS CREEK,NSW
2439,KEW,NSW
2469,KEYBARBIN,NSW
2642,KHANCOBAN,NSW
2429,KHATAMBUHL,NSW
2422,KIA ORA,NSW
2877,KIACATOO,NSW
2551,KIAH,NSW
2533,KIAMA,NSW
2533,KIAMA DOWNS,NSW
2533,KIAMA HEIGHTS,NSW
2629,KIANDRA,NSW
2546,KIANGA,NSW
2259,KIAR,NSW
2830,KICKABIL,NSW
2484,KIELVALE,NSW
2594,KIKIAMAH,NSW
2669,KIKOIRA,NSW
2283,KILABEN BAY,NSW
2472,KILGIN,NSW
2474,KILGRA,NSW
2429,KILLABAKH,NSW
2071,KILLARA,NSW
2087,KILLARNEY HEIGHTS,NSW
2261,KILLARNEY VALE,NSW
2429,KILLAWARRA,NSW
2257,KILLCARE,NSW
2257,KILLCARE HEIGHTS,NSW
2449,KILLIEKRANKIE,NSW
2720,KILLIMICAT,NSW
2278,KILLINGWORTH,NSW
2795,KILLONGBUTTA,NSW
2429,KIMBRIKI,NSW
2440,KINCHELA,NSW
2251,KINCUMBER,NSW
2251,KINCUMBER SOUTH,NSW
2446,KINDEE,NSW
2622,KINDERVALE,NSW
2446,KING CREEK,NSW
2259,KINGFISHER SHORES,NSW
2540,KINGHORNE,NSW
1340,KINGS CROSS,NSW
2487,KINGS FOREST,NSW
2324,KINGS HILL,NSW
2147,KINGS LANGLEY,NSW
2148,KINGS PARK,NSW
2360,KINGS PLAINS,NSW
2799,KINGS PLAINS,NSW
2539,KINGS POINT,NSW
2487,KINGSCLIFF,NSW
2580,KINGSDALE,NSW
2118,KINGSDENE,NSW
2032,KINGSFORD,NSW
2370,KINGSGATE,NSW
1480,KINGSGROVE,NSW
2208,KINGSGROVE,NSW
2370,KINGSLAND,NSW
2358,KINGSTOWN,NSW
2587,KINGSVALE,NSW
2208,KINGSWAY WEST,NSW
2340,KINGSWOOD,NSW
2550,KINGSWOOD,NSW
2747,KINGSWOOD,NSW
2478,KINVARA,NSW
2539,KIOLOA,NSW
2537,KIORA,NSW
2441,KIPPARA,NSW
2429,KIPPAXS,NSW
2469,KIPPENDUFF,NSW
2795,KIRKCONNELL,NSW
2570,KIRKHAM,NSW
2232,KIRRAWEE,NSW
2232,KIRRAWEE DC,NSW
2061,KIRRIBILLI,NSW
2325,KITCHENER,NSW
2430,KIWARRAK,NSW
2346,KLORI,NSW
2577,KNIGHTS HILL,NSW
2479,KNOCKROW,NSW
2424,KNORRIT FLAT,NSW
2424,KNORRIT FOREST,NSW
1485,KOGARAH,NSW
2217,KOGARAH,NSW
2217,KOGARAH BAY,NSW
2680,KOOBA,NSW
2370,KOOKABOOKRA,NSW
2256,KOOLEWONG,NSW
2460,KOOLKHAN,NSW
2530,KOONAWARRA,NSW
2480,KOONORIGAN,NSW
2482,KOONYUM RANGE,NSW
2304,KOORAGANG,NSW
2430,KOORAINGHAT,NSW
2807,KOORAWATHA,NSW
2650,KOORINGAL,NSW
2352,KOOTINGAL,NSW
2735,KORALEIGH,NSW
2476,KOREELAH,NSW
2450,KORORA,NSW
2627,KOSCIUSZKO,NSW
2627,KOSCIUSZKO NATIONAL PARK,NSW
2289,KOTARA,NSW
2305,KOTARA EAST,NSW
2289,KOTARA FAIR,NSW
2289,KOTARA SOUTH,NSW
2787,KOWMUNG,NSW
2429,KRAMBACH,NSW
2622,KRAWARREE,NSW
2460,KREMNOS,NSW
2250,KULNURA,NSW
2835,KULWIN,NSW
2730,KUNAMA,NSW
2441,KUNDABUNG,NSW
2429,KUNDIBAKH,NSW
2430,KUNDLE KUNDLE,NSW
2460,KUNGALA,NSW
2484,KUNGHUR,NSW
2484,KUNGHUR CREEK,NSW
2757,KURMOND,NSW
2231,KURNELL,NSW
2089,KURRABA POINT,NSW
2758,KURRAJONG,NSW
2758,KURRAJONG HEIGHTS,NSW
2758,KURRAJONG HILLS,NSW
2327,KURRI KURRI,NSW
2715,KYALITE,NSW
2460,KYARRAN,NSW
2631,KYBEYAN,NSW
2650,KYEAMBA,NSW
2216,KYEEMAGH,NSW
2221,KYLE BAY,NSW
2484,KYNNUMBOON,NSW
2474,KYOGLE,NSW
2036,LA PEROUSE,NSW
2720,LACMALAC,NSW
2581,LADE VALE,NSW
2652,LADYSMITH,NSW
2795,LAFFING WATERS,NSW
2583,LAGGAN,NSW
2480,LAGOON GRASS,NSW
2325,LAGUNA,NSW
2650,LAKE ALBERT,NSW
2580,LAKE BATHURST,NSW
2675,LAKE BREWSTER,NSW
2820,LAKE BURRENDONG,NSW
2672,LAKE CARGELLIGO,NSW
2445,LAKE CATHIE,NSW
2539,LAKE CONJOLA,NSW
2671,LAKE COWAL,NSW
2581,LAKE GEORGE,NSW
2263,LAKE HAVEN,NSW
2502,LAKE HEIGHTS,NSW
2462,LAKE HIAWATHA,NSW
3691,LAKE HUME VILLAGE,NSW
2528,LAKE ILLAWARRA,NSW
2446,LAKE INNES,NSW
2259,LAKE MUNMORAH,NSW
2539,LAKE TABOURIE,NSW
2680,LAKE WYANGAN,NSW
2282,LAKELANDS,NSW
2195,LAKEMBA,NSW
2195,LAKEMBA DC,NSW
2572,LAKESLAND,NSW
2443,LAKEWOOD,NSW
3644,LALALTY,NSW
2147,LALOR PARK,NSW
2335,LAMBS VALLEY,NSW
2370,LAMBS VALLEY,NSW
2299,LAMBTON,NSW
2652,LANDERVALE,NSW
1595,LANE COVE,NSW
2066,LANE COVE,NSW
2066,LANE COVE NORTH,NSW
2066,LANE COVE WEST,NSW
2426,LANGLEY VALE,NSW
2460,LANITZA,NSW
2644,LANKEYS CREEK,NSW
2163,LANSDOWNE,NSW
2430,LANSDOWNE,NSW
2430,LANSDOWNE FOREST,NSW
2166,LANSVALE,NSW
2773,LAPSTONE,NSW
2622,LARBERT,NSW
2320,LARGS,NSW
2480,LARNOOK,NSW
2866,LARRAS LEE,NSW
2775,LAUGHTONDALE,NSW
2649,LAUREL HILL,NSW
2443,LAURIETON,NSW
2462,LAVADIA,NSW
2060,LAVENDER BAY,NSW
2582,LAVERSTOCK,NSW
2641,LAVINGTON,NSW
2641,LAVINGTON DC,NSW
2460,LAWRENCE,NSW
2783,LAWSON,NSW
2844,LEADVILLE,NSW
2335,LECONFIELD,NSW
2849,LEE CREEK,NSW
2705,LEETON,NSW
2775,LEETS VALE,NSW
2470,LEEVILLE,NSW
2476,LEGUME,NSW
2040,LEICHHARDT,NSW
2330,LEMINGTON,NSW
2259,LEMON TREE,NSW
2319,LEMON TREE PASSAGE,NSW
2171,LEN WATERS ESTATE,NSW
2322,LENAGHAN,NSW
2478,LENNOX HEAD,NSW
2750,LEONAY,NSW
2179,LEPPINGTON,NSW
2581,LERIDA,NSW
2770,LETHBRIDGE PARK,NSW
2560,LEUMEAH,NSW
2780,LEURA,NSW
2460,LEVENSTRATH,NSW
2311,LEWINSBROOK,NSW
2800,LEWIS PONDS,NSW
2049,LEWISHAM,NSW
2480,LEYCESTER,NSW
2138,LIBERTY GROVE,NSW
1825,LIDCOMBE,NSW
2141,LIDCOMBE,NSW
2141,LIDCOMBE NORTH,NSW
2333,LIDDELL,NSW
2790,LIDSDALE,NSW
2800,LIDSTER,NSW
2444,LIGHTHOUSE BEACH,NSW
2834,LIGHTNING RIDGE,NSW
2229,LILLI PILLI,NSW
2536,LILLI PILLI,NSW
2480,LILLIAN ROCK,NSW
2460,LILYDALE,NSW
2040,LILYFIELD,NSW
2508,LILYVALE,NSW
2352,LIMBRI,NSW
2324,LIMEBURNERS CREEK,NSW
2444,LIMEBURNERS CREEK,NSW
2795,LIMEKILNS,NSW
2583,LIMERICK,NSW
2361,LIMESTONE,NSW
2484,LIMPINWOOD,NSW
2850,LINBURN,NSW
2778,LINDEN,NSW
2480,LINDENDALE,NSW
2347,LINDESAY,NSW
2476,LINDESAY CREEK,NSW
2070,LINDFIELD,NSW
2070,LINDFIELD WEST,NSW
2710,LINDIFFERON,NSW
2066,LINLEY POINT,NSW
2460,LIONSVILLE,NSW
2250,LISAROW,NSW
2480,LISMORE,NSW
2480,LISMORE DC,NSW
2480,LISMORE HEIGHTS,NSW
2372,LISTON,NSW
2790,LITHGOW,NSW
2474,LITTLE BACK CREEK,NSW
2036,LITTLE BAY,NSW
2644,LITTLE BILLABONG,NSW
2538,LITTLE FOREST,NSW
2790,LITTLE HARTLEY,NSW
2339,LITTLE JACKS CREEK,NSW
2259,LITTLE JILLIBY,NSW
2281,LITTLE PELICAN,NSW
2360,LITTLE PLAIN,NSW
2720,LITTLE RIVER,NSW
2880,LITTLE TOPAR,NSW
2256,LITTLE WOBBY,NSW
2790,LITTLETON,NSW
1871,LIVERPOOL,NSW
2170,LIVERPOOL,NSW
2170,LIVERPOOL SOUTH,NSW
2170,LIVERPOOL WESTFIELD,NSW
2795,LLANARTH,NSW
2747,LLANDILO,NSW
2365,LLANGOTHLIN,NSW
2650,LLOYD,NSW
2474,LOADSTONE,NSW
2549,LOCHIEL,NSW
2321,LOCHINVAR,NSW
2656,LOCKHART,NSW
2795,LOCKSLEY,NSW
2232,LOFTUS,NSW
2480,LOFTVILLE,NSW
2439,LOGANS CROSSING,NSW
2713,LOGIE BRAE,NSW
2753,LONDONDERRY,NSW
2536,LONG BEACH,NSW
2446,LONG FLAT,NSW
2261,LONG JETTY,NSW
2360,LONG PLAIN,NSW
2629,LONG PLAIN,NSW
2330,LONG POINT,NSW
2564,LONG POINT,NSW
2347,LONGARM,NSW
2540,LONGREACH,NSW
2066,LONGUEVILLE,NSW
2867,LOOMBAH,NSW
2340,LOOMBERAH,NSW
2898,LORD HOWE ISLAND,NSW
2632,LORDS HILL,NSW
2320,LORN,NSW
2439,LORNE,NSW
2583,LOST RIVER,NSW
2311,LOSTOCK,NSW
2469,LOUISA CREEK,NSW
2840,LOUTH,NSW
2320,LOUTH PARK,NSW
2325,LOVEDALE,NSW
2105,LOVETT BAY,NSW
2450,LOWANNA,NSW
2476,LOWER ACACIA CREEK,NSW
2730,LOWER BAGO,NSW
2335,LOWER BELFORD,NSW
2580,LOWER BORO,NSW
2469,LOWER BOTTLE CREEK,NSW
2440,LOWER CREEK,NSW
2469,LOWER DUCK CREEK,NSW
2470,LOWER DYRAABA,NSW
2800,LOWER LEWIS PONDS,NSW
2775,LOWER MACDONALD,NSW
2250,LOWER MANGROVE,NSW
2446,LOWER PAPPINBARRA,NSW
2469,LOWER PEACOCK,NSW
2756,LOWER PORTLAND,NSW
2460,LOWER SOUTHGATE,NSW
2646,LOWESDALE,NSW
2790,LOWTHER,NSW
2326,LOXFORD,NSW
2234,LUCAS HEIGHTS,NSW
2800,LUCKNOW,NSW
2745,LUDDENHAM,NSW
2850,LUE,NSW
2210,LUGARNO,NSW
2170,LURNEA,NSW
2321,LUSKINTYRE,NSW
2474,LYNCHS CREEK,NSW
2350,LYNDHURST,NSW
2797,LYNDHURST,NSW
2477,LYNWOOD,NSW
2716,MABINS WELL,NSW
2560,MACARTHUR SQUARE,NSW
2339,MACDONALDS CREEK,NSW
2447,MACKSVILLE,NSW
2463,MACLEAN,NSW
2251,MACMASTERS BEACH,NSW
2113,MACQUARIE CENTRE,NSW
2564,MACQUARIE FIELDS,NSW
2285,MACQUARIE HILLS,NSW
2565,MACQUARIE LINKS,NSW
2831,MACQUARIE MARSHES,NSW
2113,MACQUARIE PARK,NSW
2577,MACQUARIE PASS,NSW
2508,MADDENS PLAINS,NSW
2630,MAFFRA,NSW
2261,MAGENTA,NSW
2829,MAGOMETON,NSW
2230,MAIANBAR,NSW
2594,MAIMURU,NSW
2482,MAIN ARM,NSW
2420,MAIN CREEK,NSW
2716,MAIRJIMMY,NSW
2330,MAISON DIEU,NSW
2320,MAITLAND,NSW
2850,MAITLAND BAR,NSW
2320,MAITLAND NORTH,NSW
2320,MAITLAND VALE,NSW
2622,MAJORS CREEK,NSW
2036,MALABAR,NSW
2460,MALABUGILMAH,NSW
2571,MALDON,NSW
2319,MALLABULA,NSW
2734,MALLAN,NSW
2469,MALLANGANEE,NSW
2738,MALLEE,NSW
2400,MALLOWA,NSW
2536,MALONEYS BEACH,NSW
2536,MALUA BAY,NSW
2200,MANAHAN,NSW
2622,MANAR,NSW
2577,MANCHESTER SQUARE,NSW
2870,MANDAGERY,NSW
2264,MANDALONG,NSW
2575,MANDEMAR,NSW
2792,MANDURAMA,NSW
2500,MANGERTON,NSW
2328,MANGOOLA,NSW
2652,MANGOPLAH,NSW
2250,MANGROVE CREEK,NSW
2250,MANGROVE MOUNTAIN,NSW
2865,MANILDRA,NSW
2346,MANILLA,NSW
1655,MANLY,NSW
2095,MANLY,NSW
2095,MANLY EAST,NSW
2093,MANLY VALE,NSW
2259,MANNERING PARK,NSW
2430,MANNING POINT,NSW
2653,MANNUS,NSW
2333,MANOBALAI,NSW
2582,MANTON,NSW
2539,MANYANA,NSW
2653,MARAGLE,NSW
2765,MARAYLYA,NSW
2148,MARAYONG,NSW
2800,MARCH,NSW
2582,MARCHMONT,NSW
2259,MARDI,NSW
2453,MARENGO,NSW
2422,MARES RUN,NSW
2663,MARINNA,NSW
2280,MARKS POINT,NSW
2423,MARKWELL,NSW
2429,MARLEE,NSW
2232,MARLEY,NSW
2441,MARLO MERRICAN,NSW
2775,MARLOW,NSW
2622,MARLOWE,NSW
2284,MARMONG POINT,NSW
2480,MAROM CREEK,NSW
2756,MAROOTA,NSW
2035,MAROUBRA,NSW
2035,MAROUBRA SOUTH,NSW
2790,MARRANGAROO,NSW
2652,MARRAR,NSW
1475,MARRICKVILLE,NSW
2204,MARRICKVILLE,NSW
2204,MARRICKVILLE METRO,NSW
2204,MARRICKVILLE SOUTH,NSW
2765,MARSDEN PARK,NSW
2122,MARSFIELD,NSW
2530,MARSHALL MOUNT,NSW
2420,MARSHDALE,NSW
2824,MARTHAGUY,NSW
2328,MARTINDALE,NSW
2420,MARTINS CREEK,NSW
2265,MARTINSVILLE,NSW
2579,MARULAN,NSW
2287,MARYLAND,NSW
4377,MARYLAND,NSW
2380,MARYS MOUNT,NSW
2820,MARYVALE,NSW
2293,MARYVILLE,NSW
1460,MASCOT,NSW
2020,MASCOT,NSW
2250,MATCHAM,NSW
2370,MATHESON,NSW
2710,MATHOURA,NSW
2652,MATONG,NSW
2036,MATRAVILLE,NSW
2711,MAUDE,NSW
2382,MAULES CREEK,NSW
2650,MAXWELL,NSW
2365,MAYBOLE,NSW
2423,MAYERS FLAT,NSW
2304,MAYFIELD,NSW
2540,MAYFIELD,NSW
2580,MAYFIELD,NSW
2787,MAYFIELD,NSW
2304,MAYFIELD EAST,NSW
2304,MAYFIELD NORTH,NSW
2304,MAYFIELD WEST,NSW
2710,MAYRUNG,NSW
2145,MAYS HILL,NSW
2347,MAYVALE,NSW
2105,MCCARRS CREEK,NSW
2333,MCCULLYS GAP,NSW
2330,MCDOUGALLS HILL,NSW
2756,MCGRATHS HILL,NSW
2480,MCKEES HILL,NSW
2790,MCKELLARS PARK,NSW
2480,MCLEANS RIDGES,NSW
2479,MCLEODS SHOOT,NSW
2060,MCMAHONS POINT,NSW
2587,MCMAHONS REEF,NSW
2795,MEADOW FLAT,NSW
2114,MEADOWBANK,NSW
2484,MEBBIN,NSW
2852,MEBUL,NSW
2780,MEDLOW BATH,NSW
2318,MEDOWIE,NSW
2577,MEDWAY,NSW
2477,MEERSCHAUM VALE,NSW
2785,MEGALONG VALLEY,NSW
2453,MEGAN,NSW
2669,MELBERGEN,NSW
2430,MELINGA,NSW
2756,MELLONG,NSW
2734,MELLOOL,NSW
2765,MELONBA,NSW
2114,MELROSE PARK,NSW
2320,MELVILLE,NSW
2594,MEMAGONG,NSW
2850,MENAH,NSW
2234,MENAI,NSW
2234,MENAI CENTRAL,NSW
2568,MENANGLE,NSW
2563,MENANGLE PARK,NSW
2842,MENDOORAN,NSW
2879,MENINDEE,NSW
2388,MERAH NORTH,NSW
2291,MEREWETHER,NSW
2291,MEREWETHER HEIGHTS,NSW
2548,MERIMBULA,NSW
2537,MERINGO,NSW
2422,MERNOT,NSW
2850,MEROO,NSW
2540,MEROO MEADOW,NSW
2852,MEROTHERIE,NSW
2632,MERRIANGAAH,NSW
2622,MERRICUMBENE,NSW
2827,MERRIGAL,NSW
2581,MERRILL,NSW
2329,MERRIWA,NSW
2652,MERRIWAGGA,NSW
2831,MERRYGOEN,NSW
2160,MERRYLANDS,NSW
2160,MERRYLANDS WEST,NSW
2705,MERUNGLE HILL,NSW
2577,MERYLA,NSW
2323,METFORD,NSW
2323,METFORD DC,NSW
2701,METHUL,NSW
2350,METZ,NSW
2873,MIAMLEY,NSW
2825,MIANDETTA,NSW
2464,MICALO ISLAND,NSW
2620,MICHELAGO,NSW
2442,MID NORTH COAST MC,NSW
2580,MIDDLE ARM,NSW
2337,MIDDLE BROOK,NSW
2443,MIDDLE BROTHER,NSW
2068,MIDDLE COVE,NSW
2158,MIDDLE DURAL,NSW
2330,MIDDLE FALBROOK,NSW
2630,MIDDLE FLAT,NSW
2483,MIDDLE POCKET,NSW
2171,MIDDLETON GRANGE,NSW
2630,MIDDLINGBANK,NSW
2484,MIDGINBIL,NSW
2358,MIHI,NSW
2632,MILA,NSW
2330,MILBRODALE,NSW
2656,MILBRULONG,NSW
2795,MILKERS FLAT,NSW
2795,MILLAH MURRAH,NSW
2440,MILLBANK,NSW
2168,MILLER,NSW
2324,MILLERS FOREST,NSW
2000,MILLERS POINT,NSW
2325,MILLFIELD,NSW
2397,MILLIE,NSW
2549,MILLINGANDI,NSW
2798,MILLTHORPE,NSW
2880,MILPARINKA,NSW
2214,MILPERRA,NSW
2380,MILROY,NSW
2850,MILROY,NSW
2083,MILSONS PASSAGE,NSW
1565,MILSONS POINT,NSW
2061,MILSONS POINT,NSW
2538,MILTON,NSW
2594,MILVALE,NSW
2666,MIMOSA,NSW
2770,MINCHINBURY,NSW
2320,MINDARIBBA,NSW
2372,MINGOOLA,NSW
2312,MINIMBAH,NSW
2720,MINJARY,NSW
2287,MINMI,NSW
2533,MINNAMURRA,NSW
2462,MINNIE WATER,NSW
2830,MINORE,NSW
2566,MINTO,NSW
2566,MINTO HEIGHTS,NSW
2548,MIRADOR,NSW
1490,MIRANDA,NSW
2228,MIRANDA,NSW
2330,MIRANNIE,NSW
2264,MIRRABOOKA,NSW
2665,MIRROOL,NSW
2449,MISSABOTTI,NSW
2050,MISSENDEN ROAD,NSW
2795,MITCHELL,NSW
2330,MITCHELLS FLAT,NSW
2430,MITCHELLS ISLAND,NSW
2575,MITTAGONG,NSW
2731,MOAMA,NSW
2480,MODANVILLE,NSW
2550,MOGAREEKA,NSW
2537,MOGENDOURA,NSW
2370,MOGGS SWAMP,NSW
2550,MOGILLA,NSW
2536,MOGO,NSW
2850,MOGO,NSW
2775,MOGO CREEK,NSW
2538,MOGOOD,NSW
2422,MOGRANI,NSW
2830,MOGRIGUY,NSW
2372,MOLE RIVER,NSW
2460,MOLEVILLE CREEK,NSW
2842,MOLLYAN,NSW
2539,MOLLYMOOK,NSW
2539,MOLLYMOOK BEACH,NSW
2866,MOLONG,NSW
1660,MONA VALE,NSW
2103,MONA VALE,NSW
2738,MONAK,NSW
2480,MONALTRIE,NSW
2111,MONASH PARK,NSW
2540,MONDAYONG,NSW
2430,MONDROOK,NSW
2622,MONGA,NSW
2622,MONGARLOWE,NSW
2470,MONGOGARIE,NSW
2675,MONIA GAP,NSW
2850,MONIVAE,NSW
2415,MONKERAI,NSW
2594,MONTEAGLE,NSW
2482,MONTECOLLUM,NSW
2820,MONTEFIORES,NSW
2217,MONTEREY,NSW
2483,MOOBALL,NSW
2337,MOOBI,NSW
2370,MOOGEM,NSW
2820,MOOKERAWA,NSW
2469,MOOKIMA WYBRA,NSW
2850,MOOLARBEN,NSW
2540,MOOLLATTOO,NSW
2734,MOOLPA,NSW
2665,MOOMBOOLDOOL,NSW
2337,MOONAN BROOK,NSW
2337,MOONAN FLAT,NSW
2627,MOONBAH,NSW
2353,MOONBI,NSW
2710,MOONBRIA,NSW
2440,MOONEBA,NSW
2259,MOONEE,NSW
2450,MOONEE BEACH,NSW
2472,MOONEM,NSW
2083,MOONEY MOONEY,NSW
2250,MOONEY MOONEY CREEK,NSW
2453,MOONPAR,NSW
2429,MOORAL CREEK,NSW
2648,MOORARA,NSW
2804,MOORBEL,NSW
2340,MOORE CREEK,NSW
2021,MOORE PARK,NSW
1875,MOOREBANK,NSW
2170,MOOREBANK,NSW
2795,MOORILDA,NSW
2443,MOORLAND,NSW
2650,MOORONG,NSW
2640,MOORWATHA,NSW
2440,MOPARRABAH,NSW
2422,MOPPY,NSW
2710,MORAGO,NSW
2666,MORANGARELL,NSW
2550,MORANS CROSSING,NSW
2400,MOREE,NSW
2264,MORISSET,NSW
2264,MORISSET PARK,NSW
2105,MORNING BAY,NSW
2469,MORORO,NSW
2321,MORPETH,NSW
2223,MORTDALE,NSW
2137,MORTLAKE,NSW
2538,MORTON,NSW
2446,MORTONS CREEK,NSW
2790,MORTS ESTATE,NSW
2325,MORUBEN,NSW
2700,MORUNDAH,NSW
2537,MORUYA,NSW
2537,MORUYA HEADS,NSW
2370,MORVEN,NSW
2660,MORVEN,NSW
2088,MOSMAN,NSW
2577,MOSS VALE,NSW
2878,MOSSGIEL,NSW
2537,MOSSY POINT,NSW
2426,MOTO,NSW
2733,MOULAMEIN,NSW
2729,MOUNT ADRAH,NSW
2567,MOUNT ANNAN,NSW
2820,MOUNT AQUILA,NSW
2820,MOUNT ARTHUR,NSW
2650,MOUNT AUSTIN,NSW
2484,MOUNT BURRELL,NSW
2079,MOUNT COLAH,NSW
2794,MOUNT COLLINS,NSW
2631,MOUNT COOPER,NSW
2632,MOUNT DARRAGH,NSW
2795,MOUNT DAVID,NSW
2320,MOUNT DEE,NSW
2770,MOUNT DRUITT,NSW
2770,MOUNT DRUITT VILLAGE,NSW
2250,MOUNT ELLIOT,NSW
2580,MOUNT FAIRY,NSW
2824,MOUNT FOSTER,NSW
2850,MOUNT FROME,NSW
2424,MOUNT GEORGE,NSW
2824,MOUNT HARRIS,NSW
2877,MOUNT HOPE,NSW
2729,MOUNT HOREB,NSW
2570,MOUNT HUNTER,NSW
2290,MOUNT HUTTON,NSW
2786,MOUNT IRVINE,NSW
2500,MOUNT KEIRA,NSW
2526,MOUNT KEMBLA,NSW
2539,MOUNT KINGIMAN,NSW
2850,MOUNT KNOWLES,NSW
2080,MOUNT KURING-GAI,NSW
2790,MOUNT LAMBIE,NSW
2190,MOUNT LEWIS,NSW
2200,MOUNT LEWIS,NSW
2575,MOUNT LINDSEY,NSW
2849,MOUNT MARSDEN,NSW
2469,MOUNT MARSH,NSW
2365,MOUNT MITCHELL,NSW
2577,MOUNT MURRAY,NSW
2330,MOUNT OLIVE,NSW
2787,MOUNT OLIVE,NSW
2519,MOUNT OUSLEY,NSW
2795,MOUNT PANORAMA,NSW
2519,MOUNT PLEASANT,NSW
2170,MOUNT PRITCHARD,NSW
2795,MOUNT RANKIN,NSW
2311,MOUNT RIVERS,NSW
2774,MOUNT RIVERVIEW,NSW
2330,MOUNT ROYAL,NSW
2360,MOUNT RUSSELL,NSW
2500,MOUNT SAINT THOMAS,NSW
2446,MOUNT SEAVIEW,NSW
2828,MOUNT TENANDRA,NSW
2330,MOUNT THORLEY,NSW
2758,MOUNT TOMAH,NSW
2178,MOUNT VERNON,NSW
2786,MOUNT VICTORIA,NSW
2325,MOUNT VIEW,NSW
2323,MOUNT VINCENT,NSW
2484,MOUNT WARNING,NSW
2528,MOUNT WARRIGAL,NSW
2787,MOUNT WERONG,NSW
2250,MOUNT WHITE,NSW
2786,MOUNT WILSON,NSW
2644,MOUNTAIN CREEK,NSW
2758,MOUNTAIN LAGOON,NSW
2480,MOUNTAIN TOP,NSW
2460,MOUNTAIN VIEW,NSW
2739,MOURQUONG,NSW
2571,MOWBRAY PARK,NSW
2787,MOZART,NSW
2850,MUDGEE,NSW
2323,MULBRING,NSW
2745,MULGOA,NSW
2756,MULGRAVE,NSW
2877,MULGUTHRIE,NSW
2476,MULI MULI,NSW
2825,MULLA,NSW
2352,MULLA CREEK,NSW
2379,MULLALEY,NSW
2850,MULLAMUDDY,NSW
2456,MULLAWAY,NSW
2644,MULLENGANDRA,NSW
2825,MULLENGUDGERY,NSW
2582,MULLION,NSW
2800,MULLION CREEK,NSW
2622,MULLOON,NSW
2482,MULLUMBIMBY,NSW
2482,MULLUMBIMBY CREEK,NSW
2647,MULWALA,NSW
2871,MULYANDRY,NSW
2820,MUMBIL,NSW
2824,MUMBLEBONE PLAIN,NSW
2550,MUMBULLA MOUNTAIN,NSW
2580,MUMMEL,NSW
2469,MUMMULGUM,NSW
2540,MUNDAMIA,NSW
2729,MUNDARLO,NSW
2653,MUNDEROO,NSW
2720,MUNDONGO,NSW
2440,MUNGAY CREEK,NSW
2850,MUNGHORN,NSW
2406,MUNGINDI,NSW
2715,MUNGO,NSW
2423,MUNGO BRUSH,NSW
2420,MUNNI,NSW
2658,MUNYABLA,NSW
2624,MUNYANG,NSW
2864,MURGA,NSW
2546,MURRAH,NSW
2705,MURRAMI,NSW
2825,MURRAWOMBIE,NSW
2734,MURRAY DOWNS,NSW
2642,MURRAY GORGE,NSW
2708,MURRAY REGION MC,NSW
2281,MURRAYS BEACH,NSW
2325,MURRAYS RUN,NSW
2622,MURRENGENBURG,NSW
2672,MURRIN BRIDGE,NSW
2586,MURRINGO,NSW
2652,MURRULEBALE,NSW
2582,MURRUMBATEMAN,NSW
2849,MURRUMBO,NSW
2630,MURRUMBUCCA,NSW
2587,MURRUMBURRAH,NSW
2338,MURRURUNDI,NSW
2337,MURULLA,NSW
2484,MURWILLUMBAH,NSW
2484,MURWILLUMBAH DC,NSW
2484,MURWILLUMBAH SOUTH,NSW
2333,MUSCLE CREEK,NSW
2333,MUSWELLBROOK,NSW
2880,MUTAWINTJI,NSW
2722,MUTTAMA,NSW
2403,MYALL CREEK,NSW
2423,MYALL LAKE,NSW
2681,MYALL PARK,NSW
2630,MYALLA,NSW
2454,MYLESTOM,NSW
2460,MYLNEFORD,NSW
2481,MYOCUM,NSW
2540,MYOLA,NSW
2469,MYRTLE CREEK,NSW
2550,MYRTLE MOUNTAIN,NSW
2713,MYRTLE PARK,NSW
2580,MYRTLEVILLE,NSW
2546,MYSTERY BAY,NSW
2264,MYUNA BAY,NSW
2312,NABIAC,NSW
2551,NADGEE,NSW
2448,NAMBUCCA HEADS,NSW
2346,NAMOI RIVER,NSW
2450,NANA GLEN,NSW
2722,NANGUS,NSW
2582,NANIMA,NSW
2379,NAPIER LANE,NSW
2795,NAPOLEON REEF,NSW
2669,NARADHAN,NSW
2250,NARARA,NSW
2567,NARELLAN,NSW
2567,NARELLAN VALE,NSW
2065,NAREMBURN,NSW
2325,NARONE CREEK,NSW
2546,NAROOMA,NSW
2551,NARRABARBA,NSW
2101,NARRABEEN,NSW
2390,NARRABRI,NSW
2390,NARRABRI WEST,NSW
2666,NARRABURRA,NSW
2839,NARRAN LAKE,NSW
2700,NARRANDERA,NSW
2582,NARRANGULLEN,NSW
2583,NARRAWA,NSW
2539,NARRAWALLEE,NSW
2099,NARRAWEENA,NSW
2821,NARROMINE,NSW
2209,NARWEE,NSW
2800,NASHDALE,NSW
2479,NASHUA,NSW
2570,NATTAI,NSW
2470,NAUGHTONS GAP,NSW
2326,NEATH,NSW
2829,NEBEA,NSW
2831,NEILREX,NSW
2536,NELLIGEN,NSW
2550,NELSON,NSW
2765,NELSON,NSW
2315,NELSON BAY,NSW
2324,NELSONS PLAINS,NSW
2876,NELUNGALOO,NSW
2340,NEMINGHA,NSW
2680,NERICON,NSW
2622,NERINGLA,NSW
2423,NERONG,NSW
2622,NERRIGA,NSW
2545,NERRIGUNDAH,NSW
2549,NETHERCOTE,NSW
2820,NEUREA,NSW
2089,NEUTRAL BAY,NSW
2089,NEUTRAL BAY JUNCTION,NSW
2453,NEVER NEVER,NSW
2826,NEVERTIRE,NSW
2799,NEVILLE,NSW
2577,NEW BERRIMA,NSW
2483,NEW BRIGHTON,NSW
2550,NEW BUILDINGS,NSW
2348,NEW ENGLAND MC,NSW
2472,NEW ITALY,NSW
2305,NEW LAMBTON,NSW
2305,NEW LAMBTON HEIGHTS,NSW
2346,NEW MEXICO,NSW
2474,NEW PARK,NSW
2365,NEW VALLEY,NSW
2460,NEWBOLD,NSW
2795,NEWBRIDGE,NSW
2300,NEWCASTLE,NSW
2300,NEWCASTLE EAST,NSW
2308,NEWCASTLE UNIVERSITY,NSW
2302,NEWCASTLE WEST,NSW
2447,NEWEE CREEK,NSW
2127,NEWINGTON,NSW
2790,NEWNES,NSW
2790,NEWNES PLATEAU,NSW
2106,NEWPORT,NSW
2106,NEWPORT BEACH,NSW
2479,NEWRYBAR,NSW
2360,NEWSTEAD,NSW
2370,NEWTON BOYD,NSW
2042,NEWTOWN,NSW
2627,NGARIGO,NSW
2250,NIAGARA PARK,NSW
2354,NIANGALA,NSW
2733,NIEMUR,NSW
2480,NIGHTCAP,NSW
2480,NIMBIN,NSW
2631,NIMMITABEL,NSW
2628,NIMMO,NSW
2763,NIRIMBA FIELDS,NSW
2484,NOBBYS CREEK,NSW
2379,NOMBI,NSW
2835,NOONA,NSW
2732,NOORONG,NSW
2415,NOOROO,NSW
2263,NORAH HEAD,NSW
2263,NORAVILLE,NSW
2281,NORDS WHARF,NSW
2899,NORFOLK ISLAND,NSW
2076,NORMANHURST,NSW
2640,NORTH ALBURY,NSW
2484,NORTH ARM,NSW
2324,NORTH ARM COVE,NSW
2260,NORTH AVOCA,NSW
2093,NORTH BALGOWLAH,NSW
2536,NORTH BATEMANS BAY,NSW
2450,NORTH BOAMBEE VALLEY,NSW
2026,NORTH BONDI,NSW
2840,NORTH BOURKE,NSW
2443,NORTH BROTHER,NSW
2470,NORTH CASINO,NSW
2099,NORTH CURL CURL,NSW
2453,NORTH DORRIGO,NSW
2121,NORTH EPPING,NSW
2250,NORTH GOSFORD,NSW
2443,NORTH HAVEN,NSW
2155,NORTH KELLYVILLE,NSW
2299,NORTH LAMBTON,NSW
2480,NORTH LISMORE,NSW
2447,NORTH MACKSVILLE,NSW
2100,NORTH MANLY,NSW
2546,NORTH NAROOMA,NSW
2101,NORTH NARRABEEN,NSW
2541,NORTH NOWRA,NSW
1750,NORTH PARRAMATTA,NSW
2151,NORTH PARRAMATTA,NSW
2754,NORTH RICHMOND,NSW
2151,NORTH ROCKS,NSW
2335,NORTH ROTHBURY,NSW
1670,NORTH RYDE,NSW
2113,NORTH RYDE,NSW
1670,NORTH RYDE BC,NSW
2444,NORTH SHORE,NSW
2760,NORTH ST MARYS,NSW
2408,NORTH STAR,NSW
2137,NORTH STRATHFIELD,NSW
2055,NORTH SYDNEY,NSW
2059,NORTH SYDNEY,NSW
2060,NORTH SYDNEY,NSW
2060,NORTH SYDNEY SHOPPINGWORLD,NSW
2340,NORTH TAMWORTH,NSW
2490,NORTH TUMBULGUM,NSW
2074,NORTH TURRAMURRA,NSW
2650,NORTH WAGGA WAGGA,NSW
2076,NORTH WAHROONGA,NSW
2068,NORTH WILLOUGHBY,NSW
2500,NORTH WOLLONGONG,NSW
2471,NORTH WOODBURN,NSW
2671,NORTH YALGOGRIN,NSW
2868,NORTH YEOVAL,NSW
2622,NORTHANGERA,NSW
1560,NORTHBRIDGE,NSW
2063,NORTHBRIDGE,NSW
2152,NORTHMEAD,NSW
2066,NORTHWOOD,NSW
2787,NORWAY,NSW
2153,NORWEST,NSW
2354,NOWENDOC,NSW
2386,NOWLEY,NSW
2541,NOWRA,NSW
2541,NOWRA DC,NSW
2541,NOWRA EAST,NSW
2540,NOWRA HILL,NSW
2540,NOWRA NAVAL PO,NSW
2587,NUBBA,NSW
2325,NULKABA,NSW
2360,NULLAMANNA,NSW
2551,NULLICA,NSW
2849,NULLO MOUNTAIN,NSW
2540,NUMBAA,NSW
2424,NUMBER ONE,NSW
2628,NUMBLA VALE,NSW
2550,NUMBUGGA,NSW
2630,NUMERALLA,NSW
2484,NUMINBAH,NSW
2480,NUMULGI,NSW
2484,NUNDERI,NSW
2340,NUNDLE,NSW
2629,NUNGAR,NSW
2551,NUNGATTA,NSW
2551,NUNGATTA SOUTH,NSW
2649,NURENMERENMONG,NSW
2831,NYMAGEE,NSW
2460,NYMBOIDA,NSW
2825,NYNGAN,NSW
2646,NYORA,NSW
2804,NYRANG CREEK,NSW
2529,OAK FLATS,NSW
2570,OAKDALE,NSW
2790,OAKEY PARK,NSW
2320,OAKHAMPTON,NSW
2320,OAKHAMPTON HEIGHTS,NSW
2761,OAKHURST,NSW
2646,OAKLANDS,NSW
2765,OAKVILLE,NSW
2360,OAKWOOD,NSW
2622,OALLEN,NSW
2117,OATLANDS,NSW
2223,OATLEY,NSW
2365,OBAN,NSW
2330,OBANVALE,NSW
2650,OBERNE CREEK,NSW
2787,OBERON,NSW
2868,OBLEY,NSW
2483,OCEAN SHORES,NSW
2340,OGUNBIL,NSW
2629,OLD ADAMINABY,NSW
2430,OLD BAR,NSW
2469,OLD BONALBO,NSW
2540,OLD EROWAL BAY,NSW
2474,OLD GREVILLIA,NSW
2161,OLD GUILDFORD,NSW
2652,OLD JUNEE,NSW
2369,OLD MILL,NSW
2440,OLD STATION,NSW
2146,OLD TOONGABBIE,NSW
2849,OLINDA,NSW
2325,OLNEY,NSW
2337,OMADALE,NSW
2316,ONE MILE,NSW
2711,ONE TREE,NSW
2581,OOLONG,NSW
2871,OOMA,NSW
2875,OOTHA,NSW
2800,OPHIR,NSW
2570,ORAN PARK,NSW
2800,ORANGE,NSW
2800,ORANGE DC,NSW
2800,ORANGE EAST,NSW
2380,ORANGE GROVE,NSW
2800,ORANGE MOULDER STREET,NSW
2570,ORANGEVILLE,NSW
2748,ORCHARD HILLS,NSW
2540,ORIENT POINT,NSW
2795,ORTON PARK,NSW
2656,OSBORNE,NSW
2324,OSTERLEY,NSW
2321,OSWALD,NSW
2508,OTFORD,NSW
2650,OURA,NSW
2258,OURIMBAH,NSW
2640,OURNIE,NSW
2337,OWENS GAP,NSW
2100,OXFORD FALLS,NSW
2711,OXLEY,NSW
2824,OXLEY,NSW
2430,OXLEY ISLAND,NSW
2760,OXLEY PARK,NSW
2340,OXLEY VALE,NSW
2225,OYSTER BAY,NSW
2318,OYSTER COVE,NSW
2428,PACIFIC PALMS,NSW
2880,PACKSADDLE,NSW
2021,PADDINGTON,NSW
2469,PADDYS FLAT,NSW
2632,PADDYS FLAT,NSW
2577,PADDYS RIVER,NSW
2653,PADDYS RIVER,NSW
2211,PADSTOW,NSW
2211,PADSTOW HEIGHTS,NSW
2469,PAGANS FLAT,NSW
2337,PAGES CREEK,NSW
2338,PAGES RIVER,NSW
2035,PAGEWOOD,NSW
2632,PALARANG,NSW
2622,PALERANG,NSW
2580,PALING YARDS,NSW
2795,PALING YARDS,NSW
2404,PALLAL,NSW
2399,PALLAMALLAWA,NSW
2108,PALM BEACH,NSW
2258,PALM GROVE,NSW
2258,PALMDALE,NSW
2463,PALMERS CHANNEL,NSW
2463,PALMERS ISLAND,NSW
2795,PALMERS OAKY,NSW
2484,PALMVALE,NSW
2482,PALMWOODS,NSW
2232,PALONA,NSW
2549,PAMBULA,NSW
2549,PAMBULA BEACH,NSW
2430,PAMPOOLAH,NSW
2648,PAN BAN,NSW
2213,PANANIA,NSW
2825,PANGEE,NSW
2800,PANUARA,NSW
2446,PAPPINBARRA,NSW
2648,PARA,NSW
2360,PARADISE,NSW
2738,PARINGI,NSW
2870,PARKES,NSW
2580,PARKESBOURNE,NSW
2768,PARKLEA,NSW
2337,PARKVILLE,NSW
2000,PARLIAMENT HOUSE,NSW
2540,PARMA,NSW
2124,PARRAMATTA,NSW
2150,PARRAMATTA,NSW
2150,PARRAMATTA WESTFIELD,NSW
2339,PARRAWEENA,NSW
2478,PATCHS BEACH,NSW
2421,PATERSON,NSW
2256,PATONGA,NSW
2628,PAUPONG,NSW
2325,PAXTON,NSW
2325,PAYNES CROSSING,NSW
2871,PAYTENS BRIDGE,NSW
2469,PEACOCK CREEK,NSW
2869,PEAK HILL,NSW
2630,PEAK VIEW,NSW
2210,PEAKHURST,NSW
2210,PEAKHURST DC,NSW
2210,PEAKHURST HEIGHTS,NSW
2477,PEARCES CREEK,NSW
2256,PEARL BEACH,NSW
2250,PEATS RIDGE,NSW
2536,PEBBLY BEACH,NSW
2795,PEEL,NSW
2583,PEELWOOD,NSW
2583,PEJAR,NSW
2327,PELAW MAIN,NSW
2281,PELICAN,NSW
2325,PELTON,NSW
2446,PEMBROOKE,NSW
2145,PEMULWUY,NSW
2145,PENDLE HILL,NSW
1715,PENNANT HILLS,NSW
2120,PENNANT HILLS,NSW
2750,PENRITH,NSW
2751,PENRITH,NSW
2750,PENRITH PLAZA,NSW
2750,PENRITH SOUTH,NSW
2579,PENROSE,NSW
2222,PENSHURST,NSW
2550,PERICOE,NSW
2624,PERISHER VALLEY,NSW
2775,PERRYS CROSSING,NSW
2795,PERTHVILLE,NSW
2049,PETERSHAM,NSW
2574,PHEASANTS NEST,NSW
2256,PHEGANS BAY,NSW
2036,PHILLIP BAY,NSW
2321,PHOENIX PARK,NSW
2340,PIALLAMORE,NSW
2342,PIALLAWAY,NSW
2850,PIAMBONG,NSW
2251,PICKETTS VALLEY,NSW
2213,PICNIC POINT,NSW
2571,PICTON,NSW
2824,PIGEONBAH,NSW
2486,PIGGABEEN,NSW
2469,PIKAPENE,NSW
2462,PILLAR VALLEY,NSW
2388,PILLIGA,NSW
2627,PILOT WILDERNESS,NSW
2478,PIMLICO,NSW
2478,PIMLICO ISLAND,NSW
2720,PINBEYAN,NSW
2361,PINDAROI,NSW
2324,PINDIMAR,NSW
2648,PINE CAMP,NSW
2824,PINE CLUMP,NSW
2829,PINE GROVE,NSW
2714,PINE LODGE,NSW
2343,PINE RIDGE,NSW
2630,PINE VALLEY,NSW
2810,PINEY RANGE,NSW
2370,PINKETT,NSW
2810,PINNACLE,NSW
2849,PINNACLE SWAMP,NSW
2281,PINNY BEACH,NSW
2470,PIORA,NSW
2446,PIPECLAY,NSW
2323,PITNACREE,NSW
2756,PITT TOWN,NSW
2756,PITT TOWN BOTTOMS,NSW
2658,PLEASANT HILLS,NSW
2172,PLEASURE POINT,NSW
2761,PLUMPTON,NSW
2250,POINT CLARE,NSW
2250,POINT FREDERICK,NSW
2027,POINT PIPER,NSW
2259,POINT WOLSTONCROFT,NSW
2539,POINTER MOUNTAIN,NSW
2320,POKOLBIN,NSW
2440,POLA CREEK,NSW
2630,POLO FLAT,NSW
2580,POMEROY,NSW
2648,POMONA,NSW
2818,PONTO,NSW
2648,POONCARIE,NSW
2036,PORT BOTANY,NSW
2229,PORT HACKING,NSW
2505,PORT KEMBLA,NSW
2444,PORT MACQUARIE,NSW
2444,PORT MACQUARIE BC,NSW
2538,PORTERS CREEK,NSW
2787,PORTERS RETREAT,NSW
2847,PORTLAND,NSW
2430,POSSUM BRUSH,NSW
2479,POSSUM CREEK,NSW
2545,POTATO POINT,NSW
2790,POTTERY ESTATE,NSW
2143,POTTS HILL,NSW
1335,POTTS POINT,NSW
2011,POTTS POINT,NSW
2489,POTTSVILLE,NSW
2489,POTTSVILLE BEACH,NSW
2176,PRAIRIEWOOD,NSW
2381,PREMER,NSW
2170,PRESTONS,NSW
2257,PRETTY BEACH,NSW
2539,PRETTY BEACH,NSW
2710,PRETTY PINE,NSW
2502,PRIMBEE,NSW
2621,PRIMROSE VALLEY,NSW
2148,PROSPECT,NSW
2629,PROVIDENCE PORTAL,NSW
2666,PUCAWAN,NSW
2350,PUDDLEDOCK,NSW
2460,PULGANBAR,NSW
2810,PULLABOOKA,NSW
2650,PULLETOP,NSW
2484,PUMPENBIL,NSW
2196,PUNCHBOWL,NSW
2460,PUNCHBOWL,NSW
2430,PURFLEET,NSW
2357,PURLEWAUGH,NSW
2112,PUTNEY,NSW
2850,PUTTA BUCCA,NSW
2330,PUTTY,NSW
2849,PYANGLE,NSW
2073,PYMBLE,NSW
2850,PYRAMUL,NSW
2540,PYREE,NSW
2009,PYRMONT,NSW
2550,QUAAMA,NSW
2763,QUAKERS HILL,NSW
2831,QUAMBONE,NSW
2828,QUANDA,NSW
2665,QUANDARY,NSW
2721,QUANDIALLA,NSW
2620,QUEANBEYAN,NSW
2620,QUEANBEYAN DC,NSW
2620,QUEANBEYAN EAST,NSW
2620,QUEANBEYAN WEST,NSW
1230,QUEEN VICTORIA BUILDING,NSW
2022,QUEENS PARK,NSW
2850,QUEENS PINCH,NSW
2096,QUEENSCLIFF,NSW
2580,QUIALIGO,NSW
2632,QUIDONG,NSW
2622,QUIERA,NSW
2343,QUIPOLLY,NSW
2343,QUIRINDI,NSW
2325,QUORROBOLONG,NSW
2566,RABY,NSW
2795,RAGLAN,NSW
2430,RAINBOW FLAT,NSW
2440,RAINBOW REACH,NSW
2454,RALEIGH,NSW
2460,RAMORNIE,NSW
2217,RAMSGATE,NSW
2217,RAMSGATE BEACH,NSW
2642,RAND,NSW
2031,RANDWICK,NSW
2031,RANDWICK DC,NSW
2380,RANGARI,NSW
2370,RANGERS VALLEY,NSW
2287,RANKIN PARK,NSW
2669,RANKINS SPRINGS,NSW
2701,RANNOCK,NSW
2469,RAPPVILLE,NSW
2283,RATHMINES,NSW
2259,RAVENSDALE,NSW
2824,RAVENSWOOD,NSW
2330,RAVENSWORTH,NSW
2446,RAWDON ISLAND,NSW
2422,RAWDON VALE,NSW
2321,RAWORTH,NSW
2830,RAWSONVILLE,NSW
2324,RAYMOND TERRACE,NSW
2324,RAYMOND TERRACE EAST,NSW
2571,RAZORBACK,NSW
2430,RED HEAD,NSW
2347,RED HILL,NSW
2720,RED HILL,NSW
2824,RED HILL,NSW
2370,RED RANGE,NSW
2456,RED ROCK,NSW
2577,RED ROCKS,NSW
2446,REDBANK,NSW
2330,REDBOURNBERRY,NSW
2370,REDDESTONE,NSW
2016,REDFERN,NSW
2290,REDHEAD,NSW
2646,REDLANDS,NSW
2330,REEDY CREEK,NSW
2550,REEDY SWAMP,NSW
2666,REEFTON,NSW
2143,REGENTS PARK,NSW
2745,REGENTVILLE,NSW
2586,REIDS FLAT,NSW
2622,REIDSDALE,NSW
2646,RENNIE,NSW
2722,RENO,NSW
2575,RENWICK,NSW
2480,REPENTANCE CREEK,NSW
2454,REPTON,NSW
2484,RESERVE CREEK,NSW
2355,RETREAT,NSW
2212,REVESBY,NSW
2212,REVESBY HEIGHTS,NSW
2212,REVESBY NORTH,NSW
2630,RHINE FALLS,NSW
2138,RHODES,NSW
2765,RICHARDS,NSW
2580,RICHLANDS,NSW
2753,RICHMOND,NSW
2480,RICHMOND HILL,NSW
2753,RICHMOND LOWLANDS,NSW
2323,RICHMOND VALE,NSW
2472,RILEYS HILL,NSW
2646,RINGWOOD,NSW
2678,RIVERINA MC,NSW
2850,RIVERLEA,NSW
2444,RIVERSIDE,NSW
2765,RIVERSTONE,NSW
2372,RIVERTREE,NSW
2066,RIVERVIEW,NSW
2210,RIVERWOOD,NSW
2330,RIXS CREEK,NSW
2360,ROB ROY,NSW
2577,ROBERTSON,NSW
2795,ROBIN HILL,NSW
2630,ROCK FLAT,NSW
2795,ROCK FOREST,NSW
2480,ROCK VALLEY,NSW
2216,ROCKDALE,NSW
2216,ROCKDALE DC,NSW
2795,ROCKLEY,NSW
2795,ROCKLEY MOUNT,NSW
2632,ROCKTON,NSW
2371,ROCKY CREEK,NSW
2390,ROCKY CREEK,NSW
2357,ROCKY GLEN,NSW
2550,ROCKY HALL,NSW
2628,ROCKY PLAIN,NSW
2259,ROCKY POINT,NSW
2358,ROCKY RIVER,NSW
2372,ROCKY RIVER,NSW
2046,RODD POINT,NSW
2441,ROLLANDS PLAINS,NSW
2422,ROOKHURST,NSW
2141,ROOKWOOD,NSW
2766,ROOTY HILL,NSW
2395,ROPERS ROAD,NSW
2760,ROPES CROSSING,NSW
2029,ROSE BAY,NSW
2030,ROSE BAY NORTH,NSW
2534,ROSE VALLEY,NSW
2630,ROSE VALLEY,NSW
2480,ROSEBANK,NSW
2793,ROSEBERG,NSW
2474,ROSEBERRY,NSW
2474,ROSEBERRY CREEK,NSW
1445,ROSEBERY,NSW
2018,ROSEBERY,NSW
2320,ROSEBROOK,NSW
2536,ROSEDALE,NSW
2142,ROSEHILL,NSW
2196,ROSELANDS,NSW
2560,ROSEMEADOW,NSW
2632,ROSEMEATH,NSW
2069,ROSEVILLE,NSW
2069,ROSEVILLE CHASE,NSW
2446,ROSEWOOD,NSW
2652,ROSEWOOD,NSW
2580,ROSLYN,NSW
2439,ROSSGLEN,NSW
2336,ROSSGOLE,NSW
2621,ROSSI,NSW
2557,ROSSMORE,NSW
2320,ROTHBURY,NSW
2675,ROTO,NSW
2336,ROUCHEL,NSW
2336,ROUCHEL BROOK,NSW
2330,ROUGHIT,NSW
2158,ROUND CORNER,NSW
2484,ROUND MOUNTAIN,NSW
2846,ROUND SWAMP,NSW
2477,ROUS,NSW
2477,ROUS MILL,NSW
2155,ROUSE HILL,NSW
2650,ROWAN,NSW
2387,ROWENA,NSW
2484,ROWLANDS CREEK,NSW
1225,ROYAL EXCHANGE,NSW
2065,ROYAL NORTH SHORE HOSPITAL,NSW
2620,ROYALLA,NSW
2039,ROZELLE,NSW
4380,RUBY CREEK,NSW
2648,RUFUS,NSW
2583,RUGBY,NSW
2474,RUKENVALE,NSW
2580,RUN-O-WATERS,NSW
2850,RUNNING STREAM,NSW
2536,RUNNYFORD,NSW
2560,RUSE,NSW
2011,RUSHCUTTERS BAY,NSW
2346,RUSHES CREEK,NSW
2460,RUSHFORTH,NSW
2046,RUSSELL LEA,NSW
2517,RUSSELL VALE,NSW
2320,RUTHERFORD,NSW
2480,RUTHVEN,NSW
2658,RYAN,NSW
2790,RYDAL,NSW
2116,RYDALMERE,NSW
1680,RYDE,NSW
2112,RYDE,NSW
2586,RYE PARK,NSW
2283,RYHOPE,NSW
2849,RYLSTONE,NSW
2756,SACKVILLE,NSW
2756,SACKVILLE NORTH,NSW
2533,SADDLEBACK MOUNTAIN,NSW
2168,SADLEIR,NSW
2456,SAFETY BEACH,NSW
2317,SALAMANDER BAY,NSW
2420,SALISBURY,NSW
2358,SALISBURY PLAINS,NSW
2850,SALLYS FLAT,NSW
2318,SALT ASH,NSW
2430,SALTWATER,NSW
2650,SAN ISIDORE,NSW
2262,SAN REMO,NSW
2446,SANCROX,NSW
2540,SANCTUARY POINT,NSW
2428,SANDBAR,NSW
2304,SANDGATE,NSW
2700,SANDIGO,NSW
2469,SANDILANDS,NSW
2463,SANDON,NSW
2219,SANDRINGHAM,NSW
2456,SANDY BEACH,NSW
2338,SANDY CREEK,NSW
2835,SANDY CREEK,NSW
2460,SANDY CROSSING,NSW
2372,SANDY FLAT,NSW
2729,SANDY GULLY,NSW
2372,SANDY HILL,NSW
2333,SANDY HOLLOW,NSW
2172,SANDY POINT,NSW
2646,SANGER,NSW
2219,SANS SOUCI,NSW
2360,SAPPHIRE,NSW
2450,SAPPHIRE BEACH,NSW
2251,SARATOGA,NSW
2622,SASSAFRAS,NSW
2350,SAUMAREZ,NSW
2350,SAUMAREZ PONDS,NSW
2646,SAVERNAKE,NSW
2474,SAWPIT CREEK,NSW
2452,SAWTELL,NSW
2326,SAWYERS GULLY,NSW
2515,SCARBOROUGH,NSW
2756,SCHEYVILLE,NSW
2762,SCHOFIELDS,NSW
2337,SCONE,NSW
2648,SCOTIA,NSW
2105,SCOTLAND ISLAND,NSW
2338,SCOTTS CREEK,NSW
2330,SCOTTS FLAT,NSW
2447,SCOTTS HEAD,NSW
2092,SEAFORTH,NSW
2324,SEAHAM,NSW
2286,SEAHAMPTON,NSW
2423,SEAL ROCKS,NSW
2666,SEBASTOPOL,NSW
2330,SEDGEFIELD,NSW
2460,SEELANDS,NSW
2162,SEFTON,NSW
2337,SEGENHOE,NSW
2444,SETTLEMENT CITY,NSW
1730,SEVEN HILLS,NSW
2147,SEVEN HILLS,NSW
2147,SEVEN HILLS WEST,NSW
2440,SEVEN OAKS,NSW
2470,SEXTONVILLE,NSW
2800,SHADFORTH,NSW
2428,SHALLOW BAY,NSW
2770,SHALVEY,NSW
2747,SHANE PARK,NSW
2747,SHANES PARK,NSW
2470,SHANNON BROOK,NSW
2370,SHANNON VALE,NSW
2460,SHANNONDALE,NSW
2630,SHANNONS FLAT,NSW
2463,SHARK CREEK,NSW
2729,SHARPS CREEK,NSW
2790,SHEEDYS GULLY,NSW
2529,SHELL COVE,NSW
2529,SHELLHARBOUR,NSW
2529,SHELLHARBOUR CITY CENTRE,NSW
2261,SHELLY BEACH,NSW
2440,SHERWOOD,NSW
2450,SHERWOOD,NSW
2474,SHERWOOD,NSW
2315,SHOAL BAY,NSW
2535,SHOALHAVEN HEADS,NSW
2787,SHOOTERS HILL,NSW
2307,SHORTLAND,NSW
2372,SILENT GROVE,NSW
2752,SILVERDALE,NSW
2880,SILVERTON,NSW
2128,SILVERWATER,NSW
2264,SILVERWATER,NSW
2469,SIMPKINS CREEK,NSW
2330,SINGLETON,NSW
2330,SINGLETON DC,NSW
2330,SINGLETON HEIGHTS,NSW
2775,SINGLETONS MILL,NSW
2469,SIX MILE SWAMP,NSW
2478,SKENNARS HEAD,NSW
2440,SKILLION FLAT,NSW
2481,SKINNERS SHOOT,NSW
2483,SLEEPY HOLLOW,NSW
2567,SMEATON GRANGE,NSW
2624,SMIGGIN HOLES,NSW
2164,SMITHFIELD,NSW
2164,SMITHFIELD WEST,NSW
2460,SMITHS CREEK,NSW
2474,SMITHS CREEK,NSW
2484,SMITHS CREEK,NSW
2428,SMITHS LAKE,NSW
2440,SMITHTOWN,NSW
2824,SNAKES PLAIN,NSW
2622,SNOWBALL,NSW
2628,SNOWY PLAIN,NSW
2790,SODWALLS,NSW
2795,SOFALA,NSW
2317,SOLDIERS POINT,NSW
2250,SOMERSBY,NSW
2340,SOMERTON,NSW
2640,SOUTH ALBURY,NSW
2449,SOUTH ARM,NSW
2460,SOUTH ARM,NSW
2478,SOUTH BALLINA,NSW
2795,SOUTH BATHURST,NSW
2790,SOUTH BOWENFELS,NSW
2880,SOUTH BROKEN HILL,NSW
2034,SOUTH COOGEE,NSW
2536,SOUTH DURRAS,NSW
2473,SOUTH EVANS HEAD,NSW
2483,SOUTH GOLDEN BEACH,NSW
2460,SOUTH GRAFTON,NSW
2142,SOUTH GRANVILLE,NSW
2722,SOUTH GUNDAGAI,NSW
2480,SOUTH GUNDURIMBA,NSW
2365,SOUTH GUYRA,NSW
2221,SOUTH HURSTVILLE,NSW
2440,SOUTH KEMPSEY,NSW
2480,SOUTH LISMORE,NSW
2790,SOUTH LITTLETON,NSW
2320,SOUTH MAITLAND,NSW
2756,SOUTH MAROOTA,NSW
2484,SOUTH MURWILLUMBAH,NSW
2541,SOUTH NOWRA,NSW
2549,SOUTH PAMBULA,NSW
2750,SOUTH PENRITH,NSW
2340,SOUTH TAMWORTH,NSW
2074,SOUTH TURRAMURRA,NSW
2145,SOUTH WENTWORTHVILLE,NSW
2431,SOUTH WEST ROCKS,NSW
2756,SOUTH WINDSOR,NSW
2550,SOUTH WOLUMLA,NSW
2460,SOUTHAMPTON,NSW
2460,SOUTHGATE,NSW
2284,SPEERS POINT,NSW
2735,SPEEWA,NSW
2775,SPENCER,NSW
2820,SPICERS CREEK,NSW
2454,SPICKETTS CREEK,NSW
2088,SPIT JUNCTION,NSW
2640,SPLITTERS CREEK,NSW
2800,SPRING CREEK,NSW
2570,SPRING FARM,NSW
2850,SPRING FLAT,NSW
2470,SPRING GROVE,NSW
2500,SPRING HILL,NSW
2800,SPRING HILL,NSW
2370,SPRING MOUNTAIN,NSW
2388,SPRING PLAINS,NSW
2343,SPRING RIDGE,NSW
2798,SPRING TERRACE,NSW
2666,SPRINGDALE,NSW
2641,SPRINGDALE HEIGHTS,NSW
2250,SPRINGFIELD,NSW
2630,SPRINGFIELD,NSW
2618,SPRINGRANGE,NSW
2800,SPRINGSIDE,NSW
2650,SPRINGVALE,NSW
2777,SPRINGWOOD,NSW
2775,ST ALBANS,NSW
2566,ST ANDREWS,NSW
2330,ST CLAIR,NSW
2759,ST CLAIR,NSW
2850,ST FILLANS,NSW
2622,ST GEORGE,NSW
2540,ST GEORGES BASIN,NSW
2560,ST HELENS PARK,NSW
2257,ST HUBERTS ISLAND,NSW
2075,ST IVES,NSW
2075,ST IVES CHASE,NSW
2176,ST JOHNS PARK,NSW
1590,ST LEONARDS,NSW
2065,ST LEONARDS,NSW
1790,ST MARYS,NSW
2760,ST MARYS,NSW
2760,ST MARYS EAST,NSW
2760,ST MARYS SOUTH,NSW
2031,ST PAULS,NSW
2044,ST PETERS,NSW
2360,STANBOROUGH,NSW
2705,STANBRIDGE,NSW
2327,STANFORD MERTHYR,NSW
2335,STANHOPE,NSW
2768,STANHOPE GARDENS,NSW
2048,STANMORE,NSW
2369,STANNIFER,NSW
2371,STANNUM,NSW
2508,STANWELL PARK,NSW
2508,STANWELL TOPS,NSW
2790,STATE MINE GULLY,NSW
2710,STEAM PLAINS,NSW
2631,STEEPLE FLAT,NSW
2337,STEWARTS BROOK,NSW
2795,STEWARTS MOUNT,NSW
2443,STEWARTS RIVER,NSW
2725,STOCKINBINGAL,NSW
2322,STOCKRINGTON,NSW
2295,STOCKTON,NSW
2460,STOCKYARD CREEK,NSW
2484,STOKERS SIDING,NSW
2370,STONEHENGE,NSW
2580,STONEQUARRY,NSW
2480,STONY CHUTE,NSW
2550,STONY CREEK,NSW
2850,STONY CREEK,NSW
2734,STONY CROSSING,NSW
2487,STOTTS CREEK,NSW
2422,STRATFORD,NSW
2429,STRATHCEDAR,NSW
2470,STRATHEDEN,NSW
2135,STRATHFIELD,NSW
2136,STRATHFIELD SOUTH,NSW
2012,STRAWBERRY HILLS,NSW
2526,STREAM HILL,NSW
2425,STROUD,NSW
2420,STROUD HILL,NSW
2415,STROUD ROAD,NSW
2820,STUART TOWN,NSW
2441,STUARTS POINT,NSW
2852,STUBBO,NSW
2710,STUD PARK,NSW
2481,SUFFOLK PARK,NSW
2420,SUGARLOAF,NSW
2130,SUMMER HILL,NSW
2421,SUMMER HILL,NSW
2800,SUMMER HILL CREEK,NSW
2440,SUMMER ISLAND,NSW
2259,SUMMERLAND POINT,NSW
2777,SUN VALLEY,NSW
2795,SUNNY CORNER,NSW
2879,SUNSET STRIP,NSW
2264,SUNSHINE,NSW
2536,SUNSHINE BAY,NSW
2820,SUNTOP,NSW
2536,SURF BEACH,NSW
2536,SURFSIDE,NSW
2010,SURRY HILLS,NSW
2540,SUSSEX INLET,NSW
1499,SUTHERLAND,NSW
2232,SUTHERLAND,NSW
2620,SUTTON,NSW
2577,SUTTON FOREST,NSW
2324,SWAN BAY,NSW
2471,SWAN BAY,NSW
2462,SWAN CREEK,NSW
2370,SWAN VALE,NSW
2360,SWANBROOK,NSW
2540,SWANHAVEN,NSW
2439,SWANS CROSSING,NSW
2281,SWANSEA,NSW
2281,SWANSEA HEADS,NSW
2325,SWEETMANS CREEK,NSW
2044,SYDENHAM,NSW
2000,SYDNEY,NSW
2001,SYDNEY,NSW
2020,SYDNEY DOMESTIC AIRPORT,NSW
2020,SYDNEY INTERNATIONAL AIRPORT,NSW
2129,SYDNEY MARKETS,NSW
2127,SYDNEY OLYMPIC PARK,NSW
1235,SYDNEY SOUTH,NSW
2000,SYDNEY SOUTH,NSW
2224,SYLVANIA,NSW
2224,SYLVANIA SOUTHGATE,NSW
2224,SYLVANIA WATERS,NSW
2420,TABBIL CREEK,NSW
2472,TABBIMOBLE,NSW
2652,TABBITA,NSW
2640,TABLE TOP,NSW
2469,TABULAM,NSW
2259,TACOMA,NSW
2259,TACOMA SOUTH,NSW
2324,TAHLEE,NSW
2573,TAHMOOR,NSW
2447,TALARM,NSW
2839,TALAWANTA,NSW
2720,TALBINGO,NSW
2852,TALLAWANG,NSW
2762,TALLAWONG,NSW
2669,TALLIMBA,NSW
2579,TALLONG,NSW
2540,TALLOWAL,NSW
2453,TALLOWWOOD RIDGE,NSW
2798,TALLWOOD,NSW
2430,TALLWOODS VILLAGE,NSW
2640,TALMALMO,NSW
2481,TALOFA,NSW
2463,TALOUMBI,NSW
2026,TAMARAMA,NSW
2441,TAMBAN,NSW
2381,TAMBAR SPRINGS,NSW
2850,TAMBAROORA,NSW
2340,TAMINDA,NSW
2340,TAMWORTH,NSW
2488,TANGLEWOOD,NSW
2319,TANILBA BAY,NSW
2550,TANJA,NSW
2795,TANNAS MOUNT,NSW
2629,TANTANGARA,NSW
2550,TANTAWANGALO,NSW
2731,TANTONAN,NSW
2540,TAPITALLEE,NSW
2665,TARA,NSW
2653,TARADALE,NSW
2580,TARAGO,NSW
2580,TARALGA,NSW
2787,TARANA,NSW
2372,TARBAN,NSW
2428,TARBUCK BAY,NSW
2652,TARCUTTA,NSW
2430,TAREE,NSW
2430,TAREE DC,NSW
2430,TAREE SOUTH,NSW
2229,TAREN POINT,NSW
2580,TARLO,NSW
2550,TARRAGANDA,NSW
2518,TARRAWANNA,NSW
2390,TARRIARO,NSW
2322,TARRO,NSW
2250,TASCOTT,NSW
2471,TATHAM,NSW
2550,TATHRA,NSW
2650,TATTON,NSW
2447,TAYLORS ARM,NSW
2316,TAYLORS BEACH,NSW
2586,TAYLORS FLAT,NSW
2324,TEA GARDENS,NSW
2320,TELARAH,NSW
2441,TELEGRAPH POINT,NSW
2117,TELOPEA,NSW
2440,TEMAGOG,NSW
2666,TEMORA,NSW
2044,TEMPE,NSW
2250,TEN MILE HOLLOW,NSW
2323,TENAMBIT,NSW
2824,TENANDRA,NSW
2754,TENNYSON,NSW
2111,TENNYSON POINT,NSW
2365,TENTERDEN,NSW
2372,TENTERFIELD,NSW
2284,TERALBA,NSW
2480,TERANIA CREEK,NSW
2540,TERARA,NSW
2829,TERIDGERIE,NSW
2539,TERMEIL,NSW
2818,TERRABELLA,NSW
2474,TERRACE CREEK,NSW
2484,TERRAGON,NSW
2830,TERRAMUNGAMINE,NSW
2486,TERRANORA,NSW
2422,TERREEL,NSW
2084,TERREY HILLS,NSW
2260,TERRIGAL,NSW
2400,TERRY HIE HIE,NSW
2478,TEVEN,NSW
2449,TEWINGA,NSW
4385,TEXAS,NSW
2350,THALGARRAH,NSW
2680,THARBOGANG,NSW
2620,THE ANGLE,NSW
2365,THE BASIN,NSW
2429,THE BIGHT,NSW
2425,THE BRANCH,NSW
2630,THE BROTHERS,NSW
2480,THE CHANNON,NSW
2758,THE DEVILS WILDERNESS,NSW
2261,THE ENTRANCE,NSW
2261,THE ENTRANCE NORTH,NSW
2466,THE FRESHWATER,NSW
2472,THE GAP,NSW
2650,THE GAP,NSW
2476,THE GLEN,NSW
2365,THE GULF,NSW
2444,THE HATCH,NSW
2300,THE HILL,NSW
2291,THE JUNCTION,NSW
2795,THE LAGOON,NSW
2831,THE MARRA,NSW
2787,THE MEADOWS,NSW
2570,THE OAKS,NSW
2388,THE PILLIGA,NSW
2460,THE PINNACLES,NSW
2483,THE POCKET,NSW
2769,THE PONDS,NSW
2620,THE RIDGEWAY,NSW
2474,THE RISK,NSW
2655,THE ROCK,NSW
2000,THE ROCKS,NSW
2795,THE ROCKS,NSW
2463,THE SANDON,NSW
2754,THE SLOPES,NSW
2006,THE UNIVERSITY OF SYDNEY,NSW
2460,THE WHITEMAN,NSW
2469,THERESA CREEK,NSW
2570,THERESA PARK,NSW
2347,THIRLDENE,NSW
2572,THIRLMERE,NSW
2515,THIRROUL,NSW
2454,THORA,NSW
2120,THORNLEIGH,NSW
2322,THORNTON,NSW
2625,THREDBO,NSW
2444,THRUMSTER,NSW
2594,THUDDUNGRA,NSW
2732,THULE,NSW
2447,THUMB CREEK,NSW
2640,THURGOONA,NSW
2731,THYRA,NSW
2622,TIANJARA,NSW
2422,TIBBUC,NSW
2880,TIBOOBURRA,NSW
2870,TICHBORNE,NSW
2850,TICHULAR,NSW
2297,TIGHES HILL,NSW
2546,TILBA TILBA,NSW
2350,TILBUSTER,NSW
2319,TILLIGERRY CREEK,NSW
2840,TILPA,NSW
2372,TIMBARRA,NSW
2551,TIMBILLICA,NSW
2340,TIMBUMBURI,NSW
2338,TIMOR,NSW
2835,TINDAREY,NSW
2620,TINDERRY,NSW
2369,TINGHA,NSW
2290,TINGIRA HEIGHTS,NSW
2430,TINONEE,NSW
2546,TINPOT,NSW
2478,TINTENBAR,NSW
2352,TINTINHULL,NSW
2428,TIONA,NSW
2429,TIPPERARY,NSW
2424,TIRI,NSW
2580,TIRRANNAVILLE,NSW
2422,TITAATEE CREEK,NSW
2421,TOCAL,NSW
2714,TOCUMWAL,NSW
2629,TOLBAR,NSW
2650,TOLLAND,NSW
2622,TOLWONG,NSW
2322,TOMAGO,NSW
2537,TOMAKIN,NSW
2337,TOMALLA,NSW
2633,TOMBONG,NSW
2622,TOMBOYE,NSW
2540,TOMERONG,NSW
2484,TOMEWIN,NSW
2869,TOMINGLEY,NSW
2470,TOMKI,NSW
2446,TOMS CREEK,NSW
2817,TONDERBURINE,NSW
2527,TONGARRA,NSW
2864,TOOGONG,NSW
2736,TOOLEYBUC,NSW
2534,TOOLIJOOA,NSW
2475,TOOLOOM,NSW
2829,TOOLOON,NSW
2642,TOOMA,NSW
2146,TOONGABBIE,NSW
2146,TOONGABBIE EAST,NSW
2830,TOONGI,NSW
2474,TOONUMBAR,NSW
2734,TOORANIE,NSW
2817,TOORAWEENAH,NSW
2452,TOORMINA,NSW
2440,TOOROOKA,NSW
2550,TOOTHDALE,NSW
2655,TOOTOOL,NSW
2261,TOOWOON BAY,NSW
2423,TOPI TOPI,NSW
2283,TORONTO,NSW
2371,TORRINGTON,NSW
2358,TORRYBURN,NSW
2421,TORRYBURN,NSW
2850,TOTNES VALLEY,NSW
2873,TOTTENHAM,NSW
2622,TOUGA,NSW
2263,TOUKLEY,NSW
2460,TOWALLUM,NSW
2550,TOWAMBA,NSW
2463,TOWNSEND,NSW
2518,TOWRADGI,NSW
2580,TOWRANG,NSW
2620,TRALEE,NSW
2823,TRANGIE,NSW
2480,TREGEAGLE,NSW
2770,TREGEAR,NSW
2460,TRENAYR,NSW
2738,TRENTHAM CLIFFS,NSW
2869,TREWILGA,NSW
2850,TRIAMBLE,NSW
2795,TRIANGLE FLAT,NSW
2875,TRUNDLE,NSW
2666,TRUNGLEY HALL,NSW
2795,TRUNKEY CREEK,NSW
2472,TRUSTUMS HILL,NSW
2365,TUBBAMURRA,NSW
2594,TUBBUL,NSW
2462,TUCABIA,NSW
2480,TUCKI TUCKI,NSW
2477,TUCKOMBIL,NSW
2480,TUCKURIMBA,NSW
2583,TUENA,NSW
2259,TUGGERAH,NSW
2259,TUGGERAWONG,NSW
2422,TUGRABAKH,NSW
2732,TULLAKOOL,NSW
2874,TULLAMORE,NSW
2540,TULLARWALLA,NSW
2480,TULLERA,NSW
2669,TULLIBIGEAL,NSW
2527,TULLIMBAR,NSW
2400,TULLOONA,NSW
2463,TULLYMORGAN,NSW
2653,TUMBARUMBA,NSW
2261,TUMBI UMBI,NSW
2729,TUMBLONG,NSW
2490,TUMBULGUM,NSW
2720,TUMORRAMA,NSW
2720,TUMUT,NSW
2720,TUMUT PLAINS,NSW
2480,TUNCESTER,NSW
2428,TUNCURRY,NSW
2469,TUNGLEBUNG,NSW
2480,TUNTABLE CREEK,NSW
2714,TUPPAL,NSW
2548,TURA BEACH,NSW
2850,TURILL,NSW
2537,TURLINJAH,NSW
2440,TURNERS FLAT,NSW
2795,TURONDALE,NSW
2630,TUROSS,NSW
2537,TUROSS HEAD,NSW
2074,TURRAMURRA,NSW
2390,TURRAWAN,NSW
2205,TURRELLA,NSW
2650,TURVEY PARK,NSW
2485,TWEED HEADS,NSW
2486,TWEED HEADS SOUTH,NSW
2485,TWEED HEADS WEST,NSW
2850,TWELVE MILE,NSW
2324,TWELVE MILE CREEK,NSW
2540,TWELVE MILE PEG,NSW
2795,TWENTY FORESTS,NSW
2410,TWIN RIVERS,NSW
2852,TWO MILE FLAT,NSW
2481,TYAGARAH,NSW
2484,TYALGUM,NSW
2484,TYALGUM CREEK,NSW
2484,TYGALGAH,NSW
2460,TYNDALE,NSW
2453,TYRINGHAM,NSW
2329,UARBRY,NSW
2484,UKI,NSW
2357,ULAMAMBRI,NSW
2850,ULAN,NSW
2539,ULLADULLA,NSW
2850,ULLAMALLA,NSW
2462,ULMARRA,NSW
2450,ULONG,NSW
2232,ULOOLA,NSW
2007,ULTIMO,NSW
2257,UMINA BEACH,NSW
2526,UNANDERRA,NSW
2420,UNDERBANK,NSW
4380,UNDERCLIFFE,NSW
2669,UNGARIE,NSW
1466,UNSW SYDNEY,NSW
2474,UNUMGAR,NSW
2311,UPPER ALLYN,NSW
2404,UPPER BINGARA,NSW
2483,UPPER BURRINGBAR,NSW
2849,UPPER BYLONG,NSW
2756,UPPER COLO,NSW
2482,UPPER COOPERS CREEK,NSW
2460,UPPER COPMANHURST,NSW
2456,UPPER CORINDI,NSW
2484,UPPER CRYSTAL CREEK,NSW
2336,UPPER DARTBROOK,NSW
2469,UPPER DUCK CREEK,NSW
2486,UPPER DUROBY,NSW
2474,UPPER EDEN CREEK,NSW
2460,UPPER FINE FLOWER,NSW
2849,UPPER GROWEE,NSW
2474,UPPER HORSESHOE CREEK,NSW
2347,UPPER HORTON,NSW
2577,UPPER KANGAROO RIVER,NSW
2577,UPPER KANGAROO VALLEY,NSW
2415,UPPER KARUAH RIVER,NSW
2430,UPPER LANSDOWNE,NSW
2775,UPPER MACDONALD,NSW
2482,UPPER MAIN ARM,NSW
2250,UPPER MANGROVE,NSW
2346,UPPER MANILLA,NSW
2470,UPPER MONGOGARIE,NSW
2423,UPPER MYALL,NSW
2849,UPPER NILE,NSW
2450,UPPER ORARA,NSW
2446,UPPER PAPPINBARRA,NSW
2441,UPPER ROLLANDS PLAINS,NSW
2336,UPPER ROUCHEL,NSW
2447,UPPER TAYLORS ARM,NSW
2475,UPPER TOOLOOM,NSW
2795,UPPER TURON,NSW
2482,UPPER WILSONS CREEK,NSW
2439,UPSALLS CREEK,NSW
2477,URALBA,NSW
2358,URALLA,NSW
2645,URANA,NSW
2656,URANGELINE,NSW
2656,URANGELINE EAST,NSW
2652,URANQUINTY,NSW
2829,URAWILKIE,NSW
2475,URBENVILLE,NSW
2611,URIARRA,NSW
2620,URILA,NSW
2484,URLIUP,NSW
2455,URUNGA,NSW
2447,UTUNGUN,NSW
2421,VACY,NSW
2790,VALE OF CLWYDD,NSW
2280,VALENTINE,NSW
2454,VALERY,NSW
2448,VALLA,NSW
2448,VALLA BEACH,NSW
2777,VALLEY HEIGHTS,NSW
2566,VARROVILLE,NSW
2030,VAUCLUSE,NSW
2440,VERGES CREEK,NSW
2550,VERONA,NSW
2163,VILLAWOOD,NSW
2540,VINCENTIA,NSW
2765,VINEYARD,NSW
2423,VIOLET HILL,NSW
2799,VITTORIA,NSW
2172,VOYAGER POINT,NSW
2259,WADALBA,NSW
2546,WADBILLIGA,NSW
2474,WADEVILLE,NSW
2650,WAGGA WAGGA,NSW
2650,WAGGA WAGGA BC,NSW
2651,WAGGA WAGGA RAAF,NSW
2257,WAGSTAFFE,NSW
2076,WAHROONGA,NSW
2077,WAITARA,NSW
2443,WAITUI,NSW
2278,WAKEFIELD,NSW
2176,WAKELEY,NSW
2710,WAKOOL,NSW
2795,WALANG,NSW
2642,WALBUNDRIE,NSW
2354,WALCHA,NSW
2354,WALCHA ROAD,NSW
2800,WALDEGRAVE,NSW
2832,WALGETT,NSW
2343,WALHALLOW,NSW
2659,WALLA WALLA,NSW
2343,WALLABADAH,NSW
2430,WALLABI POINT,NSW
2650,WALLACETOWN,NSW
2745,WALLACIA,NSW
2546,WALLAGA LAKE,NSW
2550,WALLAGOOT,NSW
2320,WALLALONG,NSW
2340,WALLAMORE,NSW
2422,WALLANBAH,NSW
2360,WALLANGRA,NSW
2675,WALLANTHERY,NSW
2259,WALLARAH,NSW
2420,WALLARINGA,NSW
2420,WALLAROBBA,NSW
2618,WALLAROO,NSW
2588,WALLENDBEEN,NSW
2845,WALLERAWANG,NSW
2665,WALLEROOBIE,NSW
2428,WALLINGAT,NSW
2428,WALLIS LAKE,NSW
2287,WALLSEND,NSW
2820,WALMER,NSW
2537,WAMBAN,NSW
2830,WAMBANGALANG,NSW
2260,WAMBERAL,NSW
2620,WAMBOIN,NSW
2795,WAMBOOL,NSW
2630,WAMBROOK,NSW
2840,WANAARING,NSW
2540,WANDANDIAN,NSW
2550,WANDELLA,NSW
2360,WANDERA,NSW
2710,WANDOOK,NSW
2365,WANDSWORTH,NSW
2423,WANG WAUK,NSW
2710,WANGANELLA,NSW
2482,WANGANUI,NSW
2267,WANGI WANGI,NSW
2650,WANTABADGERY,NSW
2644,WANTAGONG,NSW
2663,WANTIOOL,NSW
2550,WAPENGO,NSW
2304,WARABROOK,NSW
2298,WARATAH,NSW
2298,WARATAH WEST,NSW
2680,WARBURN,NSW
2477,WARDELL,NSW
2484,WARDROP VALLEY,NSW
2350,WARDS MISTAKE,NSW
2422,WARDS RIVER,NSW
2046,WAREEMBA,NSW
2402,WARIALDA,NSW
2402,WARIALDA RAIL,NSW
2528,WARILLA,NSW
2330,WARKWORTH,NSW
2282,WARNERS BAY,NSW
2259,WARNERVALE,NSW
2346,WARRABAH,NSW
2810,WARRADERRY,NSW
2460,WARRAGAI CREEK,NSW
2752,WARRAGAMBA,NSW
2710,WARRAGOON,NSW
2339,WARRAH,NSW
2339,WARRAH CREEK,NSW
2343,WARRAH RIDGE,NSW
2340,WARRAL,NSW
2423,WARRANULLA,NSW
2074,WARRAWEE,NSW
2680,WARRAWIDGEE,NSW
2502,WARRAWONG,NSW
2474,WARRAZAMBIL CREEK,NSW
2469,WARREGAH ISLAND,NSW
2447,WARRELL CREEK,NSW
2824,WARREN,NSW
2622,WARRI,NSW
2102,WARRIEWOOD,NSW
2102,WARRIEWOOD SHOPPING SQUARE,NSW
2774,WARRIMOO,NSW
2100,WARRINGAH MALL,NSW
2429,WARRIWILLAH,NSW
2871,WARROO,NSW
2828,WARRUMBUNGLE,NSW
2232,WARUMBUL,NSW
2170,WARWICK FARM,NSW
2425,WASHPOOL,NSW
2460,WASHPOOL,NSW
2325,WATAGAN,NSW
2259,WATANOBBI,NSW
2233,WATERFALL,NSW
2017,WATERLOO,NSW
2017,WATERLOO DC,NSW
2540,WATERSLEIGH,NSW
2460,WATERVIEW,NSW
2460,WATERVIEW HEIGHTS,NSW
2030,WATSONS BAY,NSW
2355,WATSONS CREEK,NSW
2232,WATTAMOLLA,NSW
2535,WATTAMOLLA,NSW
2794,WATTAMONDARA,NSW
2795,WATTLE FLAT,NSW
2173,WATTLE GROVE,NSW
2330,WATTLE PONDS,NSW
2575,WATTLE RIDGE,NSW
2795,WATTON,NSW
2446,WAUCHOPE,NSW
2711,WAUGORAH,NSW
2422,WAUKIVORY,NSW
2024,WAVERLEY,NSW
2337,WAVERLY,NSW
2060,WAVERTON,NSW
2447,WAY WAY,NSW
2580,WAYO,NSW
2340,WEABONGA,NSW
2382,WEAN,NSW
2421,WEBBERS CREEK,NSW
2775,WEBBS CREEK,NSW
2560,WEDDERBURN,NSW
2582,WEE JASPER,NSW
2388,WEE WAA,NSW
2594,WEEDALLION,NSW
2406,WEEMELAH,NSW
2395,WEETALIBA,NSW
2669,WEETHALLE,NSW
2839,WEILMORINGLE,NSW
2415,WEISMANTELS,NSW
2642,WELAREGANG,NSW
2575,WELBY,NSW
2370,WELLINGROVE,NSW
2820,WELLINGTON,NSW
2371,WELLINGTON VALE,NSW
2460,WELLS CROSSING,NSW
2250,WENDOREE PARK,NSW
2648,WENTWORTH,NSW
2782,WENTWORTH FALLS,NSW
2127,WENTWORTH POINT,NSW
2145,WENTWORTHVILLE,NSW
2577,WERAI,NSW
2720,WEREBOLDERA,NSW
2720,WERMATONG,NSW
2570,WEROMBI,NSW
2534,WERRI BEACH,NSW
2446,WERRIKIMBE,NSW
2747,WERRINGTON,NSW
2747,WERRINGTON COUNTY,NSW
2747,WERRINGTON DOWNS,NSW
2341,WERRIS CREEK,NSW
2640,WEST ALBURY,NSW
2350,WEST ARMIDALE,NSW
2478,WEST BALLINA,NSW
2795,WEST BATHURST,NSW
2471,WEST BUNGAWALBIN,NSW
1515,WEST CHATSWOOD,NSW
2471,WEST CORAKI,NSW
2250,WEST GOSFORD,NSW
2443,WEST HAVEN,NSW
2171,WEST HOXTON,NSW
2440,WEST KEMPSEY,NSW
2541,WEST NOWRA,NSW
2125,WEST PENNANT HILLS,NSW
2073,WEST PYMBLE,NSW
1685,WEST RYDE,NSW
2114,WEST RYDE,NSW
2340,WEST TAMWORTH,NSW
2286,WEST WALLSEND,NSW
2474,WEST WIANGAREE,NSW
2500,WEST WOLLONGONG,NSW
2671,WEST WYALONG,NSW
2330,WESTBROOK,NSW
2340,WESTDALE,NSW
2653,WESTDALE,NSW
2048,WESTGATE,NSW
2120,WESTLEIGH,NSW
2145,WESTMEAD,NSW
2326,WESTON,NSW
2729,WESTWOOD,NSW
1851,WETHERILL PARK,NSW
2164,WETHERILL PARK,NSW
2164,WETHERILL PARK BC,NSW
2734,WETUPPA,NSW
2770,WHALAN,NSW
2107,WHALE BEACH,NSW
2097,WHEELER HEIGHTS,NSW
2758,WHEENY CREEK,NSW
2583,WHEEO,NSW
2429,WHERROL FLAT,NSW
2480,WHIAN WHIAN,NSW
2469,WHIPORIE,NSW
2836,WHITE CLIFFS,NSW
2795,WHITE ROCK,NSW
2290,WHITEBRIDGE,NSW
2460,WHITEMAN CREEK,NSW
2404,WHITLOW,NSW
2330,WHITTINGHAM,NSW
2705,WHITTON,NSW
2428,WHOOTA,NSW
2795,WIAGDON,NSW
2474,WIANGAREE,NSW
2580,WIARBOROUGH,NSW
2293,WICKHAM,NSW
2328,WIDDEN,NSW
2680,WIDGELLI,NSW
2756,WILBERFORCE,NSW
2850,WILBETREE,NSW
2836,WILCANNIA,NSW
2453,WILD CATTLE CREEK,NSW
2577,WILDES MEADOW,NSW
2195,WILEY PARK,NSW
2382,WILLALA,NSW
2440,WILLAWARRIN,NSW
2680,WILLBRIGGIE,NSW
2440,WILLI WILLI,NSW
2620,WILLIAMSDALE,NSW
2318,WILLIAMTOWN,NSW
2653,WILLIGOBUNG,NSW
2423,WILLINA,NSW
2770,WILLMOT,NSW
2068,WILLOUGHBY,NSW
2068,WILLOUGHBY EAST,NSW
2068,WILLOUGHBY NORTH,NSW
2339,WILLOW TREE,NSW
2534,WILLOW VALE,NSW
2575,WILLOW VALE,NSW
2372,WILLSONS DOWNFALL,NSW
2710,WILLURAH,NSW
2850,WILPINJONG,NSW
2482,WILSONS CREEK,NSW
2624,WILSONS VALLEY,NSW
2571,WILTON,NSW
2795,WIMBLEDON,NSW
2346,WIMBORNE,NSW
2795,WINBURNDALE,NSW
2306,WINDALE,NSW
2528,WINDANG,NSW
2320,WINDELLA,NSW
2580,WINDELLAMA,NSW
2800,WINDERA,NSW
2321,WINDERMERE,NSW
2264,WINDERMERE PARK,NSW
2850,WINDEYER,NSW
2720,WINDOWIE,NSW
2795,WINDRADYNE,NSW
2756,WINDSOR,NSW
2756,WINDSOR DOWNS,NSW
2343,WINDY,NSW
2460,WINEGROVE,NSW
2829,WINGADEE,NSW
2579,WINGELLO,NSW
2337,WINGEN,NSW
2429,WINGHAM,NSW
2631,WINIFRED,NSW
2777,WINMALEE,NSW
2153,WINSTON HILLS,NSW
2344,WINTON,NSW
2640,WIRLINGA,NSW
2849,WIRRABA,NSW
2420,WIRRAGULLA,NSW
2803,WIRRIMAH,NSW
2447,WIRRIMBI,NSW
2871,WIRRINYA,NSW
2795,WISEMANS CREEK,NSW
2775,WISEMANS FERRY,NSW
2440,WITTITRIN,NSW
2550,WOG WOG,NSW
2622,WOG WOG,NSW
2422,WOKO,NSW
2790,WOLGAN VALLEY,NSW
2790,WOLLANGAMBE,NSW
2850,WOLLAR,NSW
2330,WOLLEMI,NSW
2205,WOLLI CREEK,NSW
2581,WOLLOGORANG,NSW
2325,WOLLOMBI,NSW
2350,WOLLOMOMBI,NSW
2477,WOLLONGBAR,NSW
2500,WOLLONGONG,NSW
2520,WOLLONGONG,NSW
2500,WOLLONGONG DC,NSW
2500,WOLLONGONG WEST,NSW
2065,WOLLSTONECRAFT,NSW
2540,WOLLUMBOOLA,NSW
2354,WOLLUN,NSW
2550,WOLUMLA,NSW
2515,WOMBARRA,NSW
2587,WOMBAT,NSW
2460,WOMBAT CREEK,NSW
2580,WOMBEYAN CAVES,NSW
2731,WOMBOOTA,NSW
2756,WOMERAH,NSW
2551,WONBOYN,NSW
2551,WONBOYN LAKE,NSW
2551,WONBOYN NORTH,NSW
2256,WONDABYNE,NSW
2729,WONDALGA,NSW
2831,WONGARBON,NSW
2530,WONGAWILLI,NSW
2346,WONGO CREEK,NSW
2350,WONGWIBINDA,NSW
2322,WOODBERRY,NSW
2560,WOODBINE,NSW
2472,WOODBURN,NSW
2538,WOODBURN,NSW
2767,WOODCROFT,NSW
2476,WOODENBONG,NSW
2778,WOODFORD,NSW
2463,WOODFORD ISLAND,NSW
2535,WOODHILL,NSW
2580,WOODHOUSELEE,NSW
2536,WOODLANDS,NSW
2575,WOODLANDS,NSW
2480,WOODLAWN,NSW
2164,WOODPARK,NSW
2284,WOODRISING,NSW
2372,WOODSIDE,NSW
2347,WOODSREEF,NSW
2360,WOODSTOCK,NSW
2538,WOODSTOCK,NSW
2793,WOODSTOCK,NSW
2470,WOODVIEW,NSW
2321,WOODVILLE,NSW
2466,WOODY HEAD,NSW
2354,WOOLBROOK,NSW
2582,WOOLGARLO,NSW
2456,WOOLGOOLGA,NSW
2462,WOOLI,NSW
1350,WOOLLAHRA,NSW
2025,WOOLLAHRA,NSW
2540,WOOLLAMIA,NSW
2011,WOOLLOOMOOLOO,NSW
2470,WOOLNERS ARM,NSW
2340,WOOLOMIN,NSW
2337,WOOLOOMA,NSW
2230,WOOLOOWARE,NSW
2464,WOOLOWEYAH,NSW
2110,WOOLWICH,NSW
2644,WOOMARGAMA,NSW
2469,WOOMBAH,NSW
2259,WOONGARRAH,NSW
2517,WOONONA,NSW
2517,WOONONA EAST,NSW
2423,WOOTTON,NSW
2483,WOOYUNG,NSW
2002,WORLD SQUARE,NSW
2850,WORLDS END,NSW
2232,WORONORA,NSW
2508,WORONORA DAM,NSW
2233,WORONORA HEIGHTS,NSW
2540,WORRIGEE,NSW
2540,WORROWING HEIGHTS,NSW
2256,WOY WOY,NSW
2256,WOY WOY BAY,NSW
2642,WRATHALL,NSW
2540,WRIGHTS BEACH,NSW
2775,WRIGHTS CREEK,NSW
2820,WUULUMAN,NSW
2671,WYALONG,NSW
2469,WYAN,NSW
2622,WYANBENE,NSW
2808,WYANGALA,NSW
2720,WYANGLE,NSW
2333,WYBONG,NSW
2259,WYBUNG,NSW
2259,WYEE,NSW
2259,WYEE POINT,NSW
2372,WYLIE CREEK,NSW
2330,WYLIES FLAT,NSW
2640,WYMAH,NSW
2550,WYNDHAM,NSW
2474,WYNEDEN,NSW
2250,WYOMING,NSW
2259,WYONG,NSW
2259,WYONG CREEK,NSW
2259,WYONGAH,NSW
2480,WYRALLAH,NSW
2469,YABBRA,NSW
2539,YADBORO,NSW
2423,YAGON,NSW
2199,YAGOONA,NSW
2580,YALBRAITH,NSW
2530,YALLAH,NSW
2408,YALLAROI,NSW
2540,YALWAL,NSW
2464,YAMBA,NSW
2550,YAMBULLA,NSW
2703,YANCO,NSW
2574,YANDERRA,NSW
2711,YANGA,NSW
2550,YANKEES CREEK,NSW
2343,YANNERGEE,NSW
2840,YANTABULLA,NSW
2629,YAOUK,NSW
2644,YARARA,NSW
2580,YARRA,NSW
2875,YARRABANDAI,NSW
2850,YARRABIN,NSW
2820,YARRAGAL,NSW
2842,YARRAGRIN,NSW
2650,YARRAGUNDRY,NSW
2441,YARRAHAPINNI,NSW
2259,YARRAMALONG,NSW
2343,YARRAMAN,NSW
2753,YARRAMUNDI,NSW
2447,YARRANBELLA,NSW
2720,YARRANGOBILLY,NSW
2446,YARRAS,NSW
2795,YARRAS,NSW
2429,YARRATT FOREST,NSW
2440,YARRAVEL,NSW
2328,YARRAWA,NSW
2233,YARRAWARRAH,NSW
2850,YARRAWONGA,NSW
2264,YARRAWONGA PARK,NSW
2388,YARRIE LAKE,NSW
2620,YARROW,NSW
2370,YARROWFORD,NSW
2354,YARROWITCH,NSW
2358,YARROWYCK,NSW
2582,YASS,NSW
2582,YASS RIVER,NSW
2650,YATHELLA,NSW
2251,YATTALUNGA,NSW
2539,YATTE YATTAH,NSW
2729,YAVEN CREEK,NSW
2483,YELGUN,NSW
2371,YELLOW DAM,NSW
2548,YELLOW PINCH,NSW
2777,YELLOW ROCK,NSW
2527,YELLOW ROCK RIDGE,NSW
2232,YENABILLI,NSW
2681,YENDA,NSW
2325,YENGO,NSW
2161,YENNORA,NSW
2868,YEOVAL,NSW
2642,YERONG CREEK,NSW
2787,YERRANDERIE,NSW
2575,YERRINBOOL,NSW
2540,YERRIYONG,NSW
2440,YESSABAH,NSW
2795,YETHOLME,NSW
2410,YETMAN,NSW
2446,YIPPIN CREEK,NSW
2680,YOOGALI,NSW
2470,YORKLEA,NSW
2594,YOUNG,NSW
2228,YOWIE BAY,NSW
2550,YOWRIE,NSW
2867,YULLUNDRY,NSW
2464,YURAYGIR,NSW
2484,ZARA,NSW
2017,ZETLAND,NSW
0822,ACACIA HILLS,NT
0846,ADELAIDE RIVER,NT
0810,ALAWA,NT
0872,ALI CURUNG,NT
0870,ALICE SPRINGS,NT
0871,ALICE SPRINGS,NT
0872,ALICE SPRINGS,NT
4825,ALPURRURULAM,NT
0885,ALYANGULA,NT
0852,AMANBIDJI,NT
0873,AMOONGUNA,NT
0872,AMPILATWATJA,NT
0872,ANATYE,NT
0822,ANGURUGU,NT
0822,ANINDILYAKWA,NT
0872,ANMATJERE,NT
0812,ANULA,NT
0870,ARALUEN,NT
0830,ARCHER,NT
0872,AREYONGA,NT
0852,ARNOLD,NT
0873,ARUMBERA,NT
0872,ATITJERE,NT
0852,BAINES,NT
0832,BAKEWELL,NT
0872,BARROW CREEK,NT
0852,BARUNGA,NT
0845,BATCHELOR,NT
0822,BATHURST ISLAND,NT
0820,BAYVIEW,NT
0822,BEES CREEK,NT
0832,BELLAMACK,NT
0822,BELYUEN,NT
0828,BERRIMAH,NT
0838,BERRY SPRINGS,NT
0852,BESWICK CREEK,NT
0852,BINJARI,NT
0852,BIRDUM,NT
0822,BLACK JUNGLE,NT
0822,BLACKMORE,NT
0854,BORROLOOLA,NT
0852,BRADSHAW,NT
0870,BRAITLING,NT
0810,BRINKIN,NT
0852,BUCHANAN,NT
0812,BUFFALO CREEK,NT
0852,BULMAN WEEMOL,NT
0822,BURRUNDIE,NT
0872,BURT PLAIN,NT
0822,BYNOE,NT
0822,BYNOE HARBOUR,NT
0862,CALVERT,NT
0822,CAMP CREEK,NT
0872,CANTEEN CREEK,NT
0810,CASUARINA,NT
0811,CASUARINA,NT
0822,CHANNEL ISLAND,NT
0820,CHARLES DARWIN,NT
0822,CHARLES DARWIN,NT
0815,CHARLES DARWIN UNIVERSITY,NT
0822,CHARLOTTE,NT
0872,CHILLA WELL,NT
0870,CICCONE,NT
0822,CLARAVALE,NT
0822,COBOURG,NT
0810,COCONUT GROVE,NT
0822,COLLETT CREEK,NT
0873,CONNELLAN,NT
0839,COOLALINGA,NT
0822,COOMALIE CREEK,NT
0820,COONAWARRA,NT
0850,COSSACK,NT
0872,COSTELLO,NT
0822,COX PENINSULA,NT
0852,CRESWELL,NT
0852,DAGURAGU,NT
0822,DALY,NT
0822,DALY RIVER,NT
0852,DALY WATERS,NT
0801,DARWIN,NT
0800,DARWIN CITY,NT
0820,DARWIN DC,NT
0841,DARWIN RIVER,NT
0822,DARWIN RIVER DAM,NT
0872,DAVENPORT,NT
0852,DELAMERE,NT
0870,DESERT SPRINGS,NT
0822,DOUGLAS-DALY,NT
0830,DRIVER,NT
0840,DUNDEE BEACH,NT
0840,DUNDEE DOWNS,NT
0840,DUNDEE FOREST,NT
0830,DURACK,NT
0822,EAST ARM,NT
0822,EAST ARNHEM,NT
0820,EAST POINT,NT
0870,EAST SIDE,NT
0820,EATON,NT
0852,EDITH,NT
0862,ELLIOTT,NT
0822,ELRUNDIE,NT
0852,ELSEY,NT
0850,EMUNGALAN,NT
0872,ENGAWALA,NT
0822,EVA VALLEY,NT
0820,FANNIE BAY,NT
0830,FARRAR,NT
0872,FINKE,NT
0822,FINNISS VALLEY,NT
0822,FLEMING,NT
0852,FLORINA,NT
0822,FLY CREEK,NT
0852,FLYING FOX,NT
0875,FLYNN,NT
0822,FREDS PASS,NT
0822,GALIWINKU,NT
0880,GAPUWIYAK,NT
0872,GHAN,NT
0870,GILLEN,NT
0836,GIRRAWEEN,NT
0822,GLYDE POINT,NT
0822,GOULBURN ISLAND,NT
0830,GRAY,NT
0852,GREGORY,NT
0852,GULUNG MARDRULK,NT
0822,GUNBALANYA,NT
0832,GUNN,NT
0822,GUNN POINT,NT
0880,GUNYANGARA,NT
0852,GURINDJI,NT
0872,HAASTS BLUFF,NT
0872,HALE,NT
0872,HART,NT
0873,HEAVITREE GAP CPA,NT
0852,HELEN SPRINGS STATION,NT
0836,HERBERT,NT
0872,HERMANNSBURG,NT
0822,HIDDEN VALLEY,NT
0812,HOLMES,NT
0829,HOLTZE,NT
0822,HOTHAM,NT
0835,HOWARD SPRINGS,NT
0872,HUGH,NT
0822,HUGHES,NT
0836,HUMPTY DOO,NT
0873,ILPARPA,NT
0872,IMANPA,NT
0872,ININTI STORE,NT
0874,IRLPME,NT
0886,JABIRU,NT
0852,JILKMINGGAN,NT
0810,JINGILI,NT
0832,JOHNSTON,NT
0822,KAKADU,NT
0852,KALKARINDJI,NT
0872,KALTUKATJARA,NT
0812,KARAMA,NT
0813,KARAMA,NT
0850,KATHERINE,NT
0851,KATHERINE,NT
0852,KATHERINE,NT
0850,KATHERINE EAST,NT
0850,KATHERINE SOUTH,NT
0873,KILGARIFF,NT
0872,KINTORE,NT
0828,KNUCKEY LAGOON,NT
0822,KOOLPINYAH,NT
0872,KULGERA,NT
0872,KUNPARRKA,NT
0852,LAJAMANU,NT
0822,LAKE BENNETT,NT
0872,LAKE MACKAY,NT
0822,LAMBELLS LAGOON,NT
0850,LANSDOWNE,NT
0872,LARAMBA,NT
0875,LARAPINTA,NT
0820,LARRAKEYAH,NT
0852,LARRIMAH,NT
0812,LEANYER,NT
0810,LEE POINT,NT
0852,LIMMEN,NT
0822,LITCHFIELD PARK,NT
0822,LIVINGSTONE,NT
0822,LLOYD CREEK,NT
0820,LUDMILLA,NT
0810,LYONS,NT
0872,MACDONNELL RANGE,NT
0812,MALAK,NT
0852,MANBULLOO,NT
0822,MANDORAH,NT
0822,MANINGRIDA,NT
0837,MANTON,NT
0822,MAPURU,NT
0852,MARANBOY,NT
0822,MARANUNGA,NT
0822,MARGARET RIVER,NT
0830,MARLOW LAGOON,NT
0822,MARRAKAI,NT
0812,MARRARA,NT
0852,MATARANKA,NT
0852,MCARTHUR,NT
0822,MCMINNS LAGOON,NT
0872,MEREENIE,NT
0822,MICKET CREEK,NT
0822,MIDDLE POINT,NT
0822,MILIKAPITI,NT
0822,MILINGIMBI,NT
0810,MILLNER,NT
0822,MILYAKBURRA,NT
0852,MINIYERRI,NT
0822,MINJILANG,NT
0832,MITCHELL,NT
0810,MOIL,NT
0830,MOULDEN,NT
0822,MOUNT BUNDEY,NT
0874,MOUNT JOHNS,NT
0872,MOUNT LIEBIG,NT
0872,MOUNT ZEIL,NT
0810,MUIRHEAD,NT
0822,MURRUMUJUK,NT
0872,MUTITJULU,NT
0810,NAKARA,NT
0872,NAMATJIRA,NT
0872,NAPPERBY STATION,NT
0822,NAUIYU,NT
0822,NEMARLUK,NT
0862,NEWCASTLE WATERS,NT
0822,NGANMARRIYANGA,NT
0852,NGUKURR,NT
0880,NHULUNBUY,NT
0881,NHULUNBUY,NT
0862,NICHOLSON,NT
0810,NIGHTCLIFF,NT
0814,NIGHTCLIFF,NT
0852,NITJPURRU,NT
0852,NITMILUK,NT
0837,NOONAMAH,NT
0822,NUMBULWAR,NT
0822,NUMBURINDI,NT
0852,NUTWOOD DOWNS,NT
0872,NYIRRIPI,NT
0822,OENPELLI,NT
0830,PALMERSTON CITY,NT
0831,PALMERSTON CITY,NT
0862,PAMAYU,NT
0872,PAPUNYA,NT
0804,PARAP,NT
0820,PARAP,NT
0852,PELLEW ISLANDS,NT
0822,PEPPIMENARTI,NT
0872,PETERMANN,NT
0847,PINE CREEK,NT
0829,PINELANDS,NT
0822,PIRLANGIMPI,NT
0822,POINT STUART,NT
0822,PULARUMPI,NT
0822,RAKULA,NT
0822,RAMINGINING,NT
4825,RANKEN,NT
0810,RAPID CREEK,NT
0822,ROBIN FALLS,NT
0852,ROBINSON RIVER,NT
0832,ROSEBERY,NT
0873,ROSS,NT
0822,RUM JUNGLE,NT
0870,SADADEEN,NT
0872,SANDOVER,NT
0822,SANDPALMS ROADHOUSE,NT
0872,SANTA TERESA,NT
0830,SHOAL BAY,NT
0872,SIMPSON,NT
0822,SOUTHPORT,NT
0822,STAPLETON,NT
0870,STUART,NT
0820,STUART PARK,NT
0852,STURT PLATEAU,NT
0862,TABLELANDS,NT
0872,TANAMI,NT
0852,TANAMI EAST,NT
0872,TARA,NT
0872,TELEGRAPH STATION,NT
0860,TENNANT CREEK,NT
0861,TENNANT CREEK,NT
0862,TENNANT CREEK,NT
0822,THAMARRURR,NT
0870,THE GAP,NT
0820,THE GARDENS,NT
0820,THE NARROWS,NT
0872,TI TREE,NT
0852,TIMBER CREEK,NT
0853,TINDAL,NT
0822,TIPPERARY,NT
0872,TITJIKALA,NT
0822,TIVENDALE,NT
0810,TIWI,NT
0822,TIWI ISLANDS,NT
0852,TOP SPRINGS,NT
0822,TORTILLA FLATS,NT
0822,TUMBLING WATERS,NT
0822,UMBAKUMBA,NT
0874,UNDOOLYA,NT
0852,URALLA,NT
0852,VENN,NT
0822,VERNON ISLANDS,NT
0852,VICTORIA RIVER,NT
0834,VIRGINIA,NT
0822,WADEYE,NT
0803,WAGAIT BEACH,NT
0822,WAGAIT BEACH,NT
0810,WAGAMAN,NT
0822,WAK WAK,NT
0872,WALLACE ROCKHOLE,NT
0810,WANGURI,NT
0822,WARRUWI,NT
0852,WARUMUNGU,NT
0822,WEDDELL,NT
0822,WEST ARNHEM,NT
0870,WHITE GUMS,NT
0822,WICKHAM,NT
0872,WILLOWRA,NT
0872,WILORA,NT
0852,WILTON,NT
0820,WINNELLIE,NT
0821,WINNELLIE,NT
0822,WINNELLIE,NT
0822,WISHART,NT
0830,WOODROFFE,NT
0820,WOOLNER,NT
0852,WUGULARR,NT
0812,WULAGI,NT
0822,WURRUMIYANGA,NT
0872,WUTUNUGURRA,NT
0852,YARRALIN,NT
0830,YARRAWONGA,NT
0880,YIRRKALA,NT
0872,YUELAMU,NT
0872,YUENDUMU,NT
0872,YULARA,NT
0832,ZUCCOLI,NT
4613,ABBEYWOOD,QLD
4670,ABBOTSFORD,QLD
4627,ABERCORN,QLD
4850,ABERGOWRIE,QLD
4892,ABINGDON DOWNS,QLD
4660,ABINGTON,QLD
4110,ACACIA RIDGE,QLD
4401,ACLAND,QLD
4343,ADARE,QLD
4474,ADAVALE,QLD
4703,ADELAIDE PARK,QLD
4211,ADVANCETOWN,QLD
4870,AEROGLEN,QLD
4677,AGNES WATER,QLD
4807,AIRDMILLAN,QLD
4802,AIRLIE BEACH,QLD
4807,AIRVILLE,QLD
4814,AITKENVALE,QLD
4820,ALABAMA HILL,QLD
4035,ALBANY CREEK,QLD
4702,ALBERTA,QLD
4207,ALBERTON,QLD
4722,ALBINIA,QLD
4010,ALBION,QLD
4822,ALBION,QLD
4010,ALBION BC,QLD
4010,ALBION DC,QLD
4051,ALDERLEY,QLD
4650,ALDERSHOT,QLD
4694,ALDOGA,QLD
4740,ALEXANDRA,QLD
4572,ALEXANDRA HEADLAND,QLD
4161,ALEXANDRA HILLS,QLD
4115,ALGESTER,QLD
4610,ALICE CREEK,QLD
4817,ALICE RIVER,QLD
4370,ALLAN,QLD
4310,ALLANDALE,QLD
4700,ALLENSTOWN,QLD
4285,ALLENVIEW,QLD
4740,ALLIGATOR CREEK,QLD
4816,ALLIGATOR CREEK,QLD
4850,ALLINGHAM,QLD
4362,ALLORA,QLD
4670,ALLOWAY,QLD
4871,ALMADEN,QLD
4871,ALOOMBA,QLD
4724,ALPHA,QLD
4702,ALSACE,QLD
4702,ALTON DOWNS,QLD
4807,ALVA,QLD
4570,AMAMOOR,QLD
4570,AMAMOOR CREEK,QLD
4829,AMAROO,QLD
4871,AMBER,QLD
4306,AMBERLEY,QLD
4695,AMBROSE,QLD
4462,AMBY,QLD
4380,AMIENS,QLD
4183,AMITY,QLD
4183,AMITY POINT,QLD
4702,ANAKIE SIDING,QLD
4740,ANDERGROVE,QLD
4570,ANDERLEIGH,QLD
4800,ANDROMACHE,QLD
4355,ANDURAMBA,QLD
4814,ANNANDALE,QLD
4103,ANNERLEY,QLD
4070,ANSTEAD,QLD
4310,ANTHONY,QLD
4650,ANTIGUA,QLD
4660,APPLE TREE CREEK,QLD
4378,APPLETHORPE,QLD
4570,ARALUEN,QLD
4726,ARAMAC,QLD
4620,ARAMARA,QLD
4054,ARANA HILLS,QLD
4625,ARANBANGA,QLD
4309,ARATULA,QLD
4892,ARBOUIN,QLD
4819,ARCADIA,QLD
4454,ARCADIA VALLEY,QLD
4892,ARCHER RIVER,QLD
4108,ARCHERFIELD,QLD
4108,ARCHERFIELD BC,QLD
4702,ARCTURUS,QLD
4721,ARGYLL,QLD
4737,ARMSTRONG BEACH,QLD
4520,ARMSTRONG CREEK,QLD
4551,AROONA,QLD
4880,ARRIGA,QLD
4214,ARUNDEL,QLD
9781,ARUNDEL,QLD
4214,ARUNDEL DC,QLD
4007,ASCOT,QLD
4359,ASCOT,QLD
4670,ASHFIELD,QLD
4060,ASHGROVE,QLD
4060,ASHGROVE EAST,QLD
4214,ASHMORE,QLD
4214,ASHMORE CITY,QLD
4340,ASHWELL,QLD
4034,ASPLEY,QLD
4883,ATHERTON,QLD
4350,ATHOL,QLD
4311,ATKINSONS DAM,QLD
4401,AUBIGNY,QLD
4413,AUBURN,QLD
4066,AUCHENFLOWER,QLD
4477,AUGATHELLA,QLD
4300,AUGUSTINE HEIGHTS,QLD
4892,AURUKUN,QLD
4213,AUSTINVILLE,QLD
4215,AUSTRALIA FAIR,QLD
4670,AVENELL HEIGHTS,QLD
4670,AVOCA,QLD
4314,AVOCA VALE,QLD
4670,AVONDALE,QLD
4807,AYR,QLD
4895,AYTON,QLD
4861,BABINDA,QLD
4361,BACK PLAINS,QLD
4875,BADU ISLAND,QLD
4674,BAFFLE CREEK,QLD
4454,BAFFLE WEST,QLD
4207,BAHRS SCRUB,QLD
4699,BAJOOL,QLD
4470,BAKERS BEND,QLD
4740,BAKERS CREEK,QLD
4413,BAKING BOARD,QLD
4740,BALBERRA,QLD
4702,BALCOMBA,QLD
4036,BALD HILLS,QLD
4552,BALD KNOB,QLD
4816,BALGAL BEACH,QLD
4401,BALGOWAN,QLD
4741,BALL BAY,QLD
4382,BALLANDEAN,QLD
4352,BALLARD,QLD
4455,BALLAROO,QLD
4610,BALLOGIE,QLD
4171,BALMORAL,QLD
4552,BALMORAL RIDGE,QLD
4740,BALNAGOWAN,QLD
4876,BAMAGA,QLD
4850,BAMBAROO,QLD
4873,BAMBOO,QLD
4860,BAMBOO CREEK,QLD
4625,BAN BAN,QLD
4625,BAN BAN SPRINGS,QLD
4702,BANANA,QLD
4630,BANCROFT,QLD
4703,BANGALEE,QLD
4306,BANKS CREEK,QLD
4570,BANKS POCKET,QLD
4507,BANKSIA BEACH,QLD
4207,BANNOCKBURN,QLD
4551,BANYA,QLD
4014,BANYO,QLD
4352,BAPAUME,QLD
4413,BARAKULA,QLD
4702,BARALABA,QLD
4601,BARAMBAH,QLD
4725,BARCALDINE,QLD
4065,BARDON,QLD
4714,BAREE,QLD
4306,BARELLAN POINT,QLD
4670,BARGARA,QLD
4465,BARGUNYAH,QLD
4551,BARINGA,QLD
4615,BARKER CREEK FLAT,QLD
4825,BARKLY,QLD
4605,BARLIL,QLD
4703,BARLOWS HILL,QLD
4625,BARLYNE,QLD
4703,BARMARYEE,QLD
4703,BARMOYA,QLD
4702,BARNARD,QLD
4680,BARNEY POINT,QLD
4287,BARNEY VIEW,QLD
4420,BAROONDAH,QLD
4416,BARRAMORNIE,QLD
4809,BARRATTA,QLD
4872,BARRINE,QLD
4816,BARRINGHA,QLD
4490,BARRINGUN,QLD
4878,BARRON,QLD
4870,BARRON GORGE,QLD
4861,BARTLE FRERE,QLD
4872,BARWIDGI,QLD
4820,BASALT,QLD
4871,BASILISK,QLD
4305,BASIN POCKET,QLD
4551,BATTERY HILL,QLD
4718,BAUHINIA,QLD
4650,BAUPLE,QLD
4650,BAUPLE FOREST,QLD
4478,BAYRICK,QLD
4868,BAYVIEW HEIGHTS,QLD
4818,BEACH HOLM,QLD
4510,BEACHMERE,QLD
4740,BEACONSFIELD,QLD
4886,BEATRICE,QLD
4285,BEAUDESERT,QLD
4650,BEAVER ROCK,QLD
4829,BEDOURIE,QLD
4385,BEEBO,QLD
4680,BEECHER,QLD
4211,BEECHMONT,QLD
4405,BEELBEE,QLD
4659,BEELBI CREEK,QLD
4570,BEENAAM VALLEY,QLD
4207,BEENLEIGH,QLD
4517,BEERBURRUM,QLD
4626,BEERON,QLD
4519,BEERWAH,QLD
4487,BEGONIA,QLD
4454,BEILBA,QLD
4723,BELCONG,QLD
4810,BELGIAN GARDENS,QLD
4207,BELIVAH,QLD
4408,BELL,QLD
4570,BELLA CREEK,QLD
4507,BELLARA,QLD
4300,BELLBIRD PARK,QLD
4070,BELLBOWRIE,QLD
4871,BELLENDEN KER,QLD
4892,BELLEVUE,QLD
4822,BELLFIELD,QLD
4562,BELLI PARK,QLD
4510,BELLMERE,QLD
4570,BELLS BRIDGE,QLD
4551,BELLS CREEK,QLD
4514,BELLTHORPE,QLD
4153,BELMONT,QLD
4740,BELMUNDA,QLD
4860,BELVEDERE,QLD
4721,BELYANDO,QLD
4850,BEMERSIDE,QLD
4610,BENAIR,QLD
4680,BENARABY,QLD
4314,BENARKIN,QLD
4314,BENARKIN NORTH,QLD
4754,BENHOLME,QLD
4275,BENOBBLE,QLD
4217,BENOWA,QLD
4869,BENTLEY PARK,QLD
4674,BERAJONDO,QLD
4362,BERAT,QLD
4353,BERGEN,QLD
4117,BERRINBA,QLD
4701,BERSERKER,QLD
4205,BETHANIA,QLD
4313,BIARRA,QLD
4880,BIBOOHRA,QLD
4275,BIDDADDABA,QLD
4401,BIDDESTON,QLD
4650,BIDWILL,QLD
4621,BIGGENDEN,QLD
4216,BIGGERA WATERS,QLD
4225,BILINGA,QLD
4390,BILLA BILLA,QLD
4715,BILOELA,QLD
4854,BILYANA,QLD
4488,BINDEBANGO,QLD
4702,BINGEGANG,QLD
4852,BINGIL BAY,QLD
4625,BINJOUR,QLD
4211,BINNA BURRA,QLD
4482,BIRDSVILLE,QLD
4854,BIRKALLA,QLD
4159,BIRKDALE,QLD
4285,BIRNAM,QLD
4352,BIRNAM,QLD
4575,BIRTINYA,QLD
4343,BLACK DUCK CREEK,QLD
4820,BLACK JACK,QLD
4563,BLACK MOUNTAIN,QLD
4818,BLACK RIVER,QLD
4600,BLACK SNAKE,QLD
4472,BLACKALL,QLD
4871,BLACKBULL,QLD
4314,BLACKBUTT,QLD
4314,BLACKBUTT NORTH,QLD
4314,BLACKBUTT SOUTH,QLD
4702,BLACKDOWN,QLD
4850,BLACKROCK,QLD
4740,BLACKS BEACH,QLD
4306,BLACKSOIL,QLD
4304,BLACKSTONE,QLD
4413,BLACKSWAMP,QLD
4717,BLACKWATER,QLD
4625,BLAIRMORE,QLD
4352,BLANCHVIEW,QLD
4310,BLANTYRE,QLD
4405,BLAXLAND,QLD
4341,BLENHEIM,QLD
4560,BLI BLI,QLD
4895,BLOOMFIELD,QLD
4799,BLOOMSBURY,QLD
4818,BLUE HILLS,QLD
4737,BLUE MOUNTAIN,QLD
4350,BLUE MOUNTAIN HEIGHTS,QLD
4818,BLUEWATER,QLD
4818,BLUEWATER PARK,QLD
4702,BLUFF,QLD
4455,BLYTHDALE,QLD
4468,BOATMAN,QLD
4425,BOGANDILLA,QLD
4805,BOGIE,QLD
4818,BOHLE,QLD
4817,BOHLE PLAINS,QLD
4875,BOIGU ISLAND,QLD
4575,BOKARINA,QLD
4570,BOLLIER,QLD
4488,BOLLON,QLD
4871,BOLWARRA,QLD
4871,BOMBEETA,QLD
4625,BON ACCORD,QLD
4703,BONDOOLA,QLD
4507,BONGAREE,QLD
4356,BONGEEN,QLD
4873,BONNIE DOON,QLD
4213,BONOGIN,QLD
4385,BONSHAW,QLD
4370,BONY MOUNTAIN,QLD
4401,BOODUA,QLD
4871,BOOGAN,QLD
4610,BOOIE,QLD
4671,BOOLBOONDA,QLD
4702,BOOLBURRA,QLD
4621,BOOMPA,QLD
4310,BOONAH,QLD
4601,BOONARA,QLD
4413,BOONARGA,QLD
4034,BOONDALL,QLD
4406,BOONDANDILLA,QLD
4613,BOONDOOMA,QLD
4650,BOONOOROO,QLD
4650,BOONOOROO PLAINS,QLD
4655,BOORAL,QLD
4552,BOOROOBIN,QLD
4601,BOOUBYJAN,QLD
4304,BOOVAL,QLD
4304,BOOVAL FAIR,QLD
4671,BOOYAL,QLD
4306,BORALLON,QLD
4565,BOREEN POINT,QLD
4124,BORONIA HEIGHTS,QLD
4678,BOROREN,QLD
4714,BOULDER CREEK,QLD
4702,BOULDERCOMBE,QLD
4829,BOULIA,QLD
4805,BOWEN,QLD
4006,BOWEN HILLS,QLD
4404,BOWENVILLE,QLD
4275,BOYLAND,QLD
4680,BOYNE ISLAND,QLD
4680,BOYNE VALLEY,QLD
4680,BOYNEDALE,QLD
4610,BOYNESIDE,QLD
4626,BOYNEWOOD,QLD
4512,BRACALBA,QLD
4695,BRACEWELL,QLD
4017,BRACKEN RIDGE,QLD
4850,BRAEMEADOWS,QLD
4313,BRAEMORE,QLD
4871,BRAMSTON BEACH,QLD
4625,BRANCH CREEK,QLD
4352,BRANCHVIEW,QLD
4808,BRANDON,QLD
4800,BRANDY CREEK,QLD
4670,BRANYAN,QLD
4305,BRASSALL,QLD
4500,BRAY PARK,QLD
4800,BREADALBANE,QLD
4825,BREAKAWAY,QLD
4820,BREDDAN,QLD
4500,BRENDALE,QLD
4500,BRENDALE BC,QLD
4500,BRENDALE DC,QLD
4507,BRIBIE ISLAND,QLD
4507,BRIBIE ISLAND NORTH,QLD
4035,BRIDGEMAN DOWNS,QLD
4561,BRIDGES,QLD
4412,BRIGALOW,QLD
4741,BRIGHTLY,QLD
4017,BRIGHTON,QLD
4017,BRIGHTON EVENTIDE,QLD
4017,BRIGHTON NATHAN STREET,QLD
4311,BRIGHTVIEW,QLD
4613,BRIGOODA,QLD
4357,BRINGALILY,QLD
4870,BRINSMEAD,QLD
4001,BRISBANE,QLD
4000,BRISBANE ADELAIDE STREET,QLD
4008,BRISBANE AIRPORT,QLD
9782,BRISBANE AIRPORT,QLD
4000,BRISBANE CITY,QLD
4106,BRISBANE MARKET,QLD
4218,BROADBEACH,QLD
4218,BROADBEACH WATERS,QLD
4420,BROADMERE,QLD
4380,BROADWATER,QLD
4757,BROKEN RIVER,QLD
4285,BROMELTON,QLD
4069,BROOKFIELD,QLD
4816,BROOKHILL,QLD
4615,BROOKLANDS,QLD
4053,BROOKSIDE CENTRE,QLD
4364,BROOKSTEAD,QLD
4300,BROOKWATER,QLD
4570,BROOLOO,QLD
4620,BROOWEENA,QLD
4820,BROUGHTON,QLD
4626,BROVINIA,QLD
4118,BROWNS PLAINS,QLD
4356,BROXBURN,QLD
4387,BRUSH CREEK,QLD
4312,BRYDEN,QLD
4403,BRYMAROO,QLD
4311,BUARABA,QLD
4311,BUARABA SOUTH,QLD
4750,BUCASIA,QLD
4670,BUCCA,QLD
4207,BUCCAN,QLD
4825,BUCKINGHAM,QLD
4722,BUCKLAND,QLD
4575,BUDDINA,QLD
4556,BUDERIM,QLD
4359,BUDGEE,QLD
4630,BUKALI,QLD
4854,BULGUN,QLD
4171,BULIMBA,QLD
4615,BULLCAMP,QLD
4871,BULLERINGA,QLD
4357,BULLI CREEK,QLD
4492,BULLOO DOWNS,QLD
4671,BULLYARD,QLD
4025,BULWER,QLD
4310,BUNBURRA,QLD
4670,BUNDABERG,QLD
4670,BUNDABERG CENTRAL,QLD
4670,BUNDABERG DC,QLD
4670,BUNDABERG EAST,QLD
4670,BUNDABERG NORTH,QLD
4670,BUNDABERG SOUTH,QLD
4670,BUNDABERG WEST,QLD
4217,BUNDALL,QLD
4217,BUNDALL DC,QLD
4304,BUNDAMBA,QLD
4419,BUNDI,QLD
4723,BUNDOORA,QLD
4419,BUNGABAN,QLD
4671,BUNGADOO,QLD
4870,BUNGALOW,QLD
4455,BUNGEWORGORAI,QLD
4455,BUNGIL,QLD
4703,BUNGUNDARRA,QLD
4494,BUNGUNYA,QLD
4310,BUNJURGEN,QLD
4055,BUNYA,QLD
4655,BUNYA CREEK,QLD
4405,BUNYA MOUNTAINS,QLD
4156,BURBANK,QLD
4818,BURDELL,QLD
4659,BURGOWAN,QLD
4830,BURKETOWN,QLD
4822,BURLEIGH,QLD
4220,BURLEIGH DC,QLD
4220,BURLEIGH HEADS,QLD
4220,BURLEIGH TOWN,QLD
4220,BURLEIGH WATERS,QLD
4413,BURNCLUITH,QLD
4310,BURNETT CREEK,QLD
4670,BURNETT HEADS,QLD
4560,BURNSIDE,QLD
4505,BURPENGARY,QLD
4505,BURPENGARY DC,QLD
4505,BURPENGARY EAST,QLD
4410,BURRA BURRI,QLD
4875,BURRAR ISLET,QLD
4659,BURRUM HEADS,QLD
4659,BURRUM RIVER,QLD
4659,BURRUM TOWN,QLD
4742,BURTON,QLD
4680,BURUA,QLD
4818,BUSHLAND BEACH,QLD
4702,BUSHLEY,QLD
4885,BUTCHERS CREEK,QLD
4660,BUXTON,QLD
4387,BYBERA,QLD
4605,BYEE,QLD
4680,BYELLEE,QLD
4703,BYFIELD,QLD
4455,BYMOUNT,QLD
4625,BYRNESTOWN,QLD
4352,CABARLAH,QLD
4510,CABOOLTURE,QLD
4510,CABOOLTURE BC,QLD
4510,CABOOLTURE SOUTH,QLD
4312,CABOONBAH,QLD
4413,CADARGA,QLD
4343,CAFFEY,QLD
4285,CAINBABLE,QLD
4722,CAIRDBEIGN,QLD
4870,CAIRNS,QLD
4870,CAIRNS CITY,QLD
4870,CAIRNS DC,QLD
4870,CAIRNS MC,QLD
4872,CAIRNS MC,QLD
4870,CAIRNS MCLEOD STREET,QLD
4870,CAIRNS NORTH,QLD
4116,CALAMVALE,QLD
4670,CALAVOS,QLD
4816,CALCIUM,QLD
4478,CALDERVALE,QLD
4798,CALEN,QLD
4570,CALGOA,QLD
4570,CALICO CREEK,QLD
4390,CALINGUNEE,QLD
4390,CALLANDOON,QLD
4680,CALLEMONDAH,QLD
4715,CALLIDE,QLD
4680,CALLIOPE,QLD
4551,CALOUNDRA,QLD
4551,CALOUNDRA DC,QLD
4551,CALOUNDRA WEST,QLD
4340,CALVERT,QLD
4719,CAMBOON,QLD
4358,CAMBOOYA,QLD
4822,CAMBRIDGE,QLD
4552,CAMBROON,QLD
4413,CAMEBY,QLD
4492,CAMERON CORNER,QLD
4300,CAMIRA,QLD
4828,CAMOOWEAL,QLD
4871,CAMP CREEK,QLD
4152,CAMP HILL,QLD
4520,CAMP MOUNTAIN,QLD
4820,CAMPASPE,QLD
4625,CAMPBELL CREEK,QLD
4521,CAMPBELLS POCKET,QLD
4737,CAMPWIN BEACH,QLD
4413,CANAGA,QLD
4702,CANAL CREEK,QLD
4630,CANIA,QLD
4570,CANINA,QLD
4630,CANNINDAH,QLD
4357,CANNING CREEK,QLD
4370,CANNINGVALE,QLD
4310,CANNON CREEK,QLD
4380,CANNON CREEK,QLD
4170,CANNON HILL,QLD
4800,CANNON VALLEY,QLD
4802,CANNONVALE,QLD
4702,CANOONA,QLD
4275,CANUNGRA,QLD
4157,CAPALABA,QLD
4157,CAPALABA BC,QLD
4157,CAPALABA DC,QLD
4810,CAPE CLEVELAND,QLD
4800,CAPE CONWAY,QLD
4800,CAPE GLOUCESTER,QLD
4740,CAPE HILLSBOROUGH,QLD
4873,CAPE TRIBULATION,QLD
4723,CAPELLA,QLD
4677,CAPTAIN CREEK,QLD
4357,CAPTAINS MOUNTAIN,QLD
4878,CARAVONICA,QLD
4723,CARBINE CREEK,QLD
4130,CARBROOK,QLD
4854,CARDSTONE,QLD
4849,CARDWELL,QLD
4152,CARINA,QLD
4152,CARINA HEIGHTS,QLD
4152,CARINDALE,QLD
4739,CARMILA,QLD
4852,CARMOO,QLD
4702,CARNARVON PARK,QLD
4310,CARNEYS CREEK,QLD
4300,CAROLE PARK,QLD
4477,CAROLINE CROSSING,QLD
4344,CARPENDALE,QLD
4823,CARPENTARIA,QLD
4825,CARRANDOTTA,QLD
4211,CARRARA,QLD
4883,CARRINGTON,QLD
4849,CARRUCHAN,QLD
4034,CARSELDINE,QLD
4806,CARSTAIRS,QLD
4563,CARTERS RIDGE,QLD
4500,CASHMERE,QLD
4873,CASSOWARY,QLD
4567,CASTAWAYS BEACH,QLD
4715,CASTLE CREEK,QLD
4810,CASTLE HILL,QLD
4407,CATTLE CREEK,QLD
4626,CATTLE CREEK,QLD
4703,CAUSEWAY LAKE,QLD
4702,CAWARRAL,QLD
4352,CAWDOR,QLD
4407,CECIL PLAINS,QLD
4207,CEDAR CREEK,QLD
4520,CEDAR CREEK,QLD
4285,CEDAR GROVE,QLD
4570,CEDAR POCKET,QLD
4285,CEDAR VALE,QLD
4514,CEDARTON,QLD
4352,CEMENT MILLS,QLD
4350,CENTENARY HEIGHTS,QLD
4702,CENTRAL QUEENSLAND MC,QLD
4701,CENTRAL QUEENSLAND UNIVERSITY,QLD
4627,CERATODUS,QLD
4610,CHAHPINGAH,QLD
4133,CHAMBERS FLAT,QLD
4413,CHANCES PLAIN,QLD
4155,CHANDLER,QLD
4069,CHAPEL HILL,QLD
4608,CHARLESTOWN,QLD
4470,CHARLEVILLE,QLD
4350,CHARLTON,QLD
4309,CHARLWOOD,QLD
4820,CHARTERS TOWERS,QLD
4820,CHARTERS TOWERS CITY,QLD
4570,CHATSWORTH,QLD
4702,CHEESEBOROUGH,QLD
4068,CHELMER,QLD
4606,CHELMSFORD,QLD
4740,CHELONA,QLD
4627,CHELTENHAM,QLD
4605,CHERBOURG,QLD
4032,CHERMSIDE,QLD
4032,CHERMSIDE CENTRE,QLD
4032,CHERMSIDE SOUTH,QLD
4032,CHERMSIDE WEST,QLD
4314,CHERRY CREEK,QLD
4370,CHERRY GULLY,QLD
4660,CHERWELL,QLD
4555,CHEVALLUM,QLD
4217,CHEVRON ISLAND,QLD
4880,CHEWKO,QLD
4660,CHILDERS,QLD
4871,CHILLAGOE,QLD
4413,CHINCHILLA,QLD
4285,CHINGHEE CREEK,QLD
4215,CHIRN PARK,QLD
4723,CHIRNSIDE,QLD
4285,CHRISTMAS CREEK,QLD
4311,CHURCHABLE,QLD
4305,CHURCHILL,QLD
4306,CHUWAR,QLD
4600,CINNABAR,QLD
4002,CITY EAST,QLD
4211,CLAGIRABA,QLD
4741,CLAIRVIEW,QLD
4468,CLARA CREEK,QLD
4871,CLARAVILLE,QLD
4807,CLARE,QLD
4807,CLAREDALE,QLD
4311,CLARENDON,QLD
4705,CLARKE CREEK,QLD
4011,CLAYFIELD,QLD
4226,CLEAR ISLAND WATERS,QLD
4500,CLEAR MOUNTAIN,QLD
4816,CLEMANT,QLD
4721,CLERMONT,QLD
4163,CLEVELAND,QLD
4163,CLEVELAND DC,QLD
4427,CLIFFORD,QLD
4350,CLIFFORD GARDENS,QLD
4361,CLIFTON,QLD
4879,CLIFTON BEACH,QLD
4680,CLINTON,QLD
4370,CLINTONVALE,QLD
4824,CLONCURRY,QLD
4019,CLONTARF,QLD
4357,CLONTARF,QLD
4019,CLONTARF BEACH,QLD
4019,CLONTARF DC,QLD
4520,CLOSEBURN,QLD
4605,CLOYNA,QLD
4811,CLUDEN,QLD
4309,CLUMBER,QLD
4312,COAL CREEK,QLD
4352,COALBANK,QLD
4305,COALFALLS,QLD
4621,COALSTOUN LAKES,QLD
4605,COBBS HILL,QLD
4703,COBRABALL,QLD
4419,COCKATOO,QLD
4875,COCONUT ISLAND,QLD
4860,COCONUTS,QLD
4892,COEN,QLD
4560,COES CREEK,QLD
4570,COLES CREEK,QLD
4808,COLEVALE,QLD
4307,COLEYVILLE,QLD
4314,COLINTON,QLD
4707,COLLAROY,QLD
4343,COLLEGE VIEW,QLD
4301,COLLINGWOOD PARK,QLD
4804,COLLINSVILLE,QLD
4677,COLOSSEUM,QLD
4820,COLUMBIA,QLD
4415,COLUMBOOLA,QLD
4702,COMET,QLD
4514,COMMISSIONERS FLAT,QLD
4571,COMO,QLD
4858,COMOON LOOP,QLD
4722,CONA CREEK,QLD
4416,CONDAMINE,QLD
4357,CONDAMINE FARMS,QLD
4352,CONDAMINE PLAINS,QLD
4815,CONDON,QLD
4871,CONJUBOY,QLD
4552,CONONDALE,QLD
4702,CONSUELO,QLD
4800,CONWAY,QLD
4800,CONWAY BEACH,QLD
4184,COOCHIEMUDLO ISLAND,QLD
4310,COOCHIN,QLD
4519,COOCHIN CREEK,QLD
4703,COOEE BAY,QLD
4313,COOEEIMBARDI,QLD
4895,COOKTOWN,QLD
4574,COOLABINE,QLD
4610,COOLABUNIA,QLD
4479,COOLADDI,QLD
4311,COOLANA,QLD
4225,COOLANGATTA,QLD
4850,COOLBIE,QLD
4387,COOLMUNDA,QLD
4580,COOLOOLA,QLD
4580,COOLOOLA COVE,QLD
4560,COOLOOLABIN,QLD
4573,COOLUM BEACH,QLD
4216,COOMBABAH,QLD
4209,COOMERA,QLD
4630,COOMINGLAH,QLD
4630,COOMINGLAH FOREST,QLD
4311,COOMINYA,QLD
4702,COOMOO,QLD
4422,COOMRITH,QLD
4626,COONAMBULA,QLD
4670,COONARR,QLD
4570,COONDOO,QLD
4490,COONGOOLA,QLD
4108,COOPERS PLAINS,QLD
4420,COORADA,QLD
4569,COORAN,QLD
4408,COORANGA,QLD
4565,COOROIBAH,QLD
4860,COOROO LANDS,QLD
4702,COOROOMAN,QLD
4563,COOROY,QLD
4563,COOROY MOUNTAIN,QLD
4151,COORPAROO,QLD
4151,COORPAROO DC,QLD
4860,COORUMBA,QLD
4702,COORUMBENE,QLD
4565,COOTHARABA,QLD
4702,COOWONGA,QLD
4873,COOYA BEACH,QLD
4402,COOYAR,QLD
4741,COPPABELLA,QLD
4860,COQUETTE POINT,QLD
4670,CORAL COVE,QLD
4740,CORAL SEA,QLD
4871,CORALIE,QLD
4551,CORBOULD PARK,QLD
4660,CORDALBA,QLD
4850,CORDELIA,QLD
4570,CORELLA,QLD
4733,CORFIELD,QLD
4075,CORINDA,QLD
4621,CORINGA,QLD
4610,CORNDALE,QLD
4130,CORNUBIA,QLD
4455,CORNWALL,QLD
4513,CORYMBIA,QLD
4818,COSGROVE,QLD
4723,COTHERSTONE,QLD
4350,COTSWOLD HILLS,QLD
4558,COTTON TREE,QLD
4375,COTTONVALE,QLD
4310,COULSON,QLD
4613,COVERTY,QLD
4873,COW BAY,QLD
4025,COWAN COWAN,QLD
4871,COWLEY,QLD
4871,COWLEY BEACH,QLD
4871,COWLEY CREEK,QLD
4719,CRACOW,QLD
4877,CRAIGLIE,QLD
4655,CRAIGNISH,QLD
4814,CRANBROOK,QLD
4350,CRANLEY,QLD
4610,CRAWFORD,QLD
4757,CREDITON,QLD
4740,CREMORNE,QLD
4313,CRESSBROOK,QLD
4355,CRESSBROOK CREEK,QLD
4132,CRESTMEAD,QLD
4723,CRINUM,QLD
4310,CROFTBY,QLD
4519,CROHAMHURST,QLD
4809,CROMARTY,QLD
4312,CROSSDALE,QLD
4413,CROSSROADS,QLD
4342,CROWLEY VALE,QLD
4605,CROWNTHORPE,QLD
4355,CROWS NEST,QLD
4871,CROYDON,QLD
4285,CRYNA,QLD
4800,CRYSTAL BROOK,QLD
4816,CRYSTAL CREEK,QLD
4552,CRYSTAL WATERS,QLD
4871,CRYSTALBROOK,QLD
4860,CULLINANE,QLD
4816,CUNGULLA,QLD
4490,CUNNAMULLA,QLD
4370,CUNNINGHAM,QLD
4570,CURRA,QLD
4871,CURRAJAH,QLD
4812,CURRAJONG,QLD
4552,CURRAMORE,QLD
4551,CURRIMUNDI,QLD
4223,CURRUMBIN,QLD
4223,CURRUMBIN VALLEY,QLD
4223,CURRUMBIN WATERS,QLD
4680,CURTIS ISLAND,QLD
4608,CUSHNIE,QLD
4352,CUTELLA,QLD
4490,CUTTABURRA,QLD
4627,CYNTHIA,QLD
4357,CYPRESS GARDENS,QLD
4873,DAGMAR,QLD
4570,DAGUN,QLD
4873,DAINTREE,QLD
4127,DAISY HILL,QLD
4825,DAJARRA,QLD
4503,DAKABIN,QLD
4715,DAKENBA,QLD
4807,DALBEG,QLD
4405,DALBY,QLD
4380,DALCOUTH,QLD
4630,DALGA,QLD
4621,DALLARNIL,QLD
4702,DALMA,QLD
4850,DALRYMPLE CREEK,QLD
4757,DALRYMPLE HEIGHTS,QLD
4374,DALVEEN,QLD
4415,DALWOGON,QLD
4671,DALYSFORD,QLD
4671,DAMASCUS,QLD
4849,DAMPER CREEK,QLD
4872,DANBULLA,QLD
4370,DANDEROO,QLD
4610,DANGORE,QLD
4860,DARADGEE,QLD
4455,DARGAL ROAD,QLD
4350,DARLING HEIGHTS,QLD
4285,DARLINGTON,QLD
4410,DARR CREEK,QLD
4076,DARRA,QLD
4695,DARTS CREEK,QLD
4875,DAUAN ISLAND,QLD
4855,DAVESON,QLD
4521,DAYBORO,QLD
4497,DAYMAR,QLD
4017,DEAGON,QLD
4508,DECEPTION BAY,QLD
4873,DEDIN,QLD
4306,DEEBING HEIGHTS,QLD
4625,DEEP CREEK,QLD
4674,DEEPWATER,QLD
4818,DEERAGUN,QLD
4871,DEERAL,QLD
4895,DEGARRA,QLD
4621,DEGILBO,QLD
4671,DELAN,QLD
4514,DELANEYS CREEK,QLD
4700,DEPOT HILL,QLD
4626,DERRI DERRA,QLD
4352,DERRYMORE,QLD
4871,DESAILLY,QLD
4362,DEUCHAR,QLD
4753,DEVEREUX CREEK,QLD
4401,DEVON PARK,QLD
4735,DIAMANTINA LAKES,QLD
4553,DIAMOND VALLEY,QLD
4380,DIAMONDVALE,QLD
4410,DIAMONDY,QLD
4551,DICKY BEACH,QLD
4621,DIDCOT,QLD
4559,DIDDILLIBAH,QLD
4680,DIGLUM,QLD
4872,DIMBULAH,QLD
4702,DINGO,QLD
4800,DINGO BEACH,QLD
4854,DINGO POCKET,QLD
4303,DINMORE,QLD
4625,DIRNBIR,QLD
4486,DIRRANBANDI,QLD
4800,DITTMER,QLD
4873,DIWAN,QLD
4702,DIXALEA,QLD
4892,DIXIE,QLD
4854,DJARAWONG,QLD
4852,DJIRU,QLD
4352,DJUAN,QLD
4352,DOCTOR CREEK,QLD
4740,DOLPHIN HEADS,QLD
4357,DOMVILLE,QLD
4510,DONNYBROOK,QLD
4077,DOOLANDELLA,QLD
4660,DOOLBI,QLD
4830,DOOMADGEE,QLD
4562,DOONAN,QLD
4620,DOONGUL,QLD
4820,DOTSWOOD,QLD
4671,DOUGHBOY,QLD
4354,DOUGLAS,QLD
4814,DOUGLAS,QLD
4875,DOWAR ISLET,QLD
4570,DOWNSFIELD,QLD
4754,DOWS CREEK,QLD
4520,DRAPER,QLD
4350,DRAYTON,QLD
4350,DRAYTON NORTH,QLD
4116,DREWVALE,QLD
4424,DRILLHAM,QLD
4424,DRILLHAM SOUTH,QLD
4671,DRINAN,QLD
4718,DROMEDARY,QLD
4712,DUARINGA,QLD
4825,DUCHESS,QLD
4650,DUCKINWILLA,QLD
4405,DUCKLO,QLD
4310,DUGANDAN,QLD
4671,DUINGAL,QLD
4425,DULACCA,QLD
4560,DULONG,QLD
4702,DULULU,QLD
4740,DUMBLETON,QLD
4715,DUMGREE,QLD
4702,DUMPY CREEK,QLD
4625,DUNDARRAH,QLD
4306,DUNDAS,QLD
4650,DUNDATHU,QLD
4655,DUNDOWRAN,QLD
4655,DUNDOWRAN BEACH,QLD
4852,DUNK,QLD
4465,DUNKELD,QLD
4650,DUNMORA,QLD
4407,DUNMORE,QLD
4740,DUNNROCK,QLD
4183,DUNWICH,QLD
4077,DURACK,QLD
4413,DURAH,QLD
4492,DURHAM,QLD
4454,DURHAM DOWNS,QLD
4610,DURONG,QLD
4102,DUTTON PARK,QLD
4821,DUTTON RIVER,QLD
4626,DYKEHEAD,QLD
4745,DYSART,QLD
4009,EAGLE FARM,QLD
4009,EAGLE FARM BC,QLD
4271,EAGLE HEIGHTS,QLD
4207,EAGLEBY,QLD
4742,EAGLEFIELD,QLD
4870,EARLVILLE,QLD
4883,EAST BARRON,QLD
4169,EAST BRISBANE,QLD
4353,EAST COOYAR,QLD
4871,EAST CREEK,QLD
4570,EAST DEEP CREEK,QLD
4695,EAST END,QLD
4854,EAST FELUGA,QLD
4359,EAST GREENMOUNT,QLD
4343,EAST HALDON,QLD
4860,EAST INNISFAIL,QLD
4305,EAST IPSWICH,QLD
4740,EAST MACKAY,QLD
4615,EAST NANANGO,QLD
4860,EAST PALMERSTON,QLD
4861,EAST RUSSELL,QLD
4350,EAST TOOWOOMBA,QLD
4871,EAST TRINITY,QLD
4305,EASTERN HEIGHTS,QLD
4860,EATON,QLD
4037,EATONS HILL,QLD
4304,EBBW VALE,QLD
4340,EBENEZER,QLD
4207,EDENS LANDING,QLD
4870,EDGE HILL,QLD
4869,EDMONTON,QLD
4892,EDWARD RIVER,QLD
4562,EERWAH VALE,QLD
4344,EGYPT,QLD
4627,EIDSVOLD,QLD
4627,EIDSVOLD EAST,QLD
4627,EIDSVOLD WEST,QLD
4807,EIGHT MILE CREEK,QLD
4113,EIGHT MILE PLAINS,QLD
4740,EIMEO,QLD
4871,EINASLEIGH,QLD
4855,EL ARISH,QLD
4552,ELAMAN CREEK,QLD
4221,ELANORA,QLD
4370,ELBOW VALLEY,QLD
4670,ELECTRA,QLD
4721,ELGIN,QLD
4615,ELGIN VALE,QLD
4655,ELI WATERS,QLD
4516,ELIMBAH,QLD
4361,ELLANGOWAN,QLD
4078,ELLEN GROVE,QLD
4849,ELLERBECK,QLD
4610,ELLESMERE,QLD
4886,ELLINJAA,QLD
4362,ELLINTHORP,QLD
4670,ELLIOTT,QLD
4670,ELLIOTT HEADS,QLD
4879,ELLIS BEACH,QLD
4361,ELPHINSTONE,QLD
4742,ELPHINSTONE,QLD
4720,EMERALD,QLD
4355,EMU CREEK,QLD
4710,EMU PARK,QLD
4371,EMU VALE,QLD
4306,ENGLAND CREEK,QLD
4051,ENOGGERA,QLD
4520,ENOGGERA RESERVOIR,QLD
4741,EPSOM,QLD
4740,ERAKALA,QLD
4480,EROMANGA,QLD
4875,ERUB ISLAND,QLD
4312,ESK,QLD
4312,ESKDALE,QLD
4871,ESMERALDA,QLD
4702,ETNA CREEK,QLD
4741,ETON,QLD
4858,ETTY BAY,QLD
4860,EUBENANGEE,QLD
4554,EUDLO,QLD
4380,EUKEY,QLD
4674,EULEILAH,QLD
4491,EULO,QLD
4455,EUMAMURRIN,QLD
4562,EUMUNDI,QLD
4757,EUNGELLA,QLD
4757,EUNGELLA DAM,QLD
4741,EUNGELLA HINTERLAND,QLD
4854,EURAMO,QLD
4660,EUREKA,QLD
4462,EURELLA,QLD
4677,EURIMBULA,QLD
4420,EUROMBAH,QLD
4581,EURONG,QLD
4455,EUTHULLA,QLD
4874,EVANS LANDING,QLD
4356,EVANSLEA,QLD
4888,EVELYN,QLD
4352,EVERGREEN,QLD
4053,EVERTON HILLS,QLD
4053,EVERTON PARK,QLD
4606,FAIRDALE,QLD
4103,FAIRFIELD,QLD
4103,FAIRFIELD GARDENS,QLD
4306,FAIRNEY VIEW,QLD
4700,FAIRY BOWER,QLD
4413,FAIRYLAND,QLD
4670,FAIRYMEAD,QLD
4741,FARLEIGH,QLD
4703,FARNBOROUGH,QLD
4660,FARNSFIELD,QLD
4481,FARRARS CREEK,QLD
4309,FASSIFERN,QLD
4309,FASSIFERN VALLEY,QLD
4568,FEDERAL,QLD
4358,FELTON,QLD
4358,FELTON SOUTH,QLD
4854,FELUGA,QLD
4650,FERNEY,QLD
4306,FERNVALE,QLD
4275,FERNY GLEN,QLD
4055,FERNY GROVE,QLD
4055,FERNY HILLS,QLD
4055,FERNY HILLS DC,QLD
4606,FICKS CROSSING,QLD
4825,FIELDING,QLD
4352,FIFTEEN MILE,QLD
4069,FIG TREE POCKET,QLD
4756,FINCH HATTON,QLD
4873,FINLAYVALE,QLD
4350,FINNIE,QLD
4825,FISHER,QLD
4570,FISHERMANS POCKET,QLD
4871,FISHERY FALLS,QLD
4860,FITZGERALD CREEK,QLD
4018,FITZGIBBON,QLD
4871,FITZROY ISLAND,QLD
4280,FLAGSTONE,QLD
4344,FLAGSTONE CREEK,QLD
4802,FLAMETREE,QLD
4560,FLAXTON,QLD
4381,FLETCHER,QLD
4714,FLETCHER CREEK,QLD
4375,FLEURBAIX,QLD
4285,FLINDERS LAKES,QLD
4305,FLINDERS VIEW,QLD
4422,FLINTON,QLD
4819,FLORENCE BAY,QLD
4860,FLYING FISH POINT,QLD
4275,FLYING FOX,QLD
4343,FORDSDALE,QLD
4678,FORESHORES,QLD
4873,FOREST CREEK,QLD
4556,FOREST GLEN,QLD
4342,FOREST HILL,QLD
4078,FOREST LAKE,QLD
4357,FOREST RIDGE,QLD
4362,FOREST SPRINGS,QLD
4118,FORESTDALE,QLD
4850,FORESTHOME,QLD
4465,FORESTVALE,QLD
4723,FORK LAGOONS,QLD
4404,FORMARTIN,QLD
4850,FORREST BEACH,QLD
4871,FORSAYTH,QLD
4006,FORTITUDE VALLEY,QLD
4872,FORTY MILE,QLD
4871,FOSSILBROOK,QLD
4740,FOULDEN,QLD
4824,FOUR WAYS,QLD
4800,FOXDALE,QLD
4721,FRANKFIELD,QLD
4309,FRAZERVIEW,QLD
4806,FREDERICKSFIELD,QLD
4370,FREESTONE,QLD
4310,FRENCHES CREEK,QLD
4701,FRENCHVILLE,QLD
4870,FRESHWATER,QLD
4737,FRESHWATER POINT,QLD
4855,FRIDAY POCKET,QLD
4313,FULHAM,QLD
4884,GADGARRA,QLD
4671,GAETA,QLD
4551,GAGALBA,QLD
4300,GAILES,QLD
4702,GAINSFORD,QLD
4850,GAIRLOCH,QLD
4892,GAMBOOLA,QLD
4830,GANGALIDDA,QLD
4814,GARBUTT,QLD
4814,GARBUTT EAST,QLD
4741,GARGETT,QLD
4702,GARNANT,QLD
4852,GARNERS BEACH,QLD
4860,GARRADUNGA,QLD
4850,GARRAWALT,QLD
4343,GATTON,QLD
4345,GATTON COLLEGE,QLD
4211,GAVEN,QLD
4625,GAYNDAH,QLD
4051,GAYTHORNE,QLD
4034,GEEBUNG,QLD
4352,GEHAM,QLD
4721,GEMINI MOUNTAINS,QLD
4003,GEORGE STREET,QLD
4871,GEORGETOWN,QLD
4825,GEORGINA,QLD
4871,GERMANTOWN,QLD
4574,GHEERULLA,QLD
4420,GHINGHINDA,QLD
4824,GIDYA,QLD
4620,GIGOOMGAN,QLD
4871,GILBERT RIVER,QLD
4208,GILBERTON,QLD
4871,GILBERTON,QLD
4314,GILLA,QLD
4570,GILLDORA,QLD
4211,GILSTON,QLD
4671,GIN GIN,QLD
4702,GINDIE,QLD
4676,GINDORAN,QLD
4625,GINOONDAN,QLD
4382,GIRRAWEEN,QLD
4809,GIRU,QLD
4670,GIVELDA,QLD
4370,GLADFIELD,QLD
4680,GLADSTONE,QLD
4680,GLADSTONE CENTRAL,QLD
4680,GLADSTONE DC,QLD
4680,GLADSTONE HARBOUR,QLD
4306,GLAMORGAN VALE,QLD
4615,GLAN DEVON,QLD
4570,GLANMIRE,QLD
4518,GLASS HOUSE MOUNTAINS,QLD
4570,GLASTONBURY,QLD
4420,GLEBE,QLD
4885,GLEN ALLYN,QLD
4381,GLEN APLIN,QLD
4871,GLEN BOUGHTON,QLD
4342,GLEN CAIRN,QLD
4570,GLEN ECHO,QLD
4680,GLEN EDEN,QLD
4312,GLEN ESK,QLD
4800,GLEN ISLA,QLD
4377,GLEN NIVEN,QLD
4880,GLEN RUSSELL,QLD
4872,GLEN RUTH,QLD
4385,GLENARBON,QLD
4424,GLENAUBYN,QLD
4355,GLENAVEN,QLD
4620,GLENBAR,QLD
4352,GLENCOE,QLD
4711,GLENDALE,QLD
4743,GLENDEN,QLD
4285,GLENEAGLE,QLD
4740,GLENELLA,QLD
4515,GLENFERN,QLD
4370,GLENGALLAN,QLD
4420,GLENHAUGHTON,QLD
4711,GLENLEE,QLD
4630,GLENLEIGH,QLD
4280,GLENLOGAN,QLD
4380,GLENLYON,QLD
4719,GLENMORAL,QLD
4423,GLENMORGAN,QLD
4650,GLENORCHY,QLD
4342,GLENORE GROVE,QLD
4626,GLENRAE,QLD
4605,GLENROCK,QLD
4702,GLENROY,QLD
4350,GLENVALE,QLD
4553,GLENVIEW,QLD
4570,GLENWOOD,QLD
4511,GODWIN BEACH,QLD
4702,GOGANGO,QLD
9726,GOLD COAST MC,QLD
4551,GOLDEN BEACH,QLD
4621,GOLDEN FLEECE,QLD
4380,GOLDFIELDS,QLD
4865,GOLDSBOROUGH,QLD
4670,GOOBURRUM,QLD
4671,GOOD NIGHT,QLD
4390,GOODAR,QLD
4610,GOODGER,QLD
4300,GOODNA,QLD
4660,GOODWOOD,QLD
4314,GOOGA CREEK,QLD
4856,GOOLBOO,QLD
4306,GOOLMAN,QLD
4702,GOOMALLY,QLD
4413,GOOMBI,QLD
4570,GOOMBOORIAN,QLD
4354,GOOMBUNGEE,QLD
4362,GOOMBURRA,QLD
4601,GOOMERI,QLD
4601,GOOMERIBONG,QLD
4860,GOONDI,QLD
4860,GOONDI BEND,QLD
4860,GOONDI HILL,QLD
4390,GOONDIWINDI,QLD
4800,GOORGANGA CREEK,QLD
4800,GOORGANGA PLAINS,QLD
4625,GOOROOLBA,QLD
4650,GOOTCHIE,QLD
4702,GOOVIGEN,QLD
4702,GOOWARRA,QLD
4421,GORANBA,QLD
4031,GORDON PARK,QLD
4610,GORDONBROOK,QLD
4702,GORDONSTONE,QLD
4865,GORDONVALE,QLD
4352,GORE,QLD
4352,GOWRIE JUNCTION,QLD
4352,GOWRIE LITTLE PLAIN,QLD
4350,GOWRIE MOUNTAIN,QLD
4470,GOWRIE STATION,QLD
4702,GRACEMERE,QLD
4075,GRACEVILLE,QLD
4075,GRACEVILLE EAST,QLD
4650,GRAHAMS CREEK,QLD
4855,GRANADILLA,QLD
4820,GRAND SECRET,QLD
4340,GRANDCHESTER,QLD
4051,GRANGE,QLD
4815,GRANITE VALE,QLD
4347,GRANTHAM,QLD
4650,GRANVILLE,QLD
4352,GRAPETREE,QLD
4405,GRASSDALE,QLD
4740,GRASSTREE BEACH,QLD
4357,GRAYS GATE,QLD
4700,GREAT KEPPEL ISLAND,QLD
4655,GREAT SANDY STRAIT,QLD
4865,GREEN HILL,QLD
4871,GREEN ISLAND,QLD
4124,GREENBANK,QLD
4701,GREENLAKE,QLD
4380,GREENLANDS,QLD
4359,GREENMOUNT,QLD
4751,GREENMOUNT,QLD
4570,GREENS CREEK,QLD
4120,GREENSLOPES,QLD
4513,GREENSTONE,QLD
4413,GREENSWAMP,QLD
4387,GREENUP,QLD
4816,GREENVALE,QLD
4606,GREENVIEW,QLD
4401,GREENWOOD,QLD
4313,GREGORS CREEK,QLD
4830,GREGORY,QLD
4660,GREGORY RIVER,QLD
4800,GREGORY RIVER,QLD
4715,GREYCLIFFE,QLD
4370,GREYMARE,QLD
4503,GRIFFIN,QLD
4222,GRIFFITH UNIVERSITY,QLD
4892,GROGANVILLE,QLD
4352,GROOMSVILLE,QLD
4806,GROPER CREEK,QLD
4419,GROSMONT,QLD
4627,GROSVENOR,QLD
4210,GUANABA,QLD
4875,GUIJAR ISLET,QLD
4812,GULLIVER,QLD
4855,GULNGAI,QLD
4418,GULUGUBA,QLD
4154,GUMDALE,QLD
4815,GUMLOW,QLD
4805,GUMLU,QLD
4570,GUNALDA,QLD
4650,GUNDIAH,QLD
4620,GUNGALOON,QLD
4872,GUNNAWARRA,QLD
4455,GUNNEWIN,QLD
4825,GUNPOWDER,QLD
4892,GUNUNA,QLD
4800,GUNYARRA,QLD
4626,GURGEENA,QLD
4415,GURULMUNDI,QLD
4805,GUTHALUNGRA,QLD
4420,GWAMBEGWINE,QLD
4570,GYMPIE,QLD
4570,GYMPIE DC,QLD
4740,HABANA,QLD
4353,HADEN,QLD
4306,HAIGSLEA,QLD
4742,HAIL CREEK,QLD
4740,HALIDAY BAY,QLD
4850,HALIFAX,QLD
4406,HALLIFORD,QLD
4610,HALY CREEK,QLD
4007,HAMILTON,QLD
4007,HAMILTON CENTRAL,QLD
4714,HAMILTON CREEK,QLD
4803,HAMILTON ISLAND,QLD
4800,HAMILTON PLAINS,QLD
4741,HAMPDEN,QLD
4352,HAMPTON,QLD
4406,HANNAFORD,QLD
4825,HAPPY VALLEY,QLD
4350,HARLAXTON,QLD
4314,HARLIN,QLD
4630,HARRAMI,QLD
4625,HARRIET,QLD
4350,HARRISTOWN,QLD
4307,HARRISVILLE,QLD
4341,HATTON VALE,QLD
4850,HAWKINS CREEK,QLD
4626,HAWKWOOD,QLD
4171,HAWTHORNE,QLD
4740,HAY POINT,QLD
4515,HAZELDEAN,QLD
4741,HAZLEDEAN,QLD
4361,HEADINGTON HILL,QLD
4825,HEALY,QLD
4110,HEATHWOOD,QLD
4110,HEATHWOOD DF,QLD
4814,HEATLEY,QLD
4486,HEBEL,QLD
4850,HELENS HILL,QLD
4212,HELENSVALE,QLD
4212,HELENSVALE TOWN CENTRE,QLD
4895,HELENVALE,QLD
4344,HELIDON,QLD
4344,HELIDON SPA,QLD
4174,HEMMANT,QLD
4362,HENDON,QLD
4011,HENDRA,QLD
4887,HERBERTON,QLD
4118,HERITAGE PARK,QLD
4812,HERMIT PARK,QLD
4680,HERON ISLAND,QLD
4006,HERSTON,QLD
4655,HERVEY BAY,QLD
4655,HERVEY BAY DC,QLD
4817,HERVEY RANGE,QLD
4723,HIBERNIA,QLD
4703,HIDDEN VALLEY,QLD
4800,HIDEAWAY BAY,QLD
4892,HIGHBURY,QLD
4352,HIGHFIELDS,QLD
4101,HIGHGATE HILL,QLD
4352,HIGHGROVE,QLD
4211,HIGHLAND PARK,QLD
4401,HIGHLAND PLAINS,QLD
4454,HIGHLAND PLAINS,QLD
4520,HIGHVALE,QLD
4560,HIGHWORTH,QLD
4118,HILLCREST,QLD
4285,HILLVIEW,QLD
4849,HINCHINBROOK,QLD
4359,HIRSTGLEN,QLD
4612,HIVESVILLE,QLD
4610,HODGLEIGH,QLD
4455,HODGSON,QLD
4352,HODGSON VALE,QLD
4121,HOLLAND PARK,QLD
4121,HOLLAND PARK EAST,QLD
4121,HOLLAND PARK WEST,QLD
4878,HOLLOWAYS BEACH,QLD
4216,HOLLYWELL,QLD
4207,HOLMVIEW,QLD
4892,HOLROYD RIVER,QLD
4806,HOME HILL,QLD
4740,HOMEBUSH,QLD
4816,HOMESTEAD,QLD
4415,HOOKSWOOD,QLD
4212,HOPE ISLAND,QLD
4895,HOPE VALE,QLD
4413,HOPELAND,QLD
4875,HORN,QLD
4671,HORSE CAMP,QLD
4714,HORSE CREEK,QLD
4819,HORSESHOE BAY,QLD
4809,HORSESHOE LAGOON,QLD
4660,HORTON,QLD
4659,HOWARD,QLD
4890,HOWITT,QLD
4310,HOYA,QLD
4860,HUDSON,QLD
4821,HUGHENDEN,QLD
4854,HULL HEADS,QLD
4702,HUMBOLDT,QLD
4490,HUMEBURN,QLD
4625,HUMPHERY,QLD
4555,HUNCHY,QLD
4493,HUNGERFORD,QLD
4871,HURRICANE,QLD
4454,HUTTON CREEK,QLD
4812,HYDE PARK,QLD
4875,IAMA ISLAND,QLD
4811,IDALIA,QLD
4625,IDERAWAY,QLD
4738,ILBILBIE,QLD
4727,ILFRACOMBE,QLD
4554,ILKLEY,QLD
4275,ILLINBAH,QLD
4560,IMAGE FLAT,QLD
4570,IMBIL,QLD
4077,INALA,QLD
4077,INALA HEIGHTS,QLD
4068,INDOOROOPILLY,QLD
4068,INDOOROOPILLY CENTRE,QLD
4850,INGHAM,QLD
4422,INGLESTONE,QLD
4387,INGLEWOOD,QLD
4343,INGOLDSBY,QLD
4876,INJINOO,QLD
4454,INJUNE,QLD
4806,INKERMAN,QLD
4670,INNES PARK,QLD
4860,INNISFAIL,QLD
4860,INNISFAIL ESTATE,QLD
4285,INNISPLAIN,QLD
4872,INNOT HOT SPRINGS,QLD
4581,INSKIP,QLD
4610,INVERLAW,QLD
4703,INVERNESS,QLD
4305,IPSWICH,QLD
4344,IREDALE,QLD
4892,IRON RANGE,QLD
4306,IRONBARK,QLD
4356,IRONGATE,QLD
4610,IRONPOT,QLD
4701,IRONPOT,QLD
4887,IRVINEBANK,QLD
4404,IRVINGDALE,QLD
4660,ISIS CENTRAL,QLD
4660,ISIS RIVER,QLD
4731,ISISFORD,QLD
4719,ISLA,QLD
4650,ISLAND PLANTATION,QLD
4217,ISLE OF CAPRI,QLD
4680,IVERAGH,QLD
4313,IVORY CREEK,QLD
4426,JACKSON,QLD
4426,JACKSON NORTH,QLD
4426,JACKSON SOUTH,QLD
4208,JACOBS WELL,QLD
4855,JAFFA,QLD
4885,JAGGAN,QLD
4702,JAMBIN,QLD
4074,JAMBOREE HEIGHTS,QLD
4811,JAMES COOK UNIVERSITY,QLD
4410,JANDOWAE,QLD
4856,JAPOONVALE,QLD
4702,JARDINE,QLD
4874,JARDINE RIVER,QLD
4854,JARRA CREEK,QLD
4807,JARVISFIELD,QLD
4340,JEEBROPILLY,QLD
4702,JELLINBAH,QLD
4818,JENSEN,QLD
4728,JERICHO,QLD
4809,JERONA,QLD
4280,JIMBOOMBA,QLD
4406,JIMBOUR,QLD
4406,JIMBOUR EAST,QLD
4406,JIMBOUR WEST,QLD
4515,JIMNA,QLD
4074,JINDALEE,QLD
4410,JINGHI,QLD
4490,JOBS GATE,QLD
4714,JOHNSONS HILL,QLD
4615,JOHNSTOWN,QLD
4520,JOLLYS LOOKOUT,QLD
4403,JONDARYAN,QLD
4355,JONES GULLY,QLD
4570,JONES HILL,QLD
4285,JOSEPHVILLE,QLD
4702,JOSKELEIGH,QLD
4500,JOYNER,QLD
4860,JUBILEE HEIGHTS,QLD
4802,JUBILEE POCKET,QLD
4816,JULAGO,QLD
4871,JULATTEN,QLD
4823,JULIA CREEK,QLD
4370,JUNABEE,QLD
4343,JUNCTION VIEW,QLD
4736,JUNDAH,QLD
4888,KABAN,QLD
4702,KABRA,QLD
4285,KAGARU,QLD
4406,KAIMKILLENBUN,QLD
4872,KAIRI,QLD
4702,KALAPA,QLD
4309,KALBAR,QLD
4030,KALINGA,QLD
4825,KALKADOON,QLD
4670,KALKIE,QLD
4503,KALLANGUR,QLD
4630,KALPOWAR,QLD
4887,KALUNGA,QLD
4870,KAMERUNGA,QLD
4570,KANDANGA,QLD
4570,KANDANGA CREEK,QLD
4169,KANGAROO POINT,QLD
4570,KANIGAN,QLD
4870,KANIMBLA,QLD
4630,KAPALDO,QLD
4306,KARALEE,QLD
4306,KARANA DOWNS,QLD
4352,KARARA,QLD
4117,KARAWATHA,QLD
4306,KARRABIN,QLD
4184,KARRAGARRA ISLAND,QLD
4871,KARRON,QLD
4891,KARUMBA,QLD
4701,KAWANA,QLD
4612,KAWL KAWL,QLD
4655,KAWUNGAN,QLD
4350,KEARNEYS SPRING,QLD
4031,KEDRON,QLD
4800,KELSEY CREEK,QLD
4815,KELSO,QLD
4059,KELVIN GROVE,QLD
4059,KELVIN GROVE DC,QLD
4401,KELVINHAUGH,QLD
4742,KEMMIS,QLD
4574,KENILWORTH,QLD
4069,KENMORE,QLD
4069,KENMORE DC,QLD
4069,KENMORE EAST,QLD
4069,KENMORE HILLS,QLD
4849,KENNEDY,QLD
4670,KENSINGTON,QLD
4341,KENSINGTON GROVE,QLD
4309,KENTS LAGOON,QLD
4310,KENTS POCKET,QLD
4341,KENTVILLE,QLD
4054,KEPERRA,QLD
4670,KEPNOCK,QLD
4702,KEPPEL SANDS,QLD
4875,KERIRI ISLAND,QLD
4285,KERRY,QLD
4740,KESWICK ISLAND,QLD
4879,KEWARRA BEACH,QLD
4612,KEYSLAND,QLD
4306,KHOLO,QLD
4723,KHOSH BULDUK,QLD
4570,KIA ORA,QLD
4560,KIAMBA,QLD
4718,KIANGA,QLD
4574,KIDAMAN CREEK,QLD
4559,KIELS MOUNTAIN,QLD
4354,KILBIRNIE,QLD
4515,KILCOY,QLD
4721,KILCUMMIN,QLD
4600,KILKIVAN,QLD
4877,KILLALOE,QLD
4373,KILLARNEY,QLD
4465,KILMOREY FALLS,QLD
4873,KIMBERLEY,QLD
4571,KIN KIN,QLD
4680,KIN KORA,QLD
4601,KINBOMBI,QLD
4741,KINCHANT DAM,QLD
4356,KINCORA,QLD
4390,KINDON,QLD
4521,KING SCRUB,QLD
4515,KINGAHAM,QLD
4610,KINGAROY,QLD
4610,KINGAROY DC,QLD
4655,KINGFISHER BAY RESORT,QLD
4551,KINGS BEACH,QLD
4361,KINGS CREEK,QLD
4401,KINGS SIDING,QLD
4208,KINGSHOLME,QLD
4400,KINGSTHORPE,QLD
4114,KINGSTON,QLD
4703,KINKA BEACH,QLD
4670,KINKUNA,QLD
4613,KINLEYMORE,QLD
4420,KINNOUL,QLD
4498,KIOMA,QLD
4021,KIPPA-RING,QLD
4806,KIRKNIE,QLD
4680,KIRKWOOD,QLD
4872,KIRRAMA,QLD
4817,KIRWAN,QLD
4605,KITOBA,QLD
4352,KLEINTON,QLD
4285,KNAPP CREEK,QLD
4881,KOAH,QLD
4520,KOBBLE CREEK,QLD
4406,KOGAN,QLD
4702,KOKOTUNGO,QLD
4671,KOLONGA,QLD
4872,KOOMBOOLOOMBA,QLD
4701,KOONGAL,QLD
4285,KOORALBYN,QLD
4402,KOORALGIN,QLD
4025,KOORINGAL,QLD
4854,KOOROOMOOL,QLD
4357,KOOROONGARRA,QLD
4738,KOUMALA,QLD
4892,KOWANYAMA,QLD
4415,KOWGURAN,QLD
4413,KRAGRA,QLD
4875,KUBIN,QLD
4560,KULANGOOR,QLD
4309,KULGUN,QLD
4660,KULLOGUM,QLD
4352,KULPI,QLD
4558,KULUIN,QLD
4405,KUMBARILLA,QLD
4610,KUMBIA,QLD
4556,KUNDA PARK,QLD
4615,KUNIOON,QLD
4702,KUNWARARA,QLD
4112,KURABY,QLD
4881,KURANDA,QLD
4560,KUREELPA,QLD
4885,KUREEN,QLD
4824,KURIDALA,QLD
4871,KURRIMINE BEACH,QLD
4352,KURROWAH,QLD
4388,KURUMBUL,QLD
4503,KURWONGBAH,QLD
4741,KUTTABUL,QLD
4570,KYBONG,QLD
4823,KYNUNA,QLD
4380,KYOOMBA,QLD
4215,LABRADOR,QLD
4521,LACEYS CREEK,QLD
4721,LAGLAN,QLD
4570,LAGOON POCKET,QLD
4800,LAGUNA QUAYS,QLD
4341,LAIDLEY,QLD
4341,LAIDLEY CREEK WEST,QLD
4341,LAIDLEY HEIGHTS,QLD
4341,LAIDLEY NORTH,QLD
4341,LAIDLEY SOUTH,QLD
4884,LAKE BARRINE,QLD
4570,LAKE BORUMBA,QLD
4343,LAKE CLARENDON,QLD
4884,LAKE EACHAM,QLD
4563,LAKE MACDONALD,QLD
4306,LAKE MANCHESTER,QLD
4703,LAKE MARY,QLD
4671,LAKE MONDURAN,QLD
4800,LAKE PROSERPINE,QLD
4872,LAKE TINAROO,QLD
4311,LAKE WIVENHOE,QLD
4892,LAKEFIELD,QLD
4871,LAKELAND,QLD
4871,LAKELAND DOWNS,QLD
4701,LAKES CREEK,QLD
4621,LAKESIDE,QLD
4184,LAMB ISLAND,QLD
4870,LAMB RANGE,QLD
4285,LAMINGTON,QLD
4703,LAMMERMOOR,QLD
4555,LANDERS SHOOT,QLD
4550,LANDSBOROUGH,QLD
4340,LANEFIELD,QLD
4410,LANGLANDS,QLD
4630,LANGLEY,QLD
4470,LANGLO,QLD
4570,LANGSHAW,QLD
4850,LANNERCOST,QLD
4478,LANSDOWNE,QLD
4825,LANSKEY,QLD
4110,LARAPINTA,QLD
4285,LARAVALE,QLD
4306,LARK HILL,QLD
4892,LAURA,QLD
4357,LAVELLE,QLD
4343,LAWES,QLD
4716,LAWGI DAWES,QLD
4825,LAWN HILL,QLD
4501,LAWNTON,QLD
4606,LEAFDALE,QLD
4343,LEFTHAND BRANCH,QLD
4305,LEICHHARDT,QLD
4357,LEMONTREE,QLD
4370,LESLIE,QLD
4370,LESLIE DAM,QLD
4800,LETHEBROOK,QLD
4365,LEYBURN,QLD
4714,LEYDENS HILL,QLD
4344,LILYDALE,QLD
4352,LILYVALE,QLD
4723,LILYVALE,QLD
4513,LILYWOOD,QLD
4714,LIMESTONE,QLD
4701,LIMESTONE CREEK,QLD
4305,LIMESTONE RIDGES,QLD
4384,LIMEVALE,QLD
4490,LINDEN,QLD
4356,LINTHORPE,QLD
4314,LINVILLE,QLD
4551,LITTLE MOUNTAIN,QLD
4865,LITTLE MULGRAVE,QLD
4892,LIZARD,QLD
4820,LLANARTH,QLD
4370,LOCH LOMOND,QLD
4720,LOCHINGTON,QLD
4892,LOCKHART RIVER,QLD
4342,LOCKROSE,QLD
4344,LOCKYER,QLD
4311,LOCKYER WATERS,QLD
4114,LOGAN CENTRAL,QLD
4114,LOGAN CITY DC,QLD
4133,LOGAN RESERVE,QLD
4207,LOGAN VILLAGE,QLD
4129,LOGANHOLME,QLD
4129,LOGANHOLME DC,QLD
4131,LOGANLEA,QLD
4719,LONESOME CREEK,QLD
4570,LONG FLAT,QLD
4850,LONG POCKET,QLD
4730,LONGREACH,QLD
4179,LOTA,QLD
4705,LOTUS CREEK,QLD
4873,LOW ISLES,QLD
4211,LOWER BEECHMONT,QLD
4871,LOWER COWLEY,QLD
4313,LOWER CRESSBROOK,QLD
4873,LOWER DAINTREE,QLD
4340,LOWER MOUNT WALKER,QLD
4343,LOWER TENTHILL,QLD
4854,LOWER TULLY,QLD
4570,LOWER WONGA,QLD
4702,LOWESBY,QLD
4723,LOWESTOFF,QLD
4676,LOWMEAD,QLD
4311,LOWOOD,QLD
4850,LUCINDA,QLD
4478,LUMEAH,QLD
4849,LUMHOLTZ,QLD
4390,LUNDAVRA,QLD
4207,LUSCOMBE,QLD
4030,LUTWYCHE,QLD
4818,LYNAM,QLD
4871,LYNDHURST,QLD
4892,LYNDSIDE,QLD
4342,LYNFORD,QLD
4124,LYONS,QLD
4382,LYRA,QLD
4178,LYTTON,QLD
4347,MA MA CREEK,QLD
4855,MAADI,QLD
4886,MAALAN,QLD
4650,MAAROOM,QLD
4875,MABUIAG ISLAND,QLD
4406,MACALISTER,QLD
4871,MACALISTER RANGE,QLD
4478,MACFARLANE,QLD
4109,MACGREGOR,QLD
4878,MACHANS BEACH,QLD
4695,MACHINE CREEK,QLD
4740,MACKAY,QLD
4740,MACKAY CANELAND,QLD
4740,MACKAY DC,QLD
4740,MACKAY HARBOUR,QLD
4741,MACKAY MC,QLD
4740,MACKAY NORTH,QLD
4740,MACKAY SOUTH,QLD
4740,MACKAY WEST,QLD
4156,MACKENZIE,QLD
4702,MACKENZIE,QLD
4705,MACKENZIE RIVER,QLD
4850,MACKNADE,QLD
4352,MACLAGAN,QLD
4184,MACLEAY ISLAND,QLD
4819,MAGNETIC ISLAND,QLD
4650,MAGNOLIA,QLD
4385,MAIDENHEAD,QLD
4615,MAIDENWELL,QLD
4217,MAIN BEACH,QLD
4816,MAJORS CREEK,QLD
4885,MALANDA,QLD
4620,MALARGA,QLD
4552,MALENY,QLD
4352,MALLING,QLD
4627,MALMOE,QLD
4816,MALPAS-TRENTON,QLD
4403,MALU,QLD
4871,MAMU,QLD
4361,MANAPOURI,QLD
4802,MANDALAY,QLD
4509,MANGO HILL,QLD
4179,MANLY,QLD
4179,MANLY WEST,QLD
4610,MANNUEM,QLD
4870,MANOORA,QLD
4122,MANSFIELD,QLD
4122,MANSFIELD BC,QLD
4122,MANSFIELD DC,QLD
4722,MANTUAN DOWNS,QLD
4601,MANUMBAR,QLD
4870,MANUNDA,QLD
4605,MANYUNG,QLD
4560,MAPLETON,QLD
4874,MAPOON,QLD
4892,MARAMIE,QLD
4821,MARATHON,QLD
4346,MARBURG,QLD
4564,MARCOOLA,QLD
4573,MARCUS BEACH,QLD
4880,MAREEBA,QLD
4019,MARGATE,QLD
4019,MARGATE BEACH,QLD
4855,MARIA CREEKS,QLD
4753,MARIAN,QLD
4705,MARLBOROUGH,QLD
4405,MARMADUA,QLD
4702,MARMOR,QLD
4570,MARODIAN,QLD
4561,MAROOCHY RIVER,QLD
4558,MAROOCHYDORE,QLD
4558,MAROOCHYDORE BC,QLD
4558,MAROOCHYDORE DC,QLD
4310,MAROON,QLD
4671,MAROONDAN,QLD
4132,MARSDEN,QLD
4611,MARSHLANDS,QLD
4858,MARTYVILLE,QLD
4650,MARYBOROUGH,QLD
4650,MARYBOROUGH DC,QLD
4650,MARYBOROUGH WEST,QLD
4570,MARYS CREEK,QLD
4370,MARYVALE,QLD
4703,MARYVALE,QLD
4875,MASIG ISLAND,QLD
4370,MASSIE,QLD
4210,MAUDSLAND,QLD
4822,MAXWELTON,QLD
4746,MAY DOWNS,QLD
4856,MCCUTCHEON,QLD
4807,MCDESME,QLD
4053,MCDOWALL,QLD
4740,MCEWENS BEACH,QLD
4671,MCILWRAITH,QLD
4570,MCINTOSH CREEK,QLD
4823,MCKINLAY,QLD
4131,MEADOWBROOK,QLD
4670,MEADOWVALE,QLD
4422,MEANDARRA,QLD
4703,MEIKLEVILLE HILL,QLD
4570,MELAWONDI,QLD
4510,MELDALE,QLD
4613,MELROSE,QLD
4610,MEMERAMBI,QLD
4871,MENA CREEK,QLD
4798,MENTMORE,QLD
4825,MENZIES,QLD
4875,MER ISLAND,QLD
4551,MERIDAN PLAINS,QLD
4805,MERINDA,QLD
4352,MERINGANDAN,QLD
4352,MERINGANDAN WEST,QLD
4605,MERLWOOD,QLD
4218,MERMAID BEACH,QLD
4218,MERMAID WATERS,QLD
4226,MERRIMAC,QLD
4352,MERRITTS CREEK,QLD
4854,MERRYBURN,QLD
4340,MERRYVALE,QLD
4754,MIA MIA,QLD
4873,MIALLO,QLD
4220,MIAMI,QLD
4673,MIARA,QLD
4825,MICA CREEK,QLD
4074,MIDDLE PARK,QLD
4350,MIDDLE RIDGE,QLD
4886,MIDDLEBROOK,QLD
4746,MIDDLEMOUNT,QLD
4735,MIDDLETON,QLD
4799,MIDGE POINT,QLD
4702,MIDGEE,QLD
4854,MIDGENOO,QLD
4852,MIDGEREE BAR,QLD
4860,MIGHELL,QLD
4310,MILBONG,QLD
4415,MILES,QLD
4825,MILES END,QLD
4310,MILFORD,QLD
4886,MILLAA MILLAA,QLD
4807,MILLAROO,QLD
4670,MILLBANK,QLD
4820,MILLCHESTER,QLD
4357,MILLMERRAN,QLD
4357,MILLMERRAN DOWNS,QLD
4357,MILLMERRAN WOODS,QLD
4888,MILLSTREAM,QLD
4357,MILLWOOD,QLD
4702,MILMAN,QLD
4309,MILORA,QLD
4064,MILTON,QLD
4702,MIMOSA,QLD
4829,MIN MIN,QLD
4886,MINBUN,QLD
4311,MINDEN,QLD
4722,MINERVA,QLD
4816,MINGELA,QLD
4625,MINGO,QLD
4380,MINGOOLA,QLD
4872,MINNAMOOLKA,QLD
4478,MINNIE DOWNS,QLD
4575,MINYAMA,QLD
4754,MIRANI,QLD
4677,MIRIAM VALE,QLD
4871,MIRRIWINNI,QLD
4361,MISSEN FLAT,QLD
4852,MISSION BEACH,QLD
4874,MISSION RIVER,QLD
4465,MITCHELL,QLD
4053,MITCHELTON,QLD
4570,MIVA,QLD
4875,MOA ISLAND,QLD
4551,MOFFAT BEACH,QLD
4605,MOFFATDALE,QLD
4070,MOGGILL,QLD
4671,MOLANGUL,QLD
4214,MOLENDINAR,QLD
4670,MON REPOS,QLD
4881,MONA MONA,QLD
4807,MONA PARK,QLD
4630,MONAL,QLD
4285,MONARCH GLEN,QLD
4671,MONDURAN,QLD
4611,MONDURE,QLD
4570,MONKLAND,QLD
4626,MONOGORILBY,QLD
4556,MONS,QLD
4515,MONSILDALE,QLD
4630,MONTO,QLD
4370,MONTROSE,QLD
4413,MONTROSE,QLD
4560,MONTVILLE,QLD
4510,MOODLU,QLD
4455,MOOGA,QLD
4309,MOOGERAH,QLD
4406,MOOLA,QLD
4671,MOOLBOOLAMAN,QLD
4570,MOOLOO,QLD
4557,MOOLOOLABA,QLD
4553,MOOLOOLAH,QLD
4553,MOOLOOLAH VALLEY,QLD
4312,MOOMBRA,QLD
4887,MOOMIN,QLD
4605,MOONDOONER,QLD
4630,MOONFORD,QLD
4714,MOONGAN,QLD
4406,MOONIE,QLD
4340,MOORANG,QLD
4314,MOORE,QLD
4670,MOORE PARK BEACH,QLD
4305,MOORES POCKET,QLD
4506,MOORINA,QLD
4670,MOORLAND,QLD
4870,MOOROOBOOL,QLD
4105,MOOROOKA,QLD
4416,MORABY,QLD
4744,MORANBAH,QLD
4506,MORAYFIELD,QLD
4886,MOREGATTA,QLD
4871,MORESBY,QLD
4025,MORETON ISLAND,QLD
4370,MORGAN PARK,QLD
4671,MORGANVILLE,QLD
4702,MORINISH,QLD
4702,MORINISH SOUTH,QLD
4170,MORNINGSIDE,QLD
4825,MORNINGTON,QLD
4343,MORTON VALE,QLD
4468,MORVEN,QLD
4309,MORWINCHA,QLD
4820,MOSMAN PARK,QLD
4387,MOSQUITO CREEK,QLD
4873,MOSSMAN,QLD
4873,MOSSMAN GORGE,QLD
4570,MOTHAR MOUNTAIN,QLD
4356,MOTLEY,QLD
4455,MOUNT ABUNDANCE,QLD
4310,MOUNT ALFORD,QLD
4680,MOUNT ALMA,QLD
4514,MOUNT ARCHER,QLD
4701,MOUNT ARCHER,QLD
4287,MOUNT BARNEY,QLD
4313,MOUNT BEPPO,QLD
4341,MOUNT BERRYMAN,QLD
4455,MOUNT BINDANGO,QLD
4314,MOUNT BINGA,QLD
4742,MOUNT BRITTON,QLD
4312,MOUNT BYRON,QLD
4871,MOUNT CARBINE,QLD
4702,MOUNT CHALMERS,QLD
4741,MOUNT CHARLTON,QLD
4370,MOUNT COLLIERY,QLD
4804,MOUNT COOLON,QLD
4573,MOUNT COOLUM,QLD
4066,MOUNT COOT-THA,QLD
4165,MOUNT COTTON,QLD
4306,MOUNT CROSBY,QLD
4353,MOUNT DARRY,QLD
4625,MOUNT DEBATEABLE,QLD
4514,MOUNT DELANEY,QLD
4309,MOUNT EDWARDS,QLD
4816,MOUNT ELLIOT,QLD
4357,MOUNT EMLYN,QLD
4472,MOUNT ENNISKILLEN,QLD
4340,MOUNT FORBES,QLD
4850,MOUNT FOX,QLD
4310,MOUNT FRENCH,QLD
4705,MOUNT GARDINER,QLD
4872,MOUNT GARNET,QLD
4285,MOUNT GIPPS,QLD
4520,MOUNT GLORIOUS,QLD
4122,MOUNT GRAVATT,QLD
4122,MOUNT GRAVATT EAST,QLD
4312,MOUNT HALLEN,QLD
4454,MOUNT HOWE,QLD
4454,MOUNT HUTTON,QLD
4401,MOUNT IRVING,QLD
4825,MOUNT ISA,QLD
4825,MOUNT ISA CITY,QLD
4825,MOUNT ISA DC,QLD
4825,MOUNT ISA EAST,QLD
4740,MOUNT JUKES,QLD
4800,MOUNT JULIAN,QLD
4807,MOUNT KELLY,QLD
4515,MOUNT KILCOY,QLD
4350,MOUNT KYNOCH,QLD
4695,MOUNT LARCOM,QLD
4625,MOUNT LAWLESS,QLD
4287,MOUNT LINDESAY,QLD
4350,MOUNT LOFTY,QLD
4814,MOUNT LOUISA,QLD
4818,MOUNT LOW,QLD
4352,MOUNT LUKE,QLD
4723,MOUNT MACARTHUR,QLD
4854,MOUNT MACKAY,QLD
4674,MOUNT MARIA,QLD
4800,MOUNT MARLOW,QLD
4306,MOUNT MARROW,QLD
4362,MOUNT MARSHALL,QLD
4754,MOUNT MARTIN,QLD
4606,MOUNT MCEUEN,QLD
4521,MOUNT MEE,QLD
4550,MOUNT MELLUM,QLD
4465,MOUNT MOFFATT,QLD
4361,MOUNT MOLAR,QLD
4871,MOUNT MOLLOY,QLD
4714,MOUNT MORGAN,QLD
4403,MOUNT MORIAH,QLD
4340,MOUNT MORT,QLD
4892,MOUNT MULGRAVE,QLD
4871,MOUNT MULLIGAN,QLD
4715,MOUNT MURCHISON,QLD
4211,MOUNT NATHAN,QLD
4520,MOUNT NEBO,QLD
4074,MOUNT OMMANEY,QLD
4741,MOUNT OSSA,QLD
4741,MOUNT PELION,QLD
4671,MOUNT PERRY,QLD
4869,MOUNT PETER,QLD
4521,MOUNT PLEASANT,QLD
4740,MOUNT PLEASANT,QLD
4800,MOUNT PLUTO,QLD
4350,MOUNT RASCAL,QLD
4802,MOUNT ROOPER,QLD
4520,MOUNT SAMSON,QLD
4868,MOUNT SHERIDAN,QLD
4818,MOUNT ST JOHN,QLD
4314,MOUNT STANLEY,QLD
4625,MOUNT STEADMAN,QLD
4811,MOUNT STUART,QLD
4370,MOUNT STURT,QLD
4871,MOUNT SURPRISE,QLD
4809,MOUNT SURROUND,QLD
4343,MOUNT SYLVIA,QLD
4370,MOUNT TABOR,QLD
4311,MOUNT TARAMPA,QLD
4677,MOUNT TOM,QLD
4380,MOUNT TULLY,QLD
4356,MOUNT TYSON,QLD
4650,MOUNT URAH,QLD
4340,MOUNT WALKER,QLD
4340,MOUNT WALKER WEST,QLD
4207,MOUNT WARREN PARK,QLD
4347,MOUNT WHITESTONE,QLD
4804,MOUNT WYATT,QLD
4355,MOUNTAIN CAMP,QLD
4557,MOUNTAIN CREEK,QLD
4718,MOURA,QLD
4858,MOURILYAN,QLD
4858,MOURILYAN HARBOUR,QLD
4877,MOWBRAY,QLD
4405,MOWBULLAN,QLD
4574,MOY POCKET,QLD
4606,MP CREEK,QLD
4461,MUCKADILLA,QLD
4213,MUDGEERABA,QLD
4564,MUDJIMBA,QLD
4600,MUDLO,QLD
4306,MUIRLEA,QLD
4703,MULAMBIN,QLD
4703,MULARA,QLD
4401,MULDU,QLD
4630,MULGILDIE,QLD
4341,MULGOWIE,QLD
4807,MULGRAVE,QLD
4670,MULLETT CREEK,QLD
4309,MUNBILLA,QLD
4740,MUNBURA,QLD
4872,MUNDERRA,QLD
4812,MUNDINGBURRA,QLD
4860,MUNDOO,QLD
4285,MUNDOOLUN,QLD
4626,MUNDOWRAN,QLD
4626,MUNDUBBERA,QLD
4718,MUNGABUNDA,QLD
4467,MUNGALLALA,QLD
4467,MUNGALLALA SOUTH,QLD
4886,MUNGALLI,QLD
4650,MUNGAR,QLD
2406,MUNGINDI,QLD
4630,MUNGUNGO,QLD
4671,MUNGY,QLD
4352,MUNIGANEEN,QLD
4570,MUNNA CREEK,QLD
4854,MUNRO PLAINS,QLD
4125,MUNRUBEN,QLD
4172,MURARRIE,QLD
4605,MURGON,QLD
4352,MURPHYS CREEK,QLD
4814,MURRAY,QLD
4875,MURRAY ISLAND,QLD
4854,MURRAY UPPER,QLD
4370,MURRAYS BRIDGE,QLD
4854,MURRIGAL,QLD
4312,MURRUMBA,QLD
4503,MURRUMBA DOWNS,QLD
4470,MURWEH,QLD
4816,MUTARNEE,QLD
4872,MUTCHILBA,QLD
4307,MUTDAPILLY,QLD
4732,MUTTABURRA,QLD
4415,MYALL PARK,QLD
4800,MYRTLEVALE,QLD
4812,MYSTERTON,QLD
4570,NAHRUNDA,QLD
4560,NAMBOUR,QLD
4560,NAMBOUR BC,QLD
4560,NAMBOUR DC,QLD
4615,NANANGO,QLD
4405,NANDI,QLD
4722,NANDOWRIE,QLD
4416,NANGRAM,QLD
4407,NANGWEE,QLD
4701,NANKIN,QLD
4874,NANUM,QLD
4874,NAPRANUM,QLD
4504,NARANGBA,QLD
4352,NARKO,QLD
4111,NATHAN,QLD
4211,NATURAL BRIDGE,QLD
4671,NEARUM,QLD
4488,NEBINE,QLD
4742,NEBO,QLD
4570,NEERDIE,QLD
4819,NELLY BAY,QLD
4860,NERADA,QLD
4211,NERANG,QLD
4211,NERANG DC,QLD
4213,NERANWOOD,QLD
4701,NERIMBERA,QLD
4650,NETHERBY,QLD
4756,NETHERDALE,QLD
4614,NEUMGNA,QLD
4514,NEURUM,QLD
4570,NEUSA VALE,QLD
4361,NEVILTON,QLD
4680,NEW AUCKLAND,QLD
4124,NEW BEITH,QLD
4303,NEW CHUM,QLD
4005,NEW FARM,QLD
4858,NEW HARBOURLINE,QLD
4876,NEW MAPOON,QLD
4671,NEW MOONTA,QLD
4873,NEWELL,QLD
4804,NEWLANDS,QLD
4051,NEWMARKET,QLD
4020,NEWPORT,QLD
4006,NEWSTEAD,QLD
4305,NEWTOWN,QLD
4350,NEWTOWN,QLD
4860,NGATJAN,QLD
4830,NICHOLSON,QLD
4655,NIKENBAH,QLD
4740,NINDAROO,QLD
4561,NINDERRY,QLD
4285,NINDOOINBAH,QLD
4702,NINE MILE,QLD
4714,NINE MILE CREEK,QLD
4511,NINGI,QLD
4551,NIRIMBA,QLD
4477,NIVE,QLD
4856,NO 4 BRANCH,QLD
4856,NO 5 BRANCH,QLD
4859,NO 6 BRANCH,QLD
4873,NOAH,QLD
4360,NOBBY,QLD
4218,NOBBY BEACH,QLD
4492,NOCCUNDRA,QLD
4816,NOME,QLD
4490,NOORAMA,QLD
4417,NOORINDOO,QLD
4567,NOOSA HEADS,QLD
4565,NOOSA NORTH SHORE,QLD
4566,NOOSAVILLE,QLD
4566,NOOSAVILLE DC,QLD
4701,NORMAN GARDENS,QLD
4170,NORMAN PARK,QLD
4890,NORMANTON,QLD
4620,NORTH ARAMARA,QLD
4561,NORTH ARM,QLD
4304,NORTH BOOVAL,QLD
4356,NORTH BRANCH,QLD
4370,NORTH BRANCH,QLD
4494,NORTH BUNGUNYA,QLD
4570,NORTH DEEP CREEK,QLD
4741,NORTH ETON,QLD
4660,NORTH GREGORY,QLD
4305,NORTH IPSWICH,QLD
4660,NORTH ISIS,QLD
4885,NORTH JOHNSTONE,QLD
4509,NORTH LAKES,QLD
4740,NORTH MACKAY,QLD
4352,NORTH MACLAGAN,QLD
4280,NORTH MACLEAN,QLD
4552,NORTH MALENY,QLD
4183,NORTH STRADBROKE ISLAND,QLD
4272,NORTH TAMBORINE,QLD
4305,NORTH TIVOLI,QLD
4350,NORTH TOOWOOMBA,QLD
4810,NORTH WARD,QLD
4013,NORTHGATE,QLD
4871,NORTHHEAD,QLD
4350,NORTHLANDS,QLD
4670,NORVILLE,QLD
4208,NORWELL,QLD
4356,NORWIN,QLD
4014,NUDGEE,QLD
4014,NUDGEE BEACH,QLD
4314,NUKKU,QLD
4211,NUMINBAH VALLEY,QLD
4012,NUNDAH,QLD
4380,NUNDUBBERMERE,QLD
4352,NUTGROVE,QLD
4871,NYCHUM,QLD
4877,OAK BEACH,QLD
4811,OAK VALLEY,QLD
4605,OAKDALE,QLD
4741,OAKENDEN,QLD
4401,OAKEY,QLD
4714,OAKEY CREEK,QLD
4650,OAKHURST,QLD
4600,OAKVIEW,QLD
4670,OAKWOOD,QLD
4285,OAKY CREEK,QLD
4417,OBERINA,QLD
4574,OBI OBI,QLD
4309,OBUM OBUM,QLD
4521,OCEAN VIEW,QLD
4706,OGMORE,QLD
4613,OKEDEN,QLD
4626,OLD COORANGA,QLD
4362,OLD TALGAI,QLD
4352,OMAN AMA,QLD
4305,ONE MILE,QLD
4718,OOMBABEER,QLD
4811,OONOONBA,QLD
4740,OORALEA,QLD
4735,OPALTON,QLD
4455,ORALLO,QLD
4715,ORANGE CREEK,QLD
4455,ORANGE HILL,QLD
4581,ORCHID BEACH,QLD
4850,ORIENT,QLD
4722,ORION,QLD
4741,ORKABIE,QLD
4208,ORMEAU,QLD
4208,ORMEAU HILLS,QLD
4160,ORMISTON,QLD
4806,OSBORNE,QLD
4313,OTTABA,QLD
4650,OWANYILLA,QLD
4741,OWENS CREEK,QLD
4210,OXENFORD,QLD
4742,OXFORD,QLD
4075,OXLEY,QLD
4674,OYSTER CREEK,QLD
4218,PACIFIC FAIR,QLD
4659,PACIFIC HAVEN,QLD
4703,PACIFIC HEIGHTS,QLD
4564,PACIFIC PARADISE,QLD
4211,PACIFIC PINES,QLD
4865,PACKERS CAMP,QLD
4064,PADDINGTON,QLD
4880,PADDYS GREEN,QLD
4740,PAGET,QLD
4287,PALEN CREEK,QLD
4374,PALGRAVE,QLD
4110,PALLARA,QLD
4810,PALLARENDA,QLD
4650,PALLAS STREET MARYBOROUGH,QLD
4221,PALM BEACH,QLD
4879,PALM COVE,QLD
4800,PALM GROVE,QLD
4816,PALM ISLAND,QLD
4892,PALMER,QLD
4860,PALMERSTON,QLD
4352,PALMTREE,QLD
4553,PALMVIEW,QLD
4555,PALMWOODS,QLD
4751,PALMYRA,QLD
4816,PALUMA,QLD
4352,PAMPAS,QLD
4216,PARADISE POINT,QLD
4701,PARK AVENUE,QLD
4125,PARK RIDGE,QLD
4125,PARK RIDGE SOUTH,QLD
4702,PARKHURST,QLD
4115,PARKINSON,QLD
4560,PARKLANDS,QLD
4417,PARKNOOK,QLD
4825,PARKSIDE,QLD
4214,PARKWOOD,QLD
4870,PARRAMATTA PARK,QLD
4575,PARREARRA,QLD
4721,PASHA,QLD
4380,PASSCHENDAELE,QLD
4570,PATERSON,QLD
4311,PATRICK ESTATE,QLD
4800,PAULS POCKET,QLD
4519,PEACHESTER,QLD
4850,PEACOCK SIDING,QLD
4306,PEAK CROSSING,QLD
4721,PEAK VALE,QLD
4352,PECHEY,QLD
4184,PEEL ISLAND,QLD
4885,PEERAMON,QLD
4415,PELHAM,QLD
4413,PELICAN,QLD
4551,PELICAN WATERS,QLD
4816,PENTLAND,QLD
4625,PENWHAUPELL,QLD
4352,PERANGA,QLD
4573,PEREGIAN BEACH,QLD
4573,PEREGIAN SPRINGS,QLD
4352,PERSEVERANCE,QLD
4560,PERWILLOWEN,QLD
4871,PETFORD,QLD
4502,PETRIE,QLD
4000,PETRIE TERRACE,QLD
4702,PHEASANT CREEK,QLD
4626,PHILPOTT,QLD
4655,PIALBA,QLD
4428,PICKANJINNIE,QLD
4819,PICNIC BAY,QLD
4570,PIE CREEK,QLD
4355,PIERCES CREEK,QLD
4380,PIKEDALE,QLD
4380,PIKES CREEK,QLD
4625,PILE GULLY,QLD
4650,PILERWA,QLD
4361,PILTON,QLD
4812,PIMLICO,QLD
4209,PIMPAMA,QLD
4615,PIMPIMBUDGEE,QLD
4860,PIN GIN HILL,QLD
4568,PINBARREN,QLD
4798,PINDI PINDI,QLD
4670,PINE CREEK,QLD
4416,PINE HILLS,QLD
4306,PINE MOUNTAIN,QLD
4355,PINELANDS,QLD
4754,PINEVALE,QLD
4069,PINJARRA HILLS,QLD
4702,PINK LILY,QLD
4008,PINKENBA,QLD
4741,PINNACLE,QLD
4815,PINNACLES,QLD
4825,PIONEER,QLD
4650,PIONEERS REST,QLD
4405,PIRRINUAN,QLD
4356,PITTSWORTH,QLD
4825,PITURIE,QLD
4343,PLACID HILLS,QLD
4355,PLAINBY,QLD
4341,PLAINLAND,QLD
4741,PLEYSTOWE,QLD
4702,PLUM TREE,QLD
4573,POINT ARKWRIGHT,QLD
4183,POINT LOOKOUT,QLD
4655,POINT VERNON,QLD
4568,POMONA,QLD
4454,PONY HILLS,QLD
4650,POONA,QLD
4821,PORCUPINE,QLD
4892,PORMPURAAW,QLD
4699,PORT ALMA,QLD
4700,PORT CURTIS,QLD
4877,PORT DOUGLAS,QLD
4178,PORT OF BRISBANE,QLD
4871,PORTLAND ROADS,QLD
4870,PORTSMITH,QLD
4875,PORUMA ISLAND,QLD
4352,POSTMANS RIDGE,QLD
4352,POZIERES,QLD
4821,PRAIRIE,QLD
4370,PRATTEN,QLD
4650,PRAWLE,QLD
4311,PRENZLAU,QLD
4352,PRESTON,QLD
4800,PRESTON,QLD
4127,PRIESTDALE,QLD
4350,PRINCE HENRY HEIGHTS,QLD
4875,PRINCE OF WALES,QLD
4660,PROMISEDLAND,QLD
4800,PROSERPINE,QLD
4715,PROSPECT,QLD
4613,PROSTON,QLD
4069,PULLENVALE,QLD
4357,PUNCHS CREEK,QLD
4876,PUNSAND,QLD
4306,PURGA,QLD
4356,PURRAWUNDA,QLD
4218,Q SUPERCENTRE,QLD
4820,QUEENTON,QLD
4724,QUETTA,QLD
4480,QUILPIE,QLD
4403,QUINALOW,QLD
4670,QUNABA,QLD
4740,RACECOURSE,QLD
4305,RACEVIEW,QLD
4307,RADFORD,QLD
4697,RAGLAN,QLD
4810,RAILWAY ESTATE,QLD
4581,RAINBOW BEACH,QLD
4358,RAMSAY,QLD
4352,RANGEMORE,QLD
4806,RANGEMORE,QLD
4405,RANGES BRIDGE,QLD
4350,RANGEVILLE,QLD
4817,RANGEWOOD,QLD
4154,RANSOME,QLD
4815,RASMUSSEN,QLD
4287,RATHDOWNEY,QLD
4352,RAVENSBOURNE,QLD
4888,RAVENSHOE,QLD
4816,RAVENSWOOD,QLD
4892,RAVENSWORTH,QLD
4630,RAWBELLE,QLD
4059,RED HILL,QLD
4413,RED HILL,QLD
4701,RED HILL ROCKHAMPTON,QLD
4892,RED RIVER,QLD
4301,REDBANK,QLD
9780,REDBANK,QLD
4312,REDBANK CREEK,QLD
4301,REDBANK PLAINS,QLD
4020,REDCLIFFE,QLD
4020,REDCLIFFE NORTH,QLD
4467,REDFORD,QLD
4605,REDGATE,QLD
4671,REDHILL FARMS,QLD
4165,REDLAND BAY,QLD
4870,REDLYNCH,QLD
4660,REDRIDGE,QLD
4350,REDWOOD,QLD
4227,REEDY CREEK,QLD
4552,REESVILLE,QLD
4341,REGENCY DOWNS,QLD
4118,REGENTS PARK,QLD
4816,REID RIVER,QLD
4625,REIDS CREEK,QLD
4723,RETRO,QLD
4702,REWAN,QLD
4718,RHYDDING,QLD
4077,RICHLANDS,QLD
4740,RICHMOND,QLD
4822,RICHMOND,QLD
4820,RICHMOND HILL,QLD
4702,RIDGELANDS,QLD
4563,RIDGEWOOD,QLD
4311,RIFLE RANGE,QLD
4565,RINGTAIL CREEK,QLD
4343,RINGWOOD,QLD
4800,RIORDANVALE,QLD
4306,RIPLEY,QLD
4807,RITA ISLAND,QLD
4655,RIVER HEADS,QLD
4680,RIVER RANCH,QLD
4280,RIVERBEND,QLD
4074,RIVERHILLS,QLD
4626,RIVERLEIGH,QLD
4470,RIVERSLEIGH,QLD
4385,RIVERTON,QLD
4303,RIVERVIEW,QLD
4310,ROADVALE,QLD
4109,ROBERTSON,QLD
4226,ROBINA,QLD
4226,ROBINA DC,QLD
4230,ROBINA TOWN CENTRE,QLD
4419,ROCHE CREEK,QLD
4123,ROCHEDALE,QLD
4123,ROCHEDALE SOUTH,QLD
4700,ROCKHAMPTON,QLD
4700,ROCKHAMPTON CITY,QLD
4701,ROCKHAMPTON DC,QLD
4700,ROCKHAMPTON HOSPITAL,QLD
4854,ROCKINGHAM,QLD
4106,ROCKLEA,QLD
4106,ROCKLEA DC,QLD
4344,ROCKMOUNT,QLD
4510,ROCKSBERG,QLD
4343,ROCKSIDE,QLD
4350,ROCKVILLE,QLD
4357,ROCKY CREEK,QLD
4873,ROCKY POINT,QLD
4874,ROCKY POINT,QLD
4701,ROCKYVIEW,QLD
4678,RODDS BAY,QLD
4370,RODGERS CREEK,QLD
4702,ROLLESTON,QLD
4816,ROLLINGSTONE,QLD
4455,ROMA,QLD
4871,ROOKWOOD,QLD
4343,ROPELEY,QLD
4401,ROSALIE PLAINS,QLD
4674,ROSEDALE,QLD
4370,ROSEHILL,QLD
4740,ROSELLA,QLD
4560,ROSEMOUNT,QLD
4811,ROSENEATH,QLD
4370,ROSENTHAL HEIGHTS,QLD
4340,ROSEVALE,QLD
4340,ROSEWOOD,QLD
4570,ROSS CREEK,QLD
4816,ROSS RIVER,QLD
4812,ROSSLEA,QLD
4703,ROSSLYN,QLD
4702,ROSSMOYA,QLD
4356,ROSSVALE,QLD
4895,ROSSVILLE,QLD
4022,ROTHWELL,QLD
4677,ROUND HILL,QLD
4718,ROUNDSTONE,QLD
4810,ROWES BAY,QLD
4029,ROYAL BRISBANE HOSPITAL,QLD
4515,ROYSTON,QLD
4670,RUBYANNA,QLD
4702,RUBYVALE,QLD
4674,RULES BEACH,QLD
4216,RUNAWAY BAY,QLD
4113,RUNCORN,QLD
4849,RUNGOO,QLD
4287,RUNNING CREEK,QLD
4615,RUNNYMEDE,QLD
4740,RURAL VIEW,QLD
4521,RUSH CREEK,QLD
4184,RUSSELL ISLAND,QLD
4825,RYAN,QLD
4361,RYEFORD,QLD
4413,RYWUNG,QLD
4401,SABINE,QLD
4305,SADLIERS CROSSING,QLD
4875,SAIBAI ISLAND,QLD
4107,SALISBURY,QLD
4107,SALISBURY EAST,QLD
4520,SAMFORD,QLD
4520,SAMFORD VALLEY,QLD
4520,SAMFORD VILLAGE,QLD
4520,SAMSONVALE,QLD
4212,SANCTUARY COVE,QLD
4017,SANDGATE,QLD
4017,SANDGATE DC,QLD
4740,SANDIFORD,QLD
4701,SANDRINGHAM,QLD
4511,SANDSTONE POINT,QLD
4361,SANDY CAMP,QLD
4515,SANDY CREEK,QLD
4871,SANDY POCKET,QLD
4615,SANDY RIDGES,QLD
4702,SAPPHIRE CENTRAL,QLD
4275,SARABAH,QLD
4737,SARINA,QLD
4737,SARINA BEACH,QLD
4737,SARINA RANGE,QLD
4818,SAUNDERS BEACH,QLD
4816,SAVANNAH,QLD
4822,SAXBY,QLD
4020,SCARBOROUGH,QLD
4655,SCARNESS,QLD
4570,SCOTCHY POCKET,QLD
4804,SCOTTVILLE,QLD
4313,SCRUB CREEK,QLD
4478,SCRUBBY CREEK,QLD
4570,SCRUBBY CREEK,QLD
4356,SCRUBBY MOUNTAIN,QLD
4741,SEAFORTH,QLD
4876,SEISIA,QLD
4630,SELENE,QLD
4816,SELLHEIM,QLD
4824,SELWYN,QLD
4754,SEPTIMUS,QLD
4170,SEVEN HILLS,QLD
4344,SEVENTEEN MILE,QLD
4073,SEVENTEEN MILE ROCKS,QLD
4677,SEVENTEEN SEVENTY,QLD
4820,SEVENTY MILE,QLD
4380,SEVERNLEA,QLD
4570,SEXTON,QLD
4128,SHAILER PARK,QLD
4873,SHANNONVALE,QLD
4670,SHARON,QLD
4818,SHAW,QLD
4515,SHEEP STATION CREEK,QLD
4874,SHELBURNE,QLD
4157,SHELDON,QLD
4855,SHELL POCKET,QLD
4551,SHELLY BEACH,QLD
4810,SHELLY BEACH,QLD
4075,SHERWOOD,QLD
4809,SHIRBOURNE,QLD
4750,SHOAL POINT,QLD
4702,SHOALWATER,QLD
4017,SHORNCLIFFE,QLD
4802,SHUTE HARBOUR,QLD
4304,SILKSTONE,QLD
4856,SILKWOOD,QLD
4854,SILKY OAK,QLD
4800,SILVER CREEK,QLD
4352,SILVER RIDGE,QLD
4385,SILVER SPUR,QLD
4872,SILVER VALLEY,QLD
4124,SILVERBARK RIDGE,QLD
4307,SILVERDALE,QLD
4605,SILVERLEAF,QLD
4401,SILVERLEIGH,QLD
4370,SILVERWOOD,QLD
4454,SIMMIE,QLD
4073,SINNAMON PARK,QLD
4556,SIPPY DOWNS,QLD
4671,SKYRING RESERVE,QLD
4127,SLACKS CREEK,QLD
4740,SLADE POINT,QLD
4370,SLADEVALE,QLD
4878,SMITHFIELD,QLD
4385,SMITHLEA,QLD
4825,SOLDIERS HILL,QLD
4876,SOMERSET,QLD
4312,SOMERSET DAM,QLD
4470,SOMMARIVA,QLD
4382,SOMME,QLD
4670,SOUTH BINGERA,QLD
4101,SOUTH BRISBANE,QLD
4101,SOUTH BRISBANE BC,QLD
4615,SOUTH EAST NANANGO,QLD
4680,SOUTH END,QLD
4680,SOUTH GLADSTONE,QLD
4860,SOUTH INNISFAIL,QLD
4660,SOUTH ISIS,QLD
4859,SOUTH JOHNSTONE,QLD
4670,SOUTH KOLAN,QLD
4740,SOUTH MACKAY,QLD
4280,SOUTH MACLEAN,QLD
4852,SOUTH MISSION BEACH,QLD
4615,SOUTH NANANGO,QLD
4306,SOUTH RIPLEY,QLD
4216,SOUTH STRADBROKE,QLD
4350,SOUTH TOOWOOMBA,QLD
4810,SOUTH TOWNSVILLE,QLD
4680,SOUTH TREES,QLD
4892,SOUTH WELLESLEY ISLANDS,QLD
4702,SOUTH YAAMBA,QLD
4363,SOUTHBROOK,QLD
4871,SOUTHEDGE,QLD
4820,SOUTHERN CROSS,QLD
4211,SOUTHERN LAMINGTON,QLD
4215,SOUTHPORT,QLD
4215,SOUTHPORT BC,QLD
4215,SOUTHPORT PARK,QLD
4570,SOUTHSIDE,QLD
4406,SOUTHWOOD,QLD
4613,SPEEDWELL,QLD
4881,SPEEWAH,QLD
4630,SPLINTER CREEK,QLD
4306,SPLIT YARD CREEK,QLD
4825,SPREADBOROUGH,QLD
4352,SPRING BLUFF,QLD
4343,SPRING CREEK,QLD
4361,SPRING CREEK,QLD
4420,SPRING CREEK,QLD
4000,SPRING HILL,QLD
4004,SPRING HILL,QLD
4300,SPRING MOUNTAIN,QLD
4213,SPRINGBROOK,QLD
4380,SPRINGDALE,QLD
4300,SPRINGFIELD,QLD
4871,SPRINGFIELD,QLD
4300,SPRINGFIELD CENTRAL,QLD
4300,SPRINGFIELD LAKES,QLD
4804,SPRINGLANDS,QLD
4356,SPRINGSIDE,QLD
4722,SPRINGSURE,QLD
4405,SPRINGVALE,QLD
4127,SPRINGWOOD,QLD
4873,SPURGEON,QLD
4671,ST AGNES,QLD
4352,ST AUBYN,QLD
4487,ST GEORGE,QLD
4356,ST HELENS,QLD
4650,ST HELENS,QLD
4798,ST HELENS BEACH,QLD
4671,ST KILDA,QLD
4707,ST LAWRENCE,QLD
4067,ST LUCIA,QLD
4067,ST LUCIA SOUTH,QLD
4650,ST MARY,QLD
4405,ST RUTH,QLD
4892,STAATEN,QLD
4053,STAFFORD,QLD
4053,STAFFORD DC,QLD
4053,STAFFORD HEIGHTS,QLD
4613,STALWORTH,QLD
4821,STAMFORD,QLD
4702,STANAGE,QLD
4514,STANMORE,QLD
4380,STANTHORPE,QLD
4702,STANWELL,QLD
4207,STAPYLTON,QLD
4895,STARCKE,QLD
4207,STEIGLITZ,QLD
4875,STEPHENS ISLAND,QLD
4873,STEWART CREEK VALLEY,QLD
4702,STEWARTON,QLD
4625,STOCKHAVEN,QLD
4280,STOCKLEIGH,QLD
4871,STOCKTON,QLD
4344,STOCKYARD,QLD
4703,STOCKYARD,QLD
4823,STOKES,QLD
4357,STONEHENGE,QLD
4730,STONEHENGE,QLD
4612,STONELANDS,QLD
4356,STONELEIGH,QLD
4120,STONES CORNER,QLD
4514,STONY CREEK,QLD
4380,STORM KING,QLD
4860,STOTERS HILL,QLD
4870,STRATFORD,QLD
4800,STRATHDICKIE,QLD
4742,STRATHFIELD,QLD
4871,STRATHMORE,QLD
4500,STRATHPINE,QLD
4500,STRATHPINE CENTRE,QLD
4116,STRETTON,QLD
4714,STRUCK OIL,QLD
4811,STUART,QLD
4829,STURT,QLD
4380,SUGARLOAF,QLD
4800,SUGARLOAF,QLD
4413,SUJEEWONG,QLD
4341,SUMMERHOLM,QLD
4074,SUMNER,QLD
4074,SUMNER PARK BC,QLD
4680,SUN VALLEY,QLD
4382,SUNDOWN,QLD
4860,SUNDOWN,QLD
4605,SUNNY NOOK,QLD
4109,SUNNYBANK,QLD
4109,SUNNYBANK HILLS,QLD
4109,SUNNYBANK SOUTH,QLD
4737,SUNNYSIDE,QLD
4567,SUNRISE BEACH,QLD
4825,SUNSET,QLD
4655,SUNSHINE ACRES,QLD
4567,SUNSHINE BEACH,QLD
4560,SUNSHINE COAST MC,QLD
4558,SUNSHINE PLAZA,QLD
4417,SURAT,QLD
4217,SURFERS PARADISE,QLD
4655,SUSAN RIVER,QLD
4743,SUTTOR,QLD
4670,SVENSSON HEIGHTS,QLD
4370,SWAN CREEK,QLD
4306,SWANBANK,QLD
4371,SWANFELS,QLD
4807,SWANS LAGOON,QLD
4873,SYNDICATE,QLD
4610,TAABINGA,QLD
4605,TABLELANDS,QLD
4680,TABLELANDS,QLD
4285,TABOOBA,QLD
4285,TABRAGALBA,QLD
4018,TAIGUM,QLD
4671,TAKILBERAN,QLD
4655,TAKURA,QLD
4871,TALAROO,QLD
4823,TALDORA,QLD
4650,TALEGALLA WEIR,QLD
4362,TALGAI,QLD
4213,TALLAI,QLD
4228,TALLEBUDGERA,QLD
4228,TALLEBUDGERA VALLEY,QLD
4340,TALLEGALLA,QLD
4496,TALWOOD,QLD
4570,TAMAREE,QLD
4478,TAMBO,QLD
4270,TAMBORINE,QLD
4272,TAMBORINE MOUNTAIN,QLD
4285,TAMROOKUM,QLD
4285,TAMROOKUM CREEK,QLD
4128,TANAH MERAH,QLD
4556,TANAWHA,QLD
4481,TANBAR,QLD
4703,TANBY,QLD
4650,TANDORA,QLD
4570,TANDUR,QLD
4025,TANGALOOMA,QLD
4821,TANGORIN,QLD
4680,TANNUM SANDS,QLD
4372,TANNYMOREL,QLD
4601,TANSEY,QLD
4421,TARA,QLD
4680,TARAGOOLA,QLD
4311,TARAMPA,QLD
4703,TARANGANBA,QLD
4494,TARAWERA,QLD
4694,TARGINNIE,QLD
4068,TARINGA,QLD
4309,TAROME,QLD
4314,TAROMEO,QLD
4615,TARONG,QLD
4420,TAROOM,QLD
4703,TAROOMBALL,QLD
4121,TARRAGINDI,QLD
4702,TARRAMBA,QLD
4885,TARZALI,QLD
4674,TAUNTON,QLD
4850,TAYLORS BEACH,QLD
4740,TE KOWAI,QLD
4650,TEDDINGTON,QLD
4620,TEEBAR,QLD
4314,TEELAH,QLD
4423,TEELBA,QLD
4680,TELINA,QLD
4630,TELLEBANG,QLD
4310,TEMPLIN,QLD
4005,TENERIFFE,QLD
4105,TENNYSON,QLD
4387,TERRICA,QLD
4309,TEVIOTVILLE,QLD
4565,TEWANTIN,QLD
4385,TEXAS,QLD
4670,THABEBAN,QLD
4306,THAGOONA,QLD
4497,THALLON,QLD
4370,THANE,QLD
4370,THANES CREEK,QLD
4716,THANGOOL,QLD
4492,THARGOMINDAH,QLD
4340,THE BLUFF,QLD
4355,THE BLUFF,QLD
4702,THE CAVES,QLD
4701,THE COMMON,QLD
4570,THE DAWN,QLD
4650,THE DIMONDS,QLD
4373,THE FALLS,QLD
4061,THE GAP,QLD
4825,THE GAP,QLD
4370,THE GLEN,QLD
4406,THE GUMS,QLD
4373,THE HEAD,QLD
4370,THE HERMITAGE,QLD
4700,THE KEPPELS,QLD
4740,THE LEAP,QLD
4625,THE LIMITS,QLD
4714,THE MINE,QLD
4695,THE NARROWS,QLD
4570,THE PALMS,QLD
4707,THE PERCY GROUP,QLD
4357,THE PINES,QLD
4700,THE RANGE,QLD
4377,THE SUMMIT,QLD
4570,THEEBINE,QLD
4719,THEODORE,QLD
4721,THERESA CREEK,QLD
4650,THINOOMBA,QLD
4702,THOMPSON POINT,QLD
4800,THOOPARA,QLD
4871,THORNBOROUGH,QLD
4380,THORNDALE,QLD
4158,THORNESIDE,QLD
4164,THORNLANDS,QLD
4341,THORNTON,QLD
4873,THORNTON BEACH,QLD
4352,THORNVILLE,QLD
4630,THREE MOON,QLD
4824,THREE RIVERS,QLD
4376,THULIMBAH,QLD
4817,THURINGOWA CENTRAL,QLD
4814,THURINGOWA DC,QLD
4875,THURSDAY ISLAND,QLD
4650,TIARO,QLD
4709,TIERI,QLD
4580,TIN CAN BAY,QLD
4650,TINANA,QLD
4650,TINANA SOUTH,QLD
4872,TINAROO,QLD
4563,TINBEERWAH,QLD
4173,TINGALPA,QLD
4173,TINGALPA DC,QLD
4608,TINGOORA,QLD
4455,TINGUN,QLD
4650,TINNANBAR,QLD
4405,TIPTON,QLD
4671,TIRROAN,QLD
4305,TIVOLI,QLD
4702,TOGARA,QLD
4829,TOKO,QLD
4882,TOLGA,QLD
4820,TOLL,QLD
4850,TOOBANNA,QLD
4498,TOOBEAH,QLD
4313,TOOGOOLAWAH,QLD
4655,TOOGOOM,QLD
4818,TOOLAKEA,QLD
4570,TOOLARA FOREST,QLD
4370,TOOLBURRA,QLD
4680,TOOLOOA,QLD
4816,TOOMULLA,QLD
4625,TOONDAHRA,QLD
4816,TOONPAN,QLD
4510,TOORBUL,QLD
4066,TOOWONG,QLD
4066,TOOWONG BC,QLD
4066,TOOWONG DC,QLD
4350,TOOWOOMBA,QLD
4350,TOOWOOMBA CITY,QLD
4350,TOOWOOMBA DC,QLD
4350,TOOWOOMBA EAST,QLD
4352,TOOWOOMBA MC,QLD
4350,TOOWOOMBA SOUTH,QLD
4350,TOOWOOMBA VILLAGE FAIR,QLD
4350,TOOWOOMBA WEST,QLD
4350,TOP CAMP,QLD
4885,TOPAZ,QLD
4662,TORBANLEA,QLD
4655,TORQUAY,QLD
4816,TORRENS CREEK,QLD
4350,TORRINGTON,QLD
4560,TOWEN MOUNTAIN,QLD
4820,TOWERS HILL,QLD
4810,TOWN COMMON,QLD
4341,TOWNSON,QLD
4810,TOWNSVILLE,QLD
4810,TOWNSVILLE CITY,QLD
4810,TOWNSVILLE DC,QLD
4810,TOWNSVILLE MC,QLD
4813,TOWNSVILLE MILPO,QLD
4825,TOWNVIEW,QLD
4570,TRAVESTON,QLD
4850,TREBONNE,QLD
4370,TREGONY,QLD
4879,TRINITY BEACH,QLD
4879,TRINITY PARK,QLD
4714,TROTTER CREEK,QLD
4874,TRUNDING,QLD
4650,TUAN,QLD
4650,TUAN FOREST,QLD
4570,TUCHEKOI,QLD
4411,TUCKERANG,QLD
4490,TUEN,QLD
4224,TUGUN,QLD
4854,TULLY,QLD
4854,TULLY HEADS,QLD
4352,TUMMAVILLE,QLD
4888,TUMOULIN,QLD
4702,TUNGAMULL,QLD
4357,TURALLIN,QLD
4678,TURKEY BEACH,QLD
4742,TURRAWULLA,QLD
4564,TWIN WATERS,QLD
4570,TWO MILE,QLD
4467,TYRCONNEL,QLD
4680,UBOBO,QLD
4875,UGAR ISLAND,QLD
4702,ULOGIE,QLD
4876,UMAGICO,QLD
4352,UMBIRAM,QLD
4119,UNDERWOOD,QLD
4285,UNDULLAH,QLD
4072,UNIVERSITY OF QUEENSLAND,QLD
4883,UPPER BARRON,QLD
4069,UPPER BROOKFIELD,QLD
4510,UPPER CABOOLTURE,QLD
4209,UPPER COOMERA,QLD
4402,UPPER COOYAR CREEK,QLD
4873,UPPER DAINTREE,QLD
4860,UPPER DARADGEE,QLD
4454,UPPER DAWSON,QLD
4344,UPPER FLAGSTONE,QLD
4370,UPPER FREESTONE,QLD
4570,UPPER GLASTONBURY,QLD
4809,UPPER HAUGHTON,QLD
4570,UPPER KANDANGA,QLD
4055,UPPER KEDRON,QLD
4352,UPPER LOCKYER,QLD
4122,UPPER MOUNT GRAVATT,QLD
4122,UPPER MOUNT GRAVATT BC,QLD
4361,UPPER PILTON,QLD
4355,UPPER PINELANDS,QLD
4850,UPPER STONE,QLD
4343,UPPER TENTHILL,QLD
4477,UPPER WARREGO,QLD
4370,UPPER WHEATVALE,QLD
4614,UPPER YARRAMAN,QLD
4655,URANGAN,QLD
4655,URRAWEEN,QLD
4871,UTCHEE CREEK,QLD
4465,V GATE,QLD
4561,VALDORA,QLD
4352,VALE VIEW,QLD
4715,VALENTINE PLAINS,QLD
4742,VALKYRIE,QLD
4850,VALLEY OF LAGOONS,QLD
4227,VARSITY LAKES,QLD
4860,VASA VIEWS,QLD
4630,VENTNOR,QLD
4347,VERADILLA,QLD
4285,VERESDALE,QLD
4285,VERESDALE SCRUB,QLD
4306,VERNOR,QLD
4562,VERRIERDALE,QLD
4570,VETERAN,QLD
4361,VICTORIA HILL,QLD
4751,VICTORIA PLAINS,QLD
4850,VICTORIA PLANTATION,QLD
4165,VICTORIA POINT,QLD
4165,VICTORIA POINT WEST,QLD
4822,VICTORIA VALE,QLD
4570,VICTORY HEIGHTS,QLD
4514,VILLENEUVE,QLD
4814,VINCENT,QLD
4343,VINEGAR HILL,QLD
4014,VIRGINIA,QLD
4014,VIRGINIA BC,QLD
4014,VIRGINIA DC,QLD
4076,WACOL,QLD
4513,WAGTAIL GROVE,QLD
4625,WAHOON,QLD
4420,WAIKOLA,QLD
4404,WAINUI,QLD
4872,WAIRUNA,QLD
4154,WAKERLEY,QLD
4462,WALHALLOW,QLD
4872,WALKAMIN,QLD
4650,WALKERS POINT,QLD
4751,WALKERSTON,QLD
4670,WALKERVALE,QLD
4310,WALLACES CREEK,QLD
4850,WALLAMAN,QLD
4383,WALLANGARRA,QLD
4702,WALLAROO,QLD
4671,WALLAVILLE,QLD
4655,WALLIEBUM,QLD
4655,WALLIGAN,QLD
4306,WALLOON,QLD
4570,WALLU,QLD
4428,WALLUMBILLA,QLD
4428,WALLUMBILLA NORTH,QLD
4428,WALLUMBILLA SOUTH,QLD
4714,WALMUL,QLD
4854,WALTER HILL,QLD
4856,WALTER LEVER ESTATE,QLD
4714,WALTERHALL,QLD
4512,WAMURAN,QLD
4512,WAMURAN BASIN,QLD
4700,WANDAL,QLD
4419,WANDOAN,QLD
4871,WANGAN,QLD
4806,WANGARATTA,QLD
4877,WANGETTI,QLD
4860,WANJURU,QLD
4306,WANORA,QLD
4513,WARABA,QLD
4575,WARANA,QLD
4823,WARBURTON,QLD
4470,WARD,QLD
4829,WARENDA,QLD
4417,WARKON,QLD
4500,WARNER,QLD
4718,WARNOAH,QLD
4605,WARNUNG,QLD
4411,WARRA,QLD
4875,WARRABER ISLET,QLD
4854,WARRAMI,QLD
4307,WARRILL VIEW,QLD
4387,WARROO,QLD
4871,WARRUBULLEN,QLD
4370,WARWICK,QLD
4370,WARWICK DC,QLD
4306,WASHPOOL,QLD
4670,WATALGAN,QLD
4621,WATERANGA,QLD
4133,WATERFORD,QLD
4133,WATERFORD WEST,QLD
4673,WATERLOO,QLD
4385,WATSONS CROSSING,QLD
4887,WATSONVILLE,QLD
4615,WATTLE CAMP,QLD
4610,WATTLE GROVE,QLD
4357,WATTLE RIDGE,QLD
4704,WATTLEBANK,QLD
4875,WAUA ISLET,QLD
4871,WAUGH POCKET,QLD
4012,WAVELL HEIGHTS,QLD
4012,WAVELL HEIGHTS NORTH,QLD
4825,WAVERLEY,QLD
4722,WEALWANDANGIE,QLD
4860,WEBB,QLD
4497,WEENGALLON,QLD
4703,WEERRIBA,QLD
4874,WEIPA,QLD
4874,WEIPA AIRPORT,QLD
4406,WEIR RIVER,QLD
4670,WELCOME CREEK,QLD
4350,WELLCAMP,QLD
4121,WELLERS HILL,QLD
4417,WELLESLEY,QLD
4892,WELLESLEY ISLANDS,QLD
4160,WELLINGTON POINT,QLD
4507,WELSBY,QLD
4615,WENGENVILLE,QLD
4874,WENLOCK,QLD
4405,WERANGA,QLD
4417,WERIBONE,QLD
4219,WEST BURLEIGH,QLD
4101,WEST END,QLD
4810,WEST END,QLD
4680,WEST GLADSTONE,QLD
4359,WEST HALDON,QLD
4305,WEST IPSWICH,QLD
4740,WEST MACKAY,QLD
4819,WEST POINT,QLD
4403,WEST PRAIRIE,QLD
4700,WEST ROCKHAMPTON,QLD
4680,WEST STOWE,QLD
4892,WEST WELLESLEY ISLANDS,QLD
4559,WEST WOOMBYE,QLD
4350,WESTBROOK,QLD
4870,WESTCOURT,QLD
4357,WESTERN CREEK,QLD
4454,WESTGROVE,QLD
4074,WESTLAKE,QLD
4422,WESTMAR,QLD
4514,WESTVALE,QLD
4702,WESTWOOD,QLD
4625,WETHERON,QLD
4562,WEYBA DOWNS,QLD
4850,WHARPS,QLD
4606,WHEATLANDS,QLD
4370,WHEATVALE,QLD
4387,WHETSTONE,QLD
4352,WHICHELLO,QLD
4352,WHITE MOUNTAIN,QLD
4507,WHITE PATCH,QLD
4306,WHITE ROCK,QLD
4868,WHITE ROCK,QLD
4503,WHITESIDE,QLD
4870,WHITFIELD,QLD
4802,WHITSUNDAYS,QLD
4873,WHYANBEEL,QLD
4570,WIDGEE,QLD
4570,WIDGEE CROSSING NORTH,QLD
4570,WIDGEE CROSSING SOUTH,QLD
4490,WIDGEEGOARA,QLD
4413,WIEAMBILLA,QLD
4520,WIGHTS MOUNTAIN,QLD
4612,WIGTON,QLD
4370,WILDASH,QLD
4608,WILKESDALE,QLD
4110,WILLAWONG,QLD
4209,WILLOW VALE,QLD
4306,WILLOWBANK,QLD
4702,WILLOWS,QLD
4702,WILLOWS GEMFIELDS,QLD
4370,WILLOWVALE,QLD
4829,WILLS,QLD
4800,WILSON BEACH,QLD
4625,WILSON VALLEY,QLD
4307,WILSONS PLAINS,QLD
4570,WILSONS POCKET,QLD
4350,WILSONTON,QLD
4350,WILSONTON HEIGHTS,QLD
4051,WILSTON,QLD
4721,WINCHESTER,QLD
4207,WINDAROO,QLD
4605,WINDERA,QLD
4670,WINDERMERE,QLD
4478,WINDEYER,QLD
4481,WINDORAH,QLD
4030,WINDSOR,QLD
4670,WINFIELD,QLD
4825,WINSTON,QLD
4735,WINTON,QLD
4347,WINWILL,QLD
4515,WINYA,QLD
4122,WISHART,QLD
4352,WITHCOTT,QLD
4275,WITHEREN,QLD
4552,WITTA,QLD
4311,WIVENHOE HILL,QLD
4306,WIVENHOE POCKET,QLD
4370,WIYARRA,QLD
4419,WOLEEBEE,QLD
4721,WOLFANG,QLD
4207,WOLFFDENE,QLD
4570,WOLVI,QLD
4465,WOMALILLA,QLD
4465,WOMBLEBANK,QLD
4370,WOMINA,QLD
4671,WONBAH,QLD
4671,WONBAH FOREST,QLD
4606,WONDAI,QLD
4390,WONDALLI,QLD
4887,WONDECLA,QLD
4655,WONDUNNA,QLD
4873,WONGA BEACH,QLD
4883,WONGABEL,QLD
4852,WONGALING BEACH,QLD
4210,WONGAWALLAN,QLD
4275,WONGLEPONG,QLD
4620,WOOCOO,QLD
4343,WOODBINE,QLD
4703,WOODBURY,QLD
4305,WOODEND,QLD
4680,WOODERSON,QLD
4514,WOODFORD,QLD
4660,WOODGATE,QLD
4285,WOODHILL,QLD
4343,WOODLANDS,QLD
4352,WOODLEIGH,QLD
4625,WOODMILLAR,QLD
4114,WOODRIDGE,QLD
4816,WOODSTOCK,QLD
4802,WOODWARK,QLD
4019,WOODY POINT,QLD
4702,WOOLEIN,QLD
4822,WOOLGAR,QLD
4102,WOOLLOONGABBA,QLD
4515,WOOLMAR,QLD
4352,WOOLMER,QLD
4570,WOOLOOGA,QLD
4310,WOOLOOMAN,QLD
4030,WOOLOOWIN,QLD
4340,WOOLSHED,QLD
4559,WOOMBYE,QLD
4357,WOONDUL,QLD
4570,WOONDUM,QLD
4670,WOONGARRA,QLD
4207,WOONGOOLBA,QLD
4871,WOOPEN CREEK,QLD
4713,WOORABINDA,QLD
4507,WOORIM,QLD
4608,WOOROOLIN,QLD
4702,WOOROONA,QLD
4605,WOOROONDEN,QLD
4860,WOOROONOORAN,QLD
4552,WOOTHA,QLD
4621,WOOWOONGA,QLD
4868,WOREE,QLD
4213,WORONGARY,QLD
4702,WOWAN,QLD
4601,WRATTENS FOREST,QLD
4869,WRIGHTS CREEK,QLD
4892,WROTHAM,QLD
4895,WUJAL WUJAL,QLD
4811,WULGURU,QLD
4305,WULKURAKA,QLD
4806,WUNJUNGA,QLD
4714,WURA,QLD
4680,WURDONG HEIGHTS,QLD
4575,WURTULLA,QLD
4627,WURUMA DAM,QLD
4352,WUTUL,QLD
4390,WYAGA,QLD
4615,WYALLA,QLD
4350,WYALLA PLAZA,QLD
4489,WYANDRA,QLD
4310,WYARALONG,QLD
4382,WYBERBA,QLD
4702,WYCARBAH,QLD
4412,WYCHIE,QLD
4455,WYCOMBE,QLD
4178,WYNNUM,QLD
4178,WYNNUM NORTH,QLD
4178,WYNNUM PLAZA,QLD
4178,WYNNUM WEST,QLD
4352,WYREEMA,QLD
4723,WYUNA,QLD
4704,YAAMBA,QLD
4818,YABULU,QLD
4390,YAGABURNE,QLD
4892,YAGOONYA,QLD
4352,YALANGUR,QLD
4741,YALBOROO,QLD
4875,YAM ISLAND,QLD
4720,YAMALA,QLD
4305,YAMANTO,QLD
4673,YANDARAN,QLD
4478,YANDARLO,QLD
4352,YANDILLA,QLD
4561,YANDINA,QLD
4561,YANDINA CREEK,QLD
4371,YANGAN,QLD
4731,YARAKA,QLD
4401,YARGULLEN,QLD
4573,YAROOMBA,QLD
4871,YARRABAH,QLD
4207,YARRABILBA,QLD
4892,YARRADEN,QLD
4614,YARRAMAN,QLD
4356,YARRANLEA,QLD
4630,YARROL,QLD
4694,YARWUN,QLD
4207,YATALA,QLD
4207,YATALA DC,QLD
4105,YEERONGPILLY,QLD
4388,YELARBON,QLD
4625,YENDA,QLD
4650,YENGARIE,QLD
4703,YEPPOON,QLD
4104,YERONGA,QLD
4650,YERRA,QLD
4313,YIMBUN,QLD
4875,YORKE ISLAND,QLD
4878,YORKEYS KNOB,QLD
4490,YOWAH,QLD
4520,YUGAR,QLD
4416,YULABILLA,QLD
4427,YULEBA,QLD
4427,YULEBA NORTH,QLD
4427,YULEBA SOUTH,QLD
4884,YUNGABURRA,QLD
4850,YURUGA,QLD
4034,ZILLMERE,QLD
4710,ZILZIE,QLD
5159,ABERFOYLE PARK,SA
5440,ABMINGA STATION,SA
5000,ADELAIDE,SA
5001,ADELAIDE,SA
5801,ADELAIDE,SA
5780,ADELAIDE AIRPORT,SA
5950,ADELAIDE AIRPORT,SA
5000,ADELAIDE BC,SA
5558,AGERY,SA
5311,ALAWOONA,SA
5014,ALBERT PARK,SA
5014,ALBERTON,SA
5154,ALDGATE,SA
5173,ALDINGA,SA
5173,ALDINGA BEACH,SA
5555,ALFORD,SA
5723,ALLANDALE STATION,SA
5009,ALLENBY GARDENS,SA
5291,ALLENDALE EAST,SA
5373,ALLENDALE NORTH,SA
5401,ALMA,SA
5730,ALPANA,SA
5733,ALTON DOWNS STATION,SA
5351,ALTONA,SA
0872,AMATA,SA
5222,AMERICAN BEACH,SA
5221,AMERICAN RIVER,SA
5431,AMYTON,SA
5464,ANAMA,SA
0872,ANANGU PITJANTJATJARA YANKUNYTJATJARA,SA
5722,ANDAMOOKA,SA
5722,ANDAMOOKA STATION,SA
5454,ANDREWS,SA
5114,ANDREWS FARM,SA
5255,ANGAS PLAINS,SA
5238,ANGAS VALLEY,SA
5353,ANGASTON,SA
5732,ANGEPENA,SA
5010,ANGLE PARK,SA
5117,ANGLE VALE,SA
5730,ANGORIGINA,SA
5723,ANNA CREEK,SA
5356,ANNADALE,SA
5222,ANTECHAMBER BAY,SA
5237,APAMURRA,SA
5413,APOINGA,SA
5480,APPILA,SA
5723,ARCKARINGA,SA
5720,ARCOONA,SA
5571,ARDROSSAN,SA
5732,ARKAROOLA,SA
5701,ARKAROOLA VILLAGE,SA
5453,ARMAGH,SA
5603,ARNO BAY,SA
5572,ARTHURTON,SA
5043,ASCOT PARK,SA
5157,ASHBOURNE,SA
5035,ASHFORD,SA
5137,ASHTON,SA
5259,ASHVILLE,SA
5076,ATHELSTONE,SA
5012,ATHOL PARK,SA
5451,AUBURN,SA
5072,AULDANA,SA
5374,AUSTRALIA PLAINS,SA
5273,AVENUE RANGE,SA
5253,AVOCA DELL,SA
5501,AVON,SA
0872,AYERS RANGE SOUTH,SA
5211,BACK VALLEY,SA
5601,BACKY POINT,SA
5373,BAGOT WELL,SA
5671,BAIRD BAY,SA
5354,BAKARA,SA
5354,BAKARA WELL,SA
5417,BALAH,SA
5461,BALAKLAVA,SA
5203,BALD HILLS,SA
5417,BALDINA,SA
5573,BALGOWAN,SA
5242,BALHANNAH,SA
5221,BALLAST HEAD,SA
5268,BANGHAM,SA
5481,BANGOR,SA
5091,BANKSIA PARK,SA
5460,BARABBA,SA
5432,BARATTA,SA
5453,BARINIA,SA
5345,BARMERA,SA
5641,BARNA,SA
5434,BARNDIOOTA,SA
5495,BAROOTA,SA
5351,BAROSSA GOLDFIELDS,SA
5520,BARUNGA GAP,SA
5138,BASKET RANGE,SA
5222,BAUDIN BEACH,SA
5223,BAY OF SHOALS,SA
5280,BEACHPORT,SA
5320,BEATTY,SA
5550,BEAUFORT,SA
5066,BEAUMONT,SA
5320,BEAUMONTS,SA
5042,BEDFORD PARK,SA
5523,BEETALOO VALLEY,SA
5052,BELAIR,SA
5491,BELALIE EAST,SA
5491,BELALIE NORTH,SA
5050,BELLEVUE HEIGHTS,SA
5730,BELTANA,SA
5730,BELTANA STATION,SA
5432,BELTON,SA
5255,BELVIDERE,SA
5453,BENBOURNIE,SA
5440,BENDA,SA
5343,BERRI,SA
5352,BETHANY,SA
5373,BETHEL,SA
5067,BEULAH PARK,SA
5009,BEVERLEY,SA
5118,BIBARINGA,SA
5432,BIBLIANDO,SA
5238,BIG BEND,SA
5153,BIGGS FLAT,SA
5720,BILLA KALINA,SA
5440,BILLEROO WEST,SA
5311,BILLIATT,SA
5440,BIMBOWRIE,SA
5440,BINDARRAH,SA
5262,BINNUM,SA
5223,BIRCHMORE,SA
5234,BIRDWOOD,SA
5015,BIRKENHEAD,SA
5035,BLACK FOREST,SA
5353,BLACK HILL,SA
5434,BLACK HILL STATION,SA
5571,BLACK POINT,SA
5431,BLACK ROCK,SA
5413,BLACK SPRINGS,SA
5291,BLACKFELLOWS CAVES,SA
5201,BLACKFELLOWS CREEK,SA
5275,BLACKFORD,SA
5051,BLACKWOOD,SA
5084,BLAIR ATHOL,SA
5114,BLAKEVIEW,SA
5250,BLAKISTON,SA
5700,BLANCHE HARBOR,SA
5357,BLANCHETOWN,SA
5255,BLETCHLEY,SA
5171,BLEWITT SPRINGS,SA
5730,BLINMAN,SA
5575,BLUFF BEACH,SA
5462,BLYTH,SA
5275,BOATSWAIN POINT,SA
5655,BOCKELBERG,SA
5453,BOCONNOC PARK,SA
5110,BOLIVAR,SA
5731,BOLLARDS LAGOON,SA
5238,BOLTO,SA
5719,BON BON,SA
5417,BOOBOROWIE,SA
5690,BOOKABIE,SA
5333,BOOKPURNONG,SA
5271,BOOL LAGOON,SA
5440,BOOLCOOMATTA,SA
5482,BOOLEROO CENTRE,SA
5330,BOOLGUN,SA
5633,BOONERDO,SA
5554,BOORS PLAIN,SA
5268,BORDERTOWN,SA
5268,BORDERTOWN SOUTH,SA
5309,BORRIKA,SA
5607,BOSTON,SA
5720,BOSWORTH,SA
5007,BOWDEN,SA
5374,BOWER,SA
5238,BOWHILL,SA
5461,BOWILLIA,SA
5550,BOWMANS,SA
5153,BRADBURY,SA
5381,BRADY CREEK,SA
5109,BRAHMA LODGE,SA
5670,BRAMFIELD,SA
5276,BRAY,SA
5320,BRENDA PARK,SA
5575,BRENTWOOD,SA
5155,BRIDGEWATER,SA
5381,BRIGHT,SA
5048,BRIGHTON,SA
5267,BRIMBAGO,SA
5253,BRINKLEY,SA
5464,BRINKWORTH,SA
5083,BROADVIEW,SA
5007,BROMPTON,SA
5607,BROOKER,SA
5032,BROOKLYN PARK,SA
5454,BROUGHTON RIVER VALLEY,SA
5222,BROWN BEACH,SA
5062,BROWN HILL CREEK,SA
5374,BROWNLOW,SA
5223,BROWNLOW KI,SA
5433,BRUCE,SA
5252,BRUKUNGA,SA
5374,BUCHANAN,SA
5118,BUCHFELDE,SA
5270,BUCKINGHAM,SA
5120,BUCKLAND PARK,SA
5641,BUCKLEBOO,SA
5311,BUGLE HUT,SA
5251,BUGLE RANGES,SA
5719,BULGUNNIA,SA
5157,BULL CREEK,SA
5440,BULLOO CREEK,SA
5520,BUMBUNGA,SA
5266,BUNBURY,SA
5491,BUNDALEER GARDENS,SA
5491,BUNDALEER NORTH,SA
5320,BUNDEY,SA
5540,BUNGAMA,SA
5464,BUNGAREE,SA
5641,BUNGEROO,SA
5417,BUNYUNG,SA
5253,BURDETT,SA
5520,BURNSFIELD,SA
5066,BURNSIDE,SA
5732,BURR WELL,SA
5417,BURRA,SA
5417,BURRA EASTERN DISTRICTS,SA
5291,BURRUNGULE,SA
5110,BURTON,SA
5560,BUTE,SA
5605,BUTLER,SA
5321,CADELL,SA
5321,CADELL LAGOON,SA
5271,CADGEE,SA
5671,CALCA,SA
5310,CALIPH,SA
5733,CALLANNA,SA
5254,CALLINGTON,SA
5501,CALOMBA,SA
5254,CALOOTE,SA
5341,CALPERUM STATION,SA
5490,CALTOWIE,SA
5490,CALTOWIE NORTH,SA
5490,CALTOWIE WEST,SA
5353,CAMBRAI,SA
5038,CAMDEN PARK,SA
5074,CAMPBELLTOWN,SA
5640,CAMPOONA,SA
5417,CANEGRASS,SA
5268,CANNAWIGARA,SA
5419,CANOWIE,SA
5420,CANOWIE BELT,SA
5280,CANUNDA,SA
5223,CAPE BORDA,SA
5291,CAPE DOUGLAS,SA
5275,CAPE JAFFA,SA
5204,CAPE JERVIS,SA
5641,CARALUE,SA
5680,CARAWA,SA
5301,CARCUMA,SA
5270,CAREW,SA
5144,CAREY GULLY,SA
5291,CAROLINE,SA
5291,CARPENTER ROCKS,SA
5204,CARRICKALINGA,SA
5432,CARRIETON,SA
5715,CARRIEWERLOO,SA
5223,CASSINI,SA
5076,CASTAMBUL,SA
5238,CAURNAMONT,SA
5094,CAVAN,SA
5422,CAVENAGH,SA
5291,CAVETON,SA
5690,CEDUNA,SA
5690,CEDUNA WATERS,SA
5341,CHAFFEY,SA
5231,CHAIN OF PONDS,SA
5680,CHANDADA,SA
5159,CHANDLERS HILL,SA
5153,CHAPEL HILL,SA
5253,CHAPMAN BORE,SA
5244,CHARLESTON,SA
5607,CHARLTON GULLY,SA
5690,CHARRA,SA
5014,CHELTENHAM,SA
5157,CHERRY GARDENS,SA
5134,CHERRYVILLE,SA
5660,CHILPENUNDA,SA
5573,CHINAMAN WELLS,SA
5680,CHINBINGINA,SA
5211,CHITON,SA
5341,CHOWILLA,SA
5164,CHRISTIE DOWNS,SA
5165,CHRISTIES BEACH,SA
5165,CHRISTIES BEACH NORTH,SA
5690,CHUNDARIA,SA
5000,CITY WEST CAMPUS,SA
5062,CLAPHAM,SA
5453,CLARE,SA
5039,CLARENCE GARDENS,SA
5034,CLARENCE PARK,SA
5157,CLARENDON,SA
5280,CLAY WELLS,SA
5238,CLAYPANS,SA
5256,CLAYTON BAY,SA
5733,CLAYTON STATION,SA
5085,CLEARVIEW,SA
5152,CLELAND,SA
5523,CLEMENTS GAP,SA
5640,CLEVE,SA
5733,CLIFTON HILLS STATION,SA
5570,CLINTON,SA
5570,CLINTON CENTRE,SA
5042,CLOVELLY PARK,SA
5346,COBDOGLA,SA
5654,COCATA,SA
5631,COCKALEECHIE,SA
5351,COCKATOO VALLEY,SA
5440,COCKBURN,SA
5607,COFFIN BAY,SA
5266,COLEBATCH,SA
5272,COLES,SA
5069,COLLEGE PARK,SA
5671,COLLEY,SA
5555,COLLINSFIELD,SA
5418,COLLINSVILLE,SA
5081,COLLINSWOOD,SA
5041,COLONEL LIGHT GARDENS,SA
5670,COLTON,SA
5277,COMAUM,SA
5700,COMMISSARIAT POINT,SA
5719,COMMONWEALTH HILL,SA
5291,COMPTON,SA
5118,CONCORDIA,SA
5464,CONDOWIE,SA
5272,CONMURRA,SA
5723,COOBER PEDY,SA
5583,COOBOWIE,SA
5701,COOK,SA
5261,COOKE PLAINS,SA
5670,COOLILLIE,SA
5341,COOLTONG,SA
5261,COOMANDOOK,SA
5267,COOMBE,SA
5431,COOMOOROO,SA
5607,COOMUNGA,SA
5265,COONALPYN,SA
5540,COONAMIA,SA
5263,COONAWARRA,SA
5719,COONDAMBO,SA
5690,COORABIE,SA
5264,COORONG,SA
5650,COOTRA,SA
5611,COOYERDOO,SA
5308,COPEVILLE,SA
5732,COPLEY,SA
5731,CORDILLO DOWNS,SA
5575,CORNY POINT,SA
5157,COROMANDEL EAST,SA
5051,COROMANDEL VALLEY,SA
5641,CORTLINYE,SA
5611,CORUNNA STATION,SA
5577,COUCH BEACH,SA
5607,COULTA,SA
5033,COWANDILLA,SA
5733,COWARIE,SA
5602,COWELL,SA
5238,COWIRRA,SA
5609,COWLEDS LANDING,SA
5432,CRADOCK,SA
5152,CRAFERS,SA
5152,CRAFERS WEST,SA
5051,CRAIGBURN FARM,SA
5114,CRAIGMORE,SA
5341,CRESCENT,SA
5235,CROMER,SA
5558,CROSS ROADS,SA
5734,CROWN POINT,SA
5008,CROYDON,SA
5008,CROYDON PARK,SA
5523,CRYSTAL BROOK,SA
5232,CUDLEE CREEK,SA
5261,CULBURRA,SA
5700,CULTANA,SA
5041,CUMBERLAND PARK,SA
5631,CUMMINS,SA
5660,CUNGENA,SA
5554,CUNLIFFE,SA
5571,CUNNINGHAM,SA
5641,CUNYARIE,SA
5440,CURNAMONA,SA
5580,CURRAMULKA,SA
5214,CURRENCY CREEK,SA
5269,CUSTON,SA
5222,CUTTLEFISH BAY,SA
5223,CYGNET RIVER,SA
5461,DALKEY,SA
5417,DANGGALI,SA
5642,DARKE PEAK,SA
5047,DARLINGTON,SA
5700,DAVENPORT,SA
5355,DAVEYSTON,SA
5113,DAVOREN PARK,SA
5113,DAVOREN PARK SOUTH,SA
5041,DAW PARK,SA
5252,DAWESLEY,SA
5422,DAWSON,SA
5223,DE MOLE RIVER,SA
0872,DE ROSE HILL,SA
5204,DEEP CREEK,SA
5266,DEEPWATER,SA
5204,DELAMERE,SA
5690,DENIAL BAY,SA
5075,DERNANCOURT,SA
5330,DEVLINS POUND,SA
5008,DEVON PARK,SA
5440,DEVONBOROUGH DOWNS,SA
5172,DINGABLEDINGA,SA
5110,DIREK,SA
5291,DISMAL SWAMP,SA
5291,DONOVANS,SA
5157,DORSET VALE,SA
5601,DOUGLAS POINT,SA
5601,DOUGLAS POINT SOUTH,SA
5048,DOVER GARDENS,SA
5571,DOWLINGVILLE,SA
5094,DRY CREEK,SA
5501,DUBLIN,SA
5607,DUCK PONDS,SA
5222,DUDLEY EAST,SA
5008,DUDLEY PARK,SA
5222,DUDLEY WEST,SA
5733,DULKANINNA,SA
5065,DULWICH,SA
5223,DUNCAN,SA
5356,DUTTON,SA
5356,DUTTON EAST,SA
5558,EAST MOONTA,SA
5063,EASTWOOD,SA
5320,EBA,SA
5680,EBA ANCHORAGE,SA
5355,EBENEZER,SA
5153,ECHUNGA,SA
5050,EDEN HILLS,SA
5235,EDEN VALLEY,SA
5730,EDIACARA,SA
5630,EDILLILIE,SA
5111,EDINBURGH,SA
5113,EDINBURGH NORTH,SA
5111,EDINBURGH RAAF,SA
5583,EDITHBURGH,SA
5039,EDWARDSTOWN,SA
5291,EIGHT MILE CREEK,SA
5112,ELIZABETH,SA
5113,ELIZABETH DOWNS,SA
5112,ELIZABETH EAST,SA
5112,ELIZABETH GROVE,SA
5113,ELIZABETH NORTH,SA
5113,ELIZABETH PARK,SA
5112,ELIZABETH SOUTH,SA
5112,ELIZABETH VALE,SA
5670,ELLISTON,SA
5260,ELWOMPLE,SA
5713,EMEROO,SA
5223,EMU BAY,SA
5381,EMU DOWNS,SA
5453,EMU FLAT,SA
5211,ENCOUNTER BAY,SA
5085,ENFIELD,SA
5085,ENFIELD PLAZA,SA
5066,ERINDALE,SA
5734,ERINGA,SA
5461,ERITH,SA
0872,ERNABELLA (PUKATJA),SA
5422,ERSKINE,SA
5440,ERUDINA,SA
5733,ETADUNNA,SA
5015,ETHELTON,SA
5253,ETTRICK,SA
5374,EUDUNDA,SA
5431,EURELIA,SA
5454,EUROMINA,SA
5069,EVANDALE,SA
5116,EVANSTON,SA
5116,EVANSTON GARDENS,SA
5116,EVANSTON PARK,SA
5116,EVANSTON SOUTH,SA
5723,EVELYN DOWNS,SA
5461,EVERARD CENTRAL,SA
5035,EVERARD PARK,SA
5019,EXETER,SA
5950,EXPORT PARK,SA
5121,EYRE,SA
5126,FAIRVIEW PARK,SA
5601,FALSE BAY,SA
5417,FARAWAY HILL,SA
5731,FARINA,SA
5731,FARINA STATION,SA
5607,FARM BEACH,SA
5416,FARRELL FLAT,SA
5070,FELIXSTOW,SA
5010,FERRYDEN PARK,SA
5265,FIELD,SA
5023,FINDON,SA
5255,FINNISS,SA
5070,FIRLE,SA
5502,FISCHER,SA
5354,FISHER,SA
5522,FISHERMAN BAY,SA
5601,FITZGERALD BAY,SA
5082,FITZROY,SA
5238,FIVE MILES,SA
5159,FLAGSTAFF HILL,SA
5153,FLAXLEY,SA
5235,FLAXMAN VALLEY,SA
5223,FLINDERS CHASE,SA
5025,FLINDERS PARK,SA
5434,FLINDERS RANGES,SA
5042,FLINDERS UNIVERSITY,SA
5440,FLORINA STATION,SA
5373,FORDS,SA
5139,FOREST RANGE,SA
5035,FORESTVILLE,SA
5233,FORRESTON,SA
5238,FORSTER,SA
5577,FOUL BAY,SA
5607,FOUNTAIN,SA
5690,FOWLERS BAY,SA
5272,FOX,SA
5238,FRAHNS,SA
5262,FRANCES,SA
5421,FRANKLYN,SA
5374,FRANKTON,SA
5238,FRAYVILLE,SA
5372,FREELING,SA
5063,FREWVILLE,SA
5440,FROME DOWNS,SA
5024,FULHAM,SA
5024,FULHAM GARDENS,SA
5063,FULLARTON,SA
5280,FURNER,SA
5308,GALGA,SA
5732,GAMMON RANGES,SA
5015,GARDEN ISLAND,SA
5118,GAWLER,SA
5118,GAWLER BELT,SA
5118,GAWLER EAST,SA
5655,GAWLER RANGES,SA
5118,GAWLER RIVER,SA
5118,GAWLER SOUTH,SA
5118,GAWLER WEST,SA
5255,GEMMELLS,SA
5472,GEORGETOWN,SA
5094,GEPPS CROSS,SA
5301,GERANIUM,SA
5381,GERANIUM PLAINS,SA
5343,GERARD,SA
5291,GERMAN CREEK,SA
5280,GERMAN FLAT,SA
5495,GERMEIN BAY,SA
5731,GIDGEALPA,SA
5253,GIFFORD HILL,SA
5081,GILBERTON,SA
5411,GILES CORNER,SA
5453,GILLENTOWN,SA
5611,GILLES DOWNS,SA
5086,GILLES PLAINS,SA
5013,GILLMAN,SA
5473,GLADSTONE,SA
5037,GLANDORE,SA
5015,GLANVILLE,SA
5064,GLEN OSMOND,SA
5052,GLENALTA,SA
5291,GLENBURNIE,SA
5291,GLENCOE,SA
5719,GLENDAMBO,SA
5045,GLENELG,SA
5045,GLENELG EAST,SA
5045,GLENELG NORTH,SA
5045,GLENELG SOUTH,SA
5044,GLENGOWRIE,SA
5277,GLENROY,SA
5065,GLENSIDE,SA
5064,GLENUNGA,SA
5110,GLOBE DERBY PARK,SA
5344,GLOSSOP,SA
5417,GLUEPOT,SA
5070,GLYNDE,SA
5070,GLYNDE PLAZA,SA
5125,GOLDEN GROVE,SA
5125,GOLDEN GROVE VILLAGE,SA
5322,GOLDEN HEIGHTS,SA
5352,GOMERSAL,SA
5330,GOOD HOPE LANDING,SA
5034,GOODWOOD,SA
5214,GOOLWA,SA
5214,GOOLWA BEACH,SA
5214,GOOLWA NORTH,SA
5214,GOOLWA SOUTH,SA
5223,GOSSE,SA
5114,GOULD CREEK,SA
5461,GOYDER,SA
5502,GRACE PLAINS,SA
5440,GRAMPUS,SA
5022,GRANGE,SA
5107,GREEN FIELDS,SA
5153,GREEN HILLS RANGE,SA
5607,GREEN PATCH,SA
5086,GREENACRES,SA
5253,GREENBANKS,SA
5140,GREENHILL,SA
5360,GREENOCK,SA
5272,GREENWAYS,SA
5125,GREENWITH,SA
5096,GULFVIEW HEIGHTS,SA
5471,GULNARE,SA
5417,GUM CREEK,SA
5730,GUM CREEK STATION,SA
5233,GUMERACHA,SA
5343,GURRA GURRA,SA
5163,HACKHAM,SA
5163,HACKHAM WEST,SA
5454,HACKLINS CORNER,SA
5069,HACKNEY,SA
5245,HAHNDORF,SA
5223,HAINES,SA
5461,HALBURY,SA
5309,HALIDON,SA
5000,HALIFAX STREET,SA
5381,HALLELUJAH HILLS,SA
5419,HALLETT,SA
5158,HALLETT COVE,SA
5642,HAMBIDGE,SA
5373,HAMILTON,SA
5558,HAMLEY,SA
5401,HAMLEY BRIDGE,SA
5431,HAMMOND,SA
5374,HAMPDEN,SA
5086,HAMPSTEAD GARDENS,SA
5374,HANSBOROUGH,SA
5417,HANSON,SA
5159,HAPPY VALLEY,SA
5575,HARDWICKE BAY,SA
5422,HARDY,SA
5244,HARROGATE,SA
5464,HART,SA
5255,HARTLEY,SA
5680,HASLAM,SA
5280,HATHERLEIGH,SA
5434,HAWKER,SA
5330,HAWKS NEST STATION,SA
5607,HAWSON,SA
5062,HAWTHORN,SA
5051,HAWTHORNDENE,SA
5204,HAY FLAT,SA
5252,HAY VALLEY,SA
5211,HAYBOROUGH,SA
5066,HAZELWOOD PARK,SA
5153,HEATHFIELD,SA
5068,HEATHPOOL,SA
5073,HECTORVILLE,SA
5014,HENDON,SA
5022,HENLEY BEACH,SA
5022,HENLEY BEACH SOUTH,SA
5118,HEWETT,SA
5089,HIGHBURY,SA
5063,HIGHGATE,SA
5255,HIGHLAND VALLEY,SA
5453,HILL RIVER,SA
5112,HILLBANK,SA
5086,HILLCREST,SA
5116,HILLIER,SA
5455,HILLTOWN,SA
5717,HILTABA,SA
5033,HILTON,SA
5033,HILTON PLAZA,SA
5603,HINCKS,SA
5007,HINDMARSH,SA
5214,HINDMARSH ISLAND,SA
5202,HINDMARSH TIERS,SA
5211,HINDMARSH VALLEY,SA
5088,HOLDEN HILL,SA
5330,HOLDER,SA
5330,HOLDER SIDING,SA
5432,HOLOWILIENA,SA
5432,HOLOWILIENA SOUTH,SA
5576,HONITON,SA
5172,HOPE FOREST,SA
5555,HOPE GAP,SA
5090,HOPE VALLEY,SA
5491,HORNSDALE,SA
5141,HORSNELL GULLY,SA
5461,HOSKIN CORNER,SA
5131,HOUGHTON,SA
5048,HOVE,SA
5453,HOYLETON,SA
5523,HUDDLESTON,SA
5114,HUMBUG SCRUB,SA
5163,HUNTFIELD HEIGHTS,SA
5061,HYDE PARK,SA
5262,HYNAM,SA
5715,ILLEROO,SA
0872,INDULKANA (IWANTJA),SA
5098,INGLE FARM,SA
5133,INGLEWOOD,SA
5723,INGOMAR,SA
5550,INKERMAN,SA
5680,INKSTER,SA
5211,INMAN VALLEY,SA
5731,INNAMINCKA,SA
5577,INNESTON,SA
5611,IRON BARON,SA
5611,IRON KNOB,SA
5153,IRONBANK,SA
5222,IRONSTONE,SA
5222,ISLAND BEACH,SA
5713,ISLAND LAGOON,SA
0872,IWANTJA,SA
5301,JABUK,SA
5571,JAMES WELL,SA
5491,JAMESTOWN,SA
5640,JAMIESON,SA
5554,JERICHO,SA
5554,JERUSALEM,SA
5259,JERVOIS,SA
5271,JOANNA,SA
5431,JOHNBURGH,SA
5070,JOSLIN,SA
5238,JULANKA HOLDINGS,SA
5374,JULIA,SA
5153,JUPITER CREEK,SA
5554,KADINA,SA
5552,KAINTON,SA
5440,KALABITY,SA
5733,KALAMURINA,SA
5690,KALANBI,SA
5278,KALANGADOO,SA
5118,KALBEEBA,SA
5655,KALDOONERA,SA
0872,KALKA,SA
5440,KALKAROO,SA
5550,KALLORA,SA
0872,KALTJITI,SA
5157,KANGARILLA,SA
5118,KANGAROO FLAT,SA
5222,KANGAROO HEAD,SA
5280,KANGAROO INN,SA
5252,KANMANTOO,SA
5330,KANNI,SA
0872,KANPI,SA
5434,KANYAKA,SA
5632,KAPINNIE,SA
5670,KAPPAWANTA,SA
5373,KAPUNDA,SA
5223,KARATTA,SA
5654,KARCULTABY,SA
5632,KARKOO,SA
5307,KAROONDA,SA
5304,KARTE,SA
5343,KATARAPKO,SA
5611,KATUNGA STATION,SA
5275,KEILIRA,SA
5267,KEITH,SA
5607,KELLIDIE BAY,SA
5641,KELLY,SA
5068,KENSINGTON,SA
5068,KENSINGTON GARDENS,SA
5068,KENSINGTON PARK,SA
5067,KENT TOWN,SA
5071,KENT TOWN DC,SA
5233,KENTON VALLEY,SA
5259,KEPA,SA
5271,KEPPOCH,SA
5231,KERSBROOK,SA
5035,KESWICK,SA
5035,KESWICK TERMINAL,SA
5353,KEYNETON,SA
5261,KI KI,SA
5607,KIANA,SA
5025,KIDMAN PARK,SA
5642,KIELPA,SA
5084,KILBURN,SA
5084,KILBURN NORTH,SA
5009,KILKENNY,SA
5641,KIMBA,SA
5719,KINGOONYA,SA
5034,KINGS PARK,SA
5223,KINGSCOTE,SA
5118,KINGSFORD,SA
5331,KINGSTON ON MURRAY,SA
5049,KINGSTON PARK,SA
5275,KINGSTON SE,SA
5062,KINGSWOOD,SA
5087,KLEMZIG,SA
5223,KOHINOOR,SA
5717,KOKATHA,SA
5717,KOLENDO,SA
5717,KONDOOLKA,SA
5270,KONGAL,SA
5353,KONGOLIA,SA
5291,KONGORONG,SA
5661,KOOLGERA,SA
5464,KOOLUNGA,SA
5575,KOOLYWURTIE,SA
5440,KOONAMORE,SA
5650,KOONGAWA,SA
5690,KOONIBBA,SA
5417,KOONOONA,SA
5373,KOONUNGA,SA
5279,KOORINE,SA
5558,KOOROONA,SA
5713,KOOTABERRA,SA
5271,KOPPAMURRA,SA
5607,KOPPIO,SA
5502,KORUNYE,SA
5304,KRINGIN,SA
5352,KRONDORF,SA
5278,KRONGART,SA
5115,KUDLA,SA
5201,KUITPO,SA
5172,KUITPO COLONY,SA
5552,KULPARA,SA
5037,KURRALTA PARK,SA
5651,KYANCUTTA,SA
5453,KYBUNGA,SA
5262,KYBYBOLITE,SA
5172,KYEEMA,SA
5267,LAFFER,SA
5259,LAKE ALBERT,SA
5259,LAKE ALEXANDRINA,SA
5238,LAKE CARLET,SA
5717,LAKE EVERARD,SA
5733,LAKE EYRE,SA
5440,LAKE FROME,SA
5717,LAKE GAIRDNER,SA
5611,LAKE GILLES,SA
5719,LAKE HARRIS,SA
5717,LAKE MACFARLANE,SA
5255,LAKE PLAINS,SA
5713,LAKE TORRENS,SA
5713,LAKE TORRENS STATION,SA
5555,LAKE VIEW,SA
0872,LAMBINA,SA
5302,LAMEROO,SA
5255,LANGHORNE CREEK,SA
5353,LANGS LANDING,SA
5016,LARGS BAY,SA
5016,LARGS NORTH,SA
5480,LAURA,SA
5680,LAURA BAY,SA
5271,LAURIE PARK,SA
5068,LEABROOK,SA
5452,LEASINGHAM,SA
5150,LEAWOOD GARDENS,SA
5731,LEIGH CREEK,SA
5731,LEIGH CREEK STATION,SA
5417,LEIGHTON,SA
5240,LENSWOOD,SA
5501,LEWISTON,SA
5355,LIGHT PASS,SA
5085,LIGHTSVIEW,SA
5715,LINCOLN GAP,SA
5607,LINCOLN NATIONAL PARK,SA
5065,LINDEN PARK,SA
5320,LINDLEY,SA
5731,LINDON,SA
5410,LINWOOD,SA
5607,LIPSON,SA
5607,LITTLE DOUGLAS,SA
5250,LITTLEHAMPTON,SA
5241,LOBETHAL,SA
5271,LOCHABER,SA
5510,LOCHIEL,SA
5633,LOCK,SA
5655,LOCKES CLAYPAN,SA
5032,LOCKLEYS,SA
5253,LONG FLAT,SA
5501,LONG PLAINS,SA
5153,LONGWOOD,SA
5160,LONSDALE,SA
5160,LONSDALE DC,SA
5607,LOUTH BAY,SA
5345,LOVEDAY,SA
5268,LOWAN VALE,SA
5330,LOWBANK,SA
5540,LOWER BROUGHTON,SA
5131,LOWER HERMITAGE,SA
5211,LOWER INMAN VALLEY,SA
5501,LOWER LIGHT,SA
5062,LOWER MITCHAM,SA
5333,LOXTON,SA
5333,LOXTON NORTH,SA
5272,LUCINDALE,SA
5602,LUCKY BAY,SA
5731,LYNDHURST,SA
5351,LYNDOCH,SA
5062,LYNTON,SA
5343,LYRUP,SA
5277,MAAOUPE,SA
5723,MABEL CREEK,SA
5153,MACCLESFIELD,SA
5121,MACDONALD PARK,SA
5223,MACGILLIVRAY,SA
5734,MACUMBA,SA
5280,MAGAREY,SA
5400,MAGDALA,SA
5311,MAGGEA,SA
5072,MAGILL,SA
5072,MAGILL NORTH,SA
5717,MAHANEWO,SA
5573,MAITLAND,SA
5267,MAKIN,SA
5259,MALINONG,SA
5502,MALLALA,SA
5311,MALPAS,SA
5690,MALTEE,SA
5061,MALVERN,SA
5495,MAMBRAY CREEK,SA
5602,MANGALO,SA
5440,MANNA HILL,SA
5422,MANNANARIE,SA
5732,MANNERS WELL,SA
5086,MANNINGHAM,SA
5238,MANNUM,SA
5414,MANOORA,SA
5012,MANSFIELD PARK,SA
5308,MANTUNG,SA
5440,MANUNDA STATION,SA
5307,MARAMA,SA
5355,MARANANGA,SA
5137,MARBLE HILL,SA
5271,MARCOLLAT,SA
5070,MARDEN,SA
5049,MARINO,SA
5043,MARION,SA
5575,MARION BAY,SA
5330,MARKARANKA,SA
5354,MARKS LANDING,SA
5724,MARLA,SA
5033,MARLESTON,SA
5033,MARLESTON DC,SA
5464,MAROLA,SA
5413,MARRABEL,SA
5733,MARREE,SA
5733,MARREE STATION,SA
5068,MARRYATVILLE,SA
5440,MARTINS WELL,SA
5680,MARYVALE,SA
5170,MASLIN BEACH,SA
5554,MATTA FLAT,SA
5320,MAUDE,SA
5095,MAWSON LAKES,SA
5454,MAYFIELD,SA
5069,MAYLANDS,SA
5357,MCBEAN POUND,SA
5267,MCCALLUM,SA
5211,MCCRACKEN,SA
5723,MCDOUALL PEAK,SA
5157,MCHARG CREEK,SA
5171,MCLAREN FLAT,SA
5171,MCLAREN VALE,SA
5201,MEADOWS,SA
5081,MEDINDIE,SA
5081,MEDINDIE GARDENS,SA
5483,MELROSE,SA
5039,MELROSE PARK,SA
5039,MELROSE PARK DC,SA
5552,MELTON,SA
5440,MELTON STATION,SA
5264,MENINGIE,SA
5264,MENINGIE EAST,SA
5264,MENINGIE WEST,SA
5223,MENZIES,SA
5308,MERCUNDA,SA
5690,MERGHINY,SA
5311,MERIBAH,SA
5523,MERRITON,SA
5731,MERTY MERTY,SA
5501,MIDDLE BEACH,SA
5223,MIDDLE RIVER,SA
5609,MIDDLEBACK RANGE,SA
5213,MIDDLETON,SA
5602,MIDGEE,SA
5291,MIL-LEL,SA
5256,MILANG,SA
5031,MILE END,SA
5031,MILE END SOUTH,SA
5237,MILENDELLA,SA
5231,MILLBROOK,SA
5720,MILLERS CREEK,SA
5280,MILLICENT,SA
5034,MILLSWOOD,SA
5602,MILTALIE,SA
0872,MIMILI,SA
5602,MINBRIE,SA
5431,MINBURRA,SA
5431,MINBURRA PLAIN,SA
5431,MINBURRA STATION,SA
5309,MINDARIE,SA
5440,MINGARY,SA
5291,MINGBOOL,SA
5575,MINLATON,SA
5654,MINNIPA,SA
5415,MINTARO,SA
5422,MINVALARA,SA
5700,MIRANDA,SA
5062,MITCHAM,SA
5062,MITCHAM SHOPPING CENTRE,SA
5632,MITCHELL,SA
5043,MITCHELL PARK,SA
5602,MITCHELLVILLE,SA
5690,MITCHIDY MOOLA,SA
5169,MOANA,SA
5253,MOBILONG,SA
5353,MOCULTA,SA
5092,MODBURY,SA
5092,MODBURY HEIGHTS,SA
5092,MODBURY NORTH,SA
5278,MOERLONG,SA
5254,MONARTO,SA
5254,MONARTO SOUTH,SA
5342,MONASH,SA
5277,MONBULLA,SA
5417,MONGOLATA,SA
5134,MONTACUTE,SA
5172,MONTARRA,SA
5253,MONTEITH,SA
5432,MOOCKRA,SA
5607,MOODY,SA
5732,MOOLAWATANA,SA
5440,MOOLEULOOLOO,SA
5730,MOOLOOLOO,SA
5717,MOONAREE,SA
5558,MOONTA,SA
5558,MOONTA BAY,SA
5558,MOONTA MINES,SA
5291,MOORAK,SA
5730,MOORILLAH,SA
5301,MOORLANDS,SA
5332,MOOROOK,SA
5332,MOOROOK SOUTH,SA
5355,MOPPA,SA
5431,MORCHARD,SA
5320,MORGAN,SA
5371,MORN HILL,SA
5162,MORPHETT VALE,SA
5320,MORPHETTS FLAT,SA
5043,MORPHETTVILLE,SA
5671,MORTANA,SA
5641,MOSELEY,SA
5214,MOSQUITO HILL,SA
5730,MOTPENA,SA
5713,MOUNT ARDEN,SA
5251,MOUNT BARKER,SA
5251,MOUNT BARKER JUNCTION,SA
5251,MOUNT BARKER SPRINGS,SA
5251,MOUNT BARKER SUMMIT,SA
5723,MOUNT BARRY,SA
5275,MOUNT BENSON,SA
5418,MOUNT BRYAN,SA
5419,MOUNT BRYAN EAST,SA
5279,MOUNT BURR,SA
5267,MOUNT CHARLES,SA
5723,MOUNT CLARENCE STATION,SA
5210,MOUNT COMPASS,SA
5671,MOUNT COOPER,SA
5351,MOUNT CRAWFORD,SA
5654,MOUNT DAMPER,SA
5607,MOUNT DRUMMOND,SA
5607,MOUNT DUTTON BAY,SA
5720,MOUNT EBA,SA
5730,MOUNT FALKLAND,SA
5731,MOUNT FREELING,SA
5290,MOUNT GAMBIER,SA
5291,MOUNT GAMBIER,SA
5291,MOUNT GAMBIER EAST,SA
5291,MOUNT GAMBIER WEST,SA
5155,MOUNT GEORGE,SA
5434,MOUNT HAVELOCK,SA
5607,MOUNT HOPE,SA
5717,MOUNT IVE,SA
5211,MOUNT JAGGED,SA
5670,MOUNT JOY,SA
5271,MOUNT LIGHT,SA
5731,MOUNT LYNDHURST,SA
5210,MOUNT MAGNIFICENT,SA
5374,MOUNT MARY,SA
5279,MOUNT MCINTYRE,SA
5353,MOUNT MCKENZIE,SA
5255,MOUNT OBSERVATION,SA
5064,MOUNT OSMOND,SA
5235,MOUNT PLEASANT,SA
5734,MOUNT SARAH,SA
5291,MOUNT SCHANK,SA
5732,MOUNT SERLE,SA
5461,MOUNT TEMPLETON,SA
5244,MOUNT TORRENS,SA
5440,MOUNT VICTOR STATION,SA
5720,MOUNT VIVIAN,SA
5670,MOUNT WEDGE,SA
5723,MOUNT WILLOUGHBY,SA
5271,MOYHALL,SA
5680,MUDAMUCKLA,SA
5732,MULGA VIEW,SA
5731,MULGARIA,SA
5719,MULGATHING,SA
5255,MULGUNDAWA,SA
5733,MULKA,SA
5608,MULLAQUANA,SA
5733,MULOORINA,SA
5440,MULYUNGARIE,SA
5700,MUNDALLIO,SA
5440,MUNDI MUNDI,SA
5340,MUNDIC CREEK,SA
5214,MUNDOO ISLAND,SA
5555,MUNDOORA,SA
5733,MUNDOWDNA,SA
5270,MUNDULLA,SA
5270,MUNDULLA WEST,SA
5733,MUNGERANIE,SA
5115,MUNNO PARA,SA
5115,MUNNO PARA DOWNS,SA
5115,MUNNO PARA WEST,SA
5320,MURBKO,SA
5607,MURDINGA,SA
5642,MURLONG,SA
5609,MURNINNIE BEACH,SA
5731,MURNPEOWIE,SA
0872,MURPUTJA,SA
5253,MURRAWONG,SA
5253,MURRAY BRIDGE,SA
5254,MURRAY BRIDGE,SA
5253,MURRAY BRIDGE EAST,SA
5253,MURRAY BRIDGE NORTH,SA
5253,MURRAY BRIDGE SOUTH,SA
5481,MURRAY TOWN,SA
5340,MURTHO,SA
5221,MUSTON,SA
5440,MUTOOROO,SA
5153,MYLOR,SA
5611,MYOLA STATION,SA
5254,MYPOLONGA,SA
5202,MYPONGA,SA
5202,MYPONGA BEACH,SA
5064,MYRTLE BANK,SA
5731,MYRTLE SPRINGS,SA
5440,NACKARA,SA
5690,NADIA,SA
5354,NAIDIA,SA
5083,NAILSWORTH,SA
5360,NAIN,SA
5252,NAIRNE,SA
5255,NALPA,SA
5558,NALYAPPA,SA
5690,NANBONA,SA
5210,NANGKITA,SA
5277,NANGWARRY,SA
5550,NANTAWARRA,SA
5540,NAPPERBY,SA
5271,NARACOORTE,SA
5655,NARLABY,SA
5523,NARRIDY,SA
5730,NARRINA,SA
5259,NARRUNG,SA
5259,NATURI,SA
5374,NEALES FLAT,SA
5495,NECTAR BROOK,SA
5540,NELSHABY,SA
5291,NENE VALLEY,SA
5732,NEPABUNNA,SA
5223,NEPEAN BAY,SA
5062,NETHERBY,SA
5301,NETHERTON,SA
5037,NETLEY,SA
5440,NETLEY GAP,SA
5015,NEW PORT,SA
5333,NEW RESIDENCE,SA
5554,NEW TOWN,SA
5357,NEW WELL,SA
5223,NEWLAND,SA
5074,NEWTON,SA
5374,NGAPALA,SA
5302,NGARKAT,SA
5238,NILDOTTIE,SA
5730,NILPENA,SA
5723,NILPINNA STATION,SA
5560,NINNES,SA
5168,NOARLUNGA CENTRE,SA
5168,NOARLUNGA DOWNS,SA
5717,NONNING,SA
5276,NORA CREINA,SA
5204,NORMANVILLE,SA
5006,NORTH ADELAIDE,SA
5006,NORTH ADELAIDE MELBOURNE ST,SA
5556,NORTH BEACH,SA
5417,NORTH BOOBOROWIE,SA
5048,NORTH BRIGHTON,SA
5223,NORTH CAPE,SA
5018,NORTH HAVEN,SA
5431,NORTH HILLS,SA
5732,NORTH MOOLOOLOO,SA
5558,NORTH MOONTA,SA
5037,NORTH PLYMPTON,SA
5607,NORTH SHIELDS,SA
5320,NORTH WEST BEND,SA
5558,NORTH YELTA,SA
5253,NORTHERN HEIGHTS,SA
5085,NORTHFIELD,SA
5085,NORTHGATE,SA
5136,NORTON SUMMIT,SA
5067,NORWOOD,SA
5067,NORWOOD SOUTH,SA
5357,NOTTS WELL,SA
5040,NOVAR GARDENS,SA
5690,NULLARBOR,SA
5680,NUNJIKOMPITA,SA
5355,NURIOOTPA,SA
5523,NUROM,SA
5256,NURRAGI,SA
0872,NYAPARI,SA
5690,OAK VALLEY,SA
5243,OAKBANK,SA
5086,OAKDEN,SA
5713,OAKDEN HILLS,SA
5046,OAKLANDS PARK,SA
5417,OAKVALE STATION,SA
5291,OB FLAT,SA
5440,OLARY,SA
5341,OLD CALPERUM,SA
5417,OLD KOOMOOLOO,SA
5168,OLD NOARLUNGA,SA
5161,OLD REYNELLA,SA
5238,OLD TEAL FLAT,SA
5725,OLYMPIC DAM,SA
5114,ONE TREE HILL,SA
5163,ONKAPARINGA HEIGHTS,SA
5163,ONKAPARINGA HILLS,SA
5422,OODLA WIRRA,SA
5734,OODNADATTA,SA
5730,ORATUNGA STATION,SA
5431,ORROROO,SA
5017,OSBORNE,SA
5013,OTTOWAY,SA
5440,OULNINA,SA
5440,OULNINA PARK,SA
5440,OUTALPA,SA
5018,OUTER HARBOR,SA
5330,OVERLAND CORNER,SA
5082,OVINGHAM,SA
5460,OWEN,SA
5271,PADTHAWAY,SA
5245,PAECHTOWN,SA
5172,PAGES FLAT,SA
5357,PAISLEY,SA
5670,PALKAGEE,SA
5254,PALLAMANA,SA
5237,PALMER,SA
5733,PANDIE PANDIE,SA
5715,PANDURRA,SA
5652,PANEY,SA
5641,PANITYA,SA
5041,PANORAMA,SA
5096,PARA HILLS,SA
5096,PARA HILLS WEST,SA
5093,PARA VISTA,SA
5730,PARACHILNA,SA
5132,PARACOMBE,SA
5075,PARADISE,SA
5106,PARAFIELD,SA
5107,PARAFIELD GARDENS,SA
5720,PARAKYLIA,SA
5108,PARALOWIE,SA
5558,PARAMATTA,SA
5422,PARATOO,SA
5203,PARAWA,SA
5417,PARCOOLA,SA
5501,PARHAM,SA
5303,PARILLA,SA
5340,PARINGA,SA
5201,PARIS CREEK,SA
5043,PARK HOLME,SA
5063,PARKSIDE,SA
5422,PARNAROO,SA
5220,PARNDANA,SA
5301,PARRAKIE,SA
5575,PARSONS BEACH,SA
5311,PARUNA,SA
5042,PASADENA,SA
5552,PASKEVILLE,SA
5333,PATA,SA
5070,PAYNEHAM,SA
5070,PAYNEHAM SOUTH,SA
5301,PEAKE,SA
5607,PEARLAH,SA
5304,PEEBINGA,SA
5374,PEEP HILL,SA
5431,PEKINA,SA
5222,PELICAN LAGOON,SA
5291,PELICAN POINT,SA
5238,PELLARING FLAT,SA
5121,PENFIELD,SA
5121,PENFIELD GARDENS,SA
5222,PENNESHAW,SA
5013,PENNINGTON,SA
5277,PENOLA,SA
5690,PENONG,SA
5353,PENRICE,SA
5453,PENWORTHAM,SA
5680,PERLUBIE,SA
5713,PERNATTY,SA
5308,PERPONDA,SA
5422,PETERBOROUGH,SA
5016,PETERHEAD,SA
5571,PETERSVILLE,SA
5267,PETHERICK,SA
5680,PETINA,SA
5252,PETWOOD,SA
5351,PEWSEY VALE,SA
5151,PICCADILLY,SA
5680,PIEDNIPPIE,SA
5340,PIKE RIVER,SA
5720,PIMBA,SA
5661,PIMBAACLA,SA
5732,PINDA SPRINGS,SA
5419,PINE CREEK,SA
5440,PINE CREEK STATION,SA
5269,PINE HILL,SA
5571,PINE POINT,SA
5417,PINE VALLEY STATION,SA
5460,PINERY,SA
5680,PINJARRA STATION,SA
5641,PINKAWILLINIE,SA
5400,PINKERTON PLAINS,SA
5275,PINKS BEACH,SA
5304,PINNAROO,SA
0872,PIPALYATJARA,SA
5540,PIRIE EAST,SA
5277,PLEASANT PARK,SA
5440,PLUMBAGO,SA
5038,PLYMPTON,SA
5038,PLYMPTON PARK,SA
5607,POINT BOSTON,SA
5601,POINT LOWLY,SA
5601,POINT LOWLY NORTH,SA
5259,POINT MCLEAY,SA
5374,POINT PASS,SA
5573,POINT PEARCE,SA
5577,POINT SOUTTAR,SA
5256,POINT STURT,SA
5575,POINT TURTON,SA
5670,POLDA,SA
5453,POLISH HILL RIVER,SA
5259,POLTALLOCH,SA
5238,POMPOOTA,SA
5238,PONDE,SA
5655,POOCHERA,SA
5268,POOGINAGORIC,SA
5330,POOGINOOK,SA
5607,POONINDIE,SA
5095,POORAKA,SA
5222,PORKY FLAT,SA
5015,PORT ADELAIDE,SA
5552,PORT ARTHUR,SA
5700,PORT AUGUSTA,SA
5701,PORT AUGUSTA,SA
5700,PORT AUGUSTA NORTH,SA
5700,PORT AUGUSTA WEST,SA
5601,PORT BONYTHON,SA
5522,PORT BROUGHTON,SA
5540,PORT DAVIS,SA
5212,PORT ELLIOT,SA
5501,PORT GAWLER,SA
5495,PORT GERMEIN,SA
5602,PORT GIBBON,SA
5558,PORT HUGHES,SA
5580,PORT JULIA,SA
5671,PORT KENNY,SA
5606,PORT LINCOLN,SA
5607,PORT LINCOLN,SA
5606,PORT LINCOLN SOUTH,SA
5291,PORT MACDONNELL,SA
5238,PORT MANNUM,SA
5576,PORT MOOROWIE,SA
5604,PORT NEILL,SA
5167,PORT NOARLUNGA,SA
5167,PORT NOARLUNGA SOUTH,SA
5700,PORT PATERSON,SA
5540,PORT PIRIE,SA
5540,PORT PIRIE SOUTH,SA
5540,PORT PIRIE WEST,SA
5575,PORT RICKABY,SA
5573,PORT VICTORIA,SA
5581,PORT VINCENT,SA
5550,PORT WAKEFIELD,SA
5173,PORT WILLUNGA,SA
5416,PORTER LAGOON,SA
5434,PRELINNA,SA
5570,PRICE,SA
5550,PROOF RANGE,SA
5082,PROSPECT,SA
5082,PROSPECT EAST,SA
5201,PROSPECT HILL,SA
5440,PUALCO RANGE,SA
0872,PUKATJA,SA
5680,PUNTABIE,SA
5238,PUNTHARI,SA
5353,PUNYELROO,SA
5680,PUREBA,SA
5238,PURNONG,SA
5720,PURPLE DOWNS,SA
5730,PUTTAPA,SA
5333,PYAP,SA
5333,PYAP WEST,SA
5652,PYGERY,SA
5322,QUALCO,SA
5014,QUEENSTOWN,SA
5440,QUINYAMBIE,SA
5417,QUONDONG,SA
5433,QUORN,SA
5291,RACECOURSE BAY,SA
5322,RAMCO,SA
5322,RAMCO HEIGHTS,SA
5575,RAMSAY,SA
5204,RAPID BAY,SA
5255,RED CREEK,SA
5502,REDBANKS,SA
5521,REDHILL,SA
5097,REDWOOD PARK,SA
5275,REEDY CREEK,SA
5502,REEVES PLAINS,SA
5010,REGENCY PARK,SA
5942,REGENCY PARK,SA
5118,REID,SA
5280,RENDELSHAM,SA
5341,RENMARK,SA
5341,RENMARK NORTH,SA
5341,RENMARK SOUTH,SA
5341,RENMARK WEST,SA
5008,RENOWN PARK,SA
5161,REYNELLA,SA
5161,REYNELLA EAST,SA
5412,RHYNIE,SA
5033,RICHMOND,SA
5097,RIDGEHAVEN,SA
5008,RIDLEYTON,SA
5540,RISDON PARK,SA
5540,RISDON PARK SOUTH,SA
5253,RIVERGLADES,SA
5253,RIVERGLEN,SA
5120,RIVERLEA PARK,SA
5412,RIVERTON,SA
5276,ROBE,SA
5381,ROBERTSTOWN,SA
5464,ROCHESTER,SA
5254,ROCKLEIGH,SA
5280,ROCKY CAMP,SA
5254,ROCKY GULLY,SA
5381,ROCKY PLAIN,SA
5238,ROCKY POINT,SA
5571,ROGUES POINT,SA
5067,ROSE PARK,SA
5350,ROSEDALE,SA
5275,ROSETOWN,SA
5013,ROSEWATER,SA
5013,ROSEWATER EAST,SA
5371,ROSEWORTHY,SA
5072,ROSSLYN PARK,SA
5073,ROSTREVOR,SA
5352,ROWLAND FLAT,SA
5725,ROXBY DOWNS,SA
5725,ROXBY DOWNS STATION,SA
5014,ROYAL PARK,SA
5070,ROYSTON PARK,SA
5642,RUDALL,SA
5000,RUNDLE MALL,SA
5413,SADDLEWORTH,SA
5461,SAINTS,SA
5255,SALEM,SA
5108,SALISBURY,SA
5108,SALISBURY DOWNS,SA
5109,SALISBURY EAST,SA
5109,SALISBURY EAST NORTHBRI AVE,SA
5109,SALISBURY HEIGHTS,SA
5108,SALISBURY NORTH,SA
5108,SALISBURY NORTH WHITES ROAD,SA
5109,SALISBURY PARK,SA
5109,SALISBURY PLAIN,SA
5106,SALISBURY SOUTH,SA
5106,SALISBURY SOUTH DC,SA
5264,SALT CREEK,SA
5401,SALTER SPRINGS,SA
5433,SALTIA,SA
5114,SAMPSON FLAT,SA
5309,SANDALWOOD,SA
5255,SANDERGROVE,SA
5237,SANDERSTON,SA
5571,SANDILANDS,SA
5356,SANDLETON,SA
5350,SANDY CREEK,SA
5275,SANDY GROVE,SA
5222,SAPPHIRETOWN,SA
5680,SCEALE BAY,SA
5311,SCHELL WELL,SA
5153,SCOTT CREEK,SA
5049,SEACLIFF,SA
5049,SEACLIFF PARK,SA
5047,SEACOMBE GARDENS,SA
5047,SEACOMBE HEIGHTS,SA
5169,SEAFORD,SA
5169,SEAFORD HEIGHTS,SA
5169,SEAFORD MEADOWS,SA
5169,SEAFORD RISE,SA
5223,SEAL BAY,SA
5023,SEATON,SA
5049,SEAVIEW DOWNS,SA
5280,SEBASTOPOL,SA
5204,SECOND VALLEY,SA
5611,SECRET ROCKS,SA
5353,SEDAN,SA
5223,SEDDON,SA
5083,SEFTON PARK,SA
5174,SELLICKS BEACH,SA
5174,SELLICKS HILL,SA
5019,SEMAPHORE,SA
5019,SEMAPHORE PARK,SA
5019,SEMAPHORE SOUTH,SA
5268,SENIOR,SA
5355,SEPPELTSFIELD,SA
5453,SEVENHILL,SA
5434,SHAGGY RIDGE,SA
5267,SHAUGH,SA
5371,SHEA-OAK LOG,SA
5581,SHEAOAK FLAT,SA
5158,SHEIDOW PARK,SA
5607,SHERINGA,SA
5301,SHERLOCK,SA
5267,SHERWOOD,SA
5279,SHORT,SA
5717,SIAM,SA
5204,SILVERTON,SA
5734,SIMPSON DESERT,SA
5072,SKYE,SA
5607,SLEAFORD,SA
5114,SMITHFIELD,SA
5114,SMITHFIELD PLAINS,SA
5680,SMOKY BAY,SA
5520,SNOWTOWN,SA
5641,SOLOMON,SA
5540,SOLOMONTOWN,SA
5044,SOMERTON PARK,SA
5048,SOUTH BRIGHTON,SA
5713,SOUTH GAP,SA
5550,SOUTH HUMMOCKS,SA
5573,SOUTH KILKERRAN,SA
5038,SOUTH PLYMPTON,SA
5280,SOUTHEND,SA
5031,SOUTHWARK,SA
5454,SPALDING,SA
5345,SPECTACLE LAKE,SA
5271,SPENCE,SA
5453,SPRING FARM,SA
5453,SPRING GULLY,SA
5062,SPRINGFIELD,SA
5235,SPRINGTON,SA
5291,SQUARE MILE,SA
5097,ST AGNES,SA
5011,ST CLAIR,SA
5064,ST GEORGES,SA
5252,ST IVES,SA
5373,ST JOHNS,SA
5110,ST KILDA,SA
5356,ST KITTS,SA
5042,ST MARYS,SA
5068,ST MORRIS,SA
5069,ST PETERS,SA
5415,STANLEY,SA
5453,STANLEY FLAT,SA
5582,STANSBURY,SA
5000,STATION ARCADE,SA
5413,STEELTON,SA
5356,STEINFELD,SA
5433,STEPHENSTON,SA
5069,STEPNEY,SA
5271,STEWART RANGE,SA
5152,STIRLING,SA
5710,STIRLING NORTH,SA
5410,STOCKPORT,SA
5355,STOCKWELL,SA
5460,STOCKYARD CREEK,SA
5330,STOCKYARD PLAIN,SA
5223,STOKES BAY,SA
5480,STONE HUT,SA
5352,STONE WELL,SA
5066,STONYFELL,SA
5461,STOW,SA
5255,STRATHALBYN,SA
5680,STREAKY BAY,SA
5271,STRUAN,SA
5731,STRZELECKI DESERT,SA
5320,STUART,SA
5720,STUARTS CREEK,SA
5047,STURT,SA
5417,STURT VALE,SA
5583,SULTANA POINT,SA
5141,SUMMERTOWN,SA
5322,SUNLANDS,SA
5422,SUNNYBRAE,SA
5353,SUNNYDALE,SA
5253,SUNNYSIDE,SA
5552,SUNNYVALE,SA
5126,SURREY DOWNS,SA
5374,SUTHERLANDS,SA
5291,SUTTONTOWN,SA
5354,SWAN REACH,SA
5253,SWANPORT,SA
5270,SWEDE FLAT,SA
5259,TAILEM BEND,SA
5260,TAILEM BEND,SA
5311,TALDRA,SA
5670,TALIA,SA
5280,TANTANOOLA,SA
5352,TANUNDA,SA
5017,TAPEROO,SA
5311,TAPLAN,SA
5275,TARATAP,SA
5701,TARCOOLA,SA
5431,TARCOWIE,SA
5411,TARLEE,SA
5413,TARNMA,SA
5277,TARPEENA,SA
5171,TATACHILLA,SA
5235,TAUNTON,SA
5330,TAYLORVILLE,SA
5330,TAYLORVILLE STATION,SA
5091,TEA TREE GULLY,SA
5238,TEAL FLAT,SA
5540,TELOWIE,SA
5371,TEMPLERS,SA
5022,TENNYSON,SA
5440,TEPCO STATION,SA
5254,TEPKO,SA
5072,TERINGIE,SA
5421,TEROWIE,SA
5271,THE GAP,SA
5577,THE PINES,SA
5172,THE RANGE,SA
5031,THEBARTON,SA
5690,THEVENARD,SA
5554,THOMAS PLAIN,SA
5501,THOMPSON BEACH,SA
5082,THORNGATE,SA
5280,THORNLEA,SA
5432,THREE CREEKS,SA
5552,THRINGTON,SA
5717,THURLGA,SA
5607,TIATUKIA,SA
5555,TICKERA,SA
5571,TIDDY WIDDY BEACH,SA
0872,TIEYON,SA
5440,TIKALINA,SA
5275,TILLEY SWAMP,SA
5266,TINTINARA,SA
5734,TODMORDEN,SA
5256,TOLDEROL,SA
5042,TONSLEY,SA
5607,TOOLIGIE,SA
5255,TOOPERANG,SA
5253,TOORA,SA
5065,TOORAK GARDENS,SA
5607,TOOTENILLA,SA
5015,TORRENS ISLAND,SA
5062,TORRENS PARK,SA
5203,TORRENS VALE,SA
5031,TORRENSVILLE,SA
5031,TORRENSVILLE PLAZA,SA
5413,TOTHILL BELT,SA
5413,TOTHILL CREEK,SA
5250,TOTNESS,SA
5353,TOWITTA,SA
5073,TRANMERE,SA
5073,TRANMERE NORTH,SA
5068,TRINITY GARDENS,SA
5158,TROTT PARK,SA
5356,TRURO,SA
5607,TULKA,SA
5605,TUMBY BAY,SA
5236,TUNGKILLO,SA
5203,TUNKALILLA,SA
5065,TUSMORE,SA
5501,TWO WELLS,SA
5671,TYRINGA,SA
5422,UCOLTA,SA
5607,ULEY,SA
5114,ULEYBURY,SA
5419,ULOOLOO,SA
5633,ULYERRA,SA
5732,UMBERATANA,SA
0872,UMUWA,SA
5451,UNDALYA,SA
5032,UNDERDALE,SA
5607,UNGARRA,SA
5061,UNLEY,SA
5061,UNLEY PARK,SA
5717,UNO,SA
5434,UPALINNA,SA
5131,UPPER HERMITAGE,SA
5156,UPPER STURT,SA
5142,URAIDLA,SA
5573,URANIA,SA
5064,URRBRAE,SA
5690,UWORRA,SA
5081,VALE PARK,SA
5093,VALLEY VIEW,SA
5311,VEITCH,SA
5607,VENUS BAY,SA
5245,VERDUN,SA
5603,VERRAN,SA
5211,VICTOR HARBOR,SA
5211,VICTOR HARBOR CENTRAL,SA
5352,VINE VALE,SA
5120,VIRGINIA,SA
5091,VISTA,SA
5223,VIVONNE BAY,SA
5640,WADDIKEE,SA
5440,WADNAMINGA,SA
5330,WAIKERIE,SA
5211,WAITPINGA,SA
5238,WALKER FLAT,SA
5081,WALKERVILLE,SA
5098,WALKLEY HEIGHTS,SA
5254,WALL FLAT,SA
5661,WALLALA,SA
5556,WALLAROO,SA
5554,WALLAROO MINES,SA
5556,WALLAROO PLAIN,SA
5713,WALLERBERDINA,SA
5431,WALLOWAY,SA
5264,WALTOWA,SA
5700,WAMI KATA,SA
5310,WANBI,SA
5690,WANDANA,SA
5523,WANDEARAH EAST,SA
5523,WANDEARAH WEST,SA
5291,WANDILO,SA
5607,WANGARY,SA
5275,WANGOLINA,SA
5607,WANILLA,SA
5332,WAPPILKA,SA
5556,WARBURTO,SA
5118,WARD BELT,SA
5522,WARD HILL,SA
5540,WARNERTOWN,SA
5417,WARNES,SA
5577,WAROOKA,SA
5422,WAROONEE,SA
5046,WARRADALE,SA
5046,WARRADALE NORTH,SA
5650,WARRAMBOO,SA
5730,WARRAWEENA,SA
5715,WARTAKA,SA
5454,WASHPOOL,SA
5400,WASLEYS,SA
0872,WATARRU,SA
5461,WATCHMAN,SA
5066,WATERFALL GULLY,SA
5413,WATERLOO,SA
5110,WATERLOO CORNER,SA
5452,WATERVALE,SA
0872,WATINUMA,SA
5690,WATRABA,SA
5203,WATTLE FLAT,SA
5066,WATTLE PARK,SA
5280,WATTLE RANGE,SA
5279,WATTLE RANGE EAST,SA
5440,WAUKARINGA,SA
5573,WAURALTEE,SA
5034,WAYVILLE,SA
5501,WEBB BEACH,SA
5606,WEDGE ISLAND,SA
5440,WEEKEROO,SA
5495,WEEROONA ISLAND,SA
5573,WEETULTA,SA
5724,WELBOURN HILL,SA
5007,WELLAND,SA
5259,WELLINGTON,SA
5259,WELLINGTON EAST,SA
5278,WEPAR,SA
5482,WEPOWIE,SA
5732,WERTALOONA,SA
5024,WEST BEACH,SA
5491,WEST BUNDALEER,SA
5008,WEST CROYDON,SA
5007,WEST HINDMARSH,SA
5021,WEST LAKES,SA
5020,WEST LAKES SHORE,SA
5275,WEST RANGE,SA
5033,WEST RICHMOND,SA
5680,WESTALL,SA
5041,WESTBOURNE PARK,SA
5268,WESTERN FLAT,SA
5223,WESTERN RIVER,SA
5320,WESTONS FLAT,SA
5603,WHARMINDA,SA
5254,WHITE HILL,SA
5575,WHITE HUT,SA
5253,WHITE SANDS,SA
5690,WHITE WELL CORNER,SA
5607,WHITES FLAT,SA
5607,WHITES RIVER,SA
5172,WHITES VALLEY,SA
5461,WHITWARTA,SA
5600,WHYALLA,SA
5601,WHYALLA BARSON,SA
5609,WHYALLA JENKINS,SA
5608,WHYALLA NORRIE,SA
5608,WHYALLA NORRIE EAST,SA
5608,WHYALLA NORRIE NORTH,SA
5600,WHYALLA PLAYFORD,SA
5608,WHYALLA STUART,SA
5420,WHYTE YARCOWIE,SA
5440,WIAWERA,SA
5330,WIGLEY FLAT,SA
5641,WILCHERRY,SA
5432,WILCOWIE,SA
5271,WILD DOG VALLEY,SA
5501,WILD HORSE PLAINS,SA
5719,WILGENA,SA
5713,WILKATANA STATION,SA
5301,WILKAWATT,SA
5419,WILLALO,SA
5267,WILLALOOKA,SA
5554,WILLAMULKA,SA
5118,WILLASTON,SA
5723,WILLIAM CREEK,SA
5351,WILLIAMSTOWN,SA
5432,WILLIPPA,SA
5433,WILLOCHRA,SA
5222,WILLOUGHBY,SA
5253,WILLOW BANKS,SA
5211,WILLOW CREEK,SA
5434,WILLOW SPRINGS,SA
5431,WILLOWIE,SA
5222,WILLSON RIVER,SA
5172,WILLUNGA,SA
5172,WILLUNGA HILL,SA
5172,WILLUNGA SOUTH,SA
5255,WILLYAROO,SA
5485,WILMINGTON,SA
5501,WINDSOR,SA
5087,WINDSOR GARDENS,SA
5013,WINGFIELD,SA
5343,WINKIE,SA
5440,WINNININNIE,SA
5700,WINNINOWIE,SA
5713,WINTABATINYANA,SA
5723,WINTINNA,SA
5570,WINULTA,SA
5481,WIRRABARA,SA
5719,WIRRAMINNA,SA
5730,WIRREALPA,SA
5267,WIRREGA,SA
5204,WIRRINA COVE,SA
5661,WIRRULLA,SA
5223,WISANGER,SA
5251,WISTOW,SA
5731,WITCHELINA,SA
5432,WITCHITIE,SA
5671,WITERA,SA
5734,WITJIRA,SA
5520,WOKURNA,SA
5269,WOLSELEY,SA
5320,WOMBATS REST,SA
5440,WOMPINIE,SA
5238,WONGULLA,SA
5481,WONGYARRA,SA
5419,WONNA,SA
5340,WONUARRA,SA
5255,WOODCHESTER,SA
5162,WOODCROFT,SA
5072,WOODFORDE,SA
5254,WOODLANE,SA
5311,WOODLEIGH,SA
5253,WOODS POINT,SA
5244,WOODSIDE,SA
5011,WOODVILLE,SA
5012,WOODVILLE GARDENS,SA
5012,WOODVILLE NORTH,SA
5011,WOODVILLE PARK,SA
5011,WOODVILLE SOUTH,SA
5011,WOODVILLE WEST,SA
5575,WOOL BAY,SA
5330,WOOLPUNDA,SA
5412,WOOLSHED FLAT,SA
5400,WOOLSHEDS,SA
5732,WOOLTANA,SA
5272,WOOLUMBOOL,SA
5701,WOOLUNDUNGA,SA
5720,WOOMERA,SA
5381,WORLDS END,SA
5291,WORROLONG,SA
5434,WORUMBA,SA
5271,WRATTONBULLY,SA
5652,WUDINNA,SA
5311,WUNKAR,SA
5291,WYE,SA
5306,WYNARKA,SA
5127,WYNN VALE,SA
5275,WYOMI,SA
5470,YACKA,SA
5713,YADLAMALKA,SA
5291,YAHL,SA
5641,YALANDA,SA
5690,YALATA,SA
5607,YALLUNDA FLAT,SA
5431,YALPARA,SA
5715,YALYMBOO,SA
5340,YAMBA,SA
5680,YANERBIE,SA
5653,YANINEE,SA
5203,YANKALILLA,SA
5732,YANKANINNA,SA
5661,YANTANABIE,SA
5432,YANYARRIE,SA
5717,YARDEA,SA
5433,YARRAH,SA
5440,YARRAMBA,SA
5126,YATALA VALE,SA
5422,YATINA,SA
5114,YATTALUNGA,SA
5632,YEELANNA,SA
5690,YELLABINNA,SA
5558,YELTA,SA
5641,YELTANA,SA
5332,YINKANIE,SA
5493,YONGALA,SA
5573,YORKE VALLEY,SA
5576,YORKETOWN,SA
5238,YOUNGHUSBAND,SA
5238,YOUNGHUSBAND HOLDINGS,SA
5715,YUDNAPINNA,SA
5261,YUMALI,SA
5690,YUMBARRA,SA
5172,YUNDI,SA
5440,YUNTA,SA
0872,YUNYARINYI,SA
5254,ZADOWS LANDING,SA
7315,ABBOTSHAM,TAS
7112,ABELS BAY,TAS
7310,ABERDEEN,TAS
7306,ACACIA HILLS,TAS
7320,ACTON,TAS
7170,ACTON PARK,TAS
7150,ADVENTURE BAY,TAS
7216,AKAROA,TAS
7263,ALBERTON,TAS
7330,ALCOMIE,TAS
7150,ALLENS RIVULET,TAS
7150,ALONNAH,TAS
7310,AMBLESIDE,TAS
7120,ANDOVER,TAS
7264,ANSONS BAY,TAS
7120,ANTILL PONDS,TAS
7150,APOLLO BAY,TAS
7190,APSLAWN,TAS
7030,APSLEY,TAS
7330,ARTHUR RIVER,TAS
7030,ARTHURS LAKE,TAS
7011,AUSTINS FERRY,TAS
7213,AVOCA,TAS
7120,BADEN,TAS
7270,BADGER HEAD,TAS
7030,BAGDAD,TAS
7307,BAKERS BEACH,TAS
7265,BANCA,TAS
7267,BANGOR,TAS
7150,BARNES BAY,TAS
7054,BARRETTA,TAS
7306,BARRINGTON,TAS
7004,BATTERY POINT,TAS
7270,BEACONSFIELD,TAS
7215,BEAUMARIS,TAS
7270,BEAUTY POINT,TAS
7252,BEECHFORD,TAS
7253,BELL BAY,TAS
7018,BELLERIVE,TAS
7254,BELLINGHAM,TAS
7212,BEN LOMOND,TAS
7011,BERRIEDALE,TAS
7306,BEULAH,TAS
7215,BICHENO,TAS
7216,BINALONG BAY,TAS
7162,BIRCHS BAY,TAS
7303,BIRRALEE,TAS
7301,BISHOPSBOURNE,TAS
7140,BLACK HILLS,TAS
7321,BLACK RIVER,TAS
7052,BLACKMANS BAY,TAS
7250,BLACKSTONE HEIGHTS,TAS
7275,BLACKWALL,TAS
7301,BLACKWOOD CREEK,TAS
7212,BLESSINGTON,TAS
7255,BLUE ROCKS,TAS
7260,BLUMONT,TAS
7321,BOAT HARBOUR,TAS
7321,BOAT HARBOUR BEACH,TAS
7053,BONNET HILL,TAS
7264,BOOBYALLA,TAS
7177,BOOMER BAY,TAS
7030,BOTHWELL,TAS
7140,BOYER,TAS
7302,BRACKNELL,TAS
7140,BRADYS LAKE,TAS
7304,BRANDUM,TAS
7261,BRANXHOLM,TAS
7258,BREADALBANE,TAS
7175,BREAM CREEK,TAS
7304,BREONA,TAS
7277,BRIDGENORTH,TAS
7030,BRIDGEWATER,TAS
7262,BRIDPORT,TAS
7030,BRIGHTON,TAS
7330,BRITTONS SWAMP,TAS
7030,BROADMARSH,TAS
7330,BROADMEADOWS,TAS
7140,BRONTE PARK,TAS
7320,BROOKLYN,TAS
7116,BROOKS BAY,TAS
7190,BUCKLAND,TAS
7256,BUNGAREE,TAS
7320,BURNIE,TAS
7212,BURNS CREEK,TAS
7140,BUSHY PARK,TAS
7140,BUTLERS GORGE,TAS
7116,CAIRNS BAY,TAS
7325,CALDER,TAS
7170,CAMBRIDGE,TAS
7320,CAMDALE,TAS
7316,CAMENA,TAS
7026,CAMPANIA,TAS
7210,CAMPBELL TOWN,TAS
7257,CAPE BARREN ISLAND,TAS
7182,CAPE PILLAR,TAS
7264,CAPE PORTLAND,TAS
7184,CAPE RAOUL,TAS
7173,CARLTON,TAS
7173,CARLTON RIVER,TAS
7291,CARRICK,TAS
7151,CASEY,TAS
7116,CASTLE FORBES BAY,TAS
7315,CASTRA,TAS
7304,CAVESIDE,TAS
7304,CENTRAL PLATEAU,TAS
7306,CETHANA,TAS
7215,CHAIN OF LAGOONS,TAS
7112,CHARLOTTE COVE,TAS
7321,CHASM CREEK,TAS
7011,CHIGWELL,TAS
7330,CHRISTMAS HILLS,TAS
7304,CHUDLEIGH,TAS
7011,CLAREMONT,TAS
7270,CLARENCE POINT,TAS
7019,CLARENDON VALE,TAS
7306,CLAUDE ROAD,TAS
7211,CLEVELAND,TAS
7020,CLIFTON BEACH,TAS
7303,CLUAN,TAS
7027,COLEBROOK,TAS
7215,COLES BAY,TAS
7012,COLLINSVALE,TAS
7211,CONARA,TAS
7054,CONINGHAM,TAS
7173,CONNELLYS MARSH,TAS
7320,COOEE,TAS
7174,COPPING,TAS
7321,CORINNA,TAS
7215,CORNWALL,TAS
7330,COUTA ROCKS,TAS
7321,COWRIE POINT,TAS
7109,CRABTREE,TAS
7306,CRADLE MOUNTAIN,TAS
7109,CRADOC,TAS
7030,CRAMPS BAY,TAS
7190,CRANBROOK,TAS
7321,CRAYFISH CREEK,TAS
7024,CREMORNE,TAS
7302,CRESSY,TAS
7260,CUCKOO,TAS
7316,CUPRONA,TAS
7256,CURRIE,TAS
7112,CYGNET,TAS
7304,DAIRY PLAINS,TAS
7151,DAVIS,TAS
7212,DEDDINGTON,TAS
7140,DEE,TAS
7112,DEEP BAY,TAS
7304,DELORAINE,TAS
7150,DENNES POINT,TAS
7264,DERBY,TAS
7140,DERWENT BRIDGE,TAS
7009,DERWENT PARK,TAS
7321,DETENTION,TAS
7275,DEVIOT,TAS
7300,DEVON HILLS,TAS
7310,DEVONPORT,TAS
7252,DILSTON,TAS
7304,DOCTORS POINT,TAS
7325,DOCTORS ROCKS,TAS
7173,DODGES FERRY,TAS
7190,DOLPHIN SANDS,TAS
7310,DON,TAS
7215,DOUGLAS RIVER,TAS
7215,DOUGLAS-APSLEY,TAS
7117,DOVER,TAS
7320,DOWNLANDS,TAS
7010,DOWSING POINT,TAS
7030,DROMEDARY,TAS
7025,DULCOT,TAS
7177,DUNALLEY,TAS
7304,DUNORLAN,TAS
7005,DYNNYRNE,TAS
7030,DYSART,TAS
7179,EAGLEHAWK NECK,TAS
7321,EAST CAM,TAS
7310,EAST DEVONPORT,TAS
7250,EAST LAUNCESTON,TAS
7321,EAST RIDGLEY,TAS
7264,EDDYSTONE,TAS
7321,EDGCUMBE BEACH,TAS
7330,EDITH CREEK,TAS
7256,EGG LAGOON,TAS
7112,EGGS AND BACON BAY,TAS
7030,ELDERSLIE,TAS
7054,ELECTRONA,TAS
7304,ELIZABETH TOWN,TAS
7140,ELLENDALE,TAS
7325,ELLIOTT,TAS
7255,EMITA,TAS
7320,EMU HEIGHTS,TAS
7211,EPPING FOREST,TAS
7310,ERRIBA,TAS
7310,EUGENANA,TAS
7212,EVANDALE,TAS
7275,EXETER,TAS
7303,EXTON,TAS
7215,FALMOUTH,TAS
7140,FENTONBURY,TAS
7054,FERN TREE,TAS
7214,FINGAL,TAS
7140,FITZGERALD,TAS
7030,FLINTSTONE,TAS
7140,FLORENTINE,TAS
7325,FLOWERDALE,TAS
7163,FLOWERPOT,TAS
7270,FLOWERY GULLY,TAS
7173,FORCETT,TAS
7330,FOREST,TAS
7260,FORESTER,TAS
7182,FORTESCUE,TAS
7310,FORTH,TAS
7310,FORTHSIDE,TAS
7215,FOUR MILE CREEK,TAS
7275,FRANKFORD,TAS
7113,FRANKLIN,TAS
7215,FREYCINET,TAS
7215,FRIENDLY BEACHES,TAS
7030,GAGEBROOK,TAS
7112,GARDEN ISLAND CREEK,TAS
7112,GARDNERS BAY,TAS
7315,GAWLER,TAS
7116,GEEVESTON,TAS
7015,GEILSTON BAY,TAS
7253,GEORGE TOWN,TAS
7264,GLADSTONE,TAS
7109,GLAZIERS BAY,TAS
7000,GLEBE,TAS
7109,GLEN HUON,TAS
7109,GLENDEVIE,TAS
7140,GLENFERN,TAS
7275,GLENGARRY,TAS
7012,GLENLUSK,TAS
7140,GLENORA,TAS
7010,GLENORCHY,TAS
7254,GOLCONDA,TAS
7304,GOLDEN VALLEY,TAS
7010,GOODWOOD,TAS
7150,GORDON,TAS
7466,GORMANSTON,TAS
7216,GOSHEN,TAS
7216,GOULDS COUNTRY,TAS
7306,GOWRIE PARK,TAS
7030,GRANTON,TAS
7469,GRANVILLE HARBOUR,TAS
7017,GRASSTREE HILL,TAS
7256,GRASSY,TAS
7276,GRAVELLY BEACH,TAS
7215,GRAY,TAS
7150,GREAT BAY,TAS
7270,GREENS BEACH,TAS
7140,GRETNA,TAS
7277,GRINDELWALD,TAS
7109,GROVE,TAS
7321,GUILDFORD,TAS
7315,GUNNS PLAINS,TAS
7290,HADSPEN,TAS
7292,HAGLEY,TAS
7140,HAMILTON,TAS
7321,HAMPSHIRE,TAS
7307,HARFORD,TAS
7109,HASTINGS,TAS
7320,HAVENVIEW,TAS
7307,HAWLEY BEACH,TAS
7140,HAYES,TAS
7151,HEARD ISLAND,TAS
7321,HELLYER,TAS
7325,HENRIETTA,TAS
7030,HERDSMANS COVE,TAS
7030,HERMITAGE,TAS
7264,HERRICK,TAS
7316,HEYBRIDGE,TAS
7321,HIGHCLERE,TAS
7183,HIGHCROFT,TAS
7320,HILLCREST,TAS
7252,HILLWOOD,TAS
7000,HOBART,TAS
7001,HOBART,TAS
7140,HOLLOW TREE,TAS
7275,HOLWELL,TAS
7017,HONEYWOOD,TAS
7054,HOWDEN,TAS
7018,HOWRAH,TAS
7316,HOWTH,TAS
7055,HUNTINGFIELD,TAS
7112,HUON ISLAND,TAS
7109,HUONVILLE,TAS
7109,IDA BAY,TAS
7030,INTERLAKEN,TAS
7248,INVERMAY,TAS
7330,IRISHTOWN,TAS
7304,JACKEYS MARSH,TAS
7030,JERICHO,TAS
7260,JETSONVILLE,TAS
7109,JUDBURY,TAS
7260,KAMONA,TAS
7150,KAOOTA,TAS
7140,KARANJA,TAS
7267,KAROOLA,TAS
7270,KAYENA,TAS
7176,KELLEVIE,TAS
7270,KELSO,TAS
7030,KEMPTON,TAS
7155,KETTERING,TAS
7255,KILLIECRANKIE,TAS
7150,KILLORA,TAS
7304,KIMBERLEY,TAS
7310,KINDRED,TAS
7249,KINGS MEADOWS,TAS
7050,KINGSTON,TAS
7051,KINGSTON,TAS
7050,KINGSTON BEACH,TAS
7187,KOONYA,TAS
7140,LACHLAN,TAS
7255,LACKRANA,TAS
7255,LADY BARRON,TAS
7210,LAKE LEAKE,TAS
7467,LAKE MARGARET,TAS
7030,LAKE SORELL,TAS
7140,LAKE ST CLAIR,TAS
7267,LALLA,TAS
7275,LANENA,TAS
7325,LAPOINYA,TAS
7307,LATROBE,TAS
7021,LAUDERDALE,TAS
7250,LAUNCESTON,TAS
7140,LAWITTA,TAS
7254,LEBRINA,TAS
7255,LEEKA,TAS
7252,LEFROY,TAS
7277,LEGANA,TAS
7263,LEGERWOOD,TAS
7315,LEITH,TAS
7120,LEMONT,TAS
7008,LENAH VALLEY,TAS
7054,LESLIE VALE,TAS
7120,LEVENDALE,TAS
7173,LEWISHAM,TAS
7030,LIAWENEE,TAS
7304,LIENA,TAS
7260,LIETINNA,TAS
7301,LIFFEY,TAS
7330,LILEAH,TAS
7310,LILLICO,TAS
7268,LILYDALE,TAS
7015,LINDISFARNE,TAS
7260,LISLE,TAS
7140,LITTLE PINE LAGOON,TAS
7190,LITTLE SWANPORT,TAS
7255,LOCCOTA,TAS
7275,LOIRA,TAS
7140,LONDON LAKES,TAS
7253,LONG REACH,TAS
7301,LONGFORD,TAS
7150,LONGLEY,TAS
7109,LONNAVALE,TAS
7315,LOONGANA,TAS
7256,LOORANA,TAS
7306,LORINNA,TAS
7216,LOTTAH,TAS
7253,LOW HEAD,TAS
7306,LOWER BARRINGTON,TAS
7306,LOWER BEULAH,TAS
7109,LOWER LONGLEY,TAS
7030,LOWER MARSHES,TAS
7005,LOWER SANDY BAY,TAS
7054,LOWER SNUG,TAS
7267,LOWER TURNERS MARSH,TAS
7109,LOWER WATTLE GROVE,TAS
7310,LOWER WILMOT,TAS
7316,LOYETEA,TAS
7109,LUCASTON,TAS
7255,LUGHRATA,TAS
7321,LUINA,TAS
7252,LULWORTH,TAS
7150,LUNAWANNA,TAS
7109,LUNE RIVER,TAS
7009,LUTANA,TAS
7109,LYMINGTON,TAS
7256,LYMWOOD,TAS
7468,MACQUARIE HEADS,TAS
7151,MACQUARIE ISLAND,TAS
7140,MACQUARIE PLAINS,TAS
7140,MAGRA,TAS
7140,MALBINA,TAS
7030,MANGALORE,TAS
7214,MANGANA,TAS
7054,MARGATE,TAS
7175,MARION BAY,TAS
7330,MARRAWAH,TAS
7214,MATHINNA,TAS
7321,MAWBANNA,TAS
7151,MAWSON,TAS
7304,MAYBERRY,TAS
7140,MAYDENA,TAS
7248,MAYFIELD,TAS
7151,MCDONALD ISLANDS,TAS
7140,MEADOWBANK,TAS
7304,MEANDER,TAS
7330,MELLA,TAS
7310,MELROSE,TAS
7030,MELTON MOWBRAY,TAS
7255,MEMANA,TAS
7330,MENGHA,TAS
7304,MERSEY FOREST,TAS
7305,MERSEYLEA,TAS
7325,MEUNNA,TAS
7310,MIANDETTA,TAS
7306,MIDDLESEX,TAS
7163,MIDDLETON,TAS
7171,MIDWAY POINT,TAS
7030,MIENA,TAS
7325,MILABENA,TAS
7030,MILLERS BLUFF,TAS
7310,MOINA,TAS
7304,MOLE CREEK,TAS
7140,MOLESWORTH,TAS
7304,MOLTEMA,TAS
7330,MONTAGU,TAS
7018,MONTAGU BAY,TAS
7304,MONTANA,TAS
7320,MONTELLO,TAS
7010,MONTROSE,TAS
7321,MONTUMANA,TAS
7140,MOOGARA,TAS
7009,MOONAH,TAS
7321,MOOREVILLE,TAS
7264,MOORINA,TAS
7325,MOORLEAH,TAS
7030,MORASS BAY,TAS
7307,MORIARTY,TAS
7018,MORNINGTON,TAS
7252,MOUNT DIRECTION,TAS
7140,MOUNT FIELD,TAS
7325,MOUNT HICKS,TAS
7140,MOUNT LLOYD,TAS
7007,MOUNT NELSON,TAS
7306,MOUNT ROLAND,TAS
7170,MOUNT RUMNEY,TAS
7120,MOUNT SEYMOUR,TAS
7000,MOUNT STUART,TAS
7264,MOUNT WILLIAM,TAS
7109,MOUNTAIN RIVER,TAS
7248,MOWBRAY,TAS
7178,MURDUNNA,TAS
7264,MUSSELROE BAY,TAS
7325,MYALLA,TAS
7259,MYRTLE BANK,TAS
7330,NABAGEENA,TAS
7260,NABOWLA,TAS
7256,NARACOOPA,TAS
7140,NATIONAL PARK,TAS
7321,NATONE,TAS
7304,NEEDLES,TAS
7054,NEIKA,TAS
7330,NELSON BAY,TAS
7140,NEW NORFOLK,TAS
7008,NEW TOWN,TAS
7248,NEWNHAM,TAS
7250,NEWSTEAD,TAS
7112,NICHOLLS RIVULET,TAS
7315,NIETTA,TAS
7212,NILE,TAS
7306,NOOK,TAS
7150,NORTH BRUNY,TAS
7000,NORTH HOBART,TAS
7002,NORTH HOBART,TAS
7268,NORTH LILYDALE,TAS
7315,NORTH MOTTON,TAS
7260,NORTH SCOTTSDALE,TAS
7307,NORTHDOWN,TAS
7250,NORWOOD,TAS
7275,NOTLEY HILLS,TAS
7306,NOWHERE ELSE,TAS
7184,NUBEENA,TAS
7256,NUGARA,TAS
7172,NUGENT,TAS
7259,NUNAMARA,TAS
7019,OAKDOWNS,TAS
7303,OAKS,TAS
7120,OATLANDS,TAS
7320,OCEAN VISTA,TAS
7017,OLD BEACH,TAS
7325,OLDINA,TAS
7325,OONAH,TAS
7023,OPOSSUM BAY,TAS
7190,ORFORD,TAS
7172,ORIELTON,TAS
7303,OSMASTON,TAS
7140,OSTERLEY,TAS
7017,OTAGO,TAS
7140,OUSE,TAS
7150,OYSTER COVE,TAS
7255,PALANA,TAS
7310,PALOONA,TAS
7306,PARADISE,TAS
7120,PARATTAH,TAS
7320,PARK GROVE,TAS
7304,PARKHAM,TAS
7320,PARKLANDS,TAS
7321,PARRAWE,TAS
7259,PATERSONIA,TAS
7172,PAWLEENA,TAS
7120,PAWTELLA,TAS
7256,PEARSHAPE,TAS
7256,PEGARAH,TAS
7030,PELHAM,TAS
7150,PELVERATA,TAS
7316,PENGUIN,TAS
7171,PENNA,TAS
7300,PERTH,TAS
7109,PETCHEYS BAY,TAS
7264,PIONEER,TAS
7254,PIPERS BROOK,TAS
7252,PIPERS RIVER,TAS
7140,PLENTY,TAS
7302,POATINA,TAS
7116,POLICE POINT,TAS
7030,PONTVILLE,TAS
7190,PONTYPOOL,TAS
7182,PORT ARTHUR,TAS
7116,PORT HUON,TAS
7321,PORT LATTA,TAS
7307,PORT SORELL,TAS
7300,POWRANNA,TAS
7185,PREMAYDENA,TAS
7325,PREOLENNA,TAS
7316,PRESERVATION BAY,TAS
7315,PRESTON,TAS
7173,PRIMROSE SANDS,TAS
7306,PROMISED LAND,TAS
7250,PROSPECT,TAS
7250,PROSPECT VALE,TAS
7249,PUNCHBOWL,TAS
7216,PYENGANA,TAS
7292,QUAMBY BEND,TAS
7304,QUAMBY BROOK,TAS
7000,QUEENS DOMAIN,TAS
7467,QUEENSTOWN,TAS
7310,QUOIBA,TAS
7305,RAILTON,TAS
7109,RAMINEA,TAS
7112,RANDALLS BAY,TAS
7109,RANELAGH,TAS
7255,RANGA,TAS
7250,RAVENSWOOD,TAS
7109,RECHERCHE,TAS
7304,RED HILLS,TAS
7330,REDPA,TAS
7304,REEDY MARSH,TAS
7256,REEKARA,TAS
7258,RELBIA,TAS
7469,RENISON BELL,TAS
7254,RETREAT,TAS
7304,REYNOLDS NECK,TAS
7190,RHEBAN,TAS
7120,RHYNDASTON,TAS
7316,RIANA,TAS
7025,RICHMOND,TAS
7054,RIDGEWAY,TAS
7321,RIDGLEY,TAS
7263,RINGAROOMA,TAS
7017,RISDON,TAS
7016,RISDON VALE,TAS
7250,RIVERSIDE,TAS
7275,ROBIGANA,TAS
7248,ROCHERLEA,TAS
7170,ROCHES BEACH,TAS
7321,ROCKY CAPE,TAS
7190,ROCKY HILLS,TAS
7330,ROGER RIVER,TAS
7019,ROKEBY,TAS
7306,ROLAND,TAS
7320,ROMAINE,TAS
7015,ROSE BAY,TAS
7470,ROSEBERY,TAS
7140,ROSEGARLAND,TAS
7010,ROSETTA,TAS
7292,ROSEVALE,TAS
7277,ROSEVEARS,TAS
7018,ROSNY,TAS
7018,ROSNY PARK,TAS
7209,ROSS,TAS
7213,ROSSARDEN,TAS
7320,ROUND HILL,TAS
7270,ROWELLA,TAS
7213,ROYAL GEORGE,TAS
7190,RUNNYMEDE,TAS
7264,RUSHY LAGOON,TAS
7186,SALTWATER RIVER,TAS
7150,SANDFLY,TAS
7020,SANDFORD,TAS
7005,SANDY BAY,TAS
7006,SANDY BAY,TAS
7307,SASSAFRAS,TAS
7321,SAVAGE RIVER,TAS
7215,SCAMANDER,TAS
7330,SCOPUS,TAS
7330,SCOTCHTOWN,TAS
7260,SCOTTSDALE,TAS
7256,SEA ELEPHANT,TAS
7292,SELBOURNE,TAS
7170,SEVEN MILE BEACH,TAS
7215,SEYMOUR,TAS
7030,SHANNON,TAS
7307,SHEARWATER,TAS
7306,SHEFFIELD,TAS
7320,SHOREWELL PARK,TAS
7270,SIDMOUTH,TAS
7150,SIMPSONS BAY,TAS
7321,SISTERS BEACH,TAS
7325,SISTERS CREEK,TAS
7186,SLOPING MAIN,TAS
7330,SMITHTON,TAS
7054,SNUG,TAS
7322,SOMERSET,TAS
7172,SORELL,TAS
7140,SORELL CREEK,TAS
7022,SOUTH ARM,TAS
7150,SOUTH BRUNY,TAS
7320,SOUTH BURNIE,TAS
7330,SOUTH FOREST,TAS
7004,SOUTH HOBART,TAS
7249,SOUTH LAUNCESTON,TAS
7264,SOUTH MOUNT CAMERON,TAS
7315,SOUTH NIETTA,TAS
7315,SOUTH PRESTON,TAS
7316,SOUTH RIANA,TAS
7310,SOUTH SPREYTON,TAS
7260,SOUTH SPRINGFIELD,TAS
7109,SOUTHPORT,TAS
7109,SOUTHPORT LAGOON,TAS
7315,SPALFORD,TAS
7315,SPRENT,TAS
7310,SPREYTON,TAS
7190,SPRING BEACH,TAS
7260,SPRINGFIELD,TAS
7307,SQUEAKING POINT,TAS
7216,ST HELENS,TAS
7250,ST LEONARDS,TAS
7215,ST MARYS,TAS
7331,STANLEY,TAS
7306,STAVERTON,TAS
7030,STEPPES,TAS
7216,STIEGLITZ,TAS
7120,STONEHENGE,TAS
7119,STONOR,TAS
7252,STONY HEAD,TAS
7310,STONY RISE,TAS
7306,STOODLEY,TAS
7184,STORMLEA,TAS
7213,STORYS CREEK,TAS
7321,STOWPORT,TAS
7468,STRAHAN,TAS
7109,STRATHBLANE,TAS
7139,STRATHGORDON,TAS
7140,STRICKLAND,TAS
7255,STRZELECKI,TAS
7140,STYX,TAS
7316,SULPHUR CREEK,TAS
7250,SUMMERHILL,TAS
7305,SUNNYSIDE,TAS
7116,SURGES BAY,TAS
7256,SURPRISE BAY,TAS
7116,SURVEYORS BAY,TAS
7252,SWAN BAY,TAS
7275,SWAN POINT,TAS
7190,SWANSEA,TAS
7120,SWANSTON,TAS
7325,TABLE CAPE,TAS
7325,TAKONE,TAS
7263,TALAWA,TAS
7180,TARANNA,TAS
7259,TARGA,TAS
7310,TARLETON,TAS
7053,TAROONA,TAS
7140,TARRALEAH,TAS
7259,TAYENE,TAS
7017,TEA TREE,TAS
7264,TELITA,TAS
7330,TEMMA,TAS
7321,TEWKESBURY,TAS
7216,THE GARDENS,TAS
7307,THIRLSTANE,TAS
7120,TIBERIAS,TAS
7054,TINDERBOX,TAS
7030,TODS CORNER,TAS
7330,TOGARI,TAS
7301,TOIBERRY,TAS
7007,TOLMANS HILL,TAS
7262,TOMAHAWK,TAS
7260,TONGANAH,TAS
7209,TOOMS LAKE,TAS
7018,TRANMERE,TAS
7250,TRAVELLERS REST,TAS
7263,TRENAH,TAS
7250,TREVALLYN,TAS
7190,TRIABUNNA,TAS
7469,TRIAL HARBOUR,TAS
7330,TROWUTTA,TAS
7310,TUGRAH,TAS
7260,TULENDEENA,TAS
7321,TULLAH,TAS
7120,TUNBRIDGE,TAS
7120,TUNNACK,TAS
7254,TUNNEL,TAS
7315,TURNERS BEACH,TAS
7267,TURNERS MARSH,TAS
7140,TYENNA,TAS
7315,ULVERSTONE,TAS
7268,UNDERWOOD,TAS
7212,UPPER BLESSINGTON,TAS
7320,UPPER BURNIE,TAS
7315,UPPER CASTRA,TAS
7214,UPPER ESK,TAS
7321,UPPER NATONE,TAS
7215,UPPER SCAMANDER,TAS
7321,UPPER STOWPORT,TAS
7150,UPPER WOODSTOCK,TAS
7140,UXBRIDGE,TAS
7112,VERONA SANDS,TAS
7140,VICTORIA VALLEY,TAS
7030,WADDAMANA,TAS
7304,WALLS OF JERUSALEM,TAS
7321,WARATAH,TAS
7018,WARRANE,TAS
7261,WARRENTINNA,TAS
7262,WATERHOUSE,TAS
7109,WATERLOO,TAS
7109,WATTLE GROVE,TAS
7172,WATTLE HILL,TAS
7250,WAVERLEY,TAS
7140,WAYATINAH,TAS
7304,WEEGENA,TAS
7304,WEETAH,TAS
7264,WELDBOROUGH,TAS
7054,WELLINGTON PARK,TAS
7307,WESLEY VALE,TAS
7000,WEST HOBART,TAS
7306,WEST KENTISH,TAS
7250,WEST LAUNCESTON,TAS
7330,WEST MONTAGU,TAS
7009,WEST MOONAH,TAS
7321,WEST MOOREVILLE,TAS
7316,WEST PINE,TAS
7321,WEST RIDGLEY,TAS
7260,WEST SCOTTSDALE,TAS
7325,WEST TAKONE,TAS
7315,WEST ULVERSTONE,TAS
7303,WESTBURY,TAS
7304,WESTERN CREEK,TAS
7212,WESTERN JUNCTION,TAS
7140,WESTERWAY,TAS
7292,WESTWOOD,TAS
7252,WEYMOUTH,TAS
7184,WHITE BEACH,TAS
7258,WHITE HILLS,TAS
7120,WHITEFOORD,TAS
7255,WHITEMARK,TAS
7303,WHITEMORE,TAS
7256,WICKHAM,TAS
7030,WILBURVILLE,TAS
7310,WILMOT,TAS
7321,WILTSHIRE,TAS
7252,WINDERMERE,TAS
7255,WINGAROO,TAS
7275,WINKLEIGH,TAS
7265,WINNALEAH,TAS
7320,WIVENHOE,TAS
7162,WOODBRIDGE,TAS
7120,WOODBURY,TAS
7120,WOODSDALE,TAS
7109,WOODSTOCK,TAS
7330,WOOLNORTH,TAS
7254,WYENA,TAS
7325,WYNYARD,TAS
7256,YAMBACOONA,TAS
7256,YARRA CREEK,TAS
7325,YOLLA,TAS
7120,YORK PLAINS,TAS
7270,YORK TOWN,TAS
7249,YOUNGTOWN,TAS
7469,ZEEHAN,TAS
3737,ABBEYARD,VIC
3067,ABBOTSFORD,VIC
8006,ABECKETT STREET,VIC
3040,ABERFELDIE,VIC
3825,ABERFELDY,VIC
3714,ACHERON,VIC
3833,ADA,VIC
3984,ADAMS ESTATE,VIC
3352,ADDINGTON,VIC
3465,ADELAIDE LEAD,VIC
3962,AGNES,VIC
3336,AINTREE,VIC
3237,AIRE VALLEY,VIC
3231,AIREYS INLET,VIC
3851,AIRLY,VIC
3042,AIRPORT WEST,VIC
3424,ALBACUTYA,VIC
3021,ALBANVALE,VIC
3206,ALBERT PARK,VIC
3971,ALBERTON,VIC
3971,ALBERTON WEST,VIC
3020,ALBION,VIC
3714,ALEXANDRA,VIC
3350,ALFREDTON,VIC
3823,ALLAMBEE,VIC
3871,ALLAMBEE RESERVE,VIC
3871,ALLAMBEE SOUTH,VIC
3691,ALLANS FLAT,VIC
3277,ALLANSFORD,VIC
3364,ALLENDALE,VIC
3305,ALLESTREE,VIC
3465,ALMA,VIC
3727,ALMONDS,VIC
3979,ALMURTA,VIC
3078,ALPHINGTON,VIC
3018,ALTONA,VIC
3025,ALTONA EAST,VIC
3025,ALTONA GATE,VIC
3028,ALTONA MEADOWS,VIC
3025,ALTONA NORTH,VIC
3249,ALVIE,VIC
3371,AMHERST,VIC
3825,AMOR,VIC
3468,AMPHITHEATRE,VIC
3213,ANAKIE,VIC
3715,ANCONA,VIC
3995,ANDERSON,VIC
3898,ANGLERS REST,VIC
3230,ANGLESEA,VIC
3549,ANNUELLO,VIC
3414,ANTWERP,VIC
3233,APOLLO BAY,VIC
3579,APPIN,VIC
3579,APPIN SOUTH,VIC
3319,APSLEY,VIC
3409,ARAPILES,VIC
3377,ARARAT,VIC
3951,ARAWATA,VIC
3858,ARBUCKLE,VIC
3631,ARCADIA,VIC
3631,ARCADIA SOUTH,VIC
3475,ARCHDALE,VIC
3475,ARCHDALE JUNCTION,VIC
3723,ARCHERTON,VIC
3995,ARCHIES CREEK,VIC
3022,ARDEER,VIC
3629,ARDMONA,VIC
3480,AREEGRA,VIC
3523,ARGYLE,VIC
3143,ARMADALE,VIC
3143,ARMADALE NORTH,VIC
3377,ARMSTRONG,VIC
3217,ARMSTRONG CREEK,VIC
3551,ARNOLD,VIC
3551,ARNOLD WEST,VIC
3099,ARTHURS CREEK,VIC
3936,ARTHURS SEAT,VIC
3364,ASCOT,VIC
3551,ASCOT,VIC
3032,ASCOT VALE,VIC
3442,ASHBOURNE,VIC
3147,ASHBURTON,VIC
3147,ASHWOOD,VIC
3195,ASPENDALE,VIC
3195,ASPENDALE GARDENS,VIC
3818,ATHLONE,VIC
3049,ATTWOOD,VIC
3393,AUBREY,VIC
3123,AUBURN,VIC
3122,AUBURN SOUTH,VIC
3570,AUCHMORE,VIC
3212,AVALON,VIC
3664,AVENEL,VIC
3467,AVOCA,VIC
3477,AVON PLAINS,VIC
3034,AVONDALE HEIGHTS,VIC
3559,AVONMORE,VIC
3782,AVONSLEIGH,VIC
3551,AXE CREEK,VIC
3551,AXEDALE,VIC
3268,AYRFORD,VIC
3340,BACCHUS MARSH,VIC
3670,BADDAGINNIE,VIC
3777,BADGER CREEK,VIC
3579,BAEL BAEL,VIC
3551,BAGSHOT,VIC
3551,BAGSHOT NORTH,VIC
3312,BAHGALLAH,VIC
3608,BAILIESTON,VIC
3875,BAIRNSDALE,VIC
3350,BAKERY HILL,VIC
3354,BAKERY HILL,VIC
3183,BALACLAVA,VIC
3364,BALD HILLS,VIC
3249,BALINTORE,VIC
3342,BALLAN,VIC
3279,BALLANGEICH,VIC
3483,BALLAPUR,VIC
3350,BALLARAT,VIC
3353,BALLARAT,VIC
3350,BALLARAT CENTRAL,VIC
3350,BALLARAT EAST,VIC
3354,BALLARAT MC,VIC
3350,BALLARAT NORTH,VIC
3350,BALLARAT WEST,VIC
3561,BALLENDELLA,VIC
3340,BALLIANG,VIC
3340,BALLIANG EAST,VIC
3375,BALLYROGAN,VIC
3666,BALMATTUM,VIC
3407,BALMORAL,VIC
3926,BALNARRING,VIC
3926,BALNARRING BEACH,VIC
3971,BALOOK,VIC
3103,BALWYN,VIC
3103,BALWYN EAST,VIC
3104,BALWYN NORTH,VIC
3561,BAMAWM,VIC
3564,BAMAWM EXTENSION,VIC
3241,BAMBRA,VIC
3333,BAMGANIE,VIC
3691,BANDIANA,VIC
3694,BANDIANA MILPO,VIC
3393,BANGERANG,VIC
3175,BANGHOLME,VIC
3875,BANKSIA PENINSULA,VIC
3549,BANNERTON,VIC
3331,BANNOCKBURN,VIC
3485,BANYAN,VIC
3388,BANYENA,VIC
3084,BANYULE,VIC
3691,BARANDUDA,VIC
3220,BAREENA,VIC
3444,BARFOLD,VIC
3463,BARINGHUP,VIC
3463,BARINGHUP WEST,VIC
3723,BARJARG,VIC
3451,BARKERS CREEK,VIC
3384,BARKLY,VIC
3364,BARKSTEAD,VIC
3639,BARMAH,VIC
3557,BARNADOWN,VIC
3688,BARNAWARTHA,VIC
3691,BARNAWARTHA NORTH,VIC
3871,BAROMI,VIC
3249,BARONGAROOK,VIC
3249,BARONGAROOK WEST,VIC
3221,BARRABOOL,VIC
3525,BARRAKEE,VIC
3249,BARRAMUNGA,VIC
3537,BARRAPORT,VIC
3537,BARRAPORT WEST,VIC
3458,BARRYS REEF,VIC
3329,BARUNAH PARK,VIC
3329,BARUNAH PLAINS,VIC
3737,BARWIDGEE,VIC
3722,BARWITE,VIC
3243,BARWON DOWNS,VIC
3227,BARWON HEADS,VIC
3460,BASALT,VIC
3991,BASS,VIC
3213,BATESFORD,VIC
3730,BATHUMI,VIC
3058,BATMAN,VIC
3833,BAW BAW,VIC
3833,BAW BAW VILLAGE,VIC
3911,BAXTER,VIC
3375,BAYINDEEN,VIC
3981,BAYLES,VIC
3444,BAYNTON,VIC
3444,BAYNTON EAST,VIC
3153,BAYSWATER,VIC
8784,BAYSWATER,VIC
3153,BAYSWATER NORTH,VIC
3807,BEACONSFIELD,VIC
3808,BEACONSFIELD UPPER,VIC
3475,BEALIBA,VIC
3641,BEARII,VIC
3517,BEARS LAGOON,VIC
3579,BEAUCHAMP,VIC
3373,BEAUFORT,VIC
3193,BEAUMARIS,VIC
3477,BEAZLEYS BRIDGE,VIC
3135,BEDFORD ROAD,VIC
3251,BEEAC,VIC
3237,BEECH FOREST,VIC
3747,BEECHWORTH,VIC
3139,BEENAK,VIC
3160,BELGRAVE,VIC
3160,BELGRAVE HEIGHTS,VIC
3160,BELGRAVE SOUTH,VIC
3215,BELL PARK,VIC
3215,BELL POST HILL,VIC
3223,BELLARINE,VIC
3889,BELLBIRD CREEK,VIC
3228,BELLBRAE,VIC
3691,BELLBRIDGE,VIC
3381,BELLELLEN,VIC
3081,BELLFIELD,VIC
3381,BELLFIELD,VIC
3228,BELLS BEACH,VIC
3216,BELMONT,VIC
3889,BEMM RIVER,VIC
3946,BENA,VIC
3671,BENALLA,VIC
3672,BENALLA,VIC
3900,BENAMBRA,VIC
3319,BENAYEO,VIC
3097,BEND OF ISLANDS,VIC
3550,BENDIGO,VIC
3552,BENDIGO,VIC
3554,BENDIGO DC,VIC
3551,BENDIGO FORWARD,VIC
3550,BENDIGO SOUTH,VIC
3888,BENDOC,VIC
3875,BENGWORDEN,VIC
3579,BENJEROOP,VIC
3435,BENLOCH,VIC
3125,BENNETTSWOOD,VIC
3960,BENNISON,VIC
3204,BENTLEIGH,VIC
3165,BENTLEIGH EAST,VIC
3235,BENWERRIN,VIC
3342,BEREMBOKE,VIC
3518,BERRIMAL,VIC
3351,BERRINGA,VIC
3691,BERRINGAMA,VIC
3531,BERRIWILLOCK,VIC
3323,BERRYBANK,VIC
3953,BERRYS CREEK,VIC
3806,BERWICK,VIC
3304,BESSIEBELLE,VIC
3472,BET BET,VIC
3888,BETE BOLONG,VIC
3888,BETE BOLONG NORTH,VIC
3691,BETHANGA,VIC
3472,BETLEY,VIC
3395,BEULAH,VIC
3590,BEVERFORD,VIC
3753,BEVERIDGE,VIC
3490,BIG DESERT,VIC
3231,BIG HILL,VIC
3555,BIG HILL,VIC
3799,BIG PATS CREEK,VIC
3707,BIGGARA,VIC
3858,BILLABONG,VIC
3533,BIMBOURIE,VIC
3896,BINDI,VIC
3966,BINGINWARRI,VIC
3898,BINGO MUNJIE,VIC
3483,BIRCHIP,VIC
3483,BIRCHIP WEST,VIC
3505,BIRDWOODTON,VIC
3242,BIRREGURRA,VIC
3918,BITTERN,VIC
3350,BLACK HILL,VIC
3381,BLACK RANGE,VIC
3193,BLACK ROCK,VIC
3193,BLACK ROCK NORTH,VIC
3130,BLACKBURN,VIC
3130,BLACKBURN NORTH,VIC
3130,BLACKBURN SOUTH,VIC
3401,BLACKHEATH,VIC
3844,BLACKWARRY,VIC
3458,BLACKWOOD,VIC
3992,BLACKWOOD FOREST,VIC
3942,BLAIRGOWRIE,VIC
3342,BLAKEVILLE,VIC
3364,BLAMPIED,VIC
3980,BLIND BIGHT,VIC
3352,BLOWHARD,VIC
3351,BO PEEP,VIC
3678,BOBINAWARRAH,VIC
3301,BOCHARA,VIC
3699,BOGONG,VIC
3669,BOHO,VIC
3669,BOHO SOUTH,VIC
3531,BOIGBEAT,VIC
3490,BOINKA,VIC
3860,BOISDALE,VIC
3387,BOLANGUM,VIC
3432,BOLINDA,VIC
3546,BOLTON,VIC
3305,BOLWARRA,VIC
3352,BOLWARRAH,VIC
3820,BONA VISTA,VIC
3888,BONANG,VIC
3196,BONBEACH,VIC
3691,BONEGILLA,VIC
3939,BONEO,VIC
3561,BONN,VIC
3335,BONNIE BROOK,VIC
3720,BONNIE DOON,VIC
3352,BONSHAW,VIC
3260,BOOKAAR,VIC
3825,BOOLA,VIC
3960,BOOLARONG,VIC
3870,BOOLARRA,VIC
3870,BOOLARRA SOUTH,VIC
3880,BOOLE POOLE,VIC
3392,BOOLITE,VIC
3728,BOOMAHNOOMOONAH,VIC
3235,BOONAH,VIC
3163,BOORAN ROAD PO,VIC
3265,BOORCAN,VIC
3678,BOORHAMAN,VIC
3678,BOORHAMAN EAST,VIC
3685,BOORHAMAN NORTH,VIC
3723,BOOROLITE,VIC
3953,BOOROOL,VIC
3537,BOORT,VIC
3730,BOOSEY,VIC
3682,BORALMA,VIC
3379,BORNES HILL,VIC
3155,BORONIA,VIC
3518,BORUNG,VIC
3260,BOSTOCKS CREEK,VIC
3977,BOTANIC RIDGE,VIC
3599,BOUNDARY BEND,VIC
3465,BOWENVALE,VIC
3675,BOWEYA,VIC
3675,BOWEYA NORTH,VIC
3735,BOWMANS FOREST,VIC
3678,BOWSER,VIC
3128,BOX HILL,VIC
3129,BOX HILL NORTH,VIC
3128,BOX HILL SOUTH,VIC
3725,BOXWOOD,VIC
3463,BRADFORD,VIC
3361,BRADVALE,VIC
3195,BRAESIDE,VIC
3631,BRANDITT,VIC
3150,BRANDON PARK,VIC
3821,BRANDY CREEK,VIC
3302,BRANXHOLME,VIC
3821,BRAVINGTON,VIC
3019,BRAYBROOK,VIC
3303,BREAKAWAY CREEK,VIC
3219,BREAKWATER,VIC
3227,BREAMLEA,VIC
3517,BRENANAH,VIC
3131,BRENTFORD SQUARE,VIC
3352,BREWSTER,VIC
3860,BRIAGOLONG,VIC
3088,BRIAR HILL,VIC
3723,BRIDGE CREEK,VIC
3516,BRIDGEWATER,VIC
3516,BRIDGEWATER NORTH,VIC
3516,BRIDGEWATER ON LODDON,VIC
3741,BRIGHT,VIC
3186,BRIGHTON,VIC
3187,BRIGHTON EAST,VIC
3186,BRIGHTON NORTH,VIC
3184,BRIGHTON ROAD,VIC
3391,BRIM,VIC
3312,BRIMBOAL,VIC
3685,BRIMIN,VIC
3401,BRIMPAEN,VIC
3319,BRINGALBERT,VIC
3315,BRIT BRIT,VIC
3658,BROADFORD,VIC
3875,BROADLANDS,VIC
3047,BROADMEADOWS,VIC
3301,BROADWATER,VIC
3888,BRODRIBB RIVER,VIC
3673,BROKEN CREEK,VIC
3472,BROMLEY,VIC
3338,BROOKFIELD,VIC
3012,BROOKLYN,VIC
3896,BROOKVILLE,VIC
3364,BROOMFIELD,VIC
3418,BROUGHTON,VIC
3350,BROWN HILL,VIC
3685,BROWNS PLAINS,VIC
3749,BRUARONG,VIC
3268,BRUCKNELL,VIC
3885,BRUMBY,VIC
3056,BRUNSWICK,VIC
3057,BRUNSWICK EAST,VIC
3056,BRUNSWICK LOWER,VIC
3056,BRUNSWICK NORTH,VIC
3055,BRUNSWICK SOUTH,VIC
3055,BRUNSWICK WEST,VIC
3885,BRUTHEN,VIC
3375,BUANGOR,VIC
3885,BUCHAN,VIC
3885,BUCHAN SOUTH,VIC
3740,BUCKLAND,VIC
3240,BUCKLEY,VIC
3301,BUCKLEY SWAMP,VIC
3525,BUCKRABANYULE,VIC
3862,BUDGEE BUDGEE,VIC
3870,BUDGEREE,VIC
3579,BUDGERUM EAST,VIC
3958,BUFFALO,VIC
3737,BUFFALO RIVER,VIC
3314,BULART,VIC
3890,BULDAH,VIC
3586,BULGA,VIC
3377,BULGANA,VIC
3428,BULLA,VIC
3266,BULLAHARRE,VIC
3352,BULLAROOK,VIC
3461,BULLARTO,VIC
3461,BULLARTO SOUTH,VIC
3105,BULLEEN,VIC
3437,BULLENGAROOK,VIC
3700,BULLIOH,VIC
3875,BULLUMWAAL,VIC
3821,BULN BULN,VIC
3821,BULN BULN EAST,VIC
3902,BUMBERRAH,VIC
3634,BUNBARTHA,VIC
3851,BUNDALAGUAH,VIC
3730,BUNDALONG,VIC
3730,BUNDALONG SOUTH,VIC
3898,BUNDARA,VIC
3342,BUNDING,VIC
3083,BUNDOORA,VIC
3465,BUNG BONG,VIC
3260,BUNGADOR,VIC
3334,BUNGAL,VIC
3401,BUNGALALLY,VIC
3352,BUNGAREE,VIC
3726,BUNGEET,VIC
3726,BUNGEET WEST,VIC
3691,BUNGIL,VIC
3527,BUNGULUKE,VIC
3357,BUNINYONG,VIC
3352,BUNKERS HILL,VIC
3815,BUNYIP,VIC
3815,BUNYIP NORTH,VIC
3858,BURAGWONDUC,VIC
3568,BURKES BRIDGE,VIC
3475,BURKES FLAT,VIC
3371,BURNBANK,VIC
3558,BURNEWANG,VIC
3121,BURNLEY,VIC
3121,BURNLEY NORTH,VIC
3023,BURNSIDE,VIC
3023,BURNSIDE HEIGHTS,VIC
3559,BURRAMBOOT,VIC
3730,BURRAMINE,VIC
3730,BURRAMINE SOUTH,VIC
3709,BURROWYE,VIC
3352,BURRUMBEET,VIC
3125,BURWOOD,VIC
3151,BURWOOD EAST,VIC
3151,BURWOOD HEIGHTS,VIC
3281,BUSHFIELD,VIC
3860,BUSHY PARK,VIC
3885,BUTCHERS RIDGE,VIC
3711,BUXTON,VIC
3301,BYADUK,VIC
3300,BYADUK NORTH,VIC
3678,BYAWATHA,VIC
3762,BYLANDS,VIC
3617,BYRNESIDE,VIC
3505,CABARITA,VIC
3364,CABBAGE TREE,VIC
3889,CABBAGE TREE CREEK,VIC
3442,CADELLO,VIC
3023,CAIRNLEA,VIC
3037,CALDER PARK,VIC
3984,CALDERMEADE,VIC
3556,CALIFORNIA GULLY,VIC
3573,CALIVIL,VIC
3387,CALLAWADDA,VIC
3844,CALLIGNEE,VIC
3844,CALLIGNEE NORTH,VIC
3844,CALLIGNEE SOUTH,VIC
3971,CALROSSIE,VIC
3875,CALULU,VIC
3779,CAMBARVILLE,VIC
3124,CAMBERWELL,VIC
3126,CAMBERWELL EAST,VIC
3124,CAMBERWELL NORTH,VIC
3124,CAMBERWELL SOUTH,VIC
3124,CAMBERWELL WEST,VIC
3352,CAMBRIAN HILL,VIC
3061,CAMPBELLFIELD,VIC
3387,CAMPBELLS BRIDGE,VIC
3451,CAMPBELLS CREEK,VIC
3556,CAMPBELLS FOREST,VIC
3364,CAMPBELLTOWN,VIC
3260,CAMPERDOWN,VIC
3350,CANADIAN,VIC
3537,CANARY ISLAND,VIC
3630,CANIAMBO,VIC
3890,CANN RIVER,VIC
3540,CANNIE,VIC
3977,CANNONS CREEK,VIC
3393,CANNUM,VIC
3126,CANTERBURY,VIC
3305,CAPE BRIDGEWATER,VIC
3351,CAPE CLEAR,VIC
3888,CAPE CONRAN,VIC
3233,CAPE OTWAY,VIC
3995,CAPE PATERSON,VIC
3939,CAPE SCHANCK,VIC
3925,CAPE WOOLAMAI,VIC
3940,CAPEL SOUND,VIC
3579,CAPELS CROSSING,VIC
3623,CARAG CARAG,VIC
3371,CARALULUP,VIC
3274,CARAMUT,VIC
3477,CARAPOOEE,VIC
3477,CARAPOOEE WEST,VIC
3312,CARAPOOK,VIC
3678,CARBOOR,VIC
3352,CARDIGAN,VIC
3352,CARDIGAN VILLAGE,VIC
3978,CARDINIA,VIC
3496,CARDROSS,VIC
3334,CARGERIE,VIC
3512,CARINA,VIC
3825,CARINGAL,VIC
3464,CARISBROOK,VIC
3239,CARLISLE RIVER,VIC
3442,CARLSRUHE,VIC
3053,CARLTON,VIC
3054,CARLTON NORTH,VIC
3053,CARLTON SOUTH,VIC
3685,CARLYLE,VIC
3163,CARNEGIE,VIC
3351,CARNGHAM,VIC
3023,CAROLINE SPRINGS,VIC
3260,CARPENDEIT,VIC
3844,CARRAJUNG,VIC
3844,CARRAJUNG LOWER,VIC
3844,CARRAJUNG SOUTH,VIC
3361,CARRANBALLAC,VIC
3480,CARRON,VIC
3197,CARRUM,VIC
3201,CARRUM DOWNS,VIC
3494,CARWARP,VIC
3305,CASHMORE,VIC
3898,CASSILIS,VIC
3777,CASTELLA,VIC
3311,CASTERTON,VIC
3691,CASTLE CREEK,VIC
3585,CASTLE DONNINGTON,VIC
3450,CASTLEMAINE,VIC
3981,CATANI,VIC
3377,CATHCART,VIC
3714,CATHKIN,VIC
3537,CATUMNAL,VIC
3162,CAULFIELD,VIC
3145,CAULFIELD EAST,VIC
3161,CAULFIELD JUNCTION,VIC
3161,CAULFIELD NORTH,VIC
3162,CAULFIELD SOUTH,VIC
3660,CAVEAT,VIC
3314,CAVENDISH,VIC
3145,CENTRAL PARK,VIC
3221,CERES,VIC
3148,CHADSTONE,VIC
3148,CHADSTONE CENTRE,VIC
3890,CHANDLERS CREEK,VIC
3352,CHAPEL FLAT,VIC
3239,CHAPPLE VALE,VIC
3318,CHARAM,VIC
3217,CHARLEMONT,VIC
3695,CHARLEROI,VIC
3525,CHARLTON,VIC
3379,CHATSWORTH,VIC
3196,CHELSEA,VIC
3196,CHELSEA HEIGHTS,VIC
3192,CHELTENHAM,VIC
3192,CHELTENHAM EAST,VIC
3351,CHEPSTOWE,VIC
3434,CHEROKEE,VIC
3401,CHERRYPOOL,VIC
3678,CHESHUNT,VIC
3678,CHESHUNT SOUTH,VIC
3725,CHESNEY VALE,VIC
3312,CHETWYND,VIC
3451,CHEWTON,VIC
3451,CHEWTON BUSHLANDS,VIC
3824,CHILDERS,VIC
3585,CHILLINGOLLAH,VIC
3683,CHILTERN,VIC
3683,CHILTERN VALLEY,VIC
3544,CHINANGIN,VIC
3546,CHINKAPOOK,VIC
3756,CHINTIN,VIC
3116,CHIRNSIDE PARK,VIC
3525,CHIRRIP,VIC
3260,CHOCOLYN,VIC
3775,CHRISTMAS HILLS,VIC
3777,CHUM CREEK,VIC
3842,CHURCHILL,VIC
3925,CHURCHILL ISLAND,VIC
3373,CHUTE,VIC
3352,CLARENDON,VIC
3352,CLARETOWN,VIC
3169,CLARINDA,VIC
3430,CLARKEFIELD,VIC
3352,CLARKES HILL,VIC
3168,CLAYTON,VIC
3169,CLAYTON SOUTH,VIC
3409,CLEAR LAKE,VIC
3782,CLEMATIS,VIC
3875,CLIFTON CREEK,VIC
3068,CLIFTON HILL,VIC
3222,CLIFTON SPRINGS,VIC
3658,CLONBINANE,VIC
3315,CLOVER FLAT,VIC
3822,CLOVERLEA,VIC
3889,CLUB TERRACE,VIC
3370,CLUNES,VIC
3978,CLYDE,VIC
3978,CLYDE NORTH,VIC
3851,CLYDEBANK,VIC
3461,CLYDESDALE,VIC
3825,COALVILLE,VIC
3851,COBAINS,VIC
3442,COBAW,VIC
3862,COBBANNAH,VIC
3900,COBBERAS,VIC
3338,COBBLEBANK,VIC
3266,COBDEN,VIC
3643,COBRAM,VIC
3644,COBRAM,VIC
3644,COBRAM EAST,VIC
3266,COBRICO,VIC
3898,COBUNGRA,VIC
3058,COBURG,VIC
3058,COBURG NORTH,VIC
3546,COCAMBA,VIC
3475,COCHRANES CREEK,VIC
3781,COCKATOO,VIC
3030,COCOROC,VIC
3285,CODRINGTON,VIC
3364,COGHILLS CREEK,VIC
3568,COHUNA,VIC
3340,COIMADAI,VIC
3542,COKUM,VIC
3250,COLAC,VIC
3707,COLAC COLAC,VIC
3250,COLAC EAST,VIC
3250,COLAC WEST,VIC
3559,COLBINABBIN,VIC
3342,COLBROOK,VIC
3770,COLDSTREAM,VIC
3315,COLERAINE,VIC
3494,COLIGNAN,VIC
3066,COLLINGWOOD,VIC
3066,COLLINGWOOD NORTH,VIC
8003,COLLINS STREET EAST,VIC
8007,COLLINS STREET WEST,VIC
3630,COLLIVER,VIC
3889,COMBIENBAR,VIC
3384,CONCONGELLA,VIC
3303,CONDAH,VIC
3286,CONDAH SWAMP,VIC
3633,CONGUPNA,VIC
3227,CONNEWARRE,VIC
3318,CONNEWIRRICOO,VIC
3315,COOJAR,VIC
3048,COOLAROO,VIC
3616,COOMA,VIC
3629,COOMBOONA,VIC
3461,COOMOORA,VIC
3860,COONGULLA,VIC
3477,COONOOER BRIDGE,VIC
3477,COONOOER WEST,VIC
3825,COOPERS CREEK,VIC
3268,COORIEMUNGLE,VIC
3480,COPE COPE,VIC
3814,CORA LYNN,VIC
3480,CORACK,VIC
3480,CORACK EAST,VIC
3249,CORAGULAC,VIC
3691,CORAL BANK,VIC
3352,CORINDHAP,VIC
3984,CORINELLA,VIC
3214,CORIO,VIC
3311,CORNDALE,VIC
3551,CORNELLA,VIC
3683,CORNISHTOWN,VIC
3984,CORONET BAY,VIC
3559,COROP,VIC
3558,COROP WEST,VIC
3254,COROROOKE,VIC
3888,CORRINGLE,VIC
3707,CORRYONG,VIC
3249,CORUNNUN,VIC
3631,COSGROVE,VIC
3631,COSGROVE SOUTH,VIC
3523,COSTERFIELD,VIC
3101,COTHAM,VIC
3465,COTSWOLD,VIC
3099,COTTLES BRIDGE,VIC
3862,COWA,VIC
3506,COWANGIE,VIC
3922,COWES,VIC
3268,COWLEYS CREEK,VIC
3857,COWWARR,VIC
3465,CRAIGIE,VIC
3064,CRAIGIEBURN,VIC
3977,CRANBOURNE,VIC
3977,CRANBOURNE EAST,VIC
3977,CRANBOURNE NORTH,VIC
3977,CRANBOURNE SOUTH,VIC
3977,CRANBOURNE WEST,VIC
3669,CREEK JUNCTION,VIC
3551,CREEK VIEW,VIC
3666,CREIGHTONS CREEK,VIC
3121,CREMORNE,VIC
3322,CRESSY,VIC
3363,CRESWICK,VIC
3363,CRESWICK NORTH,VIC
3919,CRIB POINT,VIC
3193,CROMER,VIC
3858,CROOKAYAN,VIC
3862,CROOKED RIVER,VIC
3041,CROSS KEYS,VIC
3373,CROSS ROADS,VIC
3283,CROSSLEY,VIC
3821,CROSSOVER,VIC
3377,CROWLANDS,VIC
3301,CROXTON EAST,VIC
3136,CROYDON,VIC
3136,CROYDON HILLS,VIC
3136,CROYDON NORTH,VIC
3136,CROYDON SOUTH,VIC
3393,CRYMELON,VIC
3714,CRYSTAL CREEK,VIC
3265,CUDGEE,VIC
3705,CUDGEWA,VIC
3530,CULGOA,VIC
3315,CULLA,VIC
3568,CULLEN,VIC
3496,CULLULLERAINE,VIC
3251,CUNDARE,VIC
3251,CUNDARE NORTH,VIC
3268,CURDIES RIVER,VIC
3268,CURDIEVALE,VIC
3222,CURLEWIS,VIC
3483,CURYO,VIC
3385,DADSWELLS BRIDGE,VIC
3465,DAISY HILL,VIC
3341,DALES CREEK,VIC
3047,DALLAS,VIC
3981,DALMORE,VIC
3568,DALTONS BRIDGE,VIC
3477,DALYENONG,VIC
3992,DALYSTON,VIC
3175,DANDENONG,VIC
3175,DANDENONG EAST,VIC
3175,DANDENONG NORTH,VIC
3164,DANDENONG SOUTH,VIC
3175,DANDENONG SOUTH,VIC
3737,DANDONGADALE,VIC
3862,DARGO,VIC
3340,DARLEY,VIC
3871,DARLIMURLA,VIC
3145,DARLING,VIC
3145,DARLING SOUTH,VIC
3271,DARLINGTON,VIC
3822,DARNUM,VIC
3756,DARRAWEIT GUIM,VIC
3851,DARRIMAN,VIC
3304,DARTMOOR,VIC
3701,DARTMOUTH,VIC
3858,DAWSON,VIC
3460,DAYLESFORD,VIC
3363,DEAN,VIC
3235,DEANS MARSH,VIC
3336,DEANSIDE,VIC
3888,DEDDICK VALLEY,VIC
3691,DEDERANG,VIC
3385,DEEP LEAD,VIC
3103,DEEPDENE,VIC
3023,DEER PARK,VIC
3022,DEER PARK EAST,VIC
3023,DEER PARK NORTH,VIC
3356,DELACOMBE,VIC
3037,DELAHEY,VIC
3723,DELATITE,VIC
3871,DELBURN,VIC
3888,DELEGATE RIVER,VIC
3186,DENDY,VIC
3377,DENICULL CREEK,VIC
3858,DENISON,VIC
3280,DENNINGTON,VIC
3461,DENVER,VIC
3875,DEPTFORD,VIC
3516,DERBY,VIC
3352,DEREEL,VIC
3312,DERGHOLM,VIC
3026,DERRIMUT,VIC
3523,DERRINAL,VIC
3325,DERRINALLUM,VIC
3726,DEVENISH,VIC
3714,DEVILS RIVER,VIC
3977,DEVON MEADOWS,VIC
3971,DEVON NORTH,VIC
3808,DEWHURST,VIC
3610,DHURRINGILE,VIC
3089,DIAMOND CREEK,VIC
3309,DIGBY,VIC
3427,DIGGERS REST,VIC
3561,DIGGORA,VIC
3414,DIMBOOLA,VIC
3571,DINGEE,VIC
3172,DINGLEY VILLAGE,VIC
3579,DINGWALL,VIC
3898,DINNER PLAIN,VIC
3265,DIXIE,VIC
3775,DIXONS CREEK,VIC
3377,DOBIE,VIC
3678,DOCKER,VIC
3678,DOCKERS PLAINS,VIC
3008,DOCKLANDS,VIC
8012,DOCKLANDS,VIC
3895,DOCTORS FLAT,VIC
3871,DOLLAR,VIC
3139,DON VALLEY,VIC
3480,DONALD,VIC
3108,DONCASTER,VIC
3109,DONCASTER EAST,VIC
3109,DONCASTER HEIGHTS,VIC
3064,DONNYBROOK,VIC
3111,DONVALE,VIC
3478,DOOBOOBETIC,VIC
3401,DOOEN,VIC
3646,DOOKIE,VIC
3647,DOOKIE COLLEGE,VIC
3754,DOREEN,VIC
3312,DORODONG,VIC
3893,DOUBLE BRIDGES,VIC
3409,DOUGLAS,VIC
3177,DOVETON,VIC
3249,DREEITE,VIC
3249,DREEITE SOUTH,VIC
3840,DRIFFIELD,VIC
3304,DRIK DRIK,VIC
3936,DROMANA,VIC
3660,DROPMORE,VIC
3818,DROUIN,VIC
3818,DROUIN EAST,VIC
3818,DROUIN SOUTH,VIC
3818,DROUIN WEST,VIC
3636,DRUMANURE,VIC
3304,DRUMBORG,VIC
3215,DRUMCONDRA,VIC
3570,DRUMMARTIN,VIC
3461,DRUMMOND,VIC
3446,DRUMMOND NORTH,VIC
3401,DRUNG,VIC
3461,DRY DIGGINGS,VIC
3222,DRYSDALE,VIC
3409,DUCHEMBEGARRA,VIC
3956,DUMBALK,VIC
3956,DUMBALK NORTH,VIC
3527,DUMOSA,VIC
3371,DUNACH,VIC
3271,DUNDONNELL,VIC
3175,DUNEARN,VIC
3294,DUNKELD,VIC
3630,DUNKIRK,VIC
3472,DUNLUCE,VIC
3377,DUNNEWORTHY,VIC
3352,DUNNSTOWN,VIC
3472,DUNOLLY,VIC
3312,DUNROBIN,VIC
3342,DURDIDWARRAH,VIC
3352,DURHAM LEAD,VIC
3576,DURHAM OX,VIC
3851,DUTSON,VIC
3851,DUTSON DOWNS,VIC
3305,DUTTON WAY,VIC
3323,DUVERNEY,VIC
3878,EAGLE POINT,VIC
3556,EAGLEHAWK,VIC
3556,EAGLEHAWK NORTH,VIC
3084,EAGLEMONT,VIC
3669,EARLSTON,VIC
3875,EAST BAIRNSDALE,VIC
3550,EAST BENDIGO,VIC
3219,EAST GEELONG,VIC
3002,EAST MELBOURNE,VIC
8002,EAST MELBOURNE,VIC
3852,EAST SALE,VIC
3678,EAST WANGARATTA,VIC
3799,EAST WARBURTON,VIC
3231,EASTERN VIEW,VIC
3463,EASTVILLE,VIC
3875,EASTWOOD,VIC
3691,EBDEN,VIC
3564,ECHUCA,VIC
3564,ECHUCA SOUTH,VIC
3564,ECHUCA VILLAGE,VIC
3564,ECHUCA WEST,VIC
3265,ECKLIN SOUTH,VIC
3472,EDDINGTON,VIC
3757,EDEN PARK,VIC
3318,EDENHOPE,VIC
3444,EDGECOMBE,VIC
3678,EDI,VIC
3678,EDI UPPER,VIC
3196,EDITHVALE,VIC
3461,EGANSTOWN,VIC
3713,EILDON,VIC
3334,ELAINE,VIC
3746,ELDORADO,VIC
3461,ELEVATED PLAINS,VIC
3266,ELINGAMITE,VIC
3266,ELINGAMITE NORTH,VIC
3921,ELIZABETH ISLAND,VIC
3875,ELLASWOOD,VIC
3265,ELLERSLIE,VIC
3250,ELLIMINYT,VIC
3821,ELLINBANK,VIC
3469,ELMHURST,VIC
3558,ELMORE,VIC
3448,ELPHINSTONE,VIC
3185,ELSTERNWICK,VIC
3095,ELTHAM,VIC
3095,ELTHAM NORTH,VIC
3184,ELWOOD,VIC
3782,EMERALD,VIC
3475,EMU,VIC
3551,EMU CREEK,VIC
3802,ENDEAVOUR HILLS,VIC
3352,ENFIELD,VIC
3407,ENGLEFIELD,VIC
3723,ENOCHS POINT,VIC
3895,ENSAY,VIC
3895,ENSAY NORTH,VIC
3551,EPPALOCK,VIC
3076,EPPING,VIC
3551,EPSOM,VIC
3352,ERCILDOUNE,VIC
3825,ERICA,VIC
3889,ERRINUNDRA,VIC
3701,ESKDALE,VIC
3730,ESMOND,VIC
3040,ESSENDON,VIC
3041,ESSENDON FIELDS,VIC
3041,ESSENDON NORTH,VIC
3040,ESSENDON WEST,VIC
3177,EUMEMMERRING,VIC
3251,EURACK,VIC
3350,EUREKA,VIC
3666,EUROA,VIC
3739,EUROBIN,VIC
3371,EVANSFORD,VIC
3377,EVERSLEY,VIC
3678,EVERTON,VIC
3678,EVERTON UPPER,VIC
3338,EXFORD,VIC
3338,EYNESBURY,VIC
3951,FAIRBANK,VIC
3078,FAIRFIELD,VIC
3231,FAIRHAVEN,VIC
3579,FAIRLEY,VIC
3561,FAIRY DELL,VIC
3875,FAIRY DELL,VIC
3699,FALLS CREEK,VIC
3451,FARADAY,VIC
3714,FAWCETT,VIC
3060,FAWKNER,VIC
3518,FENTONS CREEK,VIC
3237,FERGUSON,VIC
3458,FERN HILL,VIC
3864,FERNBANK,VIC
3821,FERNDALE,VIC
3518,FERNIHURST,VIC
3778,FERNSHAW,VIC
3156,FERNTREE GULLY,VIC
3786,FERNY CREEK,VIC
3024,FIELDSTONE,VIC
3518,FIERY FLAT,VIC
3939,FINGAL,VIC
3959,FISH CREEK,VIC
3585,FISH POINT,VIC
3342,FISKVILLE,VIC
3065,FITZROY,VIC
3068,FITZROY NORTH,VIC
3875,FLAGGY CREEK,VIC
3465,FLAGSTAFF,VIC
3851,FLAMINGO BEACH,VIC
3031,FLEMINGTON,VIC
3929,FLINDERS,VIC
8009,FLINDERS LANE,VIC
3550,FLORA HILL,VIC
3717,FLOWERDALE,VIC
3844,FLYNN,VIC
3844,FLYNNS CREEK,VIC
3011,FOOTSCRAY,VIC
3764,FORBES,VIC
3131,FOREST HILL,VIC
3875,FORGE CREEK,VIC
3236,FORREST,VIC
3960,FOSTER,VIC
3960,FOSTER NORTH,VIC
3557,FOSTERVILLE,VIC
3805,FOUNTAIN GATE,VIC
3323,FOXHOW,VIC
3265,FRAMLINGHAM,VIC
3265,FRAMLINGHAM EAST,VIC
3461,FRANKLINFORD,VIC
3199,FRANKSTON,VIC
3199,FRANKSTON EAST,VIC
3199,FRANKSTON HEIGHTS,VIC
3200,FRANKSTON NORTH,VIC
3199,FRANKSTON SOUTH,VIC
3336,FRASER RISE,VIC
3741,FREEBURGH,VIC
3921,FRENCH ISLAND,VIC
3384,FRENCHMANS,VIC
3217,FRESHWATER CREEK,VIC
3451,FRYERSTOWN,VIC
3851,FULHAM,VIC
3825,FUMINA,VIC
3825,FUMINA SOUTH,VIC
3381,FYANS CREEK,VIC
3218,FYANSFORD,VIC
3723,GAFFNEYS CREEK,VIC
3822,GAINSBOROUGH,VIC
3568,GANNAWARRA,VIC
3737,GAPSTED,VIC
3207,GARDEN CITY,VIC
3185,GARDENVALE,VIC
3814,GARFIELD,VIC
3814,GARFIELD NORTH,VIC
3352,GARIBALDI,VIC
3265,GARVOC,VIC
3691,GATEWAY ISLAND,VIC
3407,GATUM,VIC
3289,GAZETTE,VIC
3220,GEELONG,VIC
3221,GEELONG MC,VIC
3215,GEELONG NORTH,VIC
3218,GEELONG WEST,VIC
3885,GELANTIPY,VIC
3239,GELLIBRAND,VIC
3237,GELLIBRAND LOWER,VIC
3971,GELLIONDALE,VIC
3783,GEMBROOK,VIC
3891,GENOA,VIC
3833,GENTLE ANNIE,VIC
3700,GEORGES CREEK,VIC
3546,GERAHMIN,VIC
3418,GERANG GERUNG,VIC
3249,GERANGAMETE,VIC
3387,GERMANIA,VIC
3741,GERMANTOWN,VIC
3289,GERRIGERRUP,VIC
3240,GHERANG,VIC
3331,GHERINGHAP,VIC
3717,GHIN GHIN,VIC
3851,GIFFARD,VIC
3851,GIFFARD WEST,VIC
3480,GIL GIL,VIC
3072,GILBERTON,VIC
3797,GILDEROY,VIC
3616,GILLIESTON,VIC
3858,GILLUM,VIC
3841,GIPPSLAND MC,VIC
3891,GIPSY POINT,VIC
3624,GIRGARRE,VIC
3616,GIRGARRE EAST,VIC
3437,GISBORNE,VIC
3437,GISBORNE SOUTH,VIC
3575,GLADFIELD,VIC
3043,GLADSTONE PARK,VIC
3797,GLADYSDALE,VIC
3979,GLEN ALVIE,VIC
3691,GLEN CREEK,VIC
3990,GLEN FORBES,VIC
3163,GLEN HUNTLY,VIC
3146,GLEN IRIS,VIC
3352,GLEN PARK,VIC
3898,GLEN VALLEY,VIC
3150,GLEN WAVERLEY,VIC
3898,GLEN WILLS,VIC
3238,GLENAIRE,VIC
3864,GLENALADALE,VIC
3517,GLENALBYN,VIC
3764,GLENAROUA,VIC
3352,GLENBRAE,VIC
3717,GLENBURN,VIC
3363,GLENDARUEL,VIC
3364,GLENDONALD,VIC
3858,GLENFALLOCH,VIC
3122,GLENFERRIE SOUTH,VIC
3266,GLENFYNE,VIC
3020,GLENGALA,VIC
3854,GLENGARRY,VIC
3854,GLENGARRY NORTH,VIC
3854,GLENGARRY WEST,VIC
3370,GLENGOWER,VIC
3444,GLENHOPE,VIC
3522,GLENHOPE EAST,VIC
3314,GLENISLA,VIC
3418,GLENLEE,VIC
3469,GLENLOFTY,VIC
3469,GLENLOGIE,VIC
3527,GLENLOTH,VIC
3527,GLENLOTH EAST,VIC
3451,GLENLUCE,VIC
3461,GLENLYON,VIC
3858,GLENMAGGIE,VIC
3340,GLENMORE,VIC
3385,GLENORCHY,VIC
3265,GLENORMISTON,VIC
3265,GLENORMISTON NORTH,VIC
3265,GLENORMISTON SOUTH,VIC
3469,GLENPATRICK,VIC
3675,GLENROWAN,VIC
3675,GLENROWAN WEST,VIC
3046,GLENROY,VIC
3293,GLENTHOMPSON,VIC
3851,GLOMAR BEACH,VIC
3221,GNARWARRE,VIC
3260,GNOTUK,VIC
3559,GOBARUP,VIC
3719,GOBUR,VIC
3851,GOLDEN BEACH,VIC
3555,GOLDEN GULLY,VIC
3350,GOLDEN POINT,VIC
3451,GOLDEN POINT,VIC
3465,GOLDEN POINT,VIC
3555,GOLDEN SQUARE,VIC
3435,GOLDIE,VIC
3472,GOLDSBOROUGH,VIC
3352,GONG GONG,VIC
3579,GONN CROSSING,VIC
3673,GOOMALIBEE,VIC
3875,GOON NURE,VIC
3888,GOONGERAH,VIC
3666,GOORAM,VIC
3685,GOORAMADDA,VIC
3725,GOORAMBAT,VIC
3557,GOORNONG,VIC
3477,GOOROC,VIC
3305,GORAE,VIC
3305,GORAE WEST,VIC
3345,GORDON,VIC
3873,GORMANDALE,VIC
3412,GOROKE,VIC
3585,GOSCHEN,VIC
3723,GOUGHS BAY,VIC
3608,GOULBURN WEIR,VIC
3043,GOWANBRAE,VIC
3544,GOWANFORD,VIC
3669,GOWANGARDIE,VIC
3477,GOWAR EAST,VIC
3463,GOWER,VIC
3631,GRAHAMVALE,VIC
3314,GRAMPIANS,VIC
3870,GRAND RIDGE,VIC
3335,GRANGEFIELDS,VIC
3525,GRANITE FLAT,VIC
3875,GRANITE ROCK,VIC
3984,GRANTVILLE,VIC
3701,GRANYA,VIC
3409,GRASS FLAT,VIC
3302,GRASSDALE,VIC
3281,GRASSMERE,VIC
3477,GRAYS BRIDGE,VIC
3608,GRAYTOWN,VIC
3477,GRE GRE,VIC
3477,GRE GRE NORTH,VIC
3477,GRE GRE SOUTH,VIC
3685,GREAT SOUTHERN,VIC
3374,GREAT WESTERN,VIC
3537,GREDGWIN,VIC
3462,GREEN GULLY,VIC
3341,GREENDALE,VIC
3444,GREENHILL,VIC
3387,GREENS CREEK,VIC
3088,GREENSBOROUGH,VIC
3059,GREENVALE,VIC
3304,GREENWALD,VIC
3352,GRENVILLE,VIC
3675,GRETA,VIC
3675,GRETA SOUTH,VIC
3675,GRETA WEST,VIC
3234,GREY RIVER,VIC
3104,GREYTHORN,VIC
3315,GRINGEGALGONA,VIC
3315,GRITJURK,VIC
3216,GROVEDALE,VIC
3216,GROVEDALE EAST,VIC
3770,GRUYERE,VIC
3451,GUILDFORD,VIC
3566,GUNBOWER,VIC
3691,GUNDOWRING,VIC
3960,GUNYAH,VIC
3709,GUYS FOREST,VIC
3807,GUYS HILL,VIC
3401,GYMBOWEN,VIC
3351,HADDON,VIC
3046,HADFIELD,VIC
3803,HALLAM,VIC
3818,HALLORA,VIC
3381,HALLS GAP,VIC
3953,HALLSTON,VIC
3300,HAMILTON,VIC
3215,HAMLYN HEIGHTS,VIC
3188,HAMPTON,VIC
3188,HAMPTON EAST,VIC
3188,HAMPTON NORTH,VIC
3976,HAMPTON PARK,VIC
3675,HANSONVILLE,VIC
3360,HAPPY VALLEY,VIC
3549,HAPPY VALLEY,VIC
3453,HARCOURT,VIC
3453,HARCOURT NORTH,VIC
3806,HARKAWAY,VIC
3337,HARKNESS,VIC
3995,HARMERS HAVEN,VIC
3741,HARRIETVILLE,VIC
3317,HARROW,VIC
3616,HARSTON,VIC
3124,HARTWELL,VIC
3915,HASTINGS,VIC
3501,HATTAH,VIC
3465,HAVELOCK,VIC
3401,HAVEN,VIC
3737,HAVILAH,VIC
3287,HAWKESDALE,VIC
3862,HAWKHURST,VIC
3142,HAWKSBURN,VIC
3122,HAWTHORN,VIC
3123,HAWTHORN EAST,VIC
3122,HAWTHORN NORTH,VIC
3122,HAWTHORN WEST,VIC
3888,HAYDENS BOG,VIC
3966,HAZEL PARK,VIC
3658,HAZELDENE,VIC
3840,HAZELWOOD,VIC
3840,HAZELWOOD NORTH,VIC
3840,HAZELWOOD SOUTH,VIC
3777,HEALESVILLE,VIC
3777,HEALESVILLE MAIN STREET,VIC
3981,HEATH HILL,VIC
3523,HEATHCOTE,VIC
3758,HEATHCOTE JUNCTION,VIC
3523,HEATHCOTE SOUTH,VIC
3202,HEATHERTON,VIC
3305,HEATHMERE,VIC
3135,HEATHMONT,VIC
3134,HEATHWOOD,VIC
3967,HEDLEY,VIC
3084,HEIDELBERG,VIC
3081,HEIDELBERG HEIGHTS,VIC
3081,HEIDELBERG RGH,VIC
3081,HEIDELBERG WEST,VIC
3301,HENSLEY PARK,VIC
3312,HENTY,VIC
3461,HEPBURN,VIC
3461,HEPBURN SPRINGS,VIC
3218,HERNE HILL,VIC
3825,HERNES OAK,VIC
3442,HESKET,VIC
3321,HESSE,VIC
3273,HEXHAM,VIC
3858,HEYFIELD,VIC
3268,HEYTESBURY LOWER,VIC
3304,HEYWOOD,VIC
3847,HIAMDALE,VIC
3971,HIAWATHA,VIC
3764,HIGH CAMP,VIC
3190,HIGHETT,VIC
3660,HIGHLANDS,VIC
3032,HIGHPOINT CITY,VIC
3216,HIGHTON,VIC
3315,HILGAY,VIC
3825,HILL END,VIC
3351,HILLCREST,VIC
3660,HILLDENE,VIC
3037,HILLSIDE,VIC
3875,HILLSIDE,VIC
3898,HINNOMUNJIE,VIC
3920,HMAS CERBERUS,VIC
3139,HODDLES CREEK,VIC
3862,HOLLANDS LANDING,VIC
3148,HOLMESGLEN,VIC
3465,HOMEBUSH,VIC
3304,HOMERTON,VIC
3717,HOMEWOOD,VIC
3396,HOPETOUN,VIC
3162,HOPETOUN GARDENS,VIC
3340,HOPETOUN PARK,VIC
3029,HOPPERS CROSSING,VIC
3238,HORDERN VALE,VIC
3567,HORFIELD,VIC
3400,HORSHAM,VIC
3402,HORSHAM,VIC
3741,HOTHAM HEIGHTS,VIC
3051,HOTHAM HILL,VIC
3303,HOTSPUR,VIC
3128,HOUSTON,VIC
3723,HOWES CREEK,VIC
3858,HOWITT PLAINS,VIC
3723,HOWQUA,VIC
3723,HOWQUA HILLS,VIC
3723,HOWQUA INLET,VIC
3166,HUGHESDALE,VIC
3757,HUMEVALE,VIC
3558,HUNTER,VIC
3971,HUNTERSTON,VIC
3166,HUNTINGDALE,VIC
3551,HUNTLY,VIC
3551,HUNTLY NORTH,VIC
3695,HUON,VIC
3691,HUON CREEK,VIC
3099,HURSTBRIDGE,VIC
3833,ICY CREEK,VIC
3875,IGUANA CREEK,VIC
3351,ILLABAROOK,VIC
3381,ILLAWARRA,VIC
3282,ILLOWA,VIC
3223,INDENTED HEAD,VIC
3688,INDIGO VALLEY,VIC
3517,INGLEWOOD,VIC
3342,INGLISTON,VIC
3472,INKERMAN,VIC
3636,INVERGORDON,VIC
3321,INVERLEIGH,VIC
3996,INVERLOCH,VIC
3352,INVERMAY,VIC
3350,INVERMAY PARK,VIC
3815,IONA,VIC
3494,IRAAK,VIC
3451,IRISHTOWN,VIC
3550,IRONBARK,VIC
3249,IRREWARRA,VIC
3249,IRREWILLIPE,VIC
3249,IRREWILLIPE EAST,VIC
3498,IRYMPLE,VIC
3079,IVANHOE,VIC
3079,IVANHOE EAST,VIC
3079,IVANHOE NORTH,VIC
3047,JACANA,VIC
3971,JACK RIVER,VIC
3556,JACKASS FLAT,VIC
3825,JACOB CREEK,VIC
3984,JAM JERRUP,VIC
3723,JAMIESON,VIC
3228,JAN JUC,VIC
3266,JANCOURT,VIC
3266,JANCOURT EAST,VIC
3517,JARKLIN,VIC
3888,JARRAHMOND,VIC
3700,JARVIS CREEK,VIC
3840,JEERALANG,VIC
3840,JEERALANG JUNCTION,VIC
3945,JEETHO,VIC
3480,JEFFCOTT,VIC
3480,JEFFCOTT NORTH,VIC
3423,JEPARIT,VIC
3825,JERICHO,VIC
3527,JERUK,VIC
3483,JIL JIL,VIC
3409,JILPANGER,VIC
3818,JINDIVICK,VIC
3384,JOEL JOEL,VIC
3384,JOEL SOUTH,VIC
3238,JOHANNA,VIC
3902,JOHNSONVILLE,VIC
3870,JOHNSTONES HILL,VIC
3148,JORDANVILLE,VIC
3364,JOYCES CREEK,VIC
3869,JUMBUK,VIC
3951,JUMBUNNA,VIC
3977,JUNCTION VILLAGE,VIC
3401,JUNG,VIC
3575,JUNGABURRA,VIC
3551,JUNORTOUN,VIC
3635,KAARIMBA,VIC
3318,KADNOOK,VIC
3909,KALIMNA,VIC
3909,KALIMNA WEST,VIC
3064,KALKALLO,VIC
3401,KALKEE,VIC
3791,KALLISTA,VIC
3766,KALORAMA,VIC
3529,KALPIENUNG,VIC
3570,KAMAROOKA,VIC
3571,KAMAROOKA NORTH,VIC
3401,KANAGULK,VIC
3691,KANCOONA,VIC
3555,KANGAROO FLAT,VIC
3097,KANGAROO GROUND,VIC
3419,KANIVA,VIC
3719,KANUMBRA,VIC
3387,KANYA,VIC
3564,KANYAPELLA,VIC
3294,KARABEAL,VIC
3951,KARDELLA,VIC
3950,KARDELLA SOUTH,VIC
3260,KARIAH,VIC
3199,KARINGAL,VIC
3199,KARINGAL CENTRE,VIC
3401,KARNAK,VIC
3631,KARRAMOMUS,VIC
3483,KARYRIE,VIC
3649,KATAMATITE,VIC
3649,KATAMATITE EAST,VIC
3634,KATANDRA,VIC
3634,KATANDRA WEST,VIC
3640,KATUNGA,VIC
3249,KAWARREN,VIC
3021,KEALBA,VIC
3568,KEELY,VIC
3036,KEILOR,VIC
3038,KEILOR DOWNS,VIC
3033,KEILOR EAST,VIC
3038,KEILOR LODGE,VIC
3036,KEILOR NORTH,VIC
3042,KEILOR PARK,VIC
3393,KELLALAC,VIC
3666,KELVIN VIEW,VIC
3597,KENLEY,VIC
3395,KENMARE,VIC
3239,KENNEDYS CREEK,VIC
3234,KENNETT RIVER,VIC
3550,KENNINGTON,VIC
3031,KENSINGTON,VIC
3579,KERANG,VIC
3579,KERANG EAST,VIC
3691,KERGUNYAH,VIC
3691,KERGUNYAH SOUTH,VIC
3979,KERNOT,VIC
3434,KERRIE,VIC
3129,KERRIMUIR,VIC
3660,KERRISDALE,VIC
3723,KEVINGTON,VIC
3101,KEW,VIC
3102,KEW EAST,VIC
3390,KEWELL,VIC
3173,KEYSBOROUGH,VIC
3631,KIALLA,VIC
3631,KIALLA EAST,VIC
3631,KIALLA WEST,VIC
3418,KIATA,VIC
3691,KIEWA,VIC
3995,KILCUNDA,VIC
3312,KILLARA,VIC
3691,KILLARA,VIC
3283,KILLARNEY,VIC
3678,KILLAWARRA,VIC
3717,KILLINGWORTH,VIC
3851,KILMANY,VIC
3764,KILMORE,VIC
3764,KILMORE EAST,VIC
3137,KILSYTH,VIC
3137,KILSYTH SOUTH,VIC
3551,KIMBOLTON,VIC
3678,KING VALLEY,VIC
3763,KINGLAKE,VIC
3757,KINGLAKE CENTRAL,VIC
3757,KINGLAKE WEST,VIC
3517,KINGOWER,VIC
3021,KINGS PARK,VIC
3083,KINGSBURY,VIC
3364,KINGSTON,VIC
3012,KINGSVILLE,VIC
3483,KINNABULLA,VIC
3520,KINYPANIAL,VIC
3283,KIRKSTALL,VIC
3608,KIRWANS BRIDGE,VIC
3666,KITHBROOK,VIC
3286,KNEBSWORTH,VIC
3723,KNOCKWOOD,VIC
3523,KNOWSLEY,VIC
3152,KNOX CITY CENTRE,VIC
3180,KNOXFIELD,VIC
3260,KOALLAH,VIC
3704,KOETONG,VIC
3265,KOLORA,VIC
3951,KONGWAK,VIC
3315,KONONGWOOTONG,VIC
3981,KOO WEE RUP,VIC
3981,KOO WEE RUP NORTH,VIC
3597,KOOLOONONG,VIC
3669,KOONDA,VIC
3580,KOONDROOK,VIC
3644,KOONOOMOO,VIC
3954,KOONWARRA,VIC
3477,KOOREH,VIC
3501,KOORLONG,VIC
3844,KOORNALLA,VIC
3364,KOOROOCHEANG,VIC
3860,KOOROOL,VIC
3953,KOOROOMAN,VIC
3144,KOOYONG,VIC
3714,KORIELLA,VIC
3341,KOROBEIT,VIC
3282,KOROIT,VIC
3520,KORONG VALE,VIC
3579,KOROOP,VIC
3950,KORUMBURRA,VIC
3950,KORUMBURRA SOUTH,VIC
3461,KORWEINGUBOORA,VIC
3565,KOTTA,VIC
3638,KOTUPNA,VIC
3622,KOYUGA,VIC
3945,KROWERA,VIC
3490,KULWIN,VIC
3585,KUNAT,VIC
3930,KUNYUNG,VIC
3518,KURRACA,VIC
3518,KURRACA WEST,VIC
3517,KURTING,VIC
3337,KURUNJANG,VIC
3619,KYABRAM,VIC
3620,KYABRAM,VIC
3620,KYABRAM SOUTH,VIC
3444,KYNETON,VIC
3444,KYNETON SOUTH,VIC
3621,KYVALLEY,VIC
3083,LA TROBE UNIVERSITY,VIC
3086,LA TROBE UNIVERSITY,VIC
3463,LAANECOORIE,VIC
3265,LAANG,VIC
3816,LABERTOUCHE,VIC
3130,LABURNUM,VIC
3678,LACEBY,VIC
3523,LADYS PASS,VIC
3480,LAEN,VIC
3480,LAEN EAST,VIC
3480,LAEN NORTH,VIC
3393,LAH,VIC
3401,LAHARUM,VIC
3584,LAKE BOGA,VIC
3351,LAKE BOLAC,VIC
3909,LAKE BUNGA,VIC
3581,LAKE CHARM,VIC
3303,LAKE CONDAH,VIC
3713,LAKE EILDON,VIC
3551,LAKE EPPALOCK,VIC
3381,LAKE FYANS,VIC
3355,LAKE GARDENS,VIC
3373,LAKE GOLDSMITH,VIC
3381,LAKE LONSDALE,VIC
3525,LAKE MARMAL,VIC
3579,LAKE MERAN,VIC
3312,LAKE MUNDI,VIC
3597,LAKE POWELL,VIC
3727,LAKE ROWAN,VIC
3887,LAKE TYERS,VIC
3909,LAKE TYERS BEACH,VIC
3533,LAKE TYRRELL,VIC
3851,LAKE WELLINGTON,VIC
3350,LAKE WENDOUREE,VIC
3373,LAKE WONGAN,VIC
3909,LAKES ENTRANCE,VIC
3352,LAL LAL,VIC
3542,LALBERT,VIC
3075,LALOR,VIC
3352,LAMPLOUGH,VIC
3620,LANCASTER,VIC
3995,LANCE CREEK,VIC
3435,LANCEFIELD,VIC
3384,LANDSBOROUGH,VIC
3384,LANDSBOROUGH WEST,VIC
3984,LANG LANG,VIC
3984,LANG LANG EAST,VIC
3363,LANGDONS HILL,VIC
3352,LANGI KAL KAL,VIC
3377,LANGI LOGAN,VIC
3318,LANGKOOP,VIC
3444,LANGLEY,VIC
3971,LANGSBOROUGH,VIC
3910,LANGWARRIN,VIC
3911,LANGWARRIN SOUTH,VIC
3555,LANSELL PLAZA,VIC
3212,LARA,VIC
3821,LARDNER,VIC
3249,LARPENT,VIC
3325,LARRALEA,VIC
3487,LASCELLES,VIC
3139,LAUNCHING PLACE,VIC
3444,LAURISTON,VIC
3238,LAVERS HILL,VIC
3028,LAVERTON,VIC
3026,LAVERTON NORTH,VIC
8010,LAW COURTS,VIC
3480,LAWLER,VIC
3418,LAWLOIT,VIC
3364,LAWRENCE,VIC
3537,LEAGHUR,VIC
3352,LEARMONTH,VIC
3385,LEDCOURT,VIC
3516,LEICHARDT,VIC
3352,LEIGH CREEK,VIC
3567,LEITCHVILLE,VIC
3631,LEMNOS,VIC
3691,LENEVA,VIC
3461,LEONARDS HILL,VIC
3953,LEONGATHA,VIC
3953,LEONGATHA NORTH,VIC
3953,LEONGATHA SOUTH,VIC
3224,LEOPOLD,VIC
3458,LERDERDERG,VIC
3260,LESLIE MANOR,VIC
3332,LETHBRIDGE,VIC
3352,LEXTON,VIC
3858,LICOLA,VIC
3858,LICOLA NORTH,VIC
3820,LILLICO,VIC
3371,LILLICUR,VIC
3420,LILLIMUR,VIC
3682,LILLIPUT,VIC
3140,LILYDALE,VIC
3673,LIMA,VIC
3673,LIMA EAST,VIC
3673,LIMA SOUTH,VIC
3717,LIMESTONE,VIC
3865,LINDENOW,VIC
3875,LINDENOW SOUTH,VIC
3312,LINDSAY,VIC
3496,LINDSAY POINT,VIC
3509,LINGA,VIC
3360,LINTON,VIC
3549,LIPAROO,VIC
3324,LISMORE,VIC
3480,LITCHFIELD,VIC
3418,LITTLE DESERT,VIC
3458,LITTLE HAMPTON,VIC
8011,LITTLE LONSDALE STREET,VIC
3211,LITTLE RIVER,VIC
3551,LLANELLY,VIC
3862,LLOWALONG,VIC
3945,LOCH,VIC
3851,LOCH SPORT,VIC
3833,LOCH VALLEY,VIC
3563,LOCKINGTON,VIC
3665,LOCKSLEY,VIC
3551,LOCKWOOD,VIC
3551,LOCKWOOD SOUTH,VIC
3575,LODDON VALE,VIC
3475,LOGAN,VIC
3678,LONDRIGAN,VIC
3340,LONG FOREST,VIC
3550,LONG GULLY,VIC
3401,LONGERENONG,VIC
3851,LONGFORD,VIC
3551,LONGLEA,VIC
3816,LONGWARRY,VIC
3816,LONGWARRY NORTH,VIC
3665,LONGWOOD,VIC
3666,LONGWOOD EAST,VIC
3232,LORNE,VIC
3418,LORQUON,VIC
3213,LOVELY BANKS,VIC
3639,LOWER MOIRA,VIC
3401,LOWER NORTON,VIC
3093,LOWER PLENTY,VIC
3844,LOY YANG,VIC
3385,LUBECK,VIC
3350,LUCAS,VIC
3875,LUCKNOW,VIC
3691,LUCYVALE,VIC
3673,LURG,VIC
3444,LYAL,VIC
3975,LYNBROOK,VIC
3975,LYNDHURST,VIC
3304,LYONS,VIC
3461,LYONVILLE,VIC
3156,LYSTERFIELD,VIC
3156,LYSTERFIELD SOUTH,VIC
3286,MACARTHUR,VIC
3782,MACCLESFIELD,VIC
3440,MACEDON,VIC
3971,MACKS CREEK,VIC
3085,MACLEOD,VIC
3085,MACLEOD WEST,VIC
3579,MACORNA,VIC
3568,MACORNA NORTH,VIC
3723,MACS COVE,VIC
3971,MADALYA,VIC
3340,MADDINGLEY,VIC
3379,MAFEKING,VIC
3860,MAFFRA,VIC
3859,MAFFRA WEST UPPER,VIC
3352,MAGPIE,VIC
3551,MAIDEN GULLY,VIC
3012,MAIDSTONE,VIC
3275,MAILORS FLAT,VIC
3373,MAIN LEAD,VIC
3928,MAIN RIDGE,VIC
3723,MAINDAMPLE,VIC
3714,MAINTONGOON,VIC
3725,MAJOR PLAINS,VIC
3465,MAJORCA,VIC
3463,MALDON,VIC
3892,MALLACOOTA,VIC
3446,MALMSBURY,VIC
3144,MALVERN,VIC
3145,MALVERN EAST,VIC
3144,MALVERN NORTH,VIC
3024,MAMBOURIN,VIC
3546,MANANGATANG,VIC
3551,MANDURANG,VIC
3551,MANDURANG SOUTH,VIC
3663,MANGALORE,VIC
3218,MANIFOLD HEIGHTS,VIC
3222,MANNERIM,VIC
3360,MANNIBADAR,VIC
3971,MANNS BEACH,VIC
3024,MANOR LAKES,VIC
3889,MANORINA,VIC
3722,MANSFIELD,VIC
3724,MANSFIELD,VIC
3891,MARAMINGO CREEK,VIC
3222,MARCUS HILL,VIC
3953,MARDAN,VIC
3233,MARENGO,VIC
3032,MARIBYRNONG,VIC
3634,MARIONVALE,VIC
3678,MARKWOOD,VIC
3483,MARLBED,VIC
3888,MARLO,VIC
3387,MARNOO,VIC
3477,MARNOO EAST,VIC
3387,MARNOO WEST,VIC
3515,MARONG,VIC
3377,MAROONA,VIC
3669,MARRAWEENEY,VIC
3216,MARSHALL,VIC
3875,MARTHAVALE,VIC
3634,MARUNGI,VIC
3465,MARYBOROUGH,VIC
3812,MARYKNOLL,VIC
3779,MARYSVILLE,VIC
3840,MARYVALE,VIC
3482,MASSEY,VIC
3723,MATLOCK,VIC
3331,MAUDE,VIC
3938,MCCRAE,VIC
3472,MCINTYRE,VIC
3401,MCKENZIE CREEK,VIC
3451,MCKENZIE HILL,VIC
3204,MCKINNON,VIC
3874,MCLOUGHLINS BEACH,VIC
3799,MCMAHONS CREEK,VIC
3568,MCMILLANS,VIC
3568,MEAD,VIC
3678,MEADOW CREEK,VIC
3048,MEADOW HEIGHTS,VIC
3585,MEATIAN,VIC
3478,MEDLYN,VIC
3956,MEENIYAN,VIC
3579,MEERING WEST,VIC
3862,MEERLIEU,VIC
3000,MELBOURNE,VIC
3001,MELBOURNE,VIC
3004,MELBOURNE,VIC
8001,MELBOURNE,VIC
3045,MELBOURNE AIRPORT,VIC
8783,MELBOURNE AIRPORT,VIC
3052,MELBOURNE UNIVERSITY,VIC
3337,MELTON,VIC
3338,MELTON SOUTH,VIC
3337,MELTON WEST,VIC
3315,MELVILLE FOREST,VIC
3875,MELWOOD,VIC
3373,MENA PARK,VIC
3194,MENTONE,VIC
3194,MENTONE EAST,VIC
3159,MENZIES CREEK,VIC
3277,MEPUNGA,VIC
3277,MEPUNGA EAST,VIC
3277,MEPUNGA WEST,VIC
3505,MERBEIN,VIC
3505,MERBEIN SOUTH,VIC
3505,MERBEIN WEST,VIC
3333,MEREDITH,VIC
3496,MERINGUR,VIC
3310,MERINO,VIC
3058,MERLYNSTON,VIC
3754,MERNDA,VIC
3737,MERRIANG,VIC
3737,MERRIANG SOUTH,VIC
3916,MERRICKS,VIC
3926,MERRICKS BEACH,VIC
3926,MERRICKS NORTH,VIC
3618,MERRIGUM,VIC
3723,MERRIJIG,VIC
3875,MERRIJIG,VIC
3340,MERRIMU,VIC
3496,MERRINEE,VIC
3715,MERTON,VIC
3448,METCALFE,VIC
3444,METCALFE EAST,VIC
3904,METUNG,VIC
3444,MIA MIA,VIC
3064,MICKLEHAM,VIC
3124,MIDDLE CAMBERWELL,VIC
3375,MIDDLE CREEK,VIC
3206,MIDDLE PARK,VIC
3956,MIDDLE TARWIN,VIC
3666,MIEPOLL,VIC
3409,MIGA LAKE,VIC
3678,MILAWA,VIC
3500,MILDURA,VIC
3502,MILDURA,VIC
3501,MILDURA CENTRE PLAZA,VIC
3501,MILDURA SOUTH,VIC
3500,MILDURA WEST,VIC
3082,MILL PARK,VIC
3352,MILLBROOK,VIC
3799,MILLGROVE,VIC
3572,MILLOO,VIC
3304,MILLTOWN,VIC
3579,MILNES BRIDGE,VIC
3575,MINCHA,VIC
3568,MINCHA WEST,VIC
3352,MINERS REST,VIC
3324,MINGAY,VIC
3287,MINHAMITE,VIC
3413,MINIMAY,VIC
3351,MININERA,VIC
3276,MINJAH,VIC
3537,MINMINDIE,VIC
3392,MINYIP,VIC
3862,MIOWERA,VIC
3596,MIRALIE,VIC
3415,MIRAM,VIC
3871,MIRBOO,VIC
3871,MIRBOO NORTH,VIC
3722,MIRIMBAH,VIC
3294,MIRRANATWA,VIC
3132,MITCHAM,VIC
3132,MITCHAM NORTH,VIC
3355,MITCHELL PARK,VIC
3608,MITCHELLSTOWN,VIC
3573,MITIAMO,VIC
3409,MITRE,VIC
3701,MITTA MITTA,VIC
3490,MITTYACK,VIC
3401,MOCKINYA,VIC
3816,MODELLA,VIC
3240,MODEWARRE,VIC
3825,MOE,VIC
3825,MOE SOUTH,VIC
3231,MOGGS CREEK,VIC
3666,MOGLONEMBY,VIC
3381,MOKEPILLY,VIC
3718,MOLESWORTH,VIC
3472,MOLIAGUL,VIC
3666,MOLKA,VIC
3352,MOLLONGGHIP,VIC
3575,MOLOGA,VIC
3673,MOLYULLAH,VIC
3800,MONASH UNIVERSITY,VIC
3793,MONBULK,VIC
3433,MONEGEETTA,VIC
3691,MONGANS BRIDGE,VIC
3860,MONOMAK,VIC
3984,MONOMEITH,VIC
3127,MONT ALBERT,VIC
3129,MONT ALBERT NORTH,VIC
3851,MONTGOMERY,VIC
3094,MONTMORENCY,VIC
3765,MONTROSE,VIC
3224,MOOLAP,VIC
3477,MOOLERR,VIC
3465,MOOLORT,VIC
3478,MOONAMBEL,VIC
3825,MOONDARRA,VIC
3039,MOONEE PONDS,VIC
3055,MOONEE VALE,VIC
3450,MOONLIGHT FLAT,VIC
3465,MOONLIGHT FLAT,VIC
3612,MOORA,VIC
3189,MOORABBIN,VIC
3194,MOORABBIN AIRPORT,VIC
3189,MOORABBIN EAST,VIC
3213,MOORABOOL,VIC
3314,MOORALLA,VIC
3610,MOORILIM,VIC
3523,MOORMBOOL WEST,VIC
3862,MOORNAPA,VIC
3673,MOORNGAG,VIC
3933,MOOROODUC,VIC
3138,MOOROOLBARK,VIC
3629,MOOROOPNA,VIC
3629,MOOROOPNA NORTH,VIC
3616,MOOROOPNA NORTH WEST,VIC
3764,MORANDING,VIC
3195,MORDIALLOC,VIC
3058,MORELAND,VIC
3055,MORELAND WEST,VIC
3301,MORGIANA,VIC
3240,MORIAC,VIC
3931,MORNINGTON,VIC
3860,MOROKA,VIC
3334,MORRISONS,VIC
3387,MORRL MORRL,VIC
3272,MORTLAKE,VIC
3482,MORTON PLAINS,VIC
3840,MORWELL,VIC
3885,MOSSIFACE,VIC
3709,MOUNT ALFRED,VIC
3699,MOUNT BEAUTY,VIC
3363,MOUNT BECKWORTH,VIC
3960,MOUNT BEST,VIC
3352,MOUNT BOLTON,VIC
3675,MOUNT BRUNO,VIC
3740,MOUNT BUFFALO,VIC
3723,MOUNT BULLER,VIC
3781,MOUNT BURNETT,VIC
3324,MOUNT BUTE,VIC
3523,MOUNT CAMEL,VIC
3370,MOUNT CAMERON,VIC
3350,MOUNT CLEAR,VIC
3377,MOUNT COLE,VIC
3377,MOUNT COLE CREEK,VIC
3024,MOUNT COTTRELL,VIC
3767,MOUNT DANDENONG,VIC
3334,MOUNT DORAN,VIC
3381,MOUNT DRYDEN,VIC
3217,MOUNT DUNEED,VIC
3953,MOUNT ECCLES,VIC
3953,MOUNT ECCLES SOUTH,VIC
3352,MOUNT EGERTON,VIC
3930,MOUNT ELIZA,VIC
3351,MOUNT EMU,VIC
3796,MOUNT EVELYN,VIC
3461,MOUNT FRANKLIN,VIC
3371,MOUNT GLASGOW,VIC
3350,MOUNT HELEN,VIC
3472,MOUNT HOOGHLY,VIC
3741,MOUNT HOTHAM,VIC
3468,MOUNT LONARCH,VIC
3441,MOUNT MACEDON,VIC
3646,MOUNT MAJOR,VIC
3934,MOUNT MARTHA,VIC
3352,MOUNT MERCER,VIC
3240,MOUNT MORIAC,VIC
3301,MOUNT NAPIER,VIC
3350,MOUNT PLEASANT,VIC
3364,MOUNT PROSPECT,VIC
3305,MOUNT RICHMOND,VIC
3352,MOUNT ROWAN,VIC
3236,MOUNT SABINE,VIC
3844,MOUNT TASSIE,VIC
3875,MOUNT TAYLOR,VIC
3777,MOUNT TOOLEBEWONG,VIC
3342,MOUNT WALLACE,VIC
3149,MOUNT WAVERLEY,VIC
3723,MOUNTAIN BAY,VIC
3156,MOUNTAIN GATE,VIC
3988,MOUNTAIN VIEW,VIC
3294,MOUTAJUP,VIC
3951,MOYARRA,VIC
3732,MOYHU,VIC
3477,MOYREISK,VIC
3377,MOYSTON,VIC
3644,MUCKATAH,VIC
3451,MUCKLEFORD,VIC
3462,MUCKLEFORD SOUTH,VIC
3737,MUDGEGONGA,VIC
3170,MULGRAVE,VIC
3304,MUMBANNAR,VIC
3635,MUNDOONA,VIC
3862,MUNRO,VIC
3315,MUNTHAM,VIC
3610,MURCHISON,VIC
3610,MURCHISON EAST,VIC
3610,MURCHISON NORTH,VIC
3218,MURGHEBOLUC,VIC
3747,MURMUNGEE,VIC
3544,MURNUNGIN,VIC
3551,MURPHYS CREEK,VIC
3401,MURRA WARRA,VIC
3579,MURRABIT,VIC
3579,MURRABIT WEST,VIC
3586,MURRAWEE,VIC
3490,MURRAY-SUNSET,VIC
3586,MURRAYDALE,VIC
3512,MURRAYVILLE,VIC
3885,MURRINDAL,VIC
3717,MURRINDINDI,VIC
3243,MURROON,VIC
3163,MURRUMBEENA,VIC
3390,MURTOA,VIC
3461,MUSK,VIC
3461,MUSK VALE,VIC
3557,MUSKERRY,VIC
3533,MYALL,VIC
3579,MYALL,VIC
3304,MYAMYN,VIC
3556,MYERS FLAT,VIC
3551,MYOLA,VIC
3341,MYRNIONG,VIC
3732,MYRRHEE,VIC
3551,MYRTLE CREEK,VIC
3851,MYRTLEBANK,VIC
3736,MYRTLEFORD,VIC
3737,MYRTLEFORD,VIC
3518,MYSIA,VIC
3579,MYSTIC PARK,VIC
3641,MYWEE,VIC
3608,NAGAMBIE,VIC
3249,NALANGIL,VIC
3646,NALINGA,VIC
3847,NAMBROK,VIC
3533,NANDALY,VIC
3781,NANGANA,VIC
3312,NANGEELA,VIC
3494,NANGILOC,VIC
3561,NANNEELLA,VIC
3860,NAP NAP MARRA,VIC
3352,NAPOLEONS,VIC
3812,NAR NAR GOON,VIC
3812,NAR NAR GOON NORTH,VIC
3778,NARBETHONG,VIC
3293,NAREEB,VIC
3315,NAREEN,VIC
3525,NAREEWILLOCK,VIC
3707,NARIEL VALLEY,VIC
3636,NARING,VIC
3277,NARINGAL,VIC
3277,NARINGAL EAST,VIC
3266,NAROGHID,VIC
3824,NARRACAN,VIC
3483,NARRAPORT,VIC
3293,NARRAPUMELAP SOUTH,VIC
3285,NARRAWONG,VIC
3805,NARRE WARREN,VIC
3804,NARRE WARREN EAST,VIC
3804,NARRE WARREN NORTH,VIC
3805,NARRE WARREN SOUTH,VIC
3597,NARRUNG,VIC
3638,NATHALIA,VIC
3409,NATIMUK,VIC
3465,NATTE YALLOCK,VIC
3597,NATYA,VIC
3384,NAVARRE,VIC
3352,NAVIGATORS,VIC
3832,NAYOOK,VIC
3496,NEDS CORNER,VIC
3463,NEEREMAN,VIC
3831,NEERIM,VIC
3831,NEERIM EAST,VIC
3832,NEERIM JUNCTION,VIC
3832,NEERIM NORTH,VIC
3831,NEERIM SOUTH,VIC
3570,NEILBOROUGH,VIC
3699,NELSE,VIC
3292,NELSON,VIC
3953,NERRENA,VIC
3351,NERRIN NERRIN,VIC
3350,NERRINA,VIC
3373,NERRING,VIC
3418,NETHERBY,VIC
3413,NEUARPURR,VIC
3438,NEW GISBORNE,VIC
3825,NEWBOROUGH,VIC
3551,NEWBRIDGE,VIC
3458,NEWBURY,VIC
3219,NEWCOMB,VIC
3268,NEWFIELD,VIC
3442,NEWHAM,VIC
3925,NEWHAVEN,VIC
3350,NEWINGTON,VIC
3875,NEWLANDS ARM,VIC
3364,NEWLYN,VIC
3364,NEWLYN NORTH,VIC
3886,NEWMERELLA,VIC
3015,NEWPORT,VIC
3859,NEWRY,VIC
3462,NEWSTEAD,VIC
3220,NEWTOWN,VIC
3351,NEWTOWN,VIC
3418,NHILL,VIC
3501,NICHOLS POINT,VIC
3882,NICHOLSON,VIC
3042,NIDDRIE,VIC
3042,NIDDRIE NORTH,VIC
3821,NILMA,VIC
3821,NILMA NORTH,VIC
3533,NINDA,VIC
3518,NINE MILE,VIC
3351,NINTINGBOOL,VIC
3527,NINYEUNOOK,VIC
3268,NIRRANDA,VIC
3268,NIRRANDA EAST,VIC
3268,NIRRANDA SOUTH,VIC
3174,NOBLE PARK,VIC
3174,NOBLE PARK NORTH,VIC
3833,NOOJEE,VIC
3265,NOORAT,VIC
3265,NOORAT EAST,VIC
3890,NOORINBEE,VIC
3890,NOORINBEE NORTH,VIC
3409,NORADJUHA,VIC
3214,NORLANE,VIC
3579,NORMANVILLE,VIC
3682,NORONG,VIC
3550,NORTH BENDIGO,VIC
3458,NORTH BLACKWOOD,VIC
3215,NORTH GEELONG,VIC
3051,NORTH MELBOURNE,VIC
9999,NORTH POLE,VIC
3187,NORTH ROAD,VIC
3214,NORTH SHORE,VIC
3678,NORTH WANGARATTA,VIC
3113,NORTH WARRANDYTE,VIC
3995,NORTH WONTHAGGI,VIC
3070,NORTHCOTE,VIC
3070,NORTHCOTE SOUTH,VIC
3072,NORTHLAND CENTRE,VIC
3660,NORTHWOOD,VIC
3377,NORVAL,VIC
3168,NOTTING HILL,VIC
3887,NOWA NOWA,VIC
3469,NOWHERE CREEK,VIC
3585,NOWIE,VIC
3737,NUG NUG,VIC
3463,NUGGETTY,VIC
3435,NULLA VALE,VIC
3268,NULLAWARRE,VIC
3268,NULLAWARRE NORTH,VIC
3529,NULLAWIL,VIC
3636,NUMURKAH,VIC
3131,NUNAWADING,VIC
3909,NUNGURNER,VIC
3896,NUNNIONG,VIC
3401,NURCOUNG,VIC
3401,NURRABIEL,VIC
3888,NURRAN,VIC
3099,NUTFIELD,VIC
3594,NYAH,VIC
3595,NYAH WEST,VIC
3533,NYARRIN,VIC
3909,NYERIMILANG,VIC
3987,NYORA,VIC
3585,NYRRABY,VIC
3046,OAK PARK,VIC
3063,OAKLANDS JUNCTION,VIC
3166,OAKLEIGH,VIC
3166,OAKLEIGH EAST,VIC
3167,OAKLEIGH SOUTH,VIC
3540,OAKVALE,VIC
3880,OCEAN GRANGE,VIC
3226,OCEAN GROVE,VIC
3809,OFFICER,VIC
3809,OFFICER SOUTH,VIC
3701,OLD TALLANGATTA,VIC
3788,OLINDA,VIC
3241,OMBERSLEY,VIC
3898,OMEO,VIC
3898,OMEO VALLEY,VIC
3249,ONDIT,VIC
3888,ORBOST,VIC
3284,ORFORD,VIC
3204,ORMOND,VIC
3631,ORRVALE,VIC
3691,OSBORNES FLAT,VIC
3951,OUTTRIM,VIC
3490,OUYEN,VIC
3738,OVENS,VIC
3678,OXLEY,VIC
3678,OXLEY FLATS,VIC
3413,OZENKADNOOK,VIC
3268,PAARATTE,VIC
3551,PAINSWICK,VIC
3810,PAKENHAM,VIC
3810,PAKENHAM SOUTH,VIC
3810,PAKENHAM UPPER,VIC
3512,PANITYA,VIC
3265,PANMURE,VIC
3759,PANTON HILL,VIC
3477,PARADISE,VIC
3851,PARADISE BEACH,VIC
3240,PARAPARAP,VIC
3114,PARK ORCHARDS,VIC
3195,PARKDALE,VIC
3052,PARKVILLE,VIC
3340,PARWAN,VIC
3315,PASCHENDALE,VIC
3044,PASCOE VALE,VIC
3044,PASCOE VALE SOUTH,VIC
3444,PASTORIA,VIC
3444,PASTORIA EAST,VIC
3491,PATCHEWOLLOCK,VIC
3564,PATHO,VIC
3204,PATTERSON,VIC
3197,PATTERSON LAKES,VIC
3318,PATYAH,VIC
3880,PAYNESVILLE,VIC
3912,PEARCEDALE,VIC
3851,PEARSONDALE,VIC
3678,PEECHELBA,VIC
3678,PEECHELBA EAST,VIC
3727,PELLUEBLA,VIC
3235,PENNYROYAL,VIC
3289,PENSHURST,VIC
3586,PENTAL ISLAND,VIC
3341,PENTLAND HILLS,VIC
3478,PERCYDALE,VIC
3413,PERONNE,VIC
3862,PERRY BRIDGE,VIC
3270,PETERBOROUGH,VIC
3233,PETTICOAT CREEK,VIC
3757,PHEASANT CREEK,VIC
3597,PIANGIL,VIC
3572,PIAVELLA,VIC
3639,PICOLA,VIC
3639,PICOLA WEST,VIC
3833,PIEDMONT,VIC
3533,PIER MILAN,VIC
3407,PIGEON PONDS,VIC
3351,PIGGOREET,VIC
3401,PIMPINIO,VIC
3573,PINE GROVE,VIC
3631,PINE LODGE,VIC
3709,PINE MOUNTAIN,VIC
3579,PINE VIEW,VIC
3200,PINES FOREST,VIC
3149,PINEWOOD,VIC
3984,PIONEER BAY,VIC
3444,PIPERS CREEK,VIC
3585,PIRA,VIC
3723,PIRIES,VIC
3249,PIRRON YALLOCK,VIC
3351,PITFIELD,VIC
3360,PITTONG,VIC
3090,PLENTY,VIC
3335,PLUMPTON,VIC
3030,POINT COOK,VIC
3916,POINT LEO,VIC
3225,POINT LONSDALE,VIC
3212,POINT WILSON,VIC
3585,POLISBET,VIC
3260,POMBORNEIT,VIC
3249,POMBORNEIT EAST,VIC
3260,POMBORNEIT NORTH,VIC
3381,POMONAL,VIC
3571,POMPAPIEL,VIC
3312,POOLAIJELO,VIC
3352,POOTILLA,VIC
3988,POOWONG,VIC
3988,POOWONG EAST,VIC
3988,POOWONG NORTH,VIC
3461,PORCUPINE RIDGE,VIC
3740,POREPUNKAH,VIC
3971,PORT ALBERT,VIC
3269,PORT CAMPBELL,VIC
3284,PORT FAIRY,VIC
3964,PORT FRANKLIN,VIC
3207,PORT MELBOURNE,VIC
3965,PORT WELSHPOOL,VIC
3223,PORTARLINGTON,VIC
3305,PORTLAND,VIC
3305,PORTLAND NORTH,VIC
3305,PORTLAND WEST,VIC
3944,PORTSEA,VIC
3996,POUND CREEK,VIC
3797,POWELLTOWN,VIC
3312,POWERS CREEK,VIC
3517,POWLETT PLAINS,VIC
3181,PRAHRAN,VIC
3181,PRAHRAN EAST,VIC
3572,PRAIRIE,VIC
3666,PRANJIP,VIC
3685,PRENTICE NORTH,VIC
3072,PRESTON,VIC
3072,PRESTON LOWER,VIC
3072,PRESTON SOUTH,VIC
3072,PRESTON WEST,VIC
3054,PRINCES HILL,VIC
3269,PRINCETOWN,VIC
3662,PUCKAPUNYAL,VIC
3271,PURA PURA,VIC
3289,PURDEET,VIC
3278,PURNIM,VIC
3278,PURNIM WEST,VIC
3521,PYALONG,VIC
3575,PYRAMID HILL,VIC
3540,QUAMBATOOK,VIC
3030,QUANDONG,VIC
3401,QUANTONG,VIC
3550,QUARRY HILL,VIC
3225,QUEENSCLIFF,VIC
3984,QUEENSFERRY,VIC
3373,RAGLAN,VIC
3424,RAINBOW,VIC
3951,RANCEBY,VIC
3132,RANGEVIEW,VIC
3465,RATHSCAR,VIC
3465,RATHSCAR WEST,VIC
3023,RAVENHALL,VIC
3453,RAVENSWOOD,VIC
3453,RAVENSWOOD SOUTH,VIC
3825,RAWSON,VIC
3880,RAYMOND ISLAND,VIC
3570,RAYWOOD,VIC
3496,RED CLIFFS,VIC
3937,RED HILL,VIC
3937,RED HILL SOUTH,VIC
3371,RED LION,VIC
3350,REDAN,VIC
3477,REDBANK,VIC
3523,REDCASTLE,VIC
3444,REDESDALE,VIC
3658,REEDY CREEK,VIC
3395,REEDY DAM,VIC
3895,REEDY FLAT,VIC
3579,REEDY LAKE,VIC
3799,REEFTON,VIC
3072,REGENT WEST,VIC
3095,RESEARCH,VIC
3073,RESERVOIR,VIC
3858,REYNARD,VIC
3517,RHEOLA,VIC
3923,RHYLL,VIC
3377,RHYMNEY,VIC
3385,RIACHELLA,VIC
3480,RICH AVON,VIC
3480,RICH AVON EAST,VIC
3480,RICH AVON WEST,VIC
3121,RICHMOND,VIC
3121,RICHMOND EAST,VIC
3121,RICHMOND NORTH,VIC
3518,RICHMOND PLAINS,VIC
3121,RICHMOND SOUTH,VIC
3431,RIDDELLS CREEK,VIC
3666,RIGGS CREEK,VIC
3134,RINGWOOD,VIC
3135,RINGWOOD EAST,VIC
3134,RINGWOOD NORTH,VIC
3818,RIPPLEBROOK,VIC
3215,RIPPLESIDE,VIC
3185,RIPPONLEA,VIC
3401,RIVERSIDE,VIC
3860,RIVERSLEA,VIC
3971,ROBERTSONS BEACH,VIC
3019,ROBINSON,VIC
3549,ROBINVALE,VIC
3549,ROBINVALE IRRIGATION DISTRICT SECTION B,VIC
3549,ROBINVALE IRRIGATION DISTRICT SECTION C,VIC
3549,ROBINVALE IRRIGATION DISTRICT SECTION D,VIC
3549,ROBINVALE IRRIGATION DISTRICT SECTION E,VIC
3561,ROCHESTER,VIC
3442,ROCHFORD,VIC
3335,ROCKBANK,VIC
3401,ROCKLANDS,VIC
3364,ROCKLYN,VIC
3377,ROCKY POINT,VIC
3821,ROKEBY,VIC
3330,ROKEWOOD,VIC
3351,ROKEWOOD JUNCTION,VIC
3434,ROMSEY,VIC
3084,ROSANNA,VIC
3678,ROSE RIVER,VIC
3395,ROSEBERY,VIC
3285,ROSEBROOK,VIC
3939,ROSEBUD,VIC
3939,ROSEBUD PLAZA,VIC
3847,ROSEDALE,VIC
3385,ROSES GAP,VIC
3737,ROSEWHITE,VIC
3564,ROSLYNMEAD,VIC
3351,ROSS CREEK,VIC
3377,ROSSBRIDGE,VIC
3477,ROSTRON,VIC
3340,ROWSLEY,VIC
3178,ROWVILLE,VIC
3064,ROXBURGH PARK,VIC
3050,ROYAL MELBOURNE HOSPITAL,VIC
3712,RUBICON,VIC
3953,RUBY,VIC
3666,RUFFY,VIC
3691,RUNNING CREEK,VIC
3558,RUNNYMEDE,VIC
3388,RUPANYUP,VIC
3612,RUSHWORTH,VIC
3331,RUSSELLS BRIDGE,VIC
3685,RUTHERGLEN,VIC
3875,RYANS,VIC
3992,RYANSTON,VIC
3941,RYE,VIC
3810,RYTHDALE,VIC
3936,SAFETY BEACH,VIC
3461,SAILORS FALLS,VIC
3556,SAILORS GULLY,VIC
3461,SAILORS HILL,VIC
3850,SALE,VIC
3853,SALE,VIC
3852,SALE EAST RAAF,VIC
3517,SALISBURY WEST,VIC
3673,SAMARIA,VIC
3925,SAN REMO,VIC
3312,SANDFORD,VIC
3579,SANDHILL LAKE,VIC
3977,SANDHURST,VIC
3550,SANDHURST EAST,VIC
3462,SANDON,VIC
3171,SANDOWN VILLAGE,VIC
3191,SANDRINGHAM,VIC
3695,SANDY CREEK,VIC
3959,SANDY POINT,VIC
3858,SARGOOD,VIC
3875,SARSFIELD,VIC
3787,SASSAFRAS,VIC
3787,SASSAFRAS GULLY,VIC
3723,SAWMILL SETTLEMENT,VIC
3351,SCARSDALE,VIC
3179,SCORESBY,VIC
3176,SCORESBY BC,VIC
3352,SCOTCHMANS LEAD,VIC
3352,SCOTSBURN,VIC
3267,SCOTTS CREEK,VIC
3533,SEA LAKE,VIC
3028,SEABROOK,VIC
3851,SEACOMBE,VIC
3198,SEAFORD,VIC
3018,SEAHOLME,VIC
3851,SEASPRAY,VIC
3858,SEATON,VIC
3821,SEAVIEW,VIC
3556,SEBASTIAN,VIC
3356,SEBASTOPOL,VIC
3011,SEDDON,VIC
3011,SEDDON WEST,VIC
3551,SEDGWICK,VIC
3159,SELBY,VIC
3737,SELWYN,VIC
3234,SEPARATION CREEK,VIC
3517,SERPENTINE,VIC
3420,SERVICETON,VIC
3139,SEVILLE,VIC
3139,SEVILLE EAST,VIC
3660,SEYMOUR,VIC
3661,SEYMOUR,VIC
3660,SEYMOUR SOUTH,VIC
3821,SHADY CREEK,VIC
3960,SHALLOW INLET,VIC
3898,SHANNONVALE,VIC
3377,SHAYS FLAT,VIC
3331,SHE OAKS,VIC
3666,SHEANS CREEK,VIC
3392,SHEEP HILLS,VIC
3515,SHELBOURNE,VIC
3329,SHELFORD,VIC
3701,SHELLEY,VIC
3461,SHEPHERDS FLAT,VIC
3630,SHEPPARTON,VIC
3632,SHEPPARTON,VIC
3631,SHEPPARTON EAST,VIC
3631,SHEPPARTON NORTH,VIC
3630,SHEPPARTON SOUTH,VIC
3789,SHERBROOKE,VIC
3916,SHOREHAM,VIC
3444,SIDONIA,VIC
3795,SILVAN,VIC
3922,SILVERLEAVES,VIC
3266,SIMPSON,VIC
3888,SIMPSONS CREEK,VIC
3465,SIMSON,VIC
3233,SKENES CREEK,VIC
3233,SKENES CREEK NORTH,VIC
3260,SKIBO,VIC
3518,SKINNERS FLAT,VIC
3361,SKIPTON,VIC
3977,SKYE,VIC
3477,SLATY CREEK,VIC
3364,SMEATON,VIC
3922,SMITHS BEACH,VIC
3760,SMITHS GULLY,VIC
3364,SMOKEYTOWN,VIC
3741,SMOKO,VIC
3351,SMYTHES CREEK,VIC
3351,SMYTHESDALE,VIC
3971,SNAKE ISLAND,VIC
3351,SNAKE VALLEY,VIC
3350,SOLDIERS HILL,VIC
3927,SOMERS,VIC
3062,SOMERTON,VIC
3851,SOMERTON PARK,VIC
3912,SOMERVILLE,VIC
3943,SORRENTO,VIC
3995,SOUTH DUDLEY,VIC
3220,SOUTH GEELONG,VIC
3015,SOUTH KINGSVILLE,VIC
3205,SOUTH MELBOURNE,VIC
3752,SOUTH MORANG,VIC
3260,SOUTH PURRUMBETE,VIC
3006,SOUTH WHARF,VIC
3141,SOUTH YARRA,VIC
3006,SOUTHBANK,VIC
3283,SOUTHERN CROSS,VIC
3192,SOUTHLAND CENTRE,VIC
3461,SPARGO CREEK,VIC
3488,SPEED,VIC
3585,SPEEWA,VIC
3015,SPOTSWOOD,VIC
3550,SPRING GULLY,VIC
3444,SPRING HILL,VIC
3352,SPRINGBANK,VIC
3351,SPRINGDALLAH,VIC
3434,SPRINGFIELD,VIC
3544,SPRINGFIELD,VIC
3682,SPRINGHURST,VIC
3364,SPRINGMOUNT,VIC
3171,SPRINGVALE,VIC
3172,SPRINGVALE SOUTH,VIC
3021,ST ALBANS,VIC
3219,ST ALBANS PARK,VIC
3761,ST ANDREWS,VIC
3941,ST ANDREWS BEACH,VIC
3478,ST ARNAUD,VIC
3477,ST ARNAUD EAST,VIC
3477,ST ARNAUD NORTH,VIC
3995,ST CLAIR,VIC
3620,ST GERMAINS,VIC
3088,ST HELENA,VIC
3285,ST HELENS,VIC
3401,ST HELENS PLAINS,VIC
3727,ST JAMES,VIC
3182,ST KILDA,VIC
3183,ST KILDA EAST,VIC
8004,ST KILDA ROAD,VIC
3004,ST KILDA ROAD CENTRAL,VIC
8008,ST KILDA ROAD CENTRAL,VIC
3004,ST KILDA ROAD MELBOURNE,VIC
3182,ST KILDA SOUTH,VIC
3182,ST KILDA WEST,VIC
3223,ST LEONARDS,VIC
3971,STACEYS BRIDGE,VIC
3351,STAFFORDSHIRE REEF,VIC
3691,STAGHORN FLAT,VIC
3623,STANHOPE,VIC
3623,STANHOPE SOUTH,VIC
3747,STANLEY,VIC
3340,STAUGHTON VALE,VIC
3379,STAVELY,VIC
3380,STAWELL,VIC
3380,STAWELL WEST,VIC
3775,STEELS CREEK,VIC
3331,STEIGLITZ,VIC
3725,STEWARTON,VIC
3893,STIRLING,VIC
3862,STOCKDALE,VIC
3373,STOCKYARD HILL,VIC
3218,STONEHAVEN,VIC
3373,STONELEIGH,VIC
3371,STONY CREEK,VIC
3957,STONY CREEK,VIC
3260,STONYFORD,VIC
3851,STRADBROKE,VIC
3103,STRADBROKE PARK,VIC
3461,STRANGWAYS,VIC
3533,STRATEN,VIC
3862,STRATFORD,VIC
3658,STRATH CREEK,VIC
3622,STRATHALLAN,VIC
3666,STRATHBOGIE,VIC
3550,STRATHDALE,VIC
3312,STRATHDOWNIE,VIC
3099,STRATHEWEN,VIC
3551,STRATHFIELDSAYE,VIC
3301,STRATHKELLAR,VIC
3364,STRATHLEA,VIC
3641,STRATHMERTON,VIC
3041,STRATHMORE,VIC
3041,STRATHMORE HEIGHTS,VIC
3338,STRATHTULLOH,VIC
3351,STREATHAM,VIC
3950,STRZELECKI,VIC
3477,STUART MILL,VIC
3152,STUDFIELD,VIC
3234,SUGARLOAF,VIC
3658,SUGARLOAF CREEK,VIC
3885,SUGGAN BUGGAN,VIC
3352,SULKY,VIC
3922,SUMMERLANDS,VIC
3057,SUMNER,VIC
3429,SUNBURY,VIC
3658,SUNDAY CREEK,VIC
3922,SUNDERLAND BAY,VIC
3496,SUNNYCLIFFS,VIC
3922,SUNSET STRIP,VIC
3020,SUNSHINE,VIC
3020,SUNSHINE NORTH,VIC
3020,SUNSHINE WEST,VIC
8438,SUNSHINE WEST,VIC
8780,SUNSHINE WEST,VIC
8781,SUNSHINE WEST,VIC
3922,SURF BEACH,VIC
3127,SURREY HILLS,VIC
3127,SURREY HILLS NORTH,VIC
3125,SURREY HILLS SOUTH,VIC
3477,SUTHERLAND,VIC
3331,SUTHERLANDS CREEK,VIC
3530,SUTTON,VIC
3448,SUTTON GRANGE,VIC
3225,SWAN BAY,VIC
3585,SWAN HILL,VIC
3585,SWAN HILL WEST,VIC
3225,SWAN ISLAND,VIC
3249,SWAN MARSH,VIC
3903,SWAN REACH,VIC
3673,SWANPOOL,VIC
3477,SWANWATER,VIC
3480,SWANWATER WEST,VIC
3896,SWIFTS CREEK,VIC
3037,SYDENHAM,VIC
3575,SYLVATERRE,VIC
3149,SYNDAL,VIC
3875,TABBERABBERA,VIC
3607,TABILK,VIC
3289,TABOR,VIC
3714,TAGGERTY,VIC
3301,TAHARA,VIC
3315,TAHARA BRIDGE,VIC
3310,TAHARA WEST,VIC
3371,TALBOT,VIC
3691,TALGARNO,VIC
3701,TALLANDOON,VIC
3700,TALLANGATTA,VIC
3700,TALLANGATTA EAST,VIC
3701,TALLANGATTA SOUTH,VIC
3701,TALLANGATTA VALLEY,VIC
3659,TALLAROOK,VIC
3634,TALLYGAROOPNA,VIC
3893,TAMBO CROSSING,VIC
3885,TAMBO UPPER,VIC
3890,TAMBOON,VIC
3858,TAMBORITHA,VIC
3675,TAMINICK,VIC
3669,TAMLEUGH,VIC
3669,TAMLEUGH NORTH,VIC
3260,TANDAROOK,VIC
3571,TANDARRA,VIC
3691,TANGAMBALANGA,VIC
3825,TANJIL,VIC
3833,TANJIL BREN,VIC
3825,TANJIL SOUTH,VIC
3764,TANTARABOO,VIC
3478,TANWOOD,VIC
3249,TANYBRYN,VIC
3447,TARADALE,VIC
3666,TARCOMBE,VIC
3451,TARILTA,VIC
3551,TARNAGULLA,VIC
3029,TARNEIT,VIC
3670,TARNOOK,VIC
3265,TAROON,VIC
3971,TARRA VALLEY,VIC
3414,TARRANYURK,VIC
3971,TARRAVILLE,VIC
3775,TARRAWARRA,VIC
3678,TARRAWINGEE,VIC
3315,TARRAYOUKYAN,VIC
3463,TARRENGOWER,VIC
3315,TARRENLEA,VIC
3301,TARRINGTON,VIC
3283,TARRONE,VIC
3956,TARWIN,VIC
3956,TARWIN LOWER,VIC
3673,TATONG,VIC
3616,TATURA,VIC
3616,TATURA EAST,VIC
3378,TATYOON,VIC
3697,TAWONGA,VIC
3698,TAWONGA SOUTH,VIC
3713,TAYLOR BAY,VIC
3037,TAYLORS HILL,VIC
3038,TAYLORS LAKES,VIC
3579,TEAL POINT,VIC
3160,TECOMA,VIC
3527,TEDDYWADDY,VIC
3527,TEDDYWADDY WEST,VIC
3328,TEESDALE,VIC
3401,TELANGATUK EAST,VIC
3730,TELFORD,VIC
3420,TELOPEA DOWNS,VIC
3106,TEMPLESTOWE,VIC
3107,TEMPLESTOWE LOWER,VIC
3489,TEMPY,VIC
3984,TENBY POINT,VIC
3572,TENNYSON,VIC
3264,TERANG,VIC
3719,TERIP TERIP,VIC
3525,TERRAPPEE,VIC
3575,TERRICK TERRICK,VIC
3573,TERRICK TERRICK EAST,VIC
3260,TESBURY,VIC
3821,TETOORA ROAD,VIC
3527,THALIA,VIC
3825,THALLOO,VIC
3154,THE BASIN,VIC
3268,THE COVE,VIC
3984,THE GURDIES,VIC
3851,THE HEART,VIC
3851,THE HONEYSUCKLES,VIC
3792,THE PATCH,VIC
3265,THE SISTERS,VIC
3691,THOLOGOLONG,VIC
3074,THOMASTOWN,VIC
3219,THOMSON,VIC
3825,THOMSON,VIC
3726,THOONA,VIC
3071,THORNBURY,VIC
3335,THORNHILL PARK,VIC
3712,THORNTON,VIC
3835,THORPDALE,VIC
3824,THORPDALE SOUTH,VIC
3707,THOWGLA VALLEY,VIC
3797,THREE BRIDGES,VIC
3960,TIDAL RIVER,VIC
3885,TIMBARRA,VIC
3268,TIMBOON,VIC
3268,TIMBOON WEST,VIC
3561,TIMMERING,VIC
3465,TIMOR,VIC
3465,TIMOR WEST,VIC
3859,TINAMBA,VIC
3859,TINAMBA WEST,VIC
3708,TINTALDRA,VIC
3542,TITTYBONG,VIC
3549,TOL TOL,VIC
3723,TOLMIE,VIC
3707,TOM GROGGIN,VIC
3621,TONGALA,VIC
3890,TONGHI CREEK,VIC
3896,TONGIO,VIC
3815,TONIMBUK,VIC
3409,TOOAN,VIC
3522,TOOBORAC,VIC
3614,TOOLAMBA,VIC
3614,TOOLAMBA WEST,VIC
3777,TOOLANGI,VIC
3337,TOOLERN VALE,VIC
3551,TOOLLEEN,VIC
3860,TOOLOME,VIC
3401,TOOLONDO,VIC
3285,TOOLONG,VIC
3825,TOOMBON,VIC
3856,TOONGABBIE,VIC
3962,TOORA,VIC
3962,TOORA NORTH,VIC
3980,TOORADIN,VIC
3142,TOORAK,VIC
3909,TOORLOO ARM,VIC
3146,TOORONGA,VIC
3833,TOORONGO,VIC
3941,TOOTGAROOK,VIC
3228,TORQUAY,VIC
3490,TORRITA,VIC
3562,TORRUMBARRY,VIC
3821,TORWOOD,VIC
3888,TOSTAREE,VIC
3012,TOTTENHAM,VIC
3477,TOTTINGTON,VIC
3363,TOURELLO,VIC
3596,TOWAN,VIC
3527,TOWANINNY,VIC
3527,TOWANINNY SOUTH,VIC
3283,TOWER HILL,VIC
3707,TOWONG,VIC
3707,TOWONG UPPER,VIC
3824,TRAFALGAR,VIC
3824,TRAFALGAR EAST,VIC
3824,TRAFALGAR SOUTH,VIC
3579,TRAGOWEL,VIC
3844,TRARALGON,VIC
3844,TRARALGON EAST,VIC
3844,TRARALGON SOUTH,VIC
3032,TRAVANCORE,VIC
3373,TRAWALLA,VIC
3660,TRAWOOL,VIC
3477,TRAYNORS LAGOON,VIC
3785,TREMONT,VIC
3458,TRENTHAM,VIC
3458,TRENTHAM EAST,VIC
3583,TRESCO,VIC
3584,TRESCO WEST,VIC
3953,TRIDA,VIC
3029,TRUGANINA,VIC
3888,TUBBUT,VIC
3915,TUERONG,VIC
3384,TULKARA,VIC
3043,TULLAMARINE,VIC
3728,TUNGAMAH,VIC
3546,TUROAR,VIC
3488,TURRIFF,VIC
3488,TURRIFF EAST,VIC
3960,TURTONS CREEK,VIC
3490,TUTYE,VIC
3658,TYAAK,VIC
3913,TYABB,VIC
3533,TYENNA,VIC
3844,TYERS,VIC
3444,TYLDEN,VIC
3444,TYLDEN SOUTH,VIC
3813,TYNONG,VIC
3813,TYNONG NORTH,VIC
3586,TYNTYNDER,VIC
3586,TYNTYNDER SOUTH,VIC
3285,TYRENDARRA,VIC
3285,TYRENDARRA EAST,VIC
3533,TYRRELL,VIC
3533,TYRRELL DOWNS,VIC
3370,ULLINA,VIC
3318,ULLSWATER,VIC
3544,ULTIMA,VIC
3544,ULTIMA EAST,VIC
3641,ULUPNA,VIC
3629,UNDERA,VIC
3509,UNDERBOOL,VIC
3010,UNIVERSITY OF MELBOURNE,VIC
3669,UPOTIPOTPON,VIC
3156,UPPER FERNTREE GULLY,VIC
3691,UPPER GUNDOWRING,VIC
3673,UPPER LURG,VIC
3756,UPPER PLENTY,VIC
3673,UPPER RYANS CREEK,VIC
3664,UPTON HILL,VIC
3158,UPWEY,VIC
3860,VALENCIA CREEK,VIC
3407,VASEY,VIC
3451,VAUGHAN,VIC
3401,VECTIS,VIC
3922,VENTNOR,VIC
3956,VENUS BAY,VIC
3133,VERMONT,VIC
3133,VERMONT SOUTH,VIC
3814,VERVALE,VIC
3833,VESPER,VIC
3294,VICTORIA POINT,VIC
3294,VICTORIA VALLEY,VIC
3084,VIEWBANK,VIC
3591,VINIFERA,VIC
3669,VIOLET TOWN,VIC
3325,VITE VITE,VIC
3325,VITE VITE NORTH,VIC
3885,W TREE,VIC
3637,WAAIA,VIC
3551,WAANYARRA,VIC
3269,WAARRE,VIC
3678,WABONGA,VIC
3646,WAGGARANDALL,VIC
3687,WAHGUNYAH,VIC
3608,WAHRING,VIC
3401,WAIL,VIC
3887,WAIREWA,VIC
3544,WAITCHIE,VIC
3385,WAL WAL,VIC
3678,WALDARA,VIC
3825,WALHALLA,VIC
3825,WALHALLA EAST,VIC
3956,WALKERVILLE,VIC
3956,WALKERVILLE NORTH,VIC
3956,WALKERVILLE SOUTH,VIC
3352,WALLACE,VIC
3303,WALLACEDALE,VIC
3891,WALLAGARAUGH,VIC
3387,WALLALOO,VIC
3387,WALLALOO EAST,VIC
3756,WALLAN,VIC
3351,WALLINDUC,VIC
3222,WALLINGTON,VIC
3401,WALLUP,VIC
3463,WALMER,VIC
3875,WALPA,VIC
3507,WALPEUP,VIC
3709,WALWA,VIC
3612,WANALTA,VIC
3216,WANDANA HEIGHTS,VIC
3579,WANDELLA,VIC
3744,WANDILIGONG,VIC
3139,WANDIN EAST,VIC
3139,WANDIN NORTH,VIC
3312,WANDO BRIDGE,VIC
3312,WANDO VALE,VIC
3758,WANDONG,VIC
3549,WANDOWN,VIC
3678,WANGANDARY,VIC
3891,WANGARABELL,VIC
3676,WANGARATTA,VIC
3677,WANGARATTA,VIC
3678,WANGARATTA FORWARD,VIC
3678,WANGARATTA SOUTH,VIC
3530,WANGIE,VIC
3279,WANGOOM,VIC
3301,WANNON,VIC
3152,WANTIRNA,VIC
3152,WANTIRNA SOUTH,VIC
3616,WARANGA,VIC
3612,WARANGA SHORES,VIC
3959,WARATAH BAY,VIC
3799,WARBURTON,VIC
3465,WAREEK,VIC
3505,WARGAN,VIC
3482,WARMUR,VIC
3243,WARNCOORT,VIC
3530,WARNE,VIC
3980,WARNEET,VIC
3286,WARRABKOOK,VIC
3393,WARRACKNABEAL,VIC
3820,WARRAGUL,VIC
3821,WARRAGUL SOUTH,VIC
3821,WARRAGUL WEST,VIC
3377,WARRAK,VIC
3113,WARRANDYTE,VIC
3134,WARRANDYTE SOUTH,VIC
3134,WARRANWOOD,VIC
3301,WARRAYURE,VIC
3670,WARRENBAYNE,VIC
3352,WARRENHEIP,VIC
3478,WARRENMANG,VIC
3249,WARRION,VIC
3280,WARRNAMBOOL,VIC
3312,WARROCK,VIC
3283,WARRONG,VIC
3401,WARTOOK,VIC
3482,WATCHEM,VIC
3482,WATCHEM WEST,VIC
3485,WATCHUPGA,VIC
3862,WATERFORD,VIC
3658,WATERFORD PARK,VIC
3038,WATERGARDENS,VIC
3875,WATERHOLES,VIC
3373,WATERLOO,VIC
3195,WATERWAYS,VIC
3087,WATSONIA,VIC
3087,WATSONIA NORTH,VIC
3097,WATSONS CREEK,VIC
3995,WATTLE BANK,VIC
3384,WATTLE CREEK,VIC
3352,WATTLE FLAT,VIC
3096,WATTLE GLEN,VIC
3237,WATTLE HILL,VIC
3128,WATTLE PARK,VIC
3145,WATTLETREE ROAD PO,VIC
3352,WAUBRA,VIC
3216,WAURN PONDS,VIC
3170,WAVERLEY GARDENS,VIC
3888,WAYGARA,VIC
3352,WEATHERBOARD,VIC
3518,WEDDERBURN,VIC
3518,WEDDERBURN JUNCTION,VIC
3568,WEE WEE RUP,VIC
3237,WEEAPROINAH,VIC
3251,WEERING,VIC
3260,WEERITE,VIC
3518,WEHLA,VIC
3338,WEIR VIEWS,VIC
3551,WELLSFORD,VIC
3462,WELSHMANS REEF,VIC
3966,WELSHPOOL,VIC
3549,WEMEN,VIC
3355,WENDOUREE,VIC
3355,WENDOUREE VILLAGE,VIC
3241,WENSLEYDALE,VIC
3875,WENTWORTH,VIC
3186,WERE STREET PO,VIC
3352,WERNETH,VIC
3364,WERONA,VIC
3030,WERRIBEE,VIC
3029,WERRIBEE PLAZA,VIC
3030,WERRIBEE SOUTH,VIC
3496,WERRIMULL,VIC
3799,WESBURN,VIC
3550,WEST BENDIGO,VIC
3992,WEST CREEK,VIC
3012,WEST FOOTSCRAY,VIC
3003,WEST MELBOURNE,VIC
3690,WEST WODONGA,VIC
3825,WESTBURY,VIC
3579,WESTBY,VIC
3049,WESTMEADOWS,VIC
3351,WESTMERE,VIC
3714,WHANREGARWEN,VIC
3564,WHARPARILLA,VIC
3461,WHEATSHEAF,VIC
3150,WHEELERS HILL,VIC
3556,WHIPSTICK,VIC
3483,WHIRILY,VIC
3550,WHITE HILLS,VIC
3660,WHITEHEADS CREEK,VIC
3950,WHITELAW,VIC
3733,WHITFIELD,VIC
3678,WHITLANDS,VIC
3219,WHITTINGTON,VIC
3757,WHITTLESEA,VIC
3243,WHOOREL,VIC
3735,WHOROULY,VIC
3735,WHOROULY EAST,VIC
3735,WHOROULY SOUTH,VIC
3612,WHROO,VIC
3379,WICKLIFFE,VIC
3728,WILBY,VIC
3953,WILD DOG VALLEY,VIC
3429,WILDWOOD,VIC
3393,WILKUR,VIC
3485,WILLANGIE,VIC
3283,WILLATOOK,VIC
3379,WILLAURA,VIC
3379,WILLAURA NORTH,VIC
3393,WILLENABRINA,VIC
3027,WILLIAMS LANDING,VIC
3016,WILLIAMSTOWN,VIC
3016,WILLIAMSTOWN NORTH,VIC
3825,WILLOW GROVE,VIC
3764,WILLOWMAVIN,VIC
3360,WILLOWVALE,VIC
3847,WILLUNG,VIC
3847,WILLUNG SOUTH,VIC
3515,WILSONS HILL,VIC
3960,WILSONS PROMONTORY,VIC
3922,WIMBLEDON HEIGHTS,VIC
3241,WINCHELSEA,VIC
3241,WINCHELSEA SOUTH,VIC
3352,WINDERMERE,VIC
3181,WINDSOR,VIC
3891,WINGAN RIVER,VIC
3321,WINGEEL,VIC
3477,WINJALLOK,VIC
3585,WINLATON,VIC
3546,WINNAMBOOL,VIC
3304,WINNAP,VIC
3858,WINNINDOO,VIC
3281,WINSLOW,VIC
3358,WINTER VALLEY,VIC
3673,WINTON,VIC
3673,WINTON NORTH,VIC
3608,WIRRATE,VIC
3885,WISELEIGH,VIC
3189,WISHART,VIC
3689,WODONGA,VIC
3690,WODONGA,VIC
3691,WODONGA FORWARD,VIC
3690,WODONGA PLAZA,VIC
3750,WOLLERT,VIC
3888,WOMBAT CREEK,VIC
3409,WOMBELANO,VIC
3971,WON WRON,VIC
3960,WONGA,VIC
3115,WONGA PARK,VIC
3234,WONGARRA,VIC
3862,WONGUNGARRA,VIC
3737,WONNANGATTA,VIC
3995,WONTHAGGI,VIC
3401,WONWONDAH,VIC
3962,WONYIP,VIC
3596,WOOD WOOD,VIC
3442,WOODEND,VIC
3442,WOODEND NORTH,VIC
3715,WOODFIELD,VIC
3281,WOODFORD,VIC
3875,WOODGLEN,VIC
3294,WOODHOUSE,VIC
3945,WOODLEIGH,VIC
3723,WOODS POINT,VIC
3874,WOODSIDE,VIC
3874,WOODSIDE BEACH,VIC
3874,WOODSIDE NORTH,VIC
3751,WOODSTOCK,VIC
3551,WOODSTOCK ON LODDON,VIC
3463,WOODSTOCK WEST,VIC
3556,WOODVALE,VIC
3249,WOOL WOOL,VIC
3995,WOOLAMAI,VIC
3860,WOOLENOOK,VIC
3518,WOOLSHED FLAT,VIC
3276,WOOLSTHORPE,VIC
3485,WOOMELANG,VIC
3747,WOORAGEE,VIC
3962,WOORARRA EAST,VIC
3960,WOORARRA WEST,VIC
3953,WOOREEN,VIC
3139,WOORI YALLOCK,VIC
3589,WOORINEN,VIC
3589,WOORINEN NORTH,VIC
3588,WOORINEN SOUTH,VIC
3272,WOORNDOO,VIC
3525,WOOROONOOK,VIC
3518,WOOSANG,VIC
3315,WOOTONG VALE,VIC
3858,WORROWING,VIC
3860,WRATHUNG,VIC
3860,WRIXON,VIC
3891,WROXHAM,VIC
3875,WUK WUK,VIC
3885,WULGULMERANG,VIC
3885,WULGULMERANG EAST,VIC
3885,WULGULMERANG WEST,VIC
3635,WUNGHNU,VIC
3241,WURDIBOLUC,VIC
3850,WURRUK,VIC
3875,WY YUNG,VIC
3527,WYCHEPROOF,VIC
3527,WYCHEPROOF SOUTH,VIC
3525,WYCHITELLA,VIC
3525,WYCHITELLA NORTH,VIC
3234,WYE RIVER,VIC
3237,WYELANGTA,VIC
3024,WYNDHAM VALE,VIC
3620,WYUNA,VIC
3620,WYUNA EAST,VIC
3424,YAAPEET,VIC
3646,YABBA NORTH,VIC
3646,YABBA SOUTH,VIC
3749,YACKANDANDAH,VIC
3637,YALCA,VIC
3378,YALLA-Y-POORA,VIC
3085,YALLAMBIE,VIC
3825,YALLOURN,VIC
3825,YALLOURN NORTH,VIC
3885,YALMY,VIC
3285,YAMBUK,VIC
3621,YAMBUNA,VIC
3755,YAN YEAN,VIC
3418,YANAC,VIC
3960,YANAKIE,VIC
3537,YANDO,VIC
3461,YANDOIT,VIC
3461,YANDOIT HILLS,VIC
3283,YANGERY,VIC
3858,YANGOURA,VIC
3981,YANNATHAN,VIC
3451,YAPEEN,VIC
3719,YARCK,VIC
3283,YARPTURK,VIC
3775,YARRA GLEN,VIC
3797,YARRA JUNCTION,VIC
3516,YARRABERB,VIC
3823,YARRAGON,VIC
3823,YARRAGON SOUTH,VIC
3971,YARRAM,VIC
3091,YARRAMBAT,VIC
3013,YARRAVILLE,VIC
3013,YARRAVILLE WEST,VIC
3575,YARRAWALLA,VIC
3730,YARRAWONGA,VIC
3730,YARRAWONGA SOUTH,VIC
3644,YARROWEYAH,VIC
3677,YARRUNGA,VIC
3301,YATCHAW,VIC
3478,YAWONG HILLS,VIC
3717,YEA,VIC
3139,YELLINGBO,VIC
3505,YELTA,VIC
3352,YENDON,VIC
3249,YEO,VIC
3249,YEODENE,VIC
3770,YERING,VIC
3525,YEUNGROON,VIC
3525,YEUNGROON EAST,VIC
3638,YIELIMA,VIC
3869,YINNAR,VIC
3869,YINNAR SOUTH,VIC
3477,YORK PLAINS,VIC
3646,YOUANMITE,VIC
3728,YOUARANG,VIC
3301,YULECART,VIC
3727,YUNDOOL,VIC
3063,YUROKE,VIC
3237,YUULONG,VIC
3634,ZEERUST,VIC
3401,ZUMSTEINS,VIC
6280,ABBA RIVER,WA
6280,ABBEY,WA
6280,ACTON PARK,WA
6375,ADAMSVALE,WA
6532,AJANA,WA
6330,ALBANY,WA
6331,ALBANY DC,WA
6332,ALBANY PO,WA
6306,ALDERSYDE,WA
6064,ALEXANDER HEIGHTS,WA
6288,ALEXANDRA BRIDGE,WA
6154,ALFRED COVE,WA
6038,ALKIMOS,WA
6525,ALLANOOKA,WA
6225,ALLANSON,WA
6535,ALMA,WA
6632,AMBANIA,WA
6280,AMBERGATE,WA
6338,AMELUP,WA
6642,ANGELO RIVER,WA
6167,ANKETELL,WA
6280,ANNIEBROOK,WA
6714,ANTONYMYRE,WA
6153,APPLECROSS,WA
6953,APPLECROSS,WA
6153,APPLECROSS NORTH,WA
6419,ARDATH,WA
6153,ARDROSS,WA
6239,ARGYLE,WA
6112,ARMADALE,WA
6992,ARMADALE,WA
6519,ARRINO,WA
6525,ARROWSMITH,WA
6519,ARROWSMITH EAST,WA
6315,ARTHUR RIVER,WA
6104,ASCOT,WA
6065,ASHBY,WA
6111,ASHENDON,WA
6054,ASHFIELD,WA
6156,ATTADALE,WA
6164,ATWELL,WA
6164,AUBIN GROVE,WA
6290,AUGUSTA,WA
6233,AUSTRALIND,WA
6069,AVELEY,WA
6084,AVON VALLEY NATIONAL PARK,WA
6412,BAANDEE,WA
6428,BABAKIN,WA
6701,BABBAGE ISLAND,WA
6317,BADGEBUP,WA
6475,BADGERIN ROCK,WA
6302,BADGIN,WA
6521,BADGINGARRA,WA
6383,BADJALING,WA
6082,BAILUP,WA
6562,BAKERS HILL,WA
6258,BALBARRUP,WA
6021,BALCATTA,WA
6914,BALCATTA,WA
6171,BALDIVIS,WA
6061,BALGA,WA
6253,BALINGUP,WA
6383,BALKULING,WA
6714,BALLA BALLA,WA
6302,BALLADONG,WA
6443,BALLADONIA,WA
6066,BALLAJURA,WA
6315,BALLAYING,WA
6606,BALLIDU,WA
6304,BALLY BALLY,WA
6503,BAMBUN,WA
6450,BANDY CREEK,WA
6440,BANDYA,WA
6164,BANJUP,WA
6031,BANKSIA GROVE,WA
6213,BANKSIADALE,WA
6390,BANNISTER,WA
6479,BARBALIN,WA
6510,BARBERTON,WA
6275,BARRABUP,WA
6209,BARRAGUP,WA
6712,BARROW ISLAND,WA
6056,BASKERVILLE,WA
6054,BASSENDEAN,WA
6934,BASSENDEAN,WA
6942,BASSENDEAN DC,WA
6150,BATEMAN,WA
6284,BAUDIN,WA
6714,BAYNTON,WA
6330,BAYONET HEAD,WA
6053,BAYSWATER,WA
6933,BAYSWATER,WA
6530,BEACHLANDS,WA
6472,BEACON,WA
6162,BEACONSFIELD,WA
6440,BEADELL,WA
6394,BEAUFORT RIVER,WA
6450,BEAUMONT,WA
6107,BECKENHAM,WA
6052,BEDFORD,WA
6112,BEDFORDALE,WA
6063,BEECHBORO,WA
6556,BEECHINA,WA
6260,BEEDELUP,WA
6224,BEELA,WA
6239,BEELERUP,WA
6164,BEELIAR,WA
6353,BEENONG,WA
6503,BEERMULLAH,WA
6566,BEJOORDING,WA
6027,BELDON,WA
6069,BELHUS,WA
6056,BELLEVUE,WA
6104,BELMONT,WA
6984,BELMONT,WA
6477,BENCUBBIN,WA
6223,BENGER,WA
6463,BENJABERRING,WA
6255,BENJINUP,WA
6063,BENNETT SPRINGS,WA
6102,BENTLEY,WA
6982,BENTLEY,WA
6102,BENTLEY DC,WA
6983,BENTLEY DC,WA
6102,BENTLEY SOUTH,WA
6530,BERESFORD,WA
6510,BERKSHIRE VALLEY,WA
6701,BERNIER ISLAND,WA
6167,BERTRAM,WA
6304,BEVERLEY,WA
6163,BIBRA LAKE,WA
6965,BIBRA LAKE,WA
6076,BICKLEY,WA
6157,BICTON,WA
6260,BIDDELIA,WA
6330,BIG GROVE,WA
6375,BILBARIN,WA
6725,BILINGURR,WA
6472,BIMBIJY,WA
6574,BINDI BINDI,WA
6502,BINDOON,WA
6502,BINDOON TRAINING AREA,WA
6430,BINDULI,WA
6233,BINNINGUP,WA
6532,BINNU,WA
6214,BIRCHMONT,WA
6530,BLUFF POINT,WA
6208,BLYTHEWOOD,WA
6280,BOALLIA,WA
6320,BOBALONG,WA
6424,BODALLIN,WA
6390,BODDINGTON,WA
6394,BOILUP,WA
6392,BOKAL,WA
6568,BOLGART,WA
6479,BONNIE ROCK,WA
6525,BONNIEFIELD,WA
6722,BOODARIE,WA
6423,BOODAROCKIN,WA
6525,BOOKARA,WA
6503,BOONANARRING,WA
6429,BOORABBIN,WA
6154,BOORAGOON,WA
6954,BOORAGOON,WA
6475,BOORALAMING,WA
6431,BOORARA,WA
6262,BOORARA BROOK,WA
6532,BOOTENAL,WA
6521,BOOTHENDARRA,WA
6286,BORANUP,WA
6338,BORDEN,WA
6320,BORDERDALE,WA
6330,BORNHOLM,WA
6394,BOSCABEL,WA
6432,BOULDER,WA
6312,BOUNDAIN,WA
6211,BOUVARD,WA
6280,BOVELL,WA
6333,BOW BRIDGE,WA
6225,BOWELLING,WA
6535,BOWES,WA
6623,BOWGADA,WA
6338,BOXWOOD HILL,WA
6056,BOYA,WA
6237,BOYANUP,WA
6450,BOYATUP,WA
6316,BOYERINE,WA
6244,BOYUP BROOK,WA
6055,BRABHAM,WA
6285,BRAMLEY,WA
6251,BRAZIER,WA
6503,BREERA,WA
6338,BREMER BAY,WA
6153,BRENTWOOD,WA
6043,BRETON BAY,WA
6255,BRIDGETOWN,WA
6069,BRIGADOON,WA
6532,BRINGO,WA
6280,BROADWATER,WA
6009,BROADWAY NEDLANDS,WA
6430,BROADWOOD,WA
6701,BROCKMAN,WA
6398,BROKE,WA
6112,BROOKDALE,WA
6239,BROOKHAMPTON,WA
6306,BROOKTON,WA
6725,BROOME,WA
6318,BROOMEHILL,WA
6318,BROOMEHILL EAST,WA
6318,BROOMEHILL VILLAGE,WA
6318,BROOMEHILL WEST,WA
6431,BROWN HILL,WA
6701,BROWN RANGE,WA
6418,BRUCE ROCK,WA
6224,BRUNSWICK,WA
6225,BUCKINGHAM,WA
6401,BUCKLAND,WA
6714,BULGARRA,WA
6149,BULL CREEK,WA
6429,BULLABULLING,WA
6373,BULLARING,WA
6532,BULLER,WA
6484,BULLFINCH,WA
6350,BULLOCK HILLS,WA
6084,BULLSBROOK,WA
6431,BULONG,WA
6306,BULYEE,WA
6230,BUNBURY,WA
6231,BUNBURY,WA
6522,BUNDANOON,WA
6353,BUNICHE,WA
6620,BUNJIL,WA
6613,BUNTINE,WA
6467,BURAKIN,WA
6452,BURAMINYA,WA
6227,BUREKUP,WA
6302,BURGES,WA
6401,BURLONG,WA
6532,BURMA ROAD,WA
6028,BURNS BEACH,WA
6285,BURNSIDE,WA
6421,BURRACOPPIN,WA
6490,BURRAN ROCK,WA
6714,BURRUP,WA
6100,BURSWOOD,WA
6055,BUSHMEAD,WA
6280,BUSSELTON,WA
6036,BUTLER,WA
6122,BYFORD,WA
6726,CABLE BEACH,WA
6466,CADOUX,WA
6443,CAIGUNA,WA
6569,CALINGIRI,WA
6167,CALISTA,WA
6302,CALJIE,WA
6260,CALLCUP,WA
6728,CAMBALLIN,WA
6743,CAMBRIDGE GULF,WA
6111,CAMILLO,WA
6315,CANCANNING,WA
6710,CANE,WA
6627,CANNA,WA
6153,CANNING BRIDGE APPLECROSS,WA
6111,CANNING MILLS,WA
6155,CANNING VALE,WA
6155,CANNING VALE DC,WA
6970,CANNING VALE DC,WA
6155,CANNING VALE SOUTH,WA
6107,CANNINGTON,WA
6987,CANNINGTON,WA
6452,CAPE ARID,WA
6532,CAPE BURNEY,WA
6450,CAPE LE GRAND,WA
6707,CAPE RANGE NATIONAL PARK,WA
6271,CAPEL,WA
6271,CAPEL RIVER,WA
6642,CAPRICORN,WA
6041,CARABAN,WA
6033,CARABOODA,WA
6569,CARANI,WA
6701,CARBLA,WA
6280,CARBUNUP RIVER,WA
6225,CARDIFF,WA
6122,CARDUP,WA
6230,CAREY PARK,WA
6020,CARINE,WA
6101,CARLISLE,WA
6101,CARLISLE NORTH,WA
6275,CARLOTTA,WA
6076,CARMEL,WA
6517,CARNAMAH,WA
6701,CARNARVON,WA
6423,CARRABIN,WA
6031,CARRAMAR,WA
6532,CARRARANG,WA
6317,CARROLUP,WA
6316,CARTMETICUP,WA
6450,CASCADE,WA
6450,CASTLETOWN,WA
6167,CASUARINA,WA
6507,CATABY,WA
6255,CATTERICK,WA
6055,CAVERSHAM,WA
6330,CENTENNIAL PARK,WA
6511,CERVANTES,WA
6450,CHADWICK,WA
6111,CHAMPION LAKES,WA
6490,CHANDLER,WA
6394,CHANGERUP,WA
6260,CHANNYBEARUP,WA
6280,CHAPMAN HILL,WA
6239,CHARLEY CREEK,WA
6395,CHERRY TREE POOL,WA
6328,CHEYNES,WA
6751,CHICHESTER,WA
6556,CHIDLOW,WA
6084,CHITTERING,WA
6244,CHOWERUP,WA
6798,CHRISTMAS ISLAND,WA
6018,CHURCHLANDS,WA
6015,CITY BEACH,WA
6000,CITY DELIVERY CENTRE,WA
6564,CLACKLINE,WA
6010,CLAREMONT,WA
6910,CLAREMONT,WA
6010,CLAREMONT NORTH,WA
6030,CLARKSON,WA
6472,CLEARY,WA
6714,CLEAVERVILLE,WA
6211,CLIFTON,WA
6850,CLOISTERS SQUARE PO,WA
6105,CLOVERDALE,WA
6985,CLOVERDALE,WA
6317,COBLININE,WA
6532,COBURN,WA
6731,COCKATOO ISLAND,WA
6164,COCKBURN CENTRAL,WA
6443,COCKLEBIDDY,WA
6308,CODJATOTINE,WA
6302,COLD HARBOUR,WA
6315,COLLANILLING,WA
6230,COLLEGE GROVE,WA
6225,COLLIE,WA
6225,COLLIE BURN,WA
6330,COLLINGWOOD HEIGHTS,WA
6330,COLLINGWOOD PARK,WA
6260,COLLINS,WA
6311,COMMODINE,WA
6152,COMO,WA
6952,COMO,WA
6450,CONDINGUP,WA
6027,CONNOLLY,WA
6311,CONTINE,WA
6210,COODANUP,WA
6166,COOGEE,WA
6219,COOKERNUP,WA
6638,COOLADAR HILL,WA
6163,COOLBELLUP,WA
6050,COOLBINIA,WA
6532,COOLCALALAYA,WA
6429,COOLGARDIE,WA
6507,COOLJARLOO,WA
6168,COOLOONGUP,WA
6214,COOLUP,WA
6450,COOMALBIDGUP,WA
6512,COOMBERDALE,WA
6503,COONABIDGEE,WA
6566,COONDLE,WA
6515,COOROW,WA
6714,COOYA POOYA,WA
6562,COPLEY,WA
6701,CORAL BAY,WA
6426,CORINTHIA,WA
6375,CORRIGIN,WA
6440,COSMO NEWBERY,WA
6720,COSSACK,WA
6011,COTTESLOE,WA
6911,COTTESLOE,WA
6288,COURTENAY,WA
6336,COWALELLUP,WA
6503,COWALLA,WA
6284,COWARAMUP,WA
6485,COWCOWING,WA
6317,COYRECUP,WA
6025,CRAIGIE,WA
6420,CRAMPHORNE,WA
6321,CRANBROOK,WA
6009,CRAWLEY,WA
6236,CROOKED BROOK,WA
6390,CROSSMAN,WA
6262,CROWEA,WA
6311,CUBALLING,WA
6383,CUBBINE,WA
6640,CUE,WA
6566,CULHAM,WA
6067,CULLACABARDEE,WA
6503,CULLALLA,WA
6434,CUNDEELEE,WA
6407,CUNDERDIN,WA
6275,CUNDINUP,WA
6401,CUNJARDINE,WA
6028,CURRAMBINE,WA
6330,CUTHBERT,WA
6410,DAADENNING CREEK,WA
6638,DAGGAR HILLS,WA
6008,DAGLISH,WA
6304,DALE,WA
6302,DALIAK,WA
6009,DALKEITH,WA
6609,DALWALLINU,WA
6230,DALYELLUP,WA
6450,DALYUP,WA
6713,DAMPIER,WA
6713,DAMPIER ARCHIPELAGO,WA
6725,DAMPIER PENINSULA,WA
6479,DANDANNING,WA
6507,DANDARAGAN,WA
6383,DANGIN,WA
6065,DARCH,WA
6392,DARDADINE,WA
6236,DARDANUP,WA
6236,DARDANUP WEST,WA
6392,DARKAN,WA
6122,DARLING DOWNS,WA
6070,DARLINGTON,WA
6275,DARRADUP,WA
6532,DARTMOOR,WA
6320,DARTNALL,WA
6317,DATATINE,WA
6230,DAVENPORT,WA
6211,DAWESVILLE,WA
6055,DAYTON,WA
6722,DE GREY,WA
6258,DEANMILL,WA
6532,DEEPDALE,WA
6290,DEEPDENE,WA
6324,DENBARKER,WA
6537,DENHAM,WA
6333,DENMARK,WA
6728,DERBY,WA
6630,DEVILS CREEK,WA
6567,DEWARS POOL,WA
6258,DIAMOND TREE,WA
6059,DIANELLA,WA
6532,DINDILOA,WA
6258,DINGUP,WA
6244,DINNINUP,WA
6537,DIRK HARTOG ISLAND,WA
6258,DIXVALE,WA
6725,DJUGUN,WA
6525,DONGARA,WA
6315,DONGOLOCKING,WA
6258,DONNELLY RIVER,WA
6239,DONNYBROOK,WA
6112,DOOBARDA,WA
6383,DOODENANNING,WA
6411,DOODLAKINE,WA
6701,DORRE ISLAND,WA
6018,DOUBLEVIEW,WA
6461,DOWERIN,WA
6330,DROME,WA
6532,DRUMMOND COVE,WA
6311,DRYANDRA,WA
6740,DRYSDALE RIVER,WA
6519,DUDAWA,WA
6363,DUDININ,WA
6210,DUDLEY PARK,WA
6475,DUKIN,WA
6383,DULBELLING,WA
6425,DULYALBIN,WA
6566,DUMBARTON,WA
6312,DUMBERNING,WA
6350,DUMBLEYUNG,WA
6023,DUNCRAIG,WA
6443,DUNDAS,WA
6355,DUNN ROCK,WA
6281,DUNSBOROUGH,WA
6743,DURACK,WA
6393,DURANILLIN,WA
6532,DURAWAH,WA
6308,DWARDA,WA
6213,DWELLINGUP,WA
6281,EAGLE BAY,WA
6290,EAST AUGUSTA,WA
6606,EAST BALLIDU,WA
6304,EAST BEVERLEY,WA
6535,EAST BOWES,WA
6230,EAST BUNBURY,WA
6107,EAST CANNINGTON,WA
6701,EAST CARNARVON,WA
6532,EAST CHAPMAN,WA
6606,EAST DAMBORING,WA
6158,EAST FREMANTLE,WA
6705,EAST LYONS RIVER,WA
6450,EAST MUNGLINUP,WA
6640,EAST MURCHISON,WA
6532,EAST NABAWA,WA
6275,EAST NANNUP,WA
6355,EAST NEWDEGATE,WA
6004,EAST PERTH,WA
6892,EAST PERTH,WA
6308,EAST PINGELLY,WA
6309,EAST POPANYINNING,WA
6168,EAST ROCKINGHAM,WA
6101,EAST VICTORIA PARK,WA
6981,EAST VICTORIA PARK,WA
6370,EAST WICKEPIN,WA
6532,EAST YUNA,WA
6260,EASTBROOK,WA
6232,EATON,WA
6054,EDEN HILL,WA
6027,EDGEWATER,WA
6515,EGANU,WA
6034,EGLINTON,WA
6725,EIGHTY MILE BEACH,WA
6490,ELABBIN,WA
6479,ELACHBUTTING,WA
6237,ELGIN,WA
6330,ELLEKER,WA
6069,ELLENBROOK,WA
6532,ELLENDALE,WA
6062,EMBLETON,WA
6431,EMU FLAT,WA
6330,EMU POINT,WA
6518,ENEABBA,WA
6484,ENNUIN,WA
6532,ERADU,WA
6532,ERADU SOUTH,WA
6210,ERSKINE,WA
6450,ESPERANCE,WA
6213,ETMILYN,WA
6443,EUCLA,WA
6532,EURARDY,WA
6317,EWLYAMARTUP,WA
6707,EXMOUTH,WA
6707,EXMOUTH GULF,WA
6208,FAIRBRIDGE,WA
6210,FALCON,WA
6236,FERGUSON,WA
6148,FERNDALE,WA
6431,FEYSVILLE,WA
6432,FIMISTON,WA
6722,FINUCANE,WA
6337,FITZGERALD,WA
6346,FITZGERALD RIVER NATIONAL PARK,WA
6765,FITZROY CROSSING,WA
6302,FLINT,WA
6014,FLOREAT,WA
6302,FLYNN,WA
6286,FOREST GROVE,WA
6324,FOREST HILL,WA
6434,FORREST,WA
6271,FORREST BEACH,WA
6359,FORRESTANIA,WA
6112,FORRESTDALE,WA
6058,FORRESTFIELD,WA
6716,FORTESCUE,WA
6537,FRANCOIS PERON NATIONAL PARK,WA
6396,FRANKLAND RIVER,WA
6443,FRASER RANGE,WA
6160,FREMANTLE,WA
6959,FREMANTLE,WA
6330,FRENCHMAN BAY,WA
6209,FURNISSDALE,WA
6574,GABALONG,WA
6041,GABBADAH,WA
6476,GABBIN,WA
6337,GAIRDNER,WA
6714,GAP RIDGE,WA
6168,GARDEN ISLAND,WA
6705,GASCOYNE JUNCTION,WA
6705,GASCOYNE RIVER,WA
6728,GEEGULLY CREEK,WA
6230,GELORUP,WA
6280,GEOGRAPHE,WA
6532,GEORGINA,WA
6530,GERALDTON,WA
6531,GERALDTON PO,WA
6426,GHOOLI,WA
6743,GIBB,WA
6448,GIBSON,WA
0872,GIBSON DESERT NORTH,WA
0872,GIBSON DESERT SOUTH,WA
6083,GIDGEGANNUP,WA
6302,GILGERING,WA
6370,GILLIMANNING,WA
6510,GILLINGARRA,WA
6701,GILROYD,WA
6725,GINGERAH,WA
6503,GINGIN,WA
6503,GINGINUP,WA
6064,GIRRAWHEEN,WA
6330,GLEDHOW,WA
6071,GLEN FORREST,WA
6230,GLEN IRIS,WA
6239,GLEN MERVYN,WA
6316,GLENCOE,WA
6016,GLENDALOUGH,WA
6532,GLENFIELD,WA
6256,GLENLYNN,WA
6258,GLENORAN,WA
6509,GLENTROMIE,WA
6077,GNANGARA,WA
6285,GNARABUP,WA
6714,GNOOREA,WA
6335,GNOWANGERUP,WA
6328,GNOWELLEN,WA
6174,GOLDEN BAY,WA
6330,GOODE BEACH,WA
6468,GOODLANDS,WA
6460,GOOMALLING,WA
6415,GOOMARIN,WA
6076,GOOSEBERRY HILL,WA
6375,GORGE ROCK,WA
6556,GORRIE,WA
6110,GOSNELLS,WA
6990,GOSNELLS,WA
6284,GRACETOWN,WA
6503,GRANVILLE,WA
6446,GRASS PATCH,WA
6403,GRASS VALLEY,WA
6514,GREEN HEAD,WA
6328,GREEN RANGE,WA
6330,GREEN VALLEY,WA
6254,GREENBUSHES,WA
6210,GREENFIELDS,WA
6302,GREENHILLS,WA
6056,GREENMOUNT,WA
6532,GREENOUGH,WA
6024,GREENWOOD,WA
6924,GREENWOOD,WA
6405,GREENWOODS VALLEY,WA
6535,GREGORY,WA
6521,GREY,WA
6701,GREYS PLAIN,WA
6253,GRIMWADE,WA
6041,GUILDERTON,WA
6055,GUILDFORD,WA
6935,GUILDFORD,WA
6315,GUNDARING,WA
6513,GUNYIDI,WA
6623,GUTHA,WA
6302,GWAMBYGINE,WA
6018,GWELUP,WA
6018,GWELUP DC,WA
6237,GWINDINUP,WA
6076,HACKETTS GULLY,WA
6770,HALLS CREEK,WA
6210,HALLS HEAD,WA
6215,HAMEL,WA
6288,HAMELIN BAY,WA
6532,HAMELIN POOL,WA
6022,HAMERSLEY,WA
6716,HAMERSLEY RANGE,WA
6163,HAMILTON HILL,WA
6963,HAMILTON HILL,WA
6164,HAMMOND PARK,WA
6430,HANNANS,WA
6433,HANNANS PO,WA
6225,HARRIS RIVER,WA
6112,HARRISDALE,WA
6361,HARRISMITH,WA
6220,HARVEY,WA
6308,HASTINGS,WA
6356,HATTER HILL,WA
6333,HAY,WA
6112,HAYNES,WA
6055,HAZELMERE,WA
6333,HAZELVALE,WA
6027,HEATHRIDGE,WA
6056,HELENA VALLEY,WA
6166,HENDERSON,WA
6055,HENLEY BROOK,WA
6236,HENTY,WA
6017,HERDSMAN,WA
6056,HERNE HILL,WA
6211,HERRON,WA
6255,HESTER,WA
6255,HESTER BROOK,WA
6532,HICKETY,WA
6443,HIGGINSVILLE,WA
6057,HIGH WYCOMBE,WA
6313,HIGHBURY,WA
6003,HIGHGATE,WA
6112,HILBERT,WA
6521,HILL RIVER,WA
6025,HILLARYS,WA
6923,HILLARYS,WA
6168,HILLMAN,WA
6312,HILLSIDE,WA
6163,HILTON,WA
6462,HINDMARSH,WA
6413,HINES HILL,WA
6280,HITHERGREEN,WA
6065,HOCKING,WA
6566,HODDYS WELL,WA
6220,HOFFMAN,WA
6426,HOLLETON,WA
6522,HOLMWOOD,WA
6355,HOLT ROCK,WA
6213,HOLYOAKE,WA
6799,HOME ISLAND COCOS (KEELING) ISLANDS,WA
6165,HOPE VALLEY,WA
6125,HOPELAND,WA
6348,HOPETOUN,WA
6535,HORROCKS,WA
6530,HOUTMAN ABROLHOS,WA
6071,HOVEA,WA
6532,HOWATHARRA,WA
6450,HOWICK,WA
6460,HULONGINE,WA
6110,HUNTINGDALE,WA
6359,HYDEN,WA
6522,IKEWA,WA
6028,ILUKA,WA
6721,INDEE,WA
6701,INGGARDA,WA
6213,INGLEHOPE,WA
6052,INGLEWOOD,WA
6932,INGLEWOOD,WA
6302,INKPEN,WA
6018,INNALOO,WA
6918,INNALOO,WA
6751,INNAWANGA,WA
6401,IRISHTOWN,WA
0872,IRRUNYTJU,WA
6525,IRWIN,WA
6452,ISRAELITE BAY,WA
6535,ISSEKA,WA
6335,JACKITUP,WA
6337,JACUP,WA
6275,JALBARRAGUP,WA
6315,JALORAN,WA
6077,JANDABUP,WA
6164,JANDAKOT,WA
6056,JANE BROOK,WA
6258,JARDEE,WA
6728,JARLMADANGAH BURRU,WA
6124,JARRAHDALE,WA
6275,JARRAHWOOD,WA
6306,JELCOBINE,WA
6401,JENNACUBBINE,WA
6401,JENNAPULLIN,WA
6346,JERDACUTTUP,WA
6337,JERRAMUNGUP,WA
6612,JIBBERDING,WA
6753,JIGALONG,WA
6365,JILAKIN,WA
6036,JINDALEE,WA
6280,JINDONG,WA
6395,JINGALUP,WA
6365,JITARNING,WA
6014,JOLIMONT,WA
6027,JOONDALUP,WA
6027,JOONDALUP DC,WA
6919,JOONDALUP DC,WA
6060,JOONDANNA,WA
6567,JULIMAR,WA
6751,JUNA DOWNS,WA
6516,JURIEN BAY,WA
6519,KADATHINNI,WA
6076,KALAMUNDA,WA
6926,KALAMUNDA,WA
6468,KALANNIE,WA
6536,KALBARRI,WA
6536,KALBARRI NATIONAL PARK,WA
6330,KALGAN,WA
6430,KALGOORLIE,WA
6433,KALGOORLIE DC,WA
6433,KALGOORLIE PO,WA
6280,KALGUP,WA
6025,KALLAROO,WA
6280,KALOORUP,WA
6740,KALUMBURU,WA
6442,KAMBALDA EAST,WA
6442,KAMBALDA WEST,WA
6255,KANGAROO GULLY,WA
6431,KANOWNA,WA
0872,KANPA,WA
6044,KARAKIN,WA
6642,KARALUNDI,WA
6152,KARAWARA,WA
6163,KARDINYA,WA
6751,KARIJINI,WA
6358,KARLGARIN,WA
6430,KARLKURLA,WA
6479,KARLONING,WA
6530,KARLOO,WA
6176,KARNUP,WA
6111,KARRAGULLEN,WA
6010,KARRAKATTA,WA
6122,KARRAKUP,WA
6429,KARRAMINDIE,WA
6460,KARRANADGIN,WA
6714,KARRATHA,WA
6714,KARRATHA INDUSTRIAL ESTATE,WA
6288,KARRIDALE,WA
6018,KARRINYUP,WA
6921,KARRINYUP,WA
6472,KARROUN HILL,WA
6317,KATANNING,WA
6401,KATRINE,WA
6302,KAURING,WA
6280,KEALY,WA
6335,KEBARINGUP,WA
6410,KELLERBERRIN,WA
6111,KELMSCOTT,WA
6991,KELMSCOTT,WA
6111,KELMSCOTT DC,WA
6997,KELMSCOTT DC,WA
6323,KENDENUP,WA
6316,KENMARE,WA
6701,KENNEDY RANGE,WA
6151,KENSINGTON,WA
6333,KENTDALE,WA
6107,KENWICK,WA
6182,KERALUP,WA
6105,KEWDALE,WA
6126,KEYSBROOK,WA
6054,KIARA,WA
6728,KIMBOLTON,WA
6330,KING RIVER,WA
6005,KINGS PARK,WA
6701,KINGSFORD,WA
6026,KINGSLEY,WA
6256,KINGSTON,WA
6065,KINGSWAY,WA
6028,KINROSS,WA
6372,KIRK ROCK,WA
6251,KIRUP,WA
0872,KIWIRRKURRA,WA
6328,KOJANEERUP SOUTH,WA
6532,KOJARENA,WA
6395,KOJONUP,WA
6304,KOKEBY,WA
6367,KONDININ,WA
6605,KONDUT,WA
6603,KONNONGORRING,WA
6510,KOOJAN,WA
6431,KOOKYNIE,WA
6733,KOOLAN ISLAND,WA
6623,KOOLANOOKA,WA
6427,KOOLYANOBBING,WA
6461,KOOMBERKINE,WA
6064,KOONDOOLA,WA
6056,KOONGAMIA,WA
6475,KOORDA,WA
6415,KORBEL,WA
6333,KORDABUP,WA
6485,KORRELOCKING,WA
6330,KRONKUP,WA
6290,KUDARDUP,WA
6353,KUENDER,WA
6352,KUKERIN,WA
6244,KULIKUP,WA
6365,KULIN,WA
6365,KULIN WEST,WA
6470,KULJA,WA
6642,KUMARINA,WA
6770,KUNDAT DJARU,WA
6375,KUNJIN,WA
6489,KUNUNOPPIN,WA
6743,KUNUNURRA,WA
6770,KUPARTIYA,WA
6431,KURNALPI,WA
6375,KURRENKUTTEN,WA
6306,KWEDA,WA
6490,KWELKAN,WA
6966,KWINANA,WA
6167,KWINANA BEACH,WA
6167,KWINANA TOWN CENTRE,WA
6385,KWOLYIN,WA
6725,LAGRANGE,WA
6743,LAKE ARGYLE,WA
6640,LAKE AUSTIN,WA
6355,LAKE BIDDY,WA
6479,LAKE BROWN,WA
6355,LAKE CAMM,WA
6646,LAKE CARNEGIE,WA
6215,LAKE CLIFTON,WA
6166,LAKE COOGEE,WA
6438,LAKE DARLOT,WA
6484,LAKE DEBORAH,WA
6353,LAKE GRACE,WA
6603,LAKE HINDS,WA
6260,LAKE JASPER,WA
6356,LAKE KING,WA
6475,LAKE MARGARETTE,WA
6258,LAKE MUIR,WA
6603,LAKE NINAN,WA
6320,LAKE TOOLBRUNUP,WA
6440,LAKE WELLS,WA
6180,LAKELANDS,WA
6431,LAKEWOOD,WA
6430,LAMINGTON,WA
6044,LANCELIN,WA
6065,LANDSDALE,WA
6330,LANGE,WA
6147,LANGFORD,WA
6616,LATHAM,WA
6100,LATHLAIN,WA
6440,LAVERTON,WA
6707,LEARMONTH,WA
6170,LEDA,WA
6043,LEDGE POINT,WA
6007,LEEDERVILLE,WA
6902,LEEDERVILLE,WA
6903,LEEDERVILLE,WA
6514,LEEMAN,WA
6149,LEEMING,WA
6290,LEEUWIN,WA
6437,LEINSTER,WA
6503,LENNARD BROOK,WA
6438,LEONORA,WA
6233,LESCHENAULT,WA
6111,LESLEY,WA
6076,LESMURDIE,WA
6079,LEXIA,WA
6315,LIME LAKE,WA
6258,LINFARNE,WA
6330,LITTLE GROVE,WA
6359,LITTLE ITALY,WA
6646,LITTLE SANDY DESERT,WA
6522,LOCKIER,WA
6054,LOCKRIDGE,WA
6330,LOCKYER,WA
6311,LOL GRAY,WA
6429,LONDONDERRY,WA
6447,LORT RIVER,WA
6240,LOWDEN,WA
6084,LOWER CHITTERING,WA
6390,LOWER HOTHAM,WA
6330,LOWER KING,WA
6330,LOWLANDS,WA
6280,LUDLOW,WA
6395,LUMEAH,WA
6225,LYALLS MILL,WA
6701,LYNDON,WA
6147,LYNWOOD,WA
6701,MACLEOD,WA
6109,MADDINGTON,WA
6989,MADDINGTON,WA
6065,MADELEY,WA
6210,MADORA BAY,WA
6443,MADURA,WA
6355,MAGENTA,WA
6338,MAGITUP,WA
6072,MAHOGANY CREEK,WA
6530,MAHOMETS FLATS,WA
6057,MAIDA VALE,WA
6714,MAITLAND,WA
6401,MALABAINE,WA
6090,MALAGA,WA
6944,MALAGA,WA
6302,MALEBELLING,WA
6353,MALLEE HILL,WA
6556,MALMALLING,WA
6370,MALYALLING,WA
6167,MANDOGALUP,WA
6210,MANDURAH,WA
6210,MANDURAH DC,WA
6210,MANDURAH EAST,WA
6210,MANDURAH NORTH,WA
6258,MANJIMUP,WA
6465,MANMANNING,WA
6152,MANNING,WA
0872,MANTAMARU,WA
6328,MANYPEAKS,WA
6064,MARANGAROO,WA
6256,MARANUP,WA
6330,MARBELUP,WA
6760,MARBLE BAR,WA
6515,MARCHAGEE,WA
6125,MARDELLA,WA
6714,MARDIE,WA
6285,MARGARET RIVER,WA
6078,MARIGINIUP,WA
6020,MARMION,WA
6608,MARNE,WA
6317,MARRACOONDA,WA
6390,MARRADONG,WA
6532,MARRAH,WA
6213,MARRINUP,WA
6110,MARTIN,WA
6426,MARVEL LOCH,WA
6280,MARYBROOK,WA
6701,MASSEY BAY,WA
6614,MAYA,WA
6244,MAYANUP,WA
6051,MAYLANDS,WA
6931,MAYLANDS,WA
6225,MCALINDEN,WA
6770,MCBEATH,WA
6330,MCKAIL,WA
6532,MEADOW,WA
6210,MEADOW SPRINGS,WA
6405,MECKERING,WA
6728,MEDA,WA
6167,MEDINA,WA
6642,MEEKATHARRA,WA
6392,MEEKING,WA
6208,MEELON,WA
6401,MEENAAR,WA
6262,MEERUP,WA
6079,MELALEUCA,WA
6156,MELVILLE,WA
6956,MELVILLE,WA
6050,MENORA,WA
6436,MENZIES,WA
6352,MERILUP,WA
6450,MERIVALE,WA
6625,MERKANOOKA,WA
6415,MERREDIN,WA
6030,MERRIWA,WA
6530,MERU,WA
6280,METRICUP,WA
6328,METTLER,WA
6612,MIAMOON,WA
6056,MIDDLE SWAN,WA
6258,MIDDLESEX,WA
6330,MIDDLETON BEACH,WA
6056,MIDLAND,WA
6936,MIDLAND DC,WA
6056,MIDVALE,WA
6575,MILING,WA
6714,MILLARS WELL,WA
6232,MILLBRIDGE,WA
6330,MILLBROOK,WA
6056,MILLENDON,WA
6336,MILLS LAKE,WA
6716,MILLSTREAM,WA
6525,MILO,WA
6330,MILPARA,WA
6507,MIMEGARRA,WA
6336,MINDARABIN,WA
6030,MINDARIE,WA
6503,MINDARRA,WA
6315,MINDING,WA
6522,MINGENEW,WA
6312,MINIGIN,WA
6701,MINILYA,WA
6532,MINNENOOKA,WA
6462,MINNIVALE,WA
6725,MINYIRR,WA
6330,MIRA MAR,WA
6061,MIRRABOOKA,WA
6941,MIRRABOOKA,WA
6740,MITCHELL PLATEAU,WA
6395,MOBRUP,WA
6603,MOCARDY,WA
6506,MOGUMBER,WA
6401,MOKINE,WA
6394,MOKUP,WA
6475,MOLLERIN,WA
6290,MOLLOY ISLAND,WA
6338,MONJEBUP,WA
6450,MONJINGUP,WA
6537,MONKEY MIA,WA
6393,MOODIARRUP,WA
6317,MOOJEBING,WA
6504,MOOLIABEENEE,WA
6503,MOONDAH,WA
6567,MOONDYNE,WA
6320,MOONIES HILL,WA
6532,MOONYOONOOKA,WA
6510,MOORA,WA
6503,MOORE RIVER NATIONAL PARK,WA
6522,MOORIARY,WA
6425,MOORINE ROCK,WA
6083,MORANGUP,WA
6623,MORAWA,WA
6304,MORBINNING,WA
6258,MORDALUP,WA
6530,MORESBY,WA
6701,MORGANTOWN,WA
6062,MORLEY,WA
6943,MORLEY,WA
6221,MORNINGTON,WA
6012,MOSMAN PARK,WA
6912,MOSMAN PARK,WA
6351,MOULYINNING,WA
6525,MOUNT ADAMS,WA
6714,MOUNT ANKETELL,WA
6324,MOUNT BARKER,WA
6522,MOUNT BUDD,WA
6429,MOUNT BURGES,WA
6410,MOUNT CAROLINE,WA
6010,MOUNT CLAREMONT,WA
6330,MOUNT CLARENCE,WA
6390,MOUNT COOKE,WA
6330,MOUNT ELPHINSTONE,WA
6532,MOUNT ERIN,WA
6426,MOUNT HAMPTON,WA
6302,MOUNT HARDEY,WA
6765,MOUNT HARDMAN,WA
6016,MOUNT HAWTHORN,WA
6915,MOUNT HAWTHORN,WA
6082,MOUNT HELENA,WA
6528,MOUNT HILL,WA
6426,MOUNT HOLLAND,WA
6525,MOUNT HORNER,WA
6426,MOUNT JACKSON,WA
6050,MOUNT LAWLEY,WA
6929,MOUNT LAWLEY,WA
6333,MOUNT LINDESAY,WA
6356,MOUNT MADDEN,WA
6638,MOUNT MAGNET,WA
6330,MOUNT MELVILLE,WA
6112,MOUNT NASURA,WA
6447,MOUNT NEY,WA
6302,MOUNT OBSERVATION,WA
6426,MOUNT PALMER,WA
6153,MOUNT PLEASANT,WA
6112,MOUNT RICHON,WA
6333,MOUNT ROMANCE,WA
6751,MOUNT SHEILA,WA
6355,MOUNT SHERIDAN,WA
6383,MOUNT STIRLING,WA
6530,MOUNT TARCOOLA,WA
6369,MOUNT WALKER,WA
6390,MOUNT WELLS,WA
6472,MOUROUBRA,WA
6501,MUCHEA,WA
6503,MUCKENBURRA,WA
6770,MUELLER RANGES,WA
6225,MUJA,WA
6479,MUKINBUDIN,WA
6714,MULATAGA,WA
6751,MULGA DOWNS,WA
6027,MULLALOO,WA
6252,MULLALYUP,WA
6630,MULLEWA,WA
6430,MULLINGAR,WA
6401,MULUCKINE,WA
6225,MUMBALLUP,WA
6401,MUMBERKINE,WA
6721,MUNDABULLANGANA,WA
6073,MUNDARING,WA
6123,MUNDIJONG,WA
6443,MUNDRABILLA,WA
6225,MUNGALUP,WA
6450,MUNGLINUP,WA
6166,MUNSTER,WA
6420,MUNTADGIN,WA
6394,MURADUP,WA
6630,MURCHISON,WA
6150,MURDOCH,WA
6317,MURDONG,WA
6401,MURESK,WA
6220,MYALUP,WA
6207,MYARA,WA
6154,MYAREE,WA
6960,MYAREE,WA
6450,MYRUP,WA
6532,NABAWA,WA
6350,NAIRIBIN,WA
6485,NALKAIN,WA
6338,NALYERLUP,WA
6512,NAMBAN,WA
6207,NAMBEELUP,WA
6521,NAMBUNG,WA
6330,NANARUP,WA
6537,NANGA,WA
6215,NANGA BROOK,WA
6414,NANGEENAN,WA
6522,NANGETTY,WA
6275,NANNUP,WA
6532,NANSON,WA
6751,NANUTARRA,WA
6330,NAPIER,WA
6532,NARALING,WA
6369,NAREMBEEN,WA
6532,NARNGULU,WA
6532,NARRA TARRA,WA
6302,NARRALOGGAN,WA
6326,NARRIKUP,WA
6312,NARROGIN,WA
6312,NARROGIN VALLEY,WA
6281,NATURALISTE,WA
6165,NAVAL BASE,WA
6440,NEALE,WA
6009,NEDLANDS,WA
6909,NEDLANDS,WA
6009,NEDLANDS DC,WA
6336,NEEDILUP,WA
6353,NEENDALING,WA
6031,NEERABUP,WA
6503,NEERGABBY,WA
6485,NEMBUDDING,WA
6450,NERIDUP,WA
6630,NERRAMYNE,WA
6532,NERREN NERREN,WA
6509,NEW NORCIA,WA
6475,NEWCARLBEON,WA
6355,NEWDEGATE,WA
6251,NEWLANDS,WA
6753,NEWMAN,WA
0872,NGAANYATJARRA-GILES,WA
6714,NICKOL,WA
6044,NILGEN,WA
6288,NILLUP,WA
6701,NINGALOO,WA
6350,NIPPERING,WA
6208,NIRIMBA,WA
6225,NOGGERUP,WA
6415,NOKANING,WA
6532,NOLBA,WA
6061,NOLLAMARA,WA
6312,NOMANS LAKE,WA
6062,NORANDA,WA
6333,NORNALUP,WA
6415,NORPA,WA
6443,NORSEMAN,WA
6412,NORTH BAANDEE,WA
6390,NORTH BANNISTER,WA
6020,NORTH BEACH,WA
6920,NORTH BEACH,WA
6424,NORTH BODALLIN,WA
6237,NORTH BOYANUP,WA
6353,NORTH BURNGUP,WA
6445,NORTH CASCADE,WA
6163,NORTH COOGEE,WA
6207,NORTH DANDALUP,WA
6532,NORTH ERADU,WA
6159,NORTH FREMANTLE,WA
6254,NORTH GREENBUSHES,WA
6280,NORTH JINDONG,WA
6410,NORTH KELLERBERRIN,WA
6352,NORTH KUKERIN,WA
6489,NORTH KUNUNOPPIN,WA
6163,NORTH LAKE,WA
6353,NORTH LAKE GRACE,WA
6351,NORTH MOULYINNING,WA
6006,NORTH PERTH,WA
6906,NORTH PERTH,WA
6701,NORTH PLANTATIONS,WA
6338,NORTH STIRLINGS,WA
6409,NORTH TAMMIN,WA
6488,NORTH TRAYNING,WA
6398,NORTH WALPOLE,WA
6707,NORTH WEST CAPE,WA
6473,NORTH WIALKI,WA
6487,NORTH YELBENI,WA
6208,NORTH YUNDERUP,WA
6401,NORTHAM,WA
6535,NORTHAMPTON,WA
6003,NORTHBRIDGE,WA
6865,NORTHBRIDGE,WA
6262,NORTHCLIFFE,WA
6532,NORTHERN GULLY,WA
6905,NORTHLANDS PO,WA
6032,NOWERGUP,WA
6609,NUGADONG,WA
6480,NUKARNI,WA
6758,NULLAGINE,WA
6330,NULLAKI,WA
6450,NULSEN,WA
6490,NUNGARIN,WA
6630,NUNIERRA,WA
6566,NUNILE,WA
6341,NYABING,WA
6532,OAKAJEE,WA
6121,OAKFORD,WA
6208,OAKLEY,WA
6333,OCEAN BEACH,WA
6027,OCEAN REEF,WA
6535,OGILVIE,WA
6569,OLD PLAINS,WA
6121,OLDBURY,WA
6336,ONGERUP,WA
6710,ONSLOW,WA
6740,OOMBULGURRI,WA
6431,ORA BANDA,WA
6330,ORANA,WA
6109,ORANGE GROVE,WA
6503,ORANGE SPRINGS,WA
6394,ORCHID VALLEY,WA
6770,ORD RIVER,WA
6167,ORELIA,WA
6017,OSBORNE PARK,WA
6916,OSBORNE PARK,WA
6917,OSBORNE PARK,WA
6017,OSBORNE PARK DC,WA
6916,OSBORNE PARK DC,WA
6285,OSMINGTON,WA
6025,PADBURY,WA
6258,PALGARUP,WA
6335,PALLINUP,WA
6328,PALMDALE,WA
6225,PALMER,WA
6157,PALMYRA,WA
6957,PALMYRA,WA
6157,PALMYRA DC,WA
6961,PALMYRA DC,WA
6716,PANNAWONICA,WA
6384,PANTAPIN,WA
0872,PAPULANKUTJA,WA
6754,PARABURDOO,WA
6236,PARADISE,WA
6721,PARDOO,WA
6426,PARKER RANGE,WA
6081,PARKERVILLE,WA
6434,PARKESTON,WA
6233,PARKFIELD,WA
6180,PARKLANDS,WA
6147,PARKWOOD,WA
6167,PARMELIA,WA
6333,PARRYVILLE,WA
0872,PATJARR,WA
6076,PAULLS VALLEY,WA
6239,PAYNEDALE,WA
6612,PAYNES FIND,WA
6638,PAYNESVILLE,WA
6333,PEACEFUL BAY,WA
6642,PEAK HILL,WA
6065,PEARSALL,WA
6710,PEEDAMULLA,WA
6260,PEERABEELUP,WA
6714,PEGS CREEK,WA
6230,PELICAN POINT,WA
6260,PEMBERTON,WA
6011,PEPPERMINT GROVE,WA
6271,PEPPERMINT GROVE BEACH,WA
6620,PERENJORI,WA
6324,PERILLUP,WA
6168,PERON,WA
6000,PERTH,WA
6001,PERTH,WA
6800,PERTH,WA
6837,PERTH,WA
6838,PERTH,WA
6839,PERTH,WA
6840,PERTH,WA
6841,PERTH,WA
6842,PERTH,WA
6843,PERTH,WA
6844,PERTH,WA
6845,PERTH,WA
6846,PERTH,WA
6847,PERTH,WA
6848,PERTH,WA
6105,PERTH AIRPORT,WA
6849,PERTH BC,WA
6000,PERTH GPO,WA
6831,PERTH ST GEORGES TCE,WA
6258,PERUP,WA
6468,PETRUDOR,WA
6112,PIARA WATERS,WA
6572,PIAWANING,WA
6430,PICCADILLY,WA
6076,PICKERING BROOK,WA
6229,PICTON,WA
6229,PICTON EAST,WA
6076,PIESSE BROOK,WA
6315,PIESSEVILLE,WA
6631,PINDAR,WA
6357,PINGARING,WA
6308,PINGELLY,WA
6343,PINGRUP,WA
6078,PINJAR,WA
6208,PINJARRA,WA
6450,PINK LAKE,WA
6623,PINTHARUKA,WA
6317,PINWERNYING,WA
6722,PIPPINGARRA,WA
6608,PITHARA,WA
6431,PLUMRIDGE LAKES,WA
6208,POINT GREY,WA
6720,POINT SAMSON,WA
6309,POPANYINNING,WA
6324,PORONGURUP,WA
6330,PORT ALBANY,WA
6525,PORT DENISON,WA
6721,PORT HEDLAND,WA
6172,PORT KENNEDY,WA
6167,POSTANS,WA
6215,PRESTON BEACH,WA
6225,PRESTON SETTLEMENT,WA
6285,PREVELLY,WA
6740,PRINCE REGENT RIVER,WA
6308,PUMPHREYS BRIDGE,WA
6770,PURNULULU,WA
6383,QUAIRADING,WA
6394,QUALEUP,WA
6281,QUEDJINUP,WA
6107,QUEENS PARK,WA
6239,QUEENWOOD,WA
6405,QUELAGETTING,WA
6302,QUELLINGTON,WA
6281,QUINDALUP,WA
6391,QUINDANNING,WA
6258,QUINNINUP,WA
6030,QUINNS ROCKS,WA
6390,RANFORD,WA
6530,RANGEWAY,WA
6346,RAVENSTHORPE,WA
6208,RAVENSWOOD,WA
6434,RAWLINNA,WA
6503,RED GULLY,WA
6056,RED HILL,WA
6721,REDBANK,WA
6104,REDCLIFFE,WA
6286,REDGATE,WA
6327,REDMOND,WA
6327,REDMOND WEST,WA
6640,REEDY,WA
6507,REGANS FORD,WA
6280,REINSCOURT,WA
6472,REMLAP,WA
6076,RESERVOIR,WA
6030,RIDGEWOOD,WA
6258,RINGBARK,WA
6148,RIVERTON,WA
6103,RIVERVALE,WA
6330,ROBINSON,WA
6168,ROCKINGHAM,WA
6968,ROCKINGHAM,WA
6168,ROCKINGHAM BEACH,WA
6969,ROCKINGHAM BEACH,WA
6168,ROCKINGHAM DC,WA
6967,ROCKINGHAM DC,WA
6751,ROCKLEA,WA
6532,ROCKWELL,WA
6397,ROCKY GULLY,WA
6718,ROEBOURNE,WA
6725,ROEBUCK,WA
6226,ROELANDS,WA
6111,ROLEYSTONE,WA
6285,ROSA BROOK,WA
6285,ROSA GLEN,WA
6401,ROSSMORE,WA
6148,ROSSMOYNE,WA
6620,ROTHSAY,WA
6161,ROTTNEST ISLAND,WA
6280,RUABON,WA
6532,RUDDS GULLY,WA
6395,RYANSBROOK,WA
6280,SABINA RIVER,WA
6169,SAFETY BAY,WA
6445,SALMON GUMS,WA
6152,SALTER POINT,WA
6163,SAMSON,WA
6210,SAN REMO,WA
6330,SANDPATCH,WA
6532,SANDSPRINGS,WA
6639,SANDSTONE,WA
6535,SANDY GULLY,WA
6074,SAWYERS VALLEY,WA
6447,SCADDAN,WA
6019,SCARBOROUGH,WA
6922,SCARBOROUGH,WA
6285,SCHROEDER,WA
6333,SCOTSDALE,WA
6288,SCOTT RIVER,WA
6275,SCOTT RIVER EAST,WA
6244,SCOTTS BROOK,WA
6042,SEABIRD,WA
6173,SECRET HARBOUR,WA
6330,SEPPINGS,WA
6125,SERPENTINE,WA
6112,SEVILLE GROVE,WA
6386,SHACKLETON,WA
6333,SHADFORTH,WA
6262,SHANNON,WA
6537,SHARK BAY,WA
6148,SHELLEY,WA
6008,SHENTON PARK,WA
6714,SHERLOCK,WA
6169,SHOALWATER,WA
6225,SHOTTS,WA
6280,SIESTA PARK,WA
6210,SILVER SANDS,WA
6065,SINAGRA,WA
6450,SINCLAIR,WA
6175,SINGLETON,WA
6437,SIR SAMUEL,WA
6426,SKELETON ROCK,WA
6258,SMITH BROOK,WA
6207,SOLUS,WA
6430,SOMERVILLE,WA
6020,SORRENTO,WA
6424,SOUTH BODALLIN,WA
6432,SOUTH BOULDER,WA
6230,SOUTH BUNBURY,WA
6421,SOUTH BURRACOPPIN,WA
6701,SOUTH CARNARVON,WA
6317,SOUTH DATATINE,WA
6411,SOUTH DOODLAKINE,WA
6162,SOUTH FREMANTLE,WA
6317,SOUTH GLENCOE,WA
6528,SOUTH GREENOUGH,WA
6055,SOUTH GUILDFORD,WA
6722,SOUTH HEDLAND,WA
6430,SOUTH KALGOORLIE,WA
6352,SOUTH KUKERIN,WA
6368,SOUTH KUMMININ,WA
6489,SOUTH KUNUNOPPIN,WA
6164,SOUTH LAKE,WA
6353,SOUTH LAKE GRACE,WA
6635,SOUTH MURCHISON,WA
6355,SOUTH NEWDEGATE,WA
6151,SOUTH PERTH,WA
6951,SOUTH PERTH,WA
6151,SOUTH PERTH ANGELO ST,WA
6701,SOUTH PLANTATIONS,WA
6383,SOUTH QUAIRADING,WA
6324,SOUTH STIRLING,WA
6409,SOUTH TAMMIN,WA
6488,SOUTH TRAYNING,WA
6487,SOUTH YELBENI,WA
6426,SOUTH YILGARN,WA
6532,SOUTH YUNA,WA
6208,SOUTH YUNDERUP,WA
6253,SOUTHAMPTON,WA
6401,SOUTHERN BROOK,WA
6426,SOUTHERN CROSS,WA
6110,SOUTHERN RIVER,WA
6530,SPALDING,WA
6163,SPEARWOOD,WA
6330,SPENCER PARK,WA
6401,SPENCERS BROOK,WA
6525,SPRINGFIELD,WA
6308,SPRINGS,WA
6728,ST GEORGE RANGES,WA
6102,ST JAMES,WA
6302,ST RONANS,WA
6181,STAKE HILL,WA
6021,STIRLING,WA
6271,STIRLING ESTATE,WA
6338,STIRLING RANGE NATIONAL PARK,WA
6081,STONEVILLE,WA
6714,STOVE HILL,WA
6530,STRATHALBYN,WA
6237,STRATHAM,WA
6309,STRATHERNE,WA
6056,STRATTON,WA
6721,STRELLEY,WA
6770,STURT CREEK,WA
6008,SUBIACO,WA
6008,SUBIACO EAST,WA
6904,SUBIACO PO,WA
6164,SUCCESS,WA
6964,SUCCESS,WA
6256,SUNNYSIDE,WA
6530,SUNSET BEACH,WA
6056,SWAN VIEW,WA
6010,SWANBOURNE,WA
6324,TAKALARUP,WA
6710,TALANDJI,WA
6302,TALBOT,WA
6302,TALBOT WEST,WA
6490,TALGOMINE,WA
6701,TALISKER,WA
6532,TAMALA,WA
6030,TAMALA PARK,WA
6320,TAMBELLUP,WA
6409,TAMMIN,WA
6472,TAMPU,WA
6770,TANAMI,WA
6415,TANDEGIN,WA
6065,TAPPING,WA
6530,TARCOOLA BEACH,WA
6628,TARDUN,WA
6353,TARIN ROCK,WA
6213,TEESDALE,WA
6762,TELFER,WA
6632,TENINDEWA,WA
6322,TENTERDEN,WA
6556,THE LAKES,WA
6237,THE PLAINS,WA
6167,THE SPECTACLES,WA
6069,THE VINES,WA
6711,THEVENARD ISLAND,WA
6239,THOMSON BROOK,WA
6108,THORNLIE,WA
6988,THORNLIE,WA
6519,THREE SPRINGS,WA
6401,THROSSELL,WA
6532,TIBRADDEN,WA
6361,TINCURRIN,WA
6333,TINGLEDALE,WA
0872,TJIRRKARLI,WA
0872,TJUKURLA,WA
6751,TOM PRICE,WA
6244,TONEBRIDGE,WA
6566,TOODYAY,WA
6312,TOOLIBIN,WA
6532,TOOLONGA,WA
6336,TOOMPUP,WA
6330,TORBAY,WA
6330,TORNDIRRUP,WA
6311,TOWNSENDALE,WA
6431,TRAFALGAR,WA
6488,TRAYNING,WA
6164,TREEBY,WA
6284,TREETON,WA
6333,TRENT,WA
6029,TRIGG,WA
6244,TRIGWELL,WA
6060,TUART HILL,WA
6939,TUART HILL,WA
6426,TURKEY HILL,WA
6280,TUTUNUP,WA
6037,TWO ROCKS,WA
6462,UCARTY,WA
6460,UCARTY WEST,WA
6220,UDUC,WA
6436,ULARRING,WA
6239,UPPER CAPEL,WA
6390,UPPER MURRAY,WA
6069,UPPER SWAN,WA
6258,UPPER WARREN,WA
6537,USELESS LOOP,WA
6230,USHER,WA
6530,UTAKARRA,WA
6532,VALENTINE,WA
6330,VANCOUVER PENINSULA,WA
6355,VARLEY,WA
6280,VASSE,WA
6100,VICTORIA PARK,WA
6979,VICTORIA PARK,WA
6429,VICTORIA ROCK,WA
6432,VICTORY HEIGHTS,WA
6230,VITTORIA,WA
6056,VIVEASH,WA
6369,WADDERIN,WA
6509,WADDINGTON,WA
6515,WADDY FOREST,WA
6407,WAEEL,WA
6215,WAGERUP,WA
6530,WAGGRAKINE,WA
6315,WAGIN,WA
6169,WAIKIKI,WA
6510,WALEBING,WA
6422,WALGOOLAN,WA
6528,WALKAWAY,WA
6721,WALLAREENYA,WA
6429,WALLAROO,WA
6076,WALLISTON,WA
6925,WALLISTON DC,WA
6330,WALMSLEY,WA
6398,WALPOLE,WA
6280,WALSALL,WA
6460,WALYORMOURING,WA
6084,WALYUNGA NATIONAL PARK,WA
6363,WALYURIN,WA
6383,WAMENUSKING,WA
0872,WANARN,WA
6532,WANDANA,WA
6308,WANDERING,WA
6167,WANDI,WA
6256,WANDILLUP,WA
6530,WANDINA,WA
6503,WANERIE,WA
6065,WANGARA,WA
6947,WANGARA,WA
6505,WANNAMAL,WA
6210,WANNANUP,WA
6065,WANNEROO,WA
6946,WANNEROO,WA
6320,WANSBROUGH,WA
0872,WARAKURNA,WA
6220,WARAWARRUP,WA
6431,WARBURTON,WA
6311,WARDERING,WA
6405,WARDING EAST,WA
6743,WARMUN,WA
6169,WARNBRO,WA
6288,WARNER GLEN,WA
6215,WAROONA,WA
6423,WARRACHUPPIN,WA
6518,WARRADARGE,WA
6421,WARRALAKIN,WA
6330,WARRENUP,WA
6024,WARWICK,WA
6725,WATERBANK,WA
6407,WATERCARRIN,WA
6152,WATERFORD,WA
6228,WATERLOO,WA
6020,WATERMANS BAY,WA
6513,WATHEROO,WA
6568,WATTENING,WA
6107,WATTLE GROVE,WA
6166,WATTLEUP,WA
6479,WATTONING,WA
6530,WEBBERTON,WA
6044,WEDGE ISLAND,WA
6315,WEDGECARRUP,WA
6721,WEDGEFIELD,WA
6477,WELBUNGIN,WA
6640,WELD RANGE,WA
6170,WELLARD,WA
6233,WELLESLEY,WA
6236,WELLINGTON FOREST,WA
6236,WELLINGTON MILL,WA
6328,WELLSTEAD,WA
6106,WELSHPOOL,WA
6780,WELSHPOOL,WA
6986,WELSHPOOL DC,WA
6014,WEMBLEY,WA
6913,WEMBLEY,WA
6019,WEMBLEY DOWNS,WA
6606,WEST BALLIDU,WA
6450,WEST BEACH,WA
6532,WEST BINNU,WA
6280,WEST BUSSELTON,WA
6330,WEST CAPE HOWE,WA
6630,WEST CASUARINAS,WA
6214,WEST COOLUP,WA
6530,WEST END,WA
6337,WEST FITZGERALD,WA
6369,WEST HOLLETON,WA
6799,WEST ISLAND COCOS (KEELING) ISLANDS,WA
6430,WEST KALGOORLIE,WA
6430,WEST LAMINGTON,WA
6007,WEST LEEDERVILLE,WA
6901,WEST LEEDERVILLE,WA
6705,WEST LYONS RIVER,WA
6005,WEST PERTH,WA
6872,WEST PERTH,WA
6308,WEST PINGELLY,WA
6208,WEST PINJARRA,WA
6309,WEST POPANYINNING,WA
6346,WEST RIVER,WA
6055,WEST SWAN,WA
6566,WEST TOODYAY,WA
6304,WESTDALE,WA
6061,WESTMINSTER,WA
6423,WESTONIA,WA
6316,WESTWOOD,WA
6718,WHIM CREEK,WA
6123,WHITBY,WA
6162,WHITE GUM VALLEY,WA
6532,WHITE PEAK,WA
6068,WHITEMAN,WA
6207,WHITTAKER,WA
6473,WIALKI,WA
6532,WICHERINA,WA
6532,WICHERINA SOUTH,WA
6370,WICKEPIN,WA
6720,WICKHAM,WA
6443,WIDGIEMOOLTHA,WA
6743,WIJILAWARRIM,WA
6302,WILBERFORCE,WA
6041,WILBINGA,WA
6243,WILGA,WA
6243,WILGA WEST,WA
6258,WILGARRUP,WA
6479,WILGOYNE,WA
6156,WILLAGEE,WA
6156,WILLAGEE CENTRAL,WA
6728,WILLARE,WA
6155,WILLETTON,WA
6955,WILLETTON,WA
6333,WILLIAM BAY,WA
6391,WILLIAMS,WA
6430,WILLIAMSTOWN,WA
6330,WILLYUNG,WA
6107,WILSON,WA
6646,WILUNA,WA
6280,WILYABRUP,WA
6450,WINDABOUT,WA
6262,WINDY HARBOUR,WA
0872,WINGELLINA,WA
6255,WINNEJUP,WA
6150,WINTHROP,WA
6286,WITCHCLIFFE,WA
6230,WITHERS,WA
6751,WITTENOOM,WA
6447,WITTENOOM HILLS,WA
6370,WOGOLIN,WA
6221,WOKALUP,WA
6519,WOMARDEN,WA
6401,WONGAMINE,WA
6603,WONGAN HILLS,WA
6630,WONGOONDY,WA
6280,WONNERUP,WA
6530,WONTHELLA,WA
6316,WOODANILLING,WA
6056,WOODBRIDGE,WA
6018,WOODLANDS,WA
6701,WOODLEIGH,WA
6041,WOODRIDGE,WA
6026,WOODVALE,WA
6324,WOOGENELLUP,WA
6630,WOOLGORONG,WA
6369,WOOLOCUTTY,WA
6701,WOORAMEL,WA
6558,WOOROLOO,WA
6530,WOORREE,WA
6562,WOOTTATING,WA
6225,WORSLEY,WA
6612,WUBIN,WA
6560,WUNDOWIE,WA
6112,WUNGONG,WA
6390,WURAMING,WA
6485,WYALKATCHEM,WA
6568,WYENING,WA
6740,WYNDHAM,WA
6407,WYOLA WEST,WA
6609,XANTIPPE,WA
6239,YABBERUP,WA
6330,YAKAMIA,WA
6701,YALARDY,WA
6635,YALGOO,WA
6535,YALLABATHARRA,WA
6282,YALLINGUP,WA
6282,YALLINGUP SIDING,WA
6280,YALYALUP,WA
6035,YANCHEP,WA
6522,YANDANOOKA,WA
6701,YANDOO CREEK,WA
6164,YANGEBUP,WA
6258,YANMAH,WA
6710,YANNARIE,WA
6509,YARAWINDAH,WA
6525,YARDARINO,WA
6218,YARLOOP,WA
6522,YARRAGADEE,WA
6507,YATHROO,WA
6260,YEAGARUP,WA
6503,YEAL,WA
6372,YEALERING,WA
6285,YEBBLE,WA
6487,YELBENI,WA
6426,YELLOWDINE,WA
6280,YELVERTON,WA
6571,YERECOIN,WA
6532,YETNA,WA
6430,YILKARI,WA
6312,YILLIMINNING,WA
6275,YOGANUP,WA
6060,YOKINE,WA
6060,YOKINE SOUTH,WA
6280,YOONGARILLUP,WA
6302,YORK,WA
6311,YORNANING,WA
6256,YORNUP,WA
6383,YOTING,WA
6407,YOUNDEGIN,WA
6330,YOUNGS SIDING,WA
6225,YOURDAMUNG LAKE,WA
6532,YUNA,WA
6434,ZANTHUS,WA
6536,ZUYTDORP,WA
